aamc_source_row_number,aamc_school_name,aamc_state,master_school_id,master_school_name,master_state_abbrev,master_degree_type,match_score,match_label,second_match_score,second_master_school_id,second_master_school_name,in_state_tuition_fees,out_state_tuition_fees,in_state_health_insurance,out_state_health_insurance,in_state_tuition_fees_insurance,out_state_tuition_fees_insurance,estimated_coa_in_state,estimated_coa_out_state,tuition_source_url,pdf_file,notes
1,Frederick P. Whiddon College of Medicine at the University of South Alabama,AL,md_frederick_p_whiddon_college_of_medicine_at_the_university_of_south_alabama_mobil,Frederick P. Whiddon College of Medicine at the University of South Alabama,AL,MD,1.000,exact,0.231,md_university_of_alabama_at_birmingham_marnix_e_heersink_school_of_medicine_birming,University of Alabama at Birmingham Marnix E. Heersink School of Medicine,36198,71431,3457,3457,39655,74888,69123,104356,https://students-residents.aamc.org/medical-school-admission-requirements/medical-school-admission-requirements-reports-applicants-and-advisors,data/raw/aamc/msar_reports/19_msar015-msar-tuition-fees-and-insurance-information.pdf,
2,University of Alabama at Birmingham Marnix E. Heersink School of Medicine,AL,md_university_of_alabama_at_birmingham_marnix_e_heersink_school_of_medicine_birming,University of Alabama at Birmingham Marnix E. Heersink School of Medicine,AL,MD,1.000,exact,0.231,md_frederick_p_whiddon_college_of_medicine_at_the_university_of_south_alabama_mobil,Frederick P. Whiddon College of Medicine at the University of South Alabama,37282,67786,3562,3562,40844,71348,74582,105891,https://students-residents.aamc.org/medical-school-admission-requirements/medical-school-admission-requirements-reports-applicants-and-advisors,data/raw/aamc/msar_reports/19_msar015-msar-tuition-fees-and-insurance-information.pdf,
3,Alice L. Walton School of Medicine,AR,md_alice_l_walton_school_of_medicine_bentonville_arkansas,Alice L. Walton School of Medicine,AR,MD,1.000,exact,0.139,md_university_of_arkansas_for_medical_sciences_college_of_medicine_little_rock_arka,University of Arkansas for Medical Sciences College of Medicine,125,125,2265,2265,2390,2390,36246,36246,https://students-residents.aamc.org/medical-school-admission-requirements/medical-school-admission-requirements-reports-applicants-and-advisors,data/raw/aamc/msar_reports/19_msar015-msar-tuition-fees-and-insurance-information.pdf,
4,University of Arkansas for Medical Sciences College of Medicine,AR,md_university_of_arkansas_for_medical_sciences_college_of_medicine_little_rock_arka,University of Arkansas for Medical Sciences College of Medicine,AR,MD,1.000,exact,0.160,md_alice_l_walton_school_of_medicine_bentonville_arkansas,Alice L. Walton School of Medicine,38550,72614,3612,3612,42162,76226,72446,106510,https://students-residents.aamc.org/medical-school-admission-requirements/medical-school-admission-requirements-reports-applicants-and-advisors,data/raw/aamc/msar_reports/19_msar015-msar-tuition-fees-and-insurance-information.pdf,
5,Arizona State University School of Medicine and Advanced Medical Engineering (SOMME),AZ,md_arizona_state_university_john_shufeldt_school_of_medicine_and_medical_engineerin,Arizona State University John Shufeldt School of Medicine and Medical Engineering,AZ,MD,0.678,no_match,0.347,md_university_of_arizona_college_of_medicine_tucson_tucson_arizona,University of Arizona College of Medicine - Tucson,0,0,0,0,0,0,0,0,https://students-residents.aamc.org/medical-school-admission-requirements/medical-school-admission-requirements-reports-applicants-and-advisors,data/raw/aamc/msar_reports/19_msar015-msar-tuition-fees-and-insurance-information.pdf,all reported cost fields are zero; no reliable master match
6,University of Arizona College of Medicine,AZ,md_university_of_arizona_college_of_medicine_tucson_tucson_arizona,University of Arizona College of Medicine - Tucson,AZ,MD,0.940,high_confidence,0.940,md_university_of_arizona_college_of_medicine_phoenix_phoenix_arizona,University of Arizona College of Medicine - Phoenix,40990,60643,2800,2800,43790,63443,78490,98143,https://students-residents.aamc.org/medical-school-admission-requirements/medical-school-admission-requirements-reports-applicants-and-advisors,data/raw/aamc/msar_reports/19_msar015-msar-tuition-fees-and-insurance-information.pdf,
7,University of Arizona College of Medicine - Phoenix,AZ,md_university_of_arizona_college_of_medicine_phoenix_phoenix_arizona,University of Arizona College of Medicine - Phoenix,AZ,MD,1.000,exact,0.870,md_arizona_state_university_john_shufeldt_school_of_medicine_and_medical_engineerin,Arizona State University John Shufeldt School of Medicine and Medical Engineering,41361,60692,2770,2770,44131,63462,84651,103982,https://students-residents.aamc.org/medical-school-admission-requirements/medical-school-admission-requirements-reports-applicants-and-advisors,data/raw/aamc/msar_reports/19_msar015-msar-tuition-fees-and-insurance-information.pdf,
8,California Northstate University College of Medicine,CA,md_california_northstate_university_college_of_medicine_elk_grove_california,California Northstate University College of Medicine,CA,MD,1.000,exact,0.552,md_university_of_california_riverside_school_of_medicine_riverside_california,"University of California, Riverside School of Medicine",78372,78372,3529,3529,81901,81901,113663,113663,https://students-residents.aamc.org/medical-school-admission-requirements/medical-school-admission-requirements-reports-applicants-and-advisors,data/raw/aamc/msar_reports/19_msar015-msar-tuition-fees-and-insurance-information.pdf,
9,California University of Science and Medicine-School of Medicine,CA,md_california_university_of_science_and_medicine_school_of_medicine_colton_californ,California University of Science and Medicine - School of Medicine,CA,MD,1.000,exact,0.577,md_university_of_california_irvine_school_of_medicine_irvine_california,"University of California, Irvine School of Medicine",74500,74500,5482,5482,79982,79982,115072,115072,https://students-residents.aamc.org/medical-school-admission-requirements/medical-school-admission-requirements-reports-applicants-and-advisors,data/raw/aamc/msar_reports/19_msar015-msar-tuition-fees-and-insurance-information.pdf,
10,Charles R. Drew University of Medicine and Science College of Medicine,CA,md_charles_r_drew_university_of_medicine_and_science_college_of_medicine_los_angele,Charles R. Drew University of Medicine and Science College of Medicine,CA,MD,1.000,exact,0.443,md_california_university_of_science_and_medicine_school_of_medicine_colton_californ,California University of Science and Medicine - School of Medicine,71616,71616,5066,5066,76682,76682,137117,137117,https://students-residents.aamc.org/medical-school-admission-requirements/medical-school-admission-requirements-reports-applicants-and-advisors,data/raw/aamc/msar_reports/19_msar015-msar-tuition-fees-and-insurance-information.pdf,
11,Kaiser Permanente Bernard J. Tyson School of Medicine,CA,md_kaiser_permanente_bernard_j_tyson_school_of_medicine_pasadena_california,Kaiser Permanente Bernard J. Tyson School of Medicine,CA,MD,1.000,exact,0.210,md_stanford_university_school_of_medicine_palo_alto_california,Stanford University School of Medicine,0,0,0,0,0,0,39636,39636,https://students-residents.aamc.org/medical-school-admission-requirements/medical-school-admission-requirements-reports-applicants-and-advisors,data/raw/aamc/msar_reports/19_msar015-msar-tuition-fees-and-insurance-information.pdf,
12,Keck School of Medicine of the University of Southern California,CA,md_keck_school_of_medicine_of_the_university_of_southern_california_los_angeles_cal,Keck School of Medicine of the University of Southern California,CA,MD,1.000,exact,0.400,md_university_of_california_riverside_school_of_medicine_riverside_california,"University of California, Riverside School of Medicine",76191,76191,3522,3522,79713,79713,114717,114717,https://students-residents.aamc.org/medical-school-admission-requirements/medical-school-admission-requirements-reports-applicants-and-advisors,data/raw/aamc/msar_reports/19_msar015-msar-tuition-fees-and-insurance-information.pdf,
13,Loma Linda University School of Medicine,CA,md_loma_linda_university_school_of_medicine_loma_linda_california,Loma Linda University School of Medicine,CA,MD,1.000,exact,0.287,md_stanford_university_school_of_medicine_palo_alto_california,Stanford University School of Medicine,71832,71832,0,0,71832,71832,108520,108520,https://students-residents.aamc.org/medical-school-admission-requirements/medical-school-admission-requirements-reports-applicants-and-advisors,data/raw/aamc/msar_reports/19_msar015-msar-tuition-fees-and-insurance-information.pdf,
14,Stanford University School of Medicine,CA,md_stanford_university_school_of_medicine_palo_alto_california,Stanford University School of Medicine,CA,MD,1.000,exact,0.296,md_loma_linda_university_school_of_medicine_loma_linda_california,Loma Linda University School of Medicine,70915,70915,8232,8232,79147,79147,121282,121282,https://students-residents.aamc.org/medical-school-admission-requirements/medical-school-admission-requirements-reports-applicants-and-advisors,data/raw/aamc/msar_reports/19_msar015-msar-tuition-fees-and-insurance-information.pdf,
15,"University of California, Davis, School of Medicine",CA,md_university_of_california_davis_school_of_medicine_davis_california,"University of California, Davis School of Medicine",CA,MD,1.000,exact,0.650,md_university_of_california_irvine_school_of_medicine_irvine_california,"University of California, Irvine School of Medicine",48275,60520,8000,8000,56275,68520,87708,99953,https://students-residents.aamc.org/medical-school-admission-requirements/medical-school-admission-requirements-reports-applicants-and-advisors,data/raw/aamc/msar_reports/19_msar015-msar-tuition-fees-and-insurance-information.pdf,
16,"University of California, Irvine, School of Medicine",CA,md_university_of_california_irvine_school_of_medicine_irvine_california,"University of California, Irvine School of Medicine",CA,MD,1.000,exact,0.651,md_university_of_california_riverside_school_of_medicine_riverside_california,"University of California, Riverside School of Medicine",43009,55254,7769,7769,50778,63023,78212,90457,https://students-residents.aamc.org/medical-school-admission-requirements/medical-school-admission-requirements-reports-applicants-and-advisors,data/raw/aamc/msar_reports/19_msar015-msar-tuition-fees-and-insurance-information.pdf,
17,"University of California, Los Angeles David Geffen School of Medicine",CA,md_david_geffen_school_of_medicine_at_ucla_los_angeles_california,David Geffen School of Medicine at UCLA,CA,MD,1.000,high_confidence,0.870,md_keck_school_of_medicine_of_the_university_of_southern_california_los_angeles_cal,Keck School of Medicine of the University of Southern California,45881,58126,6882,6882,52763,65008,97916,110161,https://students-residents.aamc.org/medical-school-admission-requirements/medical-school-admission-requirements-reports-applicants-and-advisors,data/raw/aamc/msar_reports/19_msar015-msar-tuition-fees-and-insurance-information.pdf,
18,"University of California, Riverside School of Medicine",CA,md_university_of_california_riverside_school_of_medicine_riverside_california,"University of California, Riverside School of Medicine",CA,MD,1.000,exact,0.644,md_university_of_california_irvine_school_of_medicine_irvine_california,"University of California, Irvine School of Medicine",42298,54543,5578,5578,47876,60121,97557,109802,https://students-residents.aamc.org/medical-school-admission-requirements/medical-school-admission-requirements-reports-applicants-and-advisors,data/raw/aamc/msar_reports/19_msar015-msar-tuition-fees-and-insurance-information.pdf,
19,"University of California, San Diego School of Medicine",CA,md_university_of_california_san_diego_school_of_medicine_san_diego_california,"University of California, San Diego School of Medicine",CA,MD,1.000,exact,0.752,md_university_of_california_san_francisco_school_of_medicine_san_francisco_californ,"University of California, San Francisco School of Medicine",45956,58201,5820,5820,51776,64021,75043,87288,https://students-residents.aamc.org/medical-school-admission-requirements/medical-school-admission-requirements-reports-applicants-and-advisors,data/raw/aamc/msar_reports/19_msar015-msar-tuition-fees-and-insurance-information.pdf,
20,"University of California, San Francisco, School of Medicine",CA,md_university_of_california_san_francisco_school_of_medicine_san_francisco_californ,"University of California, San Francisco School of Medicine",CA,MD,1.000,exact,0.752,md_university_of_california_san_diego_school_of_medicine_san_diego_california,"University of California, San Diego School of Medicine",42540,54785,10901,10901,53441,65686,89616,101861,https://students-residents.aamc.org/medical-school-admission-requirements/medical-school-admission-requirements-reports-applicants-and-advisors,data/raw/aamc/msar_reports/19_msar015-msar-tuition-fees-and-insurance-information.pdf,
21,University of Colorado School of Medicine,CO,md_university_of_colorado_school_of_medicine_denver_colorado,University of Colorado School of Medicine,CO,MD,1.000,exact,,,,47856,73811,4200,4200,52056,78011,88131,114086,https://students-residents.aamc.org/medical-school-admission-requirements/medical-school-admission-requirements-reports-applicants-and-advisors,data/raw/aamc/msar_reports/19_msar015-msar-tuition-fees-and-insurance-information.pdf,
22,Frank H. Netter MD School of Medicine at Quinnipiac University,CT,md_frank_h_netter_md_school_of_medicine_at_quinnipiac_university_north_haven_connec,Frank H. Netter MD School of Medicine at Quinnipiac University,CT,MD,1.000,exact,0.175,md_yale_school_of_medicine_new_haven_connecticut,Yale School of Medicine,65690,65690,4909,4909,70599,70599,101334,101334,https://students-residents.aamc.org/medical-school-admission-requirements/medical-school-admission-requirements-reports-applicants-and-advisors,data/raw/aamc/msar_reports/19_msar015-msar-tuition-fees-and-insurance-information.pdf,
23,University of Connecticut School of Medicine,CT,md_university_of_connecticut_school_of_medicine_farmington_connecticut,University of Connecticut School of Medicine,CT,MD,1.000,exact,0.209,md_yale_school_of_medicine_new_haven_connecticut,Yale School of Medicine,49708,77893,3214,3214,52922,81107,98525,126710,https://students-residents.aamc.org/medical-school-admission-requirements/medical-school-admission-requirements-reports-applicants-and-advisors,data/raw/aamc/msar_reports/19_msar015-msar-tuition-fees-and-insurance-information.pdf,
24,Yale School of Medicine,CT,md_yale_school_of_medicine_new_haven_connecticut,Yale School of Medicine,CT,MD,1.000,exact,0.219,md_university_of_connecticut_school_of_medicine_farmington_connecticut,University of Connecticut School of Medicine,75990,75990,3356,3356,79346,79346,115691,115691,https://students-residents.aamc.org/medical-school-admission-requirements/medical-school-admission-requirements-reports-applicants-and-advisors,data/raw/aamc/msar_reports/19_msar015-msar-tuition-fees-and-insurance-information.pdf,
25,George Washington University School of Medicine & Health Sciences,DC,md_george_washington_university_school_of_medicine_and_health_sciences_washington_d,George Washington University School of Medicine and Health Sciences,DC,MD,1.000,exact,0.870,md_howard_university_college_of_medicine_washington_district_of_columbia,Howard University College of Medicine,73980,73980,3100,3100,77080,77080,108572,108572,https://students-residents.aamc.org/medical-school-admission-requirements/medical-school-admission-requirements-reports-applicants-and-advisors,data/raw/aamc/msar_reports/19_msar015-msar-tuition-fees-and-insurance-information.pdf,
26,Georgetown University School of Medicine,DC,md_georgetown_university_school_of_medicine_washington_district_of_columbia,Georgetown University School of Medicine,DC,MD,1.000,exact,0.264,md_howard_university_college_of_medicine_washington_district_of_columbia,Howard University College of Medicine,76603,76603,4527,4527,81130,81130,114380,114380,https://students-residents.aamc.org/medical-school-admission-requirements/medical-school-admission-requirements-reports-applicants-and-advisors,data/raw/aamc/msar_reports/19_msar015-msar-tuition-fees-and-insurance-information.pdf,
27,Howard University College of Medicine,DC,md_howard_university_college_of_medicine_washington_district_of_columbia,Howard University College of Medicine,DC,MD,1.000,exact,0.264,md_georgetown_university_school_of_medicine_washington_district_of_columbia,Georgetown University School of Medicine,60924,60924,2000,2000,62924,62924,101787,101787,https://students-residents.aamc.org/medical-school-admission-requirements/medical-school-admission-requirements-reports-applicants-and-advisors,data/raw/aamc/msar_reports/19_msar015-msar-tuition-fees-and-insurance-information.pdf,
28,Charles E. Schmidt College of Medicine at Florida Atlantic University,FL,md_charles_e_schmidt_college_of_medicine_at_florida_atlantic_university_boca_raton_,Charles E. Schmidt College of Medicine at Florida Atlantic University,FL,MD,1.000,exact,0.440,md_university_of_florida_college_of_medicine_gainesville_florida,University of Florida College of Medicine,31830,67972,2356,2356,34186,70328,62938,99080,https://students-residents.aamc.org/medical-school-admission-requirements/medical-school-admission-requirements-reports-applicants-and-advisors,data/raw/aamc/msar_reports/19_msar015-msar-tuition-fees-and-insurance-information.pdf,
29,Florida International University Herbert Wertheim College of Medicine,FL,md_florida_international_university_herbert_wertheim_college_of_medicine_miami_flor,Florida International University Herbert Wertheim College of Medicine,FL,MD,1.000,exact,0.600,md_university_of_florida_college_of_medicine_gainesville_florida,University of Florida College of Medicine,38014,72512,3802,3802,41816,76314,84478,118976,https://students-residents.aamc.org/medical-school-admission-requirements/medical-school-admission-requirements-reports-applicants-and-advisors,data/raw/aamc/msar_reports/19_msar015-msar-tuition-fees-and-insurance-information.pdf,
30,Florida State University College of Medicine,FL,md_florida_state_university_college_of_medicine_tallahassee_florida,Florida State University College of Medicine,FL,MD,1.000,exact,0.727,md_university_of_florida_college_of_medicine_gainesville_florida,University of Florida College of Medicine,27262,65269,3009,3009,30271,68278,70612,108619,https://students-residents.aamc.org/medical-school-admission-requirements/medical-school-admission-requirements-reports-applicants-and-advisors,data/raw/aamc/msar_reports/19_msar015-msar-tuition-fees-and-insurance-information.pdf,
31,Nova Southeastern University Dr. Kiran C. Patel College of Allopathic Medicine,FL,md_nova_southeastern_university_dr_kiran_c_patel_college_of_allopathic_medicine_for,Nova Southeastern University Dr. Kiran C. Patel College of Allopathic Medicine,FL,MD,1.000,exact,0.227,md_florida_state_university_college_of_medicine_tallahassee_florida,Florida State University College of Medicine,75412,75412,2848,2848,78260,78260,133307,133307,https://students-residents.aamc.org/medical-school-admission-requirements/medical-school-admission-requirements-reports-applicants-and-advisors,data/raw/aamc/msar_reports/19_msar015-msar-tuition-fees-and-insurance-information.pdf,
32,University of Central Florida College of Medicine,FL,md_university_of_central_florida_college_of_medicine_orlando_florida,University of Central Florida College of Medicine,FL,MD,1.000,exact,0.911,md_university_of_florida_college_of_medicine_gainesville_florida,University of Florida College of Medicine,29680,56554,3556,3556,33236,60110,58121,84995,https://students-residents.aamc.org/medical-school-admission-requirements/medical-school-admission-requirements-reports-applicants-and-advisors,data/raw/aamc/msar_reports/19_msar015-msar-tuition-fees-and-insurance-information.pdf,
33,University of Florida College of Medicine,FL,md_university_of_florida_college_of_medicine_gainesville_florida,University of Florida College of Medicine,FL,MD,1.000,exact,0.911,md_university_of_central_florida_college_of_medicine_orlando_florida,University of Central Florida College of Medicine,36657,48913,3032,3032,39689,51945,73121,85377,https://students-residents.aamc.org/medical-school-admission-requirements/medical-school-admission-requirements-reports-applicants-and-advisors,data/raw/aamc/msar_reports/19_msar015-msar-tuition-fees-and-insurance-information.pdf,
34,University of Miami Leonard M. Miller School of Medicine,FL,md_university_of_miami_leonard_m_miller_school_of_medicine_miami_florida,University of Miami Leonard M. Miller School of Medicine,FL,MD,1.000,exact,0.870,md_florida_international_university_herbert_wertheim_college_of_medicine_miami_flor,Florida International University Herbert Wertheim College of Medicine,57587,57587,4230,4230,61817,61817,112815,112815,https://students-residents.aamc.org/medical-school-admission-requirements/medical-school-admission-requirements-reports-applicants-and-advisors,data/raw/aamc/msar_reports/19_msar015-msar-tuition-fees-and-insurance-information.pdf,
35,USF Health Morsani College of Medicine,FL,md_usf_health_morsani_college_of_medicine_tampa_florida,USF Health Morsani College of Medicine,FL,MD,1.000,exact,0.249,md_university_of_central_florida_college_of_medicine_orlando_florida,University of Central Florida College of Medicine,33726,57036,0,0,33726,57036,71974,95284,https://students-residents.aamc.org/medical-school-admission-requirements/medical-school-admission-requirements-reports-applicants-and-advisors,data/raw/aamc/msar_reports/19_msar015-msar-tuition-fees-and-insurance-information.pdf,
36,Emory University School of Medicine,GA,md_emory_university_school_of_medicine_atlanta_georgia,Emory University School of Medicine,GA,MD,1.000,exact,0.315,md_mercer_university_school_of_medicine_macon_georgia,Mercer University School of Medicine,60382,60382,5456,5456,65838,65838,109402,109402,https://students-residents.aamc.org/medical-school-admission-requirements/medical-school-admission-requirements-reports-applicants-and-advisors,data/raw/aamc/msar_reports/19_msar015-msar-tuition-fees-and-insurance-information.pdf,
37,Medical College of Georgia at Augusta University,GA,md_medical_college_of_georgia_at_augusta_university_augusta_georgia,Medical College of Georgia at Augusta University,GA,MD,1.000,exact,0.727,md_university_of_georgia_school_of_medicine_athens_georgia,University of Georgia School of Medicine,32205,64511,2986,2986,35191,67497,70271,102577,https://students-residents.aamc.org/medical-school-admission-requirements/medical-school-admission-requirements-reports-applicants-and-advisors,data/raw/aamc/msar_reports/19_msar015-msar-tuition-fees-and-insurance-information.pdf,
38,Mercer University School of Medicine,GA,md_mercer_university_school_of_medicine_macon_georgia,Mercer University School of Medicine,GA,MD,1.000,exact,0.315,md_emory_university_school_of_medicine_atlanta_georgia,Emory University School of Medicine,45763,0,3132,0,48895,0,78788,0,https://students-residents.aamc.org/medical-school-admission-requirements/medical-school-admission-requirements-reports-applicants-and-advisors,data/raw/aamc/msar_reports/19_msar015-msar-tuition-fees-and-insurance-information.pdf,out-of-state reported cost fields are zero
39,Morehouse School of Medicine,GA,md_morehouse_school_of_medicine_atlanta_georgia,Morehouse School of Medicine,GA,MD,1.000,exact,0.267,md_emory_university_school_of_medicine_atlanta_georgia,Emory University School of Medicine,57238,57238,7876,7876,65114,65114,115875,115875,https://students-residents.aamc.org/medical-school-admission-requirements/medical-school-admission-requirements-reports-applicants-and-advisors,data/raw/aamc/msar_reports/19_msar015-msar-tuition-fees-and-insurance-information.pdf,
40,University of Georgia School of Medicine,GA,md_university_of_georgia_school_of_medicine_athens_georgia,University of Georgia School of Medicine,GA,MD,1.000,exact,0.727,md_medical_college_of_georgia_at_augusta_university_augusta_georgia,Medical College of Georgia at Augusta University,0,0,0,0,0,0,0,0,https://students-residents.aamc.org/medical-school-admission-requirements/medical-school-admission-requirements-reports-applicants-and-advisors,data/raw/aamc/msar_reports/19_msar015-msar-tuition-fees-and-insurance-information.pdf,all reported cost fields are zero
41,"University of Hawaii, John A. Burns School of Medicine",HI,md_john_a_burns_school_of_medicine_university_of_hawaii_at_manoa_honolulu_hawaii,John A. Burns School of Medicine University of Hawaii at Manoa,HI,MD,0.910,high_confidence,,,,37444,72100,5733,5733,43177,77833,79683,114339,https://students-residents.aamc.org/medical-school-admission-requirements/medical-school-admission-requirements-reports-applicants-and-advisors,data/raw/aamc/msar_reports/19_msar015-msar-tuition-fees-and-insurance-information.pdf,
42,University of Iowa Roy J. and Lucille A. Carver College of Medicine,IA,md_university_of_iowa_roy_j_and_lucille_a_carver_college_of_medicine_iowa_city_iowa,University of Iowa Roy J. and Lucille A. Carver College of Medicine,IA,MD,1.000,exact,,,,39313,60712,0,0,39313,60712,71215,92614,https://students-residents.aamc.org/medical-school-admission-requirements/medical-school-admission-requirements-reports-applicants-and-advisors,data/raw/aamc/msar_reports/19_msar015-msar-tuition-fees-and-insurance-information.pdf,
43,Carle Illinois College of Medicine,IL,md_carle_illinois_college_of_medicine_urbana_champaign_illinois,Carle Illinois College of Medicine,IL,MD,1.000,exact,0.789,md_university_of_illinois_college_of_medicine_chicago_illinois,University of Illinois College of Medicine,54486,67604,3227,3227,57713,70831,82744,96202,https://students-residents.aamc.org/medical-school-admission-requirements/medical-school-admission-requirements-reports-applicants-and-advisors,data/raw/aamc/msar_reports/19_msar015-msar-tuition-fees-and-insurance-information.pdf,
44,Chicago Medical School at Rosalind Franklin University of Medicine & Science,IL,md_chicago_medical_school_at_rosalind_franklin_university_of_medicine_and_science_n,Chicago Medical School at Rosalind Franklin University of Medicine and Science,IL,MD,1.000,exact,0.870,md_university_of_illinois_college_of_medicine_chicago_illinois,University of Illinois College of Medicine,74223,74223,4320,4320,78543,78543,104743,104743,https://students-residents.aamc.org/medical-school-admission-requirements/medical-school-admission-requirements-reports-applicants-and-advisors,data/raw/aamc/msar_reports/19_msar015-msar-tuition-fees-and-insurance-information.pdf,
45,Loyola University Chicago Stritch School of Medicine,IL,md_loyola_university_chicago_stritch_school_of_medicine_maywood_illinois,Loyola University Chicago Stritch School of Medicine,IL,MD,1.000,exact,0.870,md_university_of_illinois_college_of_medicine_chicago_illinois,University of Illinois College of Medicine,72844,72844,3684,3684,76528,76528,106044,107024,https://students-residents.aamc.org/medical-school-admission-requirements/medical-school-admission-requirements-reports-applicants-and-advisors,data/raw/aamc/msar_reports/19_msar015-msar-tuition-fees-and-insurance-information.pdf,
46,Northwestern University The Feinberg School of Medicine,IL,md_northwestern_university_feinberg_school_of_medicine_chicago_illinois,Northwestern University Feinberg School of Medicine,IL,MD,1.000,high_confidence,0.247,md_southern_illinois_university_school_of_medicine_springfield_illinois,Southern Illinois University School of Medicine,75817,75817,6487,6487,82304,82304,115930,115930,https://students-residents.aamc.org/medical-school-admission-requirements/medical-school-admission-requirements-reports-applicants-and-advisors,data/raw/aamc/msar_reports/19_msar015-msar-tuition-fees-and-insurance-information.pdf,
47,Rush Medical College of Rush University Medical Center,IL,md_rush_medical_college_of_rush_university_medical_center_chicago_illinois,Rush Medical College of Rush University Medical Center,IL,MD,1.000,exact,0.202,md_chicago_medical_school_at_rosalind_franklin_university_of_medicine_and_science_n,Chicago Medical School at Rosalind Franklin University of Medicine and Science,59222,59222,7016,7016,66238,66238,116311,107391,https://students-residents.aamc.org/medical-school-admission-requirements/medical-school-admission-requirements-reports-applicants-and-advisors,data/raw/aamc/msar_reports/19_msar015-msar-tuition-fees-and-insurance-information.pdf,
48,Southern Illinois University School of Medicine,IL,md_southern_illinois_university_school_of_medicine_springfield_illinois,Southern Illinois University School of Medicine,IL,MD,1.000,exact,0.727,md_university_of_illinois_college_of_medicine_chicago_illinois,University of Illinois College of Medicine,41623,0,2278,0,43901,0,65706,0,https://students-residents.aamc.org/medical-school-admission-requirements/medical-school-admission-requirements-reports-applicants-and-advisors,data/raw/aamc/msar_reports/19_msar015-msar-tuition-fees-and-insurance-information.pdf,out-of-state reported cost fields are zero
49,University of Chicago Division of the Biological Sciences The Pritzker School of Medicine,IL,md_university_of_chicago_division_of_the_biological_sciences_the_pritzker_school_of,"University of Chicago Division of the Biological Sciences, The Pritzker School of Medicine",IL,MD,1.000,exact,0.870,md_university_of_illinois_college_of_medicine_chicago_illinois,University of Illinois College of Medicine,66937,66937,5145,5145,72082,72082,100977,100977,https://students-residents.aamc.org/medical-school-admission-requirements/medical-school-admission-requirements-reports-applicants-and-advisors,data/raw/aamc/msar_reports/19_msar015-msar-tuition-fees-and-insurance-information.pdf,
50,University of Illinois College of Medicine,IL,md_university_of_illinois_college_of_medicine_chicago_illinois,University of Illinois College of Medicine,IL,MD,1.000,exact,0.789,md_carle_illinois_college_of_medicine_urbana_champaign_illinois,Carle Illinois College of Medicine,52690,86590,1855,1855,54545,88445,89195,123095,https://students-residents.aamc.org/medical-school-admission-requirements/medical-school-admission-requirements-reports-applicants-and-advisors,data/raw/aamc/msar_reports/19_msar015-msar-tuition-fees-and-insurance-information.pdf,
51,Indiana University School of Medicine,IN,md_indiana_university_school_of_medicine_indianapolis_indiana,Indiana University School of Medicine,IN,MD,1.000,exact,,,,41282,68823,4625,4625,45907,73448,70227,97768,https://students-residents.aamc.org/medical-school-admission-requirements/medical-school-admission-requirements-reports-applicants-and-advisors,data/raw/aamc/msar_reports/19_msar015-msar-tuition-fees-and-insurance-information.pdf,
52,University of Kansas School of Medicine,KS,md_university_of_kansas_school_of_medicine_kansas_city_kansas,University of Kansas School of Medicine,KS,MD,1.000,exact,,,,43314,73806,0,0,43314,73806,77850,108342,https://students-residents.aamc.org/medical-school-admission-requirements/medical-school-admission-requirements-reports-applicants-and-advisors,data/raw/aamc/msar_reports/19_msar015-msar-tuition-fees-and-insurance-information.pdf,
53,University of Kentucky College of Medicine,KY,md_university_of_kentucky_college_of_medicine_lexington_kentucky,University of Kentucky College of Medicine,KY,MD,1.000,exact,0.247,md_university_of_louisville_school_of_medicine_louisville_kentucky,University of Louisville School of Medicine,42542,77638,0,0,42542,77638,73566,109762,https://students-residents.aamc.org/medical-school-admission-requirements/medical-school-admission-requirements-reports-applicants-and-advisors,data/raw/aamc/msar_reports/19_msar015-msar-tuition-fees-and-insurance-information.pdf,
54,University of Louisville School of Medicine,KY,md_university_of_louisville_school_of_medicine_louisville_kentucky,University of Louisville School of Medicine,KY,MD,1.000,exact,0.247,md_university_of_kentucky_college_of_medicine_lexington_kentucky,University of Kentucky College of Medicine,49412,74720,3219,3219,52631,77939,79586,104894,https://students-residents.aamc.org/medical-school-admission-requirements/medical-school-admission-requirements-reports-applicants-and-advisors,data/raw/aamc/msar_reports/19_msar015-msar-tuition-fees-and-insurance-information.pdf,
55,Louisiana State University School of Medicine in New Orleans,LA,md_lsu_health_sciences_center_school_of_medicine_in_new_orleans_new_orleans_louisia,LSU Health Sciences Center School of Medicine in New Orleans,LA,MD,1.000,high_confidence,0.870,md_tulane_university_school_of_medicine_new_orleans_louisiana,Tulane University School of Medicine,32937,61115,7438,7438,40375,68553,84235,112413,https://students-residents.aamc.org/medical-school-admission-requirements/medical-school-admission-requirements-reports-applicants-and-advisors,data/raw/aamc/msar_reports/19_msar015-msar-tuition-fees-and-insurance-information.pdf,
56,Louisiana State University School of Medicine in Shreveport,LA,md_louisiana_state_university_school_of_medicine_in_shreveport_shreveport_louisiana,Louisiana State University School of Medicine in Shreveport,LA,MD,1.000,exact,0.581,md_lsu_health_sciences_center_school_of_medicine_in_new_orleans_new_orleans_louisia,LSU Health Sciences Center School of Medicine in New Orleans,30842,64256,2304,2304,33146,66560,67131,100545,https://students-residents.aamc.org/medical-school-admission-requirements/medical-school-admission-requirements-reports-applicants-and-advisors,data/raw/aamc/msar_reports/19_msar015-msar-tuition-fees-and-insurance-information.pdf,
57,Tulane University School of Medicine,LA,md_tulane_university_school_of_medicine_new_orleans_louisiana,Tulane University School of Medicine,LA,MD,1.000,exact,0.251,md_louisiana_state_university_school_of_medicine_in_shreveport_shreveport_louisiana,Louisiana State University School of Medicine in Shreveport,78640,78640,4150,4150,82790,82790,114804,114804,https://students-residents.aamc.org/medical-school-admission-requirements/medical-school-admission-requirements-reports-applicants-and-advisors,data/raw/aamc/msar_reports/19_msar015-msar-tuition-fees-and-insurance-information.pdf,
58,Boston University Aram V. Chobanian & Edward Avedisian School of Medicine,MA,md_boston_university_aram_v_chobanian_and_edward_avedisian_school_of_medicine_bosto,Boston University Aram V. Chobanian & Edward Avedisian School of Medicine,MA,MD,1.000,exact,0.870,md_tufts_university_school_of_medicine_boston_massachusetts,Tufts University School of Medicine,73965,73965,3642,3642,77607,77607,104107,104107,https://students-residents.aamc.org/medical-school-admission-requirements/medical-school-admission-requirements-reports-applicants-and-advisors,data/raw/aamc/msar_reports/19_msar015-msar-tuition-fees-and-insurance-information.pdf,
59,Harvard Medical School,MA,md_harvard_medical_school_boston_massachusetts,Harvard Medical School,MA,MD,1.000,exact,0.131,md_boston_university_aram_v_chobanian_and_edward_avedisian_school_of_medicine_bosto,Boston University Aram V. Chobanian & Edward Avedisian School of Medicine,76421,76421,4308,4308,80729,80729,113489,115569,https://students-residents.aamc.org/medical-school-admission-requirements/medical-school-admission-requirements-reports-applicants-and-advisors,data/raw/aamc/msar_reports/19_msar015-msar-tuition-fees-and-insurance-information.pdf,
60,Tufts University School of Medicine,MA,md_tufts_university_school_of_medicine_boston_massachusetts,Tufts University School of Medicine,MA,MD,1.000,exact,0.226,md_university_of_massachusetts_t_h_chan_school_of_medicine_worcester_massachusetts,University of Massachusetts T.H. Chan School of Medicine,74118,74118,4620,4620,78738,78738,111854,111854,https://students-residents.aamc.org/medical-school-admission-requirements/medical-school-admission-requirements-reports-applicants-and-advisors,data/raw/aamc/msar_reports/19_msar015-msar-tuition-fees-and-insurance-information.pdf,
61,University of Massachusetts T.H. Chan School of Medicine,MA,md_university_of_massachusetts_t_h_chan_school_of_medicine_worcester_massachusetts,University of Massachusetts T.H. Chan School of Medicine,MA,MD,1.000,exact,0.226,md_tufts_university_school_of_medicine_boston_massachusetts,Tufts University School of Medicine,46364,76790,6388,6388,52752,83178,82795,113221,https://students-residents.aamc.org/medical-school-admission-requirements/medical-school-admission-requirements-reports-applicants-and-advisors,data/raw/aamc/msar_reports/19_msar015-msar-tuition-fees-and-insurance-information.pdf,
62,Johns Hopkins University School of Medicine,MD,md_johns_hopkins_university_school_of_medicine_baltimore_maryland,Johns Hopkins University School of Medicine,MD,MD,1.000,exact,0.242,md_university_of_maryland_school_of_medicine_baltimore_maryland,University of Maryland School of Medicine,68878,68878,3570,3570,72448,72448,105788,105788,https://students-residents.aamc.org/medical-school-admission-requirements/medical-school-admission-requirements-reports-applicants-and-advisors,data/raw/aamc/msar_reports/19_msar015-msar-tuition-fees-and-insurance-information.pdf,
63,Uniformed Services University of the Health Sciences F. Edward Hebert School of Medicine,MD,md_uniformed_services_university_of_the_health_sciences_f_edward_h_bert_school_of_m,"Uniformed Services University of the Health Sciences, F. Edward Hébert School of Medicine",MD,MD,1.000,exact,0.197,md_university_of_maryland_school_of_medicine_baltimore_maryland,University of Maryland School of Medicine,0,0,0,0,0,0,0,0,https://students-residents.aamc.org/medical-school-admission-requirements/medical-school-admission-requirements-reports-applicants-and-advisors,data/raw/aamc/msar_reports/19_msar015-msar-tuition-fees-and-insurance-information.pdf,all reported cost fields are zero
64,University of Maryland School of Medicine,MD,md_university_of_maryland_school_of_medicine_baltimore_maryland,University of Maryland School of Medicine,MD,MD,1.000,exact,0.242,md_johns_hopkins_university_school_of_medicine_baltimore_maryland,Johns Hopkins University School of Medicine,46015,78339,4567,4567,50582,82906,89344,123095,https://students-residents.aamc.org/medical-school-admission-requirements/medical-school-admission-requirements-reports-applicants-and-advisors,data/raw/aamc/msar_reports/19_msar015-msar-tuition-fees-and-insurance-information.pdf,
65,Central Michigan University College of Medicine,MI,md_covenant_healthcare_college_of_medicine_at_central_michigan_university_mount_ple,Covenant HealthCare College of Medicine at Central Michigan University,MI,MD,0.910,high_confidence,0.727,md_university_of_michigan_medical_school_ann_arbor_michigan,University of Michigan Medical School,47710,70968,0,0,47710,70968,73285,96543,https://students-residents.aamc.org/medical-school-admission-requirements/medical-school-admission-requirements-reports-applicants-and-advisors,data/raw/aamc/msar_reports/19_msar015-msar-tuition-fees-and-insurance-information.pdf,
66,Michigan State University College of Human Medicine,MI,md_michigan_state_university_college_of_human_medicine_east_lansing_michigan,Michigan State University College of Human Medicine,MI,MD,1.000,exact,0.560,md_university_of_michigan_medical_school_ann_arbor_michigan,University of Michigan Medical School,33752,61576,3112,3112,36864,64688,67978,95802,https://students-residents.aamc.org/medical-school-admission-requirements/medical-school-admission-requirements-reports-applicants-and-advisors,data/raw/aamc/msar_reports/19_msar015-msar-tuition-fees-and-insurance-information.pdf,
67,Oakland University William Beaumont School of Medicine,MI,md_oakland_university_william_beaumont_school_of_medicine_rochester_michigan,Oakland University William Beaumont School of Medicine,MI,MD,1.000,exact,0.236,md_wayne_state_university_school_of_medicine_detroit_michigan,Wayne State University School of Medicine,61484,61484,0,0,61484,61484,91065,91065,https://students-residents.aamc.org/medical-school-admission-requirements/medical-school-admission-requirements-reports-applicants-and-advisors,data/raw/aamc/msar_reports/19_msar015-msar-tuition-fees-and-insurance-information.pdf,
68,University of Michigan Medical School,MI,md_university_of_michigan_medical_school_ann_arbor_michigan,University of Michigan Medical School,MI,MD,1.000,exact,0.560,md_michigan_state_university_college_of_human_medicine_east_lansing_michigan,Michigan State University College of Human Medicine,58737,79575,4197,4197,62934,83772,101094,121932,https://students-residents.aamc.org/medical-school-admission-requirements/medical-school-admission-requirements-reports-applicants-and-advisors,data/raw/aamc/msar_reports/19_msar015-msar-tuition-fees-and-insurance-information.pdf,
69,Wayne State University School of Medicine,MI,md_wayne_state_university_school_of_medicine_detroit_michigan,Wayne State University School of Medicine,MI,MD,1.000,exact,0.526,md_michigan_state_university_college_of_human_medicine_east_lansing_michigan,Michigan State University College of Human Medicine,46677,74926,3791,3791,50468,78717,79284,107533,https://students-residents.aamc.org/medical-school-admission-requirements/medical-school-admission-requirements-reports-applicants-and-advisors,data/raw/aamc/msar_reports/19_msar015-msar-tuition-fees-and-insurance-information.pdf,
70,Western Michigan University Homer Stryker M.D. School of Medicine,MI,md_western_michigan_university_homer_stryker_m_d_school_of_medicine_kalamazoo_michi,Western Michigan University Homer Stryker M.D. School of Medicine,MI,MD,1.000,exact,0.460,md_university_of_michigan_medical_school_ann_arbor_michigan,University of Michigan Medical School,69800,69800,0,0,69800,69800,102734,102734,https://students-residents.aamc.org/medical-school-admission-requirements/medical-school-admission-requirements-reports-applicants-and-advisors,data/raw/aamc/msar_reports/19_msar015-msar-tuition-fees-and-insurance-information.pdf,
71,Mayo Clinic Alix School of Medicine,MN,md_mayo_clinic_alix_school_of_medicine_rochester_minnesota,Mayo Clinic Alix School of Medicine,MN,MD,1.000,exact,0.134,md_university_of_minnesota_medical_school_minneapolis_minnesota,University of Minnesota Medical School,67900,67900,2184,2184,70084,70084,107884,107884,https://students-residents.aamc.org/medical-school-admission-requirements/medical-school-admission-requirements-reports-applicants-and-advisors,data/raw/aamc/msar_reports/19_msar015-msar-tuition-fees-and-insurance-information.pdf,
72,University of Minnesota Medical School,MN,md_university_of_minnesota_medical_school_minneapolis_minnesota,University of Minnesota Medical School,MN,MD,1.000,exact,0.115,md_mayo_clinic_alix_school_of_medicine_rochester_minnesota,Mayo Clinic Alix School of Medicine,45383,68054,3590,3590,48973,71644,83654,106325,https://students-residents.aamc.org/medical-school-admission-requirements/medical-school-admission-requirements-reports-applicants-and-advisors,data/raw/aamc/msar_reports/19_msar015-msar-tuition-fees-and-insurance-information.pdf,
73,Saint Louis University School of Medicine,MO,md_saint_louis_university_school_of_medicine_st_louis_missouri,Saint Louis University School of Medicine,MO,MD,1.000,exact,0.523,md_washington_university_in_st_louis_school_of_medicine_st_louis_missouri,Washington University in St. Louis School of Medicine,72240,72240,0,0,72240,72240,98076,98076,https://students-residents.aamc.org/medical-school-admission-requirements/medical-school-admission-requirements-reports-applicants-and-advisors,data/raw/aamc/msar_reports/19_msar015-msar-tuition-fees-and-insurance-information.pdf,
74,University of Missouri-Columbia School of Medicine,MO,md_university_of_missouri_columbia_school_of_medicine_columbia_missouri,University of Missouri-Columbia School of Medicine,MO,MD,1.000,exact,0.559,md_university_of_missouri_kansas_city_school_of_medicine_kansas_city_missouri,University of Missouri-Kansas City School of Medicine,49786,97328,0,0,49786,97328,81343,128885,https://students-residents.aamc.org/medical-school-admission-requirements/medical-school-admission-requirements-reports-applicants-and-advisors,data/raw/aamc/msar_reports/19_msar015-msar-tuition-fees-and-insurance-information.pdf,
75,University of Missouri-Kansas City School of Medicine,MO,md_university_of_missouri_kansas_city_school_of_medicine_kansas_city_missouri,University of Missouri-Kansas City School of Medicine,MO,MD,1.000,exact,0.552,md_university_of_missouri_columbia_school_of_medicine_columbia_missouri,University of Missouri-Columbia School of Medicine,48756,92705,0,0,48756,92705,80965,124914,https://students-residents.aamc.org/medical-school-admission-requirements/medical-school-admission-requirements-reports-applicants-and-advisors,data/raw/aamc/msar_reports/19_msar015-msar-tuition-fees-and-insurance-information.pdf,
76,Washington University in St. Louis School of Medicine,MO,md_washington_university_in_st_louis_school_of_medicine_st_louis_missouri,Washington University in St. Louis School of Medicine,MO,MD,1.000,exact,0.870,md_saint_louis_university_school_of_medicine_st_louis_missouri,Saint Louis University School of Medicine,69468,69468,5225,5225,74693,74693,100069,100069,https://students-residents.aamc.org/medical-school-admission-requirements/medical-school-admission-requirements-reports-applicants-and-advisors,data/raw/aamc/msar_reports/19_msar015-msar-tuition-fees-and-insurance-information.pdf,
77,University of Mississippi School of Medicine,MS,md_university_of_mississippi_school_of_medicine_jackson_mississippi,University of Mississippi School of Medicine,MS,MD,1.000,exact,,,,37375,0,4961,0,42336,0,80020,0,https://students-residents.aamc.org/medical-school-admission-requirements/medical-school-admission-requirements-reports-applicants-and-advisors,data/raw/aamc/msar_reports/19_msar015-msar-tuition-fees-and-insurance-information.pdf,out-of-state reported cost fields are zero
78,Brody School of Medicine at East Carolina University,NC,md_brody_school_of_medicine_at_east_carolina_university_greenville_north_carolina,Brody School of Medicine at East Carolina University,NC,MD,1.000,exact,0.408,md_university_of_north_carolina_school_of_medicine_chapel_hill_north_carolina,University of North Carolina School of Medicine,25432,56872,2793,2793,28225,59665,64004,95444,https://students-residents.aamc.org/medical-school-admission-requirements/medical-school-admission-requirements-reports-applicants-and-advisors,data/raw/aamc/msar_reports/19_msar015-msar-tuition-fees-and-insurance-information.pdf,
79,Duke University School of Medicine,NC,md_duke_university_school_of_medicine_durham_north_carolina,Duke University School of Medicine,NC,MD,1.000,exact,0.299,md_wake_forest_university_school_of_medicine_winston_salem_north_carolina,Wake Forest University School of Medicine,74690,74690,3752,3752,78442,78442,113884,113884,https://students-residents.aamc.org/medical-school-admission-requirements/medical-school-admission-requirements-reports-applicants-and-advisors,data/raw/aamc/msar_reports/19_msar015-msar-tuition-fees-and-insurance-information.pdf,
80,Methodist University Cape Fear Valley Health School of Medicine,NC,md_methodist_university_cape_fear_valley_health_school_of_medicine_fayetteville_nor,Methodist University Cape Fear Valley Health School of Medicine,NC,MD,1.000,exact,0.229,md_wake_forest_university_school_of_medicine_winston_salem_north_carolina,Wake Forest University School of Medicine,0,0,0,0,0,0,0,0,https://students-residents.aamc.org/medical-school-admission-requirements/medical-school-admission-requirements-reports-applicants-and-advisors,data/raw/aamc/msar_reports/19_msar015-msar-tuition-fees-and-insurance-information.pdf,all reported cost fields are zero
81,University of North Carolina at Chapel Hill School of Medicine,NC,md_university_of_north_carolina_school_of_medicine_chapel_hill_north_carolina,University of North Carolina School of Medicine,NC,MD,0.870,review,0.315,md_brody_school_of_medicine_at_east_carolina_university_greenville_north_carolina,Brody School of Medicine at East Carolina University,35040,63365,3606,3606,38646,66971,69476,97801,https://students-residents.aamc.org/medical-school-admission-requirements/medical-school-admission-requirements-reports-applicants-and-advisors,data/raw/aamc/msar_reports/19_msar015-msar-tuition-fees-and-insurance-information.pdf,review before updating master
82,Wake Forest University School of Medicine,NC,md_wake_forest_university_school_of_medicine_winston_salem_north_carolina,Wake Forest University School of Medicine,NC,MD,1.000,exact,0.299,md_duke_university_school_of_medicine_durham_north_carolina,Duke University School of Medicine,66895,66895,5029,5029,71924,71924,110448,110448,https://students-residents.aamc.org/medical-school-admission-requirements/medical-school-admission-requirements-reports-applicants-and-advisors,data/raw/aamc/msar_reports/19_msar015-msar-tuition-fees-and-insurance-information.pdf,
83,University of North Dakota School of Medicine and Health Sciences,ND,md_university_of_north_dakota_school_of_medicine_and_health_sciences_grand_forks_no,University of North Dakota School of Medicine and Health Sciences,ND,MD,1.000,exact,,,,37846,68439,2500,2500,40346,70939,64125,94718,https://students-residents.aamc.org/medical-school-admission-requirements/medical-school-admission-requirements-reports-applicants-and-advisors,data/raw/aamc/msar_reports/19_msar015-msar-tuition-fees-and-insurance-information.pdf,
84,Creighton University School of Medicine,NE,md_creighton_university_school_of_medicine_omaha_nebraska,Creighton University School of Medicine,NE,MD,1.000,exact,0.233,md_university_of_nebraska_college_of_medicine_omaha_nebraska,University of Nebraska College of Medicine,70644,70644,3984,3984,74628,74628,109846,109846,https://students-residents.aamc.org/medical-school-admission-requirements/medical-school-admission-requirements-reports-applicants-and-advisors,data/raw/aamc/msar_reports/19_msar015-msar-tuition-fees-and-insurance-information.pdf,
85,University of Nebraska College of Medicine,NE,md_university_of_nebraska_college_of_medicine_omaha_nebraska,University of Nebraska College of Medicine,NE,MD,1.000,exact,0.225,md_creighton_university_school_of_medicine_omaha_nebraska,Creighton University School of Medicine,43197,57673,3956,3956,47153,61629,73423,88799,https://students-residents.aamc.org/medical-school-admission-requirements/medical-school-admission-requirements-reports-applicants-and-advisors,data/raw/aamc/msar_reports/19_msar015-msar-tuition-fees-and-insurance-information.pdf,
86,Geisel School of Medicine at Dartmouth,NH,md_geisel_school_of_medicine_at_dartmouth_hanover_new_hampshire,Geisel School of Medicine at Dartmouth,NH,MD,1.000,exact,,,,74868,74868,4556,4556,79424,79424,101004,101004,https://students-residents.aamc.org/medical-school-admission-requirements/medical-school-admission-requirements-reports-applicants-and-advisors,data/raw/aamc/msar_reports/19_msar015-msar-tuition-fees-and-insurance-information.pdf,
87,Cooper Medical School of Rowan University,NJ,md_cooper_medical_school_of_rowan_university_camden_new_jersey,Cooper Medical School of Rowan University,NJ,MD,1.000,exact,0.186,md_hackensack_meridian_school_of_medicine_nutley_new_jersey,Hackensack Meridian School of Medicine,50830,76932,0,0,50830,76932,80381,106483,https://students-residents.aamc.org/medical-school-admission-requirements/medical-school-admission-requirements-reports-applicants-and-advisors,data/raw/aamc/msar_reports/19_msar015-msar-tuition-fees-and-insurance-information.pdf,
88,Hackensack Meridian School of Medicine,NJ,md_hackensack_meridian_school_of_medicine_nutley_new_jersey,Hackensack Meridian School of Medicine,NJ,MD,1.000,exact,0.186,md_cooper_medical_school_of_rowan_university_camden_new_jersey,Cooper Medical School of Rowan University,78335,78335,6090,6090,84425,84425,127852,125352,https://students-residents.aamc.org/medical-school-admission-requirements/medical-school-admission-requirements-reports-applicants-and-advisors,data/raw/aamc/msar_reports/19_msar015-msar-tuition-fees-and-insurance-information.pdf,
89,Rutgers New Jersey Medical School,NJ,md_rutgers_new_jersey_medical_school_newark_new_jersey,Rutgers New Jersey Medical School,NJ,MD,1.000,exact,0.447,md_rutgers_robert_wood_johnson_medical_school_piscataway_new_jersey,"Rutgers, Robert Wood Johnson Medical School",49708,78184,2942,2942,52650,81126,99290,127766,https://students-residents.aamc.org/medical-school-admission-requirements/medical-school-admission-requirements-reports-applicants-and-advisors,data/raw/aamc/msar_reports/19_msar015-msar-tuition-fees-and-insurance-information.pdf,
90,"Rutgers, Robert Wood Johnson Medical School",NJ,md_rutgers_robert_wood_johnson_medical_school_piscataway_new_jersey,"Rutgers, Robert Wood Johnson Medical School",NJ,MD,1.000,exact,0.428,md_rutgers_new_jersey_medical_school_newark_new_jersey,Rutgers New Jersey Medical School,49516,77992,2942,2942,52458,80934,101100,129576,https://students-residents.aamc.org/medical-school-admission-requirements/medical-school-admission-requirements-reports-applicants-and-advisors,data/raw/aamc/msar_reports/19_msar015-msar-tuition-fees-and-insurance-information.pdf,
91,University of New Mexico School of Medicine,NM,md_university_of_new_mexico_school_of_medicine_albuquerque_new_mexico,University of New Mexico School of Medicine,NM,MD,1.000,exact,,,,20176,48412,3919,3919,24095,52331,61985,90221,https://students-residents.aamc.org/medical-school-admission-requirements/medical-school-admission-requirements-reports-applicants-and-advisors,data/raw/aamc/msar_reports/19_msar015-msar-tuition-fees-and-insurance-information.pdf,
92,Kirk Kerkorian School of Medicine at UNLV,NV,md_kirk_kerkorian_school_of_medicine_at_unlv_las_vegas_nevada,Kirk Kerkorian School of Medicine at UNLV,NV,MD,1.000,exact,0.206,md_university_of_nevada_reno_school_of_medicine_reno_nevada,"University of Nevada, Reno School of Medicine",38655,72274,3709,3709,42364,75983,85830,119449,https://students-residents.aamc.org/medical-school-admission-requirements/medical-school-admission-requirements-reports-applicants-and-advisors,data/raw/aamc/msar_reports/19_msar015-msar-tuition-fees-and-insurance-information.pdf,
93,Roseman University College of Medicine,NV,md_roseman_university_college_of_medicine_las_vegas_nevada,Roseman University College of Medicine,NV,MD,1.000,exact,0.222,md_university_of_nevada_reno_school_of_medicine_reno_nevada,"University of Nevada, Reno School of Medicine",69500,69500,3567,3567,73067,73067,113531,113531,https://students-residents.aamc.org/medical-school-admission-requirements/medical-school-admission-requirements-reports-applicants-and-advisors,data/raw/aamc/msar_reports/19_msar015-msar-tuition-fees-and-insurance-information.pdf,
94,"University of Nevada, Reno School of Medicine",NV,md_university_of_nevada_reno_school_of_medicine_reno_nevada,"University of Nevada, Reno School of Medicine",NV,MD,1.000,exact,0.222,md_roseman_university_college_of_medicine_las_vegas_nevada,Roseman University College of Medicine,39312,68015,4621,4621,43933,72636,76988,105691,https://students-residents.aamc.org/medical-school-admission-requirements/medical-school-admission-requirements-reports-applicants-and-advisors,data/raw/aamc/msar_reports/19_msar015-msar-tuition-fees-and-insurance-information.pdf,
95,Albany Medical College,NY,md_albany_medical_college_albany_new_york,Albany Medical College,NY,MD,1.000,exact,0.274,md_new_york_medical_college_valhalla_new_york,New York Medical College,60051,60051,5638,5638,65689,65689,93727,93727,https://students-residents.aamc.org/medical-school-admission-requirements/medical-school-admission-requirements-reports-applicants-and-advisors,data/raw/aamc/msar_reports/19_msar015-msar-tuition-fees-and-insurance-information.pdf,
96,Albert Einstein College of Medicine,NY,md_albert_einstein_college_of_medicine_new_york_new_york,Albert Einstein College of Medicine,NY,MD,1.000,exact,0.205,md_cuny_school_of_medicine_new_york_new_york,CUNY School of Medicine,77232,77232,5465,5465,82697,82697,112697,112697,https://students-residents.aamc.org/medical-school-admission-requirements/medical-school-admission-requirements-reports-applicants-and-advisors,data/raw/aamc/msar_reports/19_msar015-msar-tuition-fees-and-insurance-information.pdf,
97,Columbia University Vagelos College of Physicians and Surgeons,NY,md_columbia_university_vagelos_college_of_physicians_and_surgeons_new_york_new_york,Columbia University Vagelos College of Physicians and Surgeons,NY,MD,1.000,exact,0.178,md_university_of_rochester_school_of_medicine_and_dentistry_rochester_new_york,University of Rochester School of Medicine and Dentistry,77585,77585,5377,5377,82962,82962,114621,114621,https://students-residents.aamc.org/medical-school-admission-requirements/medical-school-admission-requirements-reports-applicants-and-advisors,data/raw/aamc/msar_reports/19_msar015-msar-tuition-fees-and-insurance-information.pdf,
98,CUNY School of Medicine,NY,md_cuny_school_of_medicine_new_york_new_york,CUNY School of Medicine,NY,MD,1.000,exact,0.272,md_nyu_grossman_school_of_medicine_new_york_new_york,NYU Grossman School of Medicine,41911,69571,0,0,41911,69571,69751,97411,https://students-residents.aamc.org/medical-school-admission-requirements/medical-school-admission-requirements-reports-applicants-and-advisors,data/raw/aamc/msar_reports/19_msar015-msar-tuition-fees-and-insurance-information.pdf,
99,Donald and Barbara Zucker School of Medicine at Hofstra/Northwell,NY,md_donald_and_barbara_zucker_school_of_medicine_at_hofstra_northwell_hempstead_new_,Donald and Barbara Zucker School of Medicine at Hofstra/Northwell,NY,MD,1.000,exact,0.208,md_renaissance_school_of_medicine_at_stony_brook_university_stony_brook_new_york,Renaissance School of Medicine at Stony Brook University,61875,61875,6773,6773,68648,68648,104842,104842,https://students-residents.aamc.org/medical-school-admission-requirements/medical-school-admission-requirements-reports-applicants-and-advisors,data/raw/aamc/msar_reports/19_msar015-msar-tuition-fees-and-insurance-information.pdf,
100,Icahn School of Medicine at Mount Sinai,NY,md_icahn_school_of_medicine_at_mount_sinai_new_york_new_york,Icahn School of Medicine at Mount Sinai,NY,MD,1.000,exact,0.237,md_cuny_school_of_medicine_new_york_new_york,CUNY School of Medicine,75953,0,7204,0,83157,0,107007,0,https://students-residents.aamc.org/medical-school-admission-requirements/medical-school-admission-requirements-reports-applicants-and-advisors,data/raw/aamc/msar_reports/19_msar015-msar-tuition-fees-and-insurance-information.pdf,out-of-state reported cost fields are zero
101,Jacobs School of Medicine and Biomedical Sciences at the University at Buffalo,NY,md_jacobs_school_of_medicine_and_biomedical_sciences_at_the_university_at_buffalo_b,Jacobs School of Medicine and Biomedical Sciences at the University at Buffalo,NY,MD,1.000,exact,0.199,md_renaissance_school_of_medicine_at_stony_brook_university_stony_brook_new_york,Renaissance School of Medicine at Stony Brook University,49770,74490,76,76,49846,74566,82284,107004,https://students-residents.aamc.org/medical-school-admission-requirements/medical-school-admission-requirements-reports-applicants-and-advisors,data/raw/aamc/msar_reports/19_msar015-msar-tuition-fees-and-insurance-information.pdf,
102,New York Medical College,NY,md_new_york_medical_college_valhalla_new_york,New York Medical College,NY,MD,1.000,exact,0.910,md_state_university_of_new_york_upstate_medical_university_alan_and_marlene_norton_,State University of New York Upstate Medical University Alan and Marlene Norton College of Medicine,69434,69434,8249,8249,77683,77683,102045,102045,https://students-residents.aamc.org/medical-school-admission-requirements/medical-school-admission-requirements-reports-applicants-and-advisors,data/raw/aamc/msar_reports/19_msar015-msar-tuition-fees-and-insurance-information.pdf,
103,NYU Grossman Long Island School of Medicine,NY,md_nyu_grossman_long_island_school_of_medicine_mineola_new_york,NYU Grossman Long Island School of Medicine,NY,MD,1.000,exact,0.838,md_nyu_grossman_school_of_medicine_new_york_new_york,NYU Grossman School of Medicine,4350,4350,0,0,4350,4350,27944,27944,https://students-residents.aamc.org/medical-school-admission-requirements/medical-school-admission-requirements-reports-applicants-and-advisors,data/raw/aamc/msar_reports/19_msar015-msar-tuition-fees-and-insurance-information.pdf,
104,NYU Grossman School of Medicine,NY,md_nyu_grossman_school_of_medicine_new_york_new_york,NYU Grossman School of Medicine,NY,MD,1.000,exact,0.910,md_nyu_grossman_long_island_school_of_medicine_mineola_new_york,NYU Grossman Long Island School of Medicine,4350,4350,0,0,4350,4350,35258,35258,https://students-residents.aamc.org/medical-school-admission-requirements/medical-school-admission-requirements-reports-applicants-and-advisors,data/raw/aamc/msar_reports/19_msar015-msar-tuition-fees-and-insurance-information.pdf,
105,Renaissance School of Medicine at Stony Brook University,NY,md_renaissance_school_of_medicine_at_stony_brook_university_stony_brook_new_york,Renaissance School of Medicine at Stony Brook University,NY,MD,1.000,exact,0.214,md_icahn_school_of_medicine_at_mount_sinai_new_york_new_york,Icahn School of Medicine at Mount Sinai,50958,73608,5701,5701,56659,79309,90143,112793,https://students-residents.aamc.org/medical-school-admission-requirements/medical-school-admission-requirements-reports-applicants-and-advisors,data/raw/aamc/msar_reports/19_msar015-msar-tuition-fees-and-insurance-information.pdf,
106,State University of New York Upstate Medical University Alan and Marlene Norton College of Medicine,NY,md_state_university_of_new_york_upstate_medical_university_alan_and_marlene_norton_,State University of New York Upstate Medical University Alan and Marlene Norton College of Medicine,NY,MD,1.000,exact,0.870,md_weill_cornell_medicine_new_york_new_york,Weill Cornell Medicine,48071,72791,7333,7333,55404,80124,89621,114341,https://students-residents.aamc.org/medical-school-admission-requirements/medical-school-admission-requirements-reports-applicants-and-advisors,data/raw/aamc/msar_reports/19_msar015-msar-tuition-fees-and-insurance-information.pdf,
107,SUNY Downstate Health Sciences University College of Medicine,NY,md_suny_downstate_health_sciences_university_college_of_medicine_brooklyn_new_york,SUNY Downstate Health Sciences University College of Medicine,NY,MD,1.000,exact,0.197,md_albert_einstein_college_of_medicine_new_york_new_york,Albert Einstein College of Medicine,47472,72192,7380,7380,54852,79572,87031,111751,https://students-residents.aamc.org/medical-school-admission-requirements/medical-school-admission-requirements-reports-applicants-and-advisors,data/raw/aamc/msar_reports/19_msar015-msar-tuition-fees-and-insurance-information.pdf,
108,University of Rochester School of Medicine and Dentistry,NY,md_university_of_rochester_school_of_medicine_and_dentistry_rochester_new_york,University of Rochester School of Medicine and Dentistry,NY,MD,1.000,exact,0.195,md_cuny_school_of_medicine_new_york_new_york,CUNY School of Medicine,76850,76850,3720,3720,80570,80570,103800,103800,https://students-residents.aamc.org/medical-school-admission-requirements/medical-school-admission-requirements-reports-applicants-and-advisors,data/raw/aamc/msar_reports/19_msar015-msar-tuition-fees-and-insurance-information.pdf,
109,Weill Cornell Medicine,NY,md_weill_cornell_medicine_new_york_new_york,Weill Cornell Medicine,NY,MD,1.000,exact,0.196,md_albert_einstein_college_of_medicine_new_york_new_york,Albert Einstein College of Medicine,76286,76286,8100,8100,84386,84386,108442,108442,https://students-residents.aamc.org/medical-school-admission-requirements/medical-school-admission-requirements-reports-applicants-and-advisors,data/raw/aamc/msar_reports/19_msar015-msar-tuition-fees-and-insurance-information.pdf,
110,Case Western Reserve University School of Medicine,OH,md_case_western_reserve_university_school_of_medicine_cleveland_ohio,Case Western Reserve University School of Medicine,OH,MD,1.000,exact,0.236,md_the_ohio_state_university_college_of_medicine_columbus_ohio,The Ohio State University College of Medicine,74540,74540,3986,3986,78526,78526,112023,112023,https://students-residents.aamc.org/medical-school-admission-requirements/medical-school-admission-requirements-reports-applicants-and-advisors,data/raw/aamc/msar_reports/19_msar015-msar-tuition-fees-and-insurance-information.pdf,
111,Northeast Ohio Medical University,OH,md_northeast_ohio_medical_university_college_of_medicine_rootstown_ohio,Northeast Ohio Medical University College of Medicine,OH,MD,0.940,high_confidence,0.513,md_the_ohio_state_university_college_of_medicine_columbus_ohio,The Ohio State University College of Medicine,53173,99701,2956,2956,56129,102657,93516,140044,https://students-residents.aamc.org/medical-school-admission-requirements/medical-school-admission-requirements-reports-applicants-and-advisors,data/raw/aamc/msar_reports/19_msar015-msar-tuition-fees-and-insurance-information.pdf,
112,Ohio State University College of Medicine,OH,md_the_ohio_state_university_college_of_medicine_columbus_ohio,The Ohio State University College of Medicine,OH,MD,0.953,high_confidence,0.601,md_northeast_ohio_medical_university_college_of_medicine_rootstown_ohio,Northeast Ohio Medical University College of Medicine,32202,57122,3918,3918,36120,61040,61508,87056,https://students-residents.aamc.org/medical-school-admission-requirements/medical-school-admission-requirements-reports-applicants-and-advisors,data/raw/aamc/msar_reports/19_msar015-msar-tuition-fees-and-insurance-information.pdf,
113,The University of Toledo College of Medicine and Life Sciences,OH,md_university_of_toledo_college_of_medicine_and_life_sciences_toledo_ohio,University of Toledo College of Medicine and Life Sciences,OH,MD,1.000,high_confidence,0.231,md_university_of_cincinnati_college_of_medicine_cincinnati_ohio,University of Cincinnati College of Medicine,41206,77035,2292,2292,43498,79327,71052,106881,https://students-residents.aamc.org/medical-school-admission-requirements/medical-school-admission-requirements-reports-applicants-and-advisors,data/raw/aamc/msar_reports/19_msar015-msar-tuition-fees-and-insurance-information.pdf,
114,University of Cincinnati College of Medicine,OH,md_university_of_cincinnati_college_of_medicine_cincinnati_ohio,University of Cincinnati College of Medicine,OH,MD,1.000,exact,0.240,md_university_of_toledo_college_of_medicine_and_life_sciences_toledo_ohio,University of Toledo College of Medicine and Life Sciences,35948,54806,2521,2521,38469,57327,63213,82071,https://students-residents.aamc.org/medical-school-admission-requirements/medical-school-admission-requirements-reports-applicants-and-advisors,data/raw/aamc/msar_reports/19_msar015-msar-tuition-fees-and-insurance-information.pdf,
115,Wright State University Boonshoft School of Medicine,OH,md_boonshoft_school_of_medicine_wright_state_university_dayton_ohio,Boonshoft School of Medicine Wright State University,OH,MD,1.000,high_confidence,0.505,md_the_ohio_state_university_college_of_medicine_columbus_ohio,The Ohio State University College of Medicine,48671,75833,3363,3363,52034,79196,81999,109161,https://students-residents.aamc.org/medical-school-admission-requirements/medical-school-admission-requirements-reports-applicants-and-advisors,data/raw/aamc/msar_reports/19_msar015-msar-tuition-fees-and-insurance-information.pdf,
116,University of Oklahoma College of Medicine,OK,md_university_of_oklahoma_college_of_medicine_oklahoma_city_oklahoma,University of Oklahoma College of Medicine,OK,MD,1.000,exact,,,,35368,70664,4116,4116,39484,74780,77430,112726,https://students-residents.aamc.org/medical-school-admission-requirements/medical-school-admission-requirements-reports-applicants-and-advisors,data/raw/aamc/msar_reports/19_msar015-msar-tuition-fees-and-insurance-information.pdf,
117,Oregon Health & Science University School of Medicine,OR,md_oregon_health_and_science_university_school_of_medicine_portland_oregon,Oregon Health & Science University School of Medicine,OR,MD,1.000,exact,,,,51372,77680,8270,8270,59642,85950,94089,120397,https://students-residents.aamc.org/medical-school-admission-requirements/medical-school-admission-requirements-reports-applicants-and-advisors,data/raw/aamc/msar_reports/19_msar015-msar-tuition-fees-and-insurance-information.pdf,
118,Drexel University College of Medicine,PA,md_drexel_university_college_of_medicine_philadelphia_pennsylvania,Drexel University College of Medicine,PA,MD,1.000,exact,0.269,md_penn_state_college_of_medicine_hershey_pennsylvania,Penn State College of Medicine,76245,76245,3030,3030,79275,79275,110487,110487,https://students-residents.aamc.org/medical-school-admission-requirements/medical-school-admission-requirements-reports-applicants-and-advisors,data/raw/aamc/msar_reports/19_msar015-msar-tuition-fees-and-insurance-information.pdf,
119,Geisinger Commonwealth School of Medicine,PA,md_geisinger_commonwealth_school_of_medicine_scranton_pennsylvania,Geisinger Commonwealth School of Medicine,PA,MD,1.000,exact,0.200,md_university_of_pittsburgh_school_of_medicine_pittsburgh_pennsylvania,University of Pittsburgh School of Medicine,65494,72448,5000,5000,70494,77448,105637,112591,https://students-residents.aamc.org/medical-school-admission-requirements/medical-school-admission-requirements-reports-applicants-and-advisors,data/raw/aamc/msar_reports/19_msar015-msar-tuition-fees-and-insurance-information.pdf,
120,Lewis Katz School of Medicine at Temple University,PA,md_lewis_katz_school_of_medicine_at_temple_university_philadelphia_pennsylvania,Lewis Katz School of Medicine at Temple University,PA,MD,1.000,exact,0.208,md_raymond_and_ruth_perelman_school_of_medicine_at_the_university_of_pennsylvania_p,Raymond and Ruth Perelman School of Medicine at the University of Pennsylvania,60560,64136,0,0,60560,64136,88396,91972,https://students-residents.aamc.org/medical-school-admission-requirements/medical-school-admission-requirements-reports-applicants-and-advisors,data/raw/aamc/msar_reports/19_msar015-msar-tuition-fees-and-insurance-information.pdf,
121,Pennsylvania State University College of Medicine,PA,md_penn_state_college_of_medicine_hershey_pennsylvania,Penn State College of Medicine,PA,MD,1.000,exact,0.365,md_raymond_and_ruth_perelman_school_of_medicine_at_the_university_of_pennsylvania_p,Raymond and Ruth Perelman School of Medicine at the University of Pennsylvania,61354,68558,4417,4417,65771,72975,100415,107619,https://students-residents.aamc.org/medical-school-admission-requirements/medical-school-admission-requirements-reports-applicants-and-advisors,data/raw/aamc/msar_reports/19_msar015-msar-tuition-fees-and-insurance-information.pdf,
122,Perelman School of Medicine at the University of Pennsylvania,PA,md_raymond_and_ruth_perelman_school_of_medicine_at_the_university_of_pennsylvania_p,Raymond and Ruth Perelman School of Medicine at the University of Pennsylvania,PA,MD,0.940,high_confidence,0.500,md_penn_state_college_of_medicine_hershey_pennsylvania,Penn State College of Medicine,77491,77491,4662,4662,82153,82153,112583,112583,https://students-residents.aamc.org/medical-school-admission-requirements/medical-school-admission-requirements-reports-applicants-and-advisors,data/raw/aamc/msar_reports/19_msar015-msar-tuition-fees-and-insurance-information.pdf,
123,Sidney Kimmel Medical College at Thomas Jefferson University,PA,md_sidney_kimmel_medical_college_at_thomas_jefferson_university_philadelphia_pennsy,Sidney Kimmel Medical College at Thomas Jefferson University,PA,MD,1.000,exact,0.185,md_lewis_katz_school_of_medicine_at_temple_university_philadelphia_pennsylvania,Lewis Katz School of Medicine at Temple University,70292,70292,6076,6076,76368,76368,102480,102480,https://students-residents.aamc.org/medical-school-admission-requirements/medical-school-admission-requirements-reports-applicants-and-advisors,data/raw/aamc/msar_reports/19_msar015-msar-tuition-fees-and-insurance-information.pdf,
124,University of Pittsburgh School of Medicine,PA,md_university_of_pittsburgh_school_of_medicine_pittsburgh_pennsylvania,University of Pittsburgh School of Medicine,PA,MD,1.000,exact,0.227,md_drexel_university_college_of_medicine_philadelphia_pennsylvania,Drexel University College of Medicine,67522,72798,4728,4728,72250,77526,98074,103350,https://students-residents.aamc.org/medical-school-admission-requirements/medical-school-admission-requirements-reports-applicants-and-advisors,data/raw/aamc/msar_reports/19_msar015-msar-tuition-fees-and-insurance-information.pdf,
125,Ponce Health Sciences University School of Medicine,PR,,,,,0.000,no_match,,,,51102,77464,2678,2678,53780,80142,93080,121942,https://students-residents.aamc.org/medical-school-admission-requirements/medical-school-admission-requirements-reports-applicants-and-advisors,data/raw/aamc/msar_reports/19_msar015-msar-tuition-fees-and-insurance-information.pdf,no master row with matching state_abbrev
126,San Juan Bautista School of Medicine,PR,,,,,0.000,no_match,,,,35000,45000,4606,4606,39606,49606,69762,82762,https://students-residents.aamc.org/medical-school-admission-requirements/medical-school-admission-requirements-reports-applicants-and-advisors,data/raw/aamc/msar_reports/19_msar015-msar-tuition-fees-and-insurance-information.pdf,no master row with matching state_abbrev
127,Universidad Central del Caribe School of Medicine,PR,,,,,0.000,no_match,,,,41869,53906,2814,2814,44683,56720,72902,84939,https://students-residents.aamc.org/medical-school-admission-requirements/medical-school-admission-requirements-reports-applicants-and-advisors,data/raw/aamc/msar_reports/19_msar015-msar-tuition-fees-and-insurance-information.pdf,no master row with matching state_abbrev
128,University of Puerto Rico School of Medicine,PR,,,,,0.000,no_match,,,,18200,35700,1486,1486,19686,37186,59390,76890,https://students-residents.aamc.org/medical-school-admission-requirements/medical-school-admission-requirements-reports-applicants-and-advisors,data/raw/aamc/msar_reports/19_msar015-msar-tuition-fees-and-insurance-information.pdf,no master row with matching state_abbrev
129,The Warren Alpert Medical School of Brown University,RI,md_the_warren_alpert_medical_school_of_brown_university_providence_rhode_island,The Warren Alpert Medical School of Brown University,RI,MD,1.000,exact,,,,74670,74670,5367,5367,80037,80037,104340,104340,https://students-residents.aamc.org/medical-school-admission-requirements/medical-school-admission-requirements-reports-applicants-and-advisors,data/raw/aamc/msar_reports/19_msar015-msar-tuition-fees-and-insurance-information.pdf,
130,Medical University of South Carolina College of Medicine,SC,md_medical_university_of_south_carolina_college_of_medicine_charleston_south_caroli,Medical University of South Carolina College of Medicine,SC,MD,1.000,exact,0.910,md_university_of_south_carolina_school_of_medicine_greenville_greenville_south_caro,"University of South Carolina School of Medicine, Greenville",41209,70324,3780,3780,44989,74104,82113,111228,https://students-residents.aamc.org/medical-school-admission-requirements/medical-school-admission-requirements-reports-applicants-and-advisors,data/raw/aamc/msar_reports/19_msar015-msar-tuition-fees-and-insurance-information.pdf,
131,University of South Carolina School of Medicine Columbia,SC,md_university_of_south_carolina_kay_and_c_edward_floyd_m_d_school_of_medicine_colum,"University of South Carolina Kay and C. Edward Floyd, M.D. School of Medicine",SC,MD,0.870,review,0.860,md_medical_university_of_south_carolina_college_of_medicine_charleston_south_caroli,Medical University of South Carolina College of Medicine,44832,89094,3780,3780,48612,92874,75756,120018,https://students-residents.aamc.org/medical-school-admission-requirements/medical-school-admission-requirements-reports-applicants-and-advisors,data/raw/aamc/msar_reports/19_msar015-msar-tuition-fees-and-insurance-information.pdf,review before updating master
132,University of South Carolina School of Medicine Greenville,SC,md_university_of_south_carolina_school_of_medicine_greenville_greenville_south_caro,"University of South Carolina School of Medicine, Greenville",SC,MD,1.000,exact,0.860,md_medical_university_of_south_carolina_college_of_medicine_charleston_south_caroli,Medical University of South Carolina College of Medicine,44912,89174,3780,3780,48692,92954,78537,122799,https://students-residents.aamc.org/medical-school-admission-requirements/medical-school-admission-requirements-reports-applicants-and-advisors,data/raw/aamc/msar_reports/19_msar015-msar-tuition-fees-and-insurance-information.pdf,
133,"University of South Dakota, Sanford School of Medicine",SD,md_university_of_south_dakota_sanford_school_of_medicine_vermillion_south_dakota,University of South Dakota Sanford School of Medicine,SD,MD,1.000,exact,,,,35344,81474,2182,2182,37526,83656,64369,110499,https://students-residents.aamc.org/medical-school-admission-requirements/medical-school-admission-requirements-reports-applicants-and-advisors,data/raw/aamc/msar_reports/19_msar015-msar-tuition-fees-and-insurance-information.pdf,
134,East Tennessee State University James H. Quillen College of Medicine,TN,md_east_tennessee_state_university_james_h_quillen_college_of_medicine_johnson_city,East Tennessee State University James H. Quillen College of Medicine,TN,MD,1.000,exact,0.346,md_university_of_tennessee_health_science_center_college_of_medicine_memphis_tennes,University of Tennessee Health Science Center College of Medicine,38810,49754,4048,4048,42858,53802,74449,85393,https://students-residents.aamc.org/medical-school-admission-requirements/medical-school-admission-requirements-reports-applicants-and-advisors,data/raw/aamc/msar_reports/19_msar015-msar-tuition-fees-and-insurance-information.pdf,
135,Meharry Medical College,TN,md_meharry_medical_college_school_of_medicine_nashville_tennessee,Meharry Medical College School of Medicine,TN,MD,0.940,high_confidence,0.119,md_university_of_tennessee_health_science_center_college_of_medicine_memphis_tennes,University of Tennessee Health Science Center College of Medicine,59250,59250,5737,5737,64987,64987,106566,106566,https://students-residents.aamc.org/medical-school-admission-requirements/medical-school-admission-requirements-reports-applicants-and-advisors,data/raw/aamc/msar_reports/19_msar015-msar-tuition-fees-and-insurance-information.pdf,
136,"Thomas F. Frist, Jr. College of Medicine at Belmont University",TN,md_thomas_f_frist_jr_college_of_medicine_at_belmont_university_nashville_tennessee,"Thomas F. Frist, Jr. College of Medicine at Belmont University",TN,MD,1.000,exact,0.159,md_meharry_medical_college_school_of_medicine_nashville_tennessee,Meharry Medical College School of Medicine,69602,69602,3275,3275,72877,72877,105639,105639,https://students-residents.aamc.org/medical-school-admission-requirements/medical-school-admission-requirements-reports-applicants-and-advisors,data/raw/aamc/msar_reports/19_msar015-msar-tuition-fees-and-insurance-information.pdf,
137,University of Tennessee Health Science Center College of Medicine,TN,md_university_of_tennessee_health_science_center_college_of_medicine_memphis_tennes,University of Tennessee Health Science Center College of Medicine,TN,MD,1.000,exact,0.325,md_east_tennessee_state_university_james_h_quillen_college_of_medicine_johnson_city,East Tennessee State University James H. Quillen College of Medicine,38874,58370,4232,4232,43106,62602,75551,95047,https://students-residents.aamc.org/medical-school-admission-requirements/medical-school-admission-requirements-reports-applicants-and-advisors,data/raw/aamc/msar_reports/19_msar015-msar-tuition-fees-and-insurance-information.pdf,
138,Vanderbilt University School of Medicine,TN,md_vanderbilt_university_school_of_medicine_nashville_tennessee,Vanderbilt University School of Medicine,TN,MD,1.000,exact,0.209,md_east_tennessee_state_university_james_h_quillen_college_of_medicine_johnson_city,East Tennessee State University James H. Quillen College of Medicine,72803,72803,4074,4074,76877,76877,116943,116943,https://students-residents.aamc.org/medical-school-admission-requirements/medical-school-admission-requirements-reports-applicants-and-advisors,data/raw/aamc/msar_reports/19_msar015-msar-tuition-fees-and-insurance-information.pdf,
139,Anne Burnett Marion School of Medicine at TCU,TX,md_anne_burnett_marion_school_of_medicine_at_texas_christian_university_fort_worth_,Anne Burnett Marion School of Medicine at Texas Christian University,TX,MD,1.000,exact,0.345,md_the_university_of_texas_at_tyler_school_of_medicine_tyler_texas,The University of Texas at Tyler School of Medicine,72270,72270,2849,2849,75119,75119,114181,114181,https://students-residents.aamc.org/medical-school-admission-requirements/medical-school-admission-requirements-reports-applicants-and-advisors,data/raw/aamc/msar_reports/19_msar015-msar-tuition-fees-and-insurance-information.pdf,
140,Baylor College of Medicine,TX,md_baylor_college_of_medicine_school_of_medicine_houston_texas,Baylor College of Medicine School of Medicine,TX,MD,0.940,high_confidence,0.183,md_texas_a_and_m_university_naresh_k_vashisht_college_of_medicine_college_station_t,Texas A&M University Naresh K. Vashisht College of Medicine,23783,36879,5914,5914,29697,42793,64821,77917,https://students-residents.aamc.org/medical-school-admission-requirements/medical-school-admission-requirements-reports-applicants-and-advisors,data/raw/aamc/msar_reports/19_msar015-msar-tuition-fees-and-insurance-information.pdf,
141,McGovern Medical School at the University of Texas Health Science Center at Houston,TX,md_mcgovern_medical_school_at_uthealth_houston_houston_texas,McGovern Medical School at UTHealth Houston,TX,MD,1.000,high_confidence,0.870,md_university_of_houston_tilman_j_fertitta_family_college_of_medicine_houston_texas,University of Houston Tilman J. Fertitta Family College of Medicine,26165,33820,3438,3438,29603,37258,62492,70147,https://students-residents.aamc.org/medical-school-admission-requirements/medical-school-admission-requirements-reports-applicants-and-advisors,data/raw/aamc/msar_reports/19_msar015-msar-tuition-fees-and-insurance-information.pdf,
142,Texas A&M University School of Medicine,TX,md_texas_a_and_m_university_naresh_k_vashisht_college_of_medicine_college_station_t,Texas A&M University Naresh K. Vashisht College of Medicine,TX,MD,0.910,high_confidence,0.563,md_the_university_of_texas_at_tyler_school_of_medicine_tyler_texas,The University of Texas at Tyler School of Medicine,22998,36098,0,0,22998,36098,53130,68880,https://students-residents.aamc.org/medical-school-admission-requirements/medical-school-admission-requirements-reports-applicants-and-advisors,data/raw/aamc/msar_reports/19_msar015-msar-tuition-fees-and-insurance-information.pdf,
143,Texas Tech University Health Sciences Center Paul L. Foster School of Medicine,TX,md_paul_l_foster_school_of_medicine_texas_tech_university_health_sciences_center_at,Paul L. Foster School of Medicine Texas Tech University Health Sciences Center at El Paso,TX,MD,0.910,high_confidence,0.900,md_texas_tech_university_health_sciences_center_school_of_medicine_lubbock_texas,Texas Tech University Health Sciences Center School of Medicine,23596,38717,2930,2930,26526,41647,68766,83887,https://students-residents.aamc.org/medical-school-admission-requirements/medical-school-admission-requirements-reports-applicants-and-advisors,data/raw/aamc/msar_reports/19_msar015-msar-tuition-fees-and-insurance-information.pdf,
144,Texas Tech University Health Sciences Center School of Medicine,TX,md_texas_tech_university_health_sciences_center_school_of_medicine_lubbock_texas,Texas Tech University Health Sciences Center School of Medicine,TX,MD,1.000,exact,0.910,md_paul_l_foster_school_of_medicine_texas_tech_university_health_sciences_center_at,Paul L. Foster School of Medicine Texas Tech University Health Sciences Center at El Paso,23744,36844,3180,3180,26924,40024,56378,69478,https://students-residents.aamc.org/medical-school-admission-requirements/medical-school-admission-requirements-reports-applicants-and-advisors,data/raw/aamc/msar_reports/19_msar015-msar-tuition-fees-and-insurance-information.pdf,
145,The University of Texas at Tyler School of Medicine,TX,md_the_university_of_texas_at_tyler_school_of_medicine_tyler_texas,The University of Texas at Tyler School of Medicine,TX,MD,1.000,exact,0.546,md_university_of_texas_southwestern_medical_school_dallas_texas,University of Texas Southwestern Medical School,22442,38382,3438,3438,25880,41820,60536,76476,https://students-residents.aamc.org/medical-school-admission-requirements/medical-school-admission-requirements-reports-applicants-and-advisors,data/raw/aamc/msar_reports/19_msar015-msar-tuition-fees-and-insurance-information.pdf,
146,The University of Texas Health Science Center at San Antonio Joe R. and Teresa Lozano Long School of Medicine,TX,md_the_university_of_texas_at_san_antonio_joe_r_and_teresa_lozano_long_school_of_me,The University of Texas at San Antonio Joe R. and Teresa Lozano Long School of Medicine,TX,MD,1.000,high_confidence,0.434,md_mcgovern_medical_school_at_uthealth_houston_houston_texas,McGovern Medical School at UTHealth Houston,26798,42214,3438,3438,30236,45652,60356,75772,https://students-residents.aamc.org/medical-school-admission-requirements/medical-school-admission-requirements-reports-applicants-and-advisors,data/raw/aamc/msar_reports/19_msar015-msar-tuition-fees-and-insurance-information.pdf,
147,University of Houston Tilman J. Fertitta Family College of Medicine,TX,md_university_of_houston_tilman_j_fertitta_family_college_of_medicine_houston_texas,University of Houston Tilman J. Fertitta Family College of Medicine,TX,MD,1.000,exact,0.870,md_mcgovern_medical_school_at_uthealth_houston_houston_texas,McGovern Medical School at UTHealth Houston,24268,37368,3458,3458,27726,40826,56614,69714,https://students-residents.aamc.org/medical-school-admission-requirements/medical-school-admission-requirements-reports-applicants-and-advisors,data/raw/aamc/msar_reports/19_msar015-msar-tuition-fees-and-insurance-information.pdf,
148,University of Texas at Austin Dell Medical School,TX,md_dell_medical_school_university_of_texas_at_austin_austin_texas,Dell Medical School – University of Texas at Austin,TX,MD,1.000,high_confidence,0.544,md_university_of_texas_southwestern_medical_school_dallas_texas,University of Texas Southwestern Medical School,22074,37138,4032,4032,26106,41170,63184,78248,https://students-residents.aamc.org/medical-school-admission-requirements/medical-school-admission-requirements-reports-applicants-and-advisors,data/raw/aamc/msar_reports/19_msar015-msar-tuition-fees-and-insurance-information.pdf,
149,University of Texas Medical Branch John Sealy School of Medicine,TX,md_university_of_texas_medical_branch_john_sealy_school_of_medicine_galveston_texas,University of Texas Medical Branch John Sealy School of Medicine,TX,MD,1.000,exact,0.466,md_the_university_of_texas_at_tyler_school_of_medicine_tyler_texas,The University of Texas at Tyler School of Medicine,26993,42159,3438,3438,30431,45597,61825,76991,https://students-residents.aamc.org/medical-school-admission-requirements/medical-school-admission-requirements-reports-applicants-and-advisors,data/raw/aamc/msar_reports/19_msar015-msar-tuition-fees-and-insurance-information.pdf,
150,University of Texas Rio Grande Valley School of Medicine,TX,md_university_of_texas_rio_grande_valley_school_of_medicine_edinburg_texas,University of Texas Rio Grande Valley School of Medicine,TX,MD,1.000,exact,0.491,md_the_university_of_texas_at_tyler_school_of_medicine_tyler_texas,The University of Texas at Tyler School of Medicine,21532,34632,3438,3438,24970,38070,59260,72360,https://students-residents.aamc.org/medical-school-admission-requirements/medical-school-admission-requirements-reports-applicants-and-advisors,data/raw/aamc/msar_reports/19_msar015-msar-tuition-fees-and-insurance-information.pdf,
151,University of Texas Southwestern Medical School,TX,md_university_of_texas_southwestern_medical_school_dallas_texas,University of Texas Southwestern Medical School,TX,MD,1.000,exact,0.546,md_the_university_of_texas_at_tyler_school_of_medicine_tyler_texas,The University of Texas at Tyler School of Medicine,25122,38222,3438,3438,28560,41660,64790,77890,https://students-residents.aamc.org/medical-school-admission-requirements/medical-school-admission-requirements-reports-applicants-and-advisors,data/raw/aamc/msar_reports/19_msar015-msar-tuition-fees-and-insurance-information.pdf,
152,Spencer Fox Eccles School of Medicine at the University of Utah,UT,md_spencer_fox_eccles_school_of_medicine_at_the_university_of_utah_salt_lake_city_u,Spencer Fox Eccles School of Medicine at the University of Utah,UT,MD,1.000,exact,,,,49502,92232,2755,2755,52257,94987,90766,133496,https://students-residents.aamc.org/medical-school-admission-requirements/medical-school-admission-requirements-reports-applicants-and-advisors,data/raw/aamc/msar_reports/19_msar015-msar-tuition-fees-and-insurance-information.pdf,
153,Eastern Virginia Medical School,VA,md_eastern_virginia_medical_school_at_old_dominion_university_norfolk_virginia,Eastern Virginia Medical School at Old Dominion University,VA,MD,0.940,high_confidence,0.727,md_university_of_virginia_school_of_medicine_charlottesville_virginia,University of Virginia School of Medicine,40302,62628,3204,3204,43506,65832,69031,92301,https://students-residents.aamc.org/medical-school-admission-requirements/medical-school-admission-requirements-reports-applicants-and-advisors,data/raw/aamc/msar_reports/19_msar015-msar-tuition-fees-and-insurance-information.pdf,
154,University of Virginia School of Medicine,VA,md_university_of_virginia_school_of_medicine_charlottesville_virginia,University of Virginia School of Medicine,VA,MD,1.000,exact,0.727,md_virginia_commonwealth_university_school_of_medicine_richmond_virginia,Virginia Commonwealth University School of Medicine,55054,69002,4100,4100,59154,73102,86104,100052,https://students-residents.aamc.org/medical-school-admission-requirements/medical-school-admission-requirements-reports-applicants-and-advisors,data/raw/aamc/msar_reports/19_msar015-msar-tuition-fees-and-insurance-information.pdf,
155,Virginia Commonwealth University School of Medicine,VA,md_virginia_commonwealth_university_school_of_medicine_richmond_virginia,Virginia Commonwealth University School of Medicine,VA,MD,1.000,exact,0.727,md_university_of_virginia_school_of_medicine_charlottesville_virginia,University of Virginia School of Medicine,41660,67318,3412,3412,45072,70730,88878,116112,https://students-residents.aamc.org/medical-school-admission-requirements/medical-school-admission-requirements-reports-applicants-and-advisors,data/raw/aamc/msar_reports/19_msar015-msar-tuition-fees-and-insurance-information.pdf,
156,Virginia Tech Carilion School of Medicine,VA,md_virginia_tech_carilion_school_of_medicine_roanoke_virginia,Virginia Tech Carilion School of Medicine,VA,MD,1.000,exact,0.659,md_university_of_virginia_school_of_medicine_charlottesville_virginia,University of Virginia School of Medicine,63779,63779,3818,3818,67597,67597,93201,93201,https://students-residents.aamc.org/medical-school-admission-requirements/medical-school-admission-requirements-reports-applicants-and-advisors,data/raw/aamc/msar_reports/19_msar015-msar-tuition-fees-and-insurance-information.pdf,
157,"Robert Larner, M.D., College of Medicine at the University of Vermont",VT,md_robert_larner_m_d_college_of_medicine_at_the_university_of_vermont_burlington_ve,"Robert Larner, M.D. College of Medicine at the University of Vermont",VT,MD,1.000,exact,,,,41736,72402,3066,3066,44802,75468,72866,105472,https://students-residents.aamc.org/medical-school-admission-requirements/medical-school-admission-requirements-reports-applicants-and-advisors,data/raw/aamc/msar_reports/19_msar015-msar-tuition-fees-and-insurance-information.pdf,
158,University of Washington School of Medicine,WA,md_university_of_washington_school_of_medicine_seattle_washington,University of Washington School of Medicine,WA,MD,1.000,exact,0.519,md_washington_state_university_elson_s_floyd_college_of_medicine_spokane_washington,Washington State University Elson S. Floyd College of Medicine,57968,102319,0,0,57968,102319,97083,141434,https://students-residents.aamc.org/medical-school-admission-requirements/medical-school-admission-requirements-reports-applicants-and-advisors,data/raw/aamc/msar_reports/19_msar015-msar-tuition-fees-and-insurance-information.pdf,
159,Washington State University Elson S. Floyd College of Medicine,WA,md_washington_state_university_elson_s_floyd_college_of_medicine_spokane_washington,Washington State University Elson S. Floyd College of Medicine,WA,MD,1.000,exact,0.519,md_university_of_washington_school_of_medicine_seattle_washington,University of Washington School of Medicine,44622,0,390,0,45012,0,74688,0,https://students-residents.aamc.org/medical-school-admission-requirements/medical-school-admission-requirements-reports-applicants-and-advisors,data/raw/aamc/msar_reports/19_msar015-msar-tuition-fees-and-insurance-information.pdf,out-of-state reported cost fields are zero
160,Medical College of Wisconsin,WI,md_medical_college_of_wisconsin_milwaukee_wisconsin,Medical College of Wisconsin,WI,MD,1.000,exact,0.727,md_university_of_wisconsin_school_of_medicine_and_public_health_madison_wisconsin,University of Wisconsin School of Medicine and Public Health,68398,71868,5209,5209,73607,77077,105717,109187,https://students-residents.aamc.org/medical-school-admission-requirements/medical-school-admission-requirements-reports-applicants-and-advisors,data/raw/aamc/msar_reports/19_msar015-msar-tuition-fees-and-insurance-information.pdf,
161,University of Wisconsin School of Medicine and Public Health,WI,md_university_of_wisconsin_school_of_medicine_and_public_health_madison_wisconsin,University of Wisconsin School of Medicine and Public Health,WI,MD,1.000,exact,0.727,md_medical_college_of_wisconsin_milwaukee_wisconsin,Medical College of Wisconsin,44392,62514,0,0,44392,62514,78665,97464,https://students-residents.aamc.org/medical-school-admission-requirements/medical-school-admission-requirements-reports-applicants-and-advisors,data/raw/aamc/msar_reports/19_msar015-msar-tuition-fees-and-insurance-information.pdf,
162,Marshall University Joan C. Edwards School of Medicine,WV,md_marshall_university_joan_c_edwards_school_of_medicine_huntington_west_virginia,Marshall University Joan C. Edwards School of Medicine,WV,MD,1.000,exact,0.226,md_west_virginia_university_school_of_medicine_morgantown_west_virginia,West Virginia University School of Medicine,27662,62246,0,0,27662,62246,62212,96796,https://students-residents.aamc.org/medical-school-admission-requirements/medical-school-admission-requirements-reports-applicants-and-advisors,data/raw/aamc/msar_reports/19_msar015-msar-tuition-fees-and-insurance-information.pdf,
163,West Virginia University School of Medicine,WV,md_west_virginia_university_school_of_medicine_morgantown_west_virginia,West Virginia University School of Medicine,WV,MD,1.000,exact,0.233,md_marshall_university_joan_c_edwards_school_of_medicine_huntington_west_virginia,Marshall University Joan C. Edwards School of Medicine,37071,74007,3050,3050,40121,77057,70337,108143,https://students-residents.aamc.org/medical-school-admission-requirements/medical-school-admission-requirements-reports-applicants-and-advisors,data/raw/aamc/msar_reports/19_msar015-msar-tuition-fees-and-insurance-information.pdf,
164,University of British Columbia Faculty of Medicine,BC,,,,,0.000,no_match,,,,24838,24838,0,0,24838,24838,0,0,https://students-residents.aamc.org/medical-school-admission-requirements/medical-school-admission-requirements-reports-applicants-and-advisors,data/raw/aamc/msar_reports/19_msar015-msar-tuition-fees-and-insurance-information.pdf,in-state total cost of attendance is zero but tuition and fees is populated; out-of-state total cost of attendance is zero but tuition and fees is populated; Canadian/province row; no U.S. master row expected
165,"Max Rady College of Medicine, Rady Faculty of Health Sciences, University of Manitoba",MB,,,,,0.000,no_match,,,,11658,0,0,0,11658,0,0,0,https://students-residents.aamc.org/medical-school-admission-requirements/medical-school-admission-requirements-reports-applicants-and-advisors,data/raw/aamc/msar_reports/19_msar015-msar-tuition-fees-and-insurance-information.pdf,out-of-state reported cost fields are zero; in-state total cost of attendance is zero but tuition and fees is populated; Canadian/province row; no U.S. master row expected
166,Memorial University of Newfoundland Faculty of Medicine,NL,,,,,0.000,no_match,,,,14250,30000,0,0,14250,30000,0,0,https://students-residents.aamc.org/medical-school-admission-requirements/medical-school-admission-requirements-reports-applicants-and-advisors,data/raw/aamc/msar_reports/19_msar015-msar-tuition-fees-and-insurance-information.pdf,in-state total cost of attendance is zero but tuition and fees is populated; out-of-state total cost of attendance is zero but tuition and fees is populated; Canadian/province row; no U.S. master row expected
167,Dalhousie University Faculty of Medicine,NS,,,,,0.000,no_match,,,,26270,0,0,0,26270,0,0,0,https://students-residents.aamc.org/medical-school-admission-requirements/medical-school-admission-requirements-reports-applicants-and-advisors,data/raw/aamc/msar_reports/19_msar015-msar-tuition-fees-and-insurance-information.pdf,out-of-state reported cost fields are zero; in-state total cost of attendance is zero but tuition and fees is populated; Canadian/province row; no U.S. master row expected
168,McMaster University Michael G. DeGroote School of Medicine,ON,,,,,0.000,no_match,,,,25130,0,0,0,25130,0,0,0,https://students-residents.aamc.org/medical-school-admission-requirements/medical-school-admission-requirements-reports-applicants-and-advisors,data/raw/aamc/msar_reports/19_msar015-msar-tuition-fees-and-insurance-information.pdf,out-of-state reported cost fields are zero; in-state total cost of attendance is zero but tuition and fees is populated; Canadian/province row; no U.S. master row expected
169,Northern Ontario School of Medicine,ON,,,,,0.000,no_match,,,,24283,24283,0,0,24283,24283,0,0,https://students-residents.aamc.org/medical-school-admission-requirements/medical-school-admission-requirements-reports-applicants-and-advisors,data/raw/aamc/msar_reports/19_msar015-msar-tuition-fees-and-insurance-information.pdf,in-state total cost of attendance is zero but tuition and fees is populated; out-of-state total cost of attendance is zero but tuition and fees is populated; Canadian/province row; no U.S. master row expected
170,Queen's University Faculty of Health Sciences,ON,,,,,0.000,no_match,,,,25277,25277,0,0,25277,25277,0,0,https://students-residents.aamc.org/medical-school-admission-requirements/medical-school-admission-requirements-reports-applicants-and-advisors,data/raw/aamc/msar_reports/19_msar015-msar-tuition-fees-and-insurance-information.pdf,in-state total cost of attendance is zero but tuition and fees is populated; out-of-state total cost of attendance is zero but tuition and fees is populated; Canadian/province row; no U.S. master row expected
171,The University of Western Ontario - Schulich School of Medicine & Dentistry,ON,,,,,0.000,no_match,,,,25703,0,0,0,25703,0,0,0,https://students-residents.aamc.org/medical-school-admission-requirements/medical-school-admission-requirements-reports-applicants-and-advisors,data/raw/aamc/msar_reports/19_msar015-msar-tuition-fees-and-insurance-information.pdf,out-of-state reported cost fields are zero; in-state total cost of attendance is zero but tuition and fees is populated; Canadian/province row; no U.S. master row expected
172,Toronto Metropolitan University School of Medicine,ON,,,,,0.000,no_match,,,,26586,29135,0,0,26586,29135,0,0,https://students-residents.aamc.org/medical-school-admission-requirements/medical-school-admission-requirements-reports-applicants-and-advisors,data/raw/aamc/msar_reports/19_msar015-msar-tuition-fees-and-insurance-information.pdf,in-state total cost of attendance is zero but tuition and fees is populated; out-of-state total cost of attendance is zero but tuition and fees is populated; Canadian/province row; no U.S. master row expected
173,University of Ottawa Faculty of Medicine,ON,,,,,0.000,no_match,,,,25487,29504,0,0,25487,29504,0,0,https://students-residents.aamc.org/medical-school-admission-requirements/medical-school-admission-requirements-reports-applicants-and-advisors,data/raw/aamc/msar_reports/19_msar015-msar-tuition-fees-and-insurance-information.pdf,in-state total cost of attendance is zero but tuition and fees is populated; out-of-state total cost of attendance is zero but tuition and fees is populated; Canadian/province row; no U.S. master row expected
174,University of Toronto Temerty Faculty of Medicine,ON,,,,,0.000,no_match,,,,25416,29836,0,0,25416,29836,0,0,https://students-residents.aamc.org/medical-school-admission-requirements/medical-school-admission-requirements-reports-applicants-and-advisors,data/raw/aamc/msar_reports/19_msar015-msar-tuition-fees-and-insurance-information.pdf,in-state total cost of attendance is zero but tuition and fees is populated; out-of-state total cost of attendance is zero but tuition and fees is populated; Canadian/province row; no U.S. master row expected
175,Universite de Montreal Faculty of Medicine,QC,,,,,0.000,no_match,,,,11610,51605,0,0,11610,51605,0,0,https://students-residents.aamc.org/medical-school-admission-requirements/medical-school-admission-requirements-reports-applicants-and-advisors,data/raw/aamc/msar_reports/19_msar015-msar-tuition-fees-and-insurance-information.pdf,in-state total cost of attendance is zero but tuition and fees is populated; out-of-state total cost of attendance is zero but tuition and fees is populated; Canadian/province row; no U.S. master row expected
176,University of Saskatchewan College of Medicine,SK,,,,,0.000,no_match,,,,21056,0,0,0,21056,0,0,0,https://students-residents.aamc.org/medical-school-admission-requirements/medical-school-admission-requirements-reports-applicants-and-advisors,data/raw/aamc/msar_reports/19_msar015-msar-tuition-fees-and-insurance-information.pdf,out-of-state reported cost fields are zero; in-state total cost of attendance is zero but tuition and fees is populated; Canadian/province row; no U.S. master row expected
