source_key,source_name,source_url,pdf_file,source_row_number,stream_index,row_y,state,school_name_raw,school_name_clean,coursework_upward_transfer,coursework_accelerated,coursework_supplemental,coursework_additional_info,notes
aamc_msar_community_college_coursework,AAMC MSAR Advisor Reports,https://students-residents.aamc.org/medical-school-admission-requirements/medical-school-admission-requirements-reports-applicants-and-advisors,data/raw/aamc/msar_reports/14_msar024-msar-community-college-coursework-information.pdf,1,4,468.724,AL,Frederick P. Whiddon College of Medicine at the University of South Alabama,Frederick P. Whiddon College of Medicine at the University of South Alabama,Applicants are strongly encouraged to complete all prerequisite science courses and their corresponding labs at a traditional 4-year institution.,,,,
aamc_msar_community_college_coursework,AAMC MSAR Advisor Reports,https://students-residents.aamc.org/medical-school-admission-requirements/medical-school-admission-requirements-reports-applicants-and-advisors,data/raw/aamc/msar_reports/14_msar024-msar-community-college-coursework-information.pdf,2,4,432.755,AL,University of Alabama at Birmingham Marnix E. Heersink School of Medicine,University of Alabama at Birmingham Marnix E. Heersink School of Medicine,We accept courses taken at the community college. Committee will assess performance in these courses as well as courses taken at the university level to determine readiness for medical education. Students are encouraged to take rigorous prerequisite courses to build a solid foundation.,,,,
aamc_msar_community_college_coursework,AAMC MSAR Advisor Reports,https://students-residents.aamc.org/medical-school-admission-requirements/medical-school-admission-requirements-reports-applicants-and-advisors,data/raw/aamc/msar_reports/14_msar024-msar-community-college-coursework-information.pdf,3,4,396.787,AR,Alice L. Walton School of Medicine,Alice L. Walton School of Medicine,"We understand the diverse pathways applicants may pursue on their journey towards a career in medicine. While we accept coursework taken at a community college, we encourage applicants to complete advanced science courses at a regionally accredited four-year institution.",,,,
aamc_msar_community_college_coursework,AAMC MSAR Advisor Reports,https://students-residents.aamc.org/medical-school-admission-requirements/medical-school-admission-requirements-reports-applicants-and-advisors,data/raw/aamc/msar_reports/14_msar024-msar-community-college-coursework-information.pdf,4,4,360.819,AR,University of Arkansas for Medical Sciences College of Medicine,University of Arkansas for Medical Sciences College of Medicine,"Although we accept courses successfully competed at a community college to satisfy some of our pre- matriculation course requirements, applicants should complete the bulk of their undergraduate coursework at a four-year, degree granting college of university.",,,,
aamc_msar_community_college_coursework,AAMC MSAR Advisor Reports,https://students-residents.aamc.org/medical-school-admission-requirements/medical-school-admission-requirements-reports-applicants-and-advisors,data/raw/aamc/msar_reports/14_msar024-msar-community-college-coursework-information.pdf,5,4,329.818,AZ,Arizona State University School of Medicine and Advanced Medical Engineering (SOMME),Arizona State University School of Medicine and Advanced Medical Engineering (SOMME),Community college coursework is accepted if it is from a regionally accredited institution from the US or Canada.,,,,
aamc_msar_community_college_coursework,AAMC MSAR Advisor Reports,https://students-residents.aamc.org/medical-school-admission-requirements/medical-school-admission-requirements-reports-applicants-and-advisors,data/raw/aamc/msar_reports/14_msar024-msar-community-college-coursework-information.pdf,6,4,302.458,AZ,University of Arizona College of Medicine,University of Arizona College of Medicine,The University of Arizona College of Medicine - Tucson will consider community college coursework for pre- requisites.,,,,
aamc_msar_community_college_coursework,AAMC MSAR Advisor Reports,https://students-residents.aamc.org/medical-school-admission-requirements/medical-school-admission-requirements-reports-applicants-and-advisors,data/raw/aamc/msar_reports/14_msar024-msar-community-college-coursework-information.pdf,7,4,266.490,AZ,University of Arizona College of Medicine - Phoenix,University of Arizona College of Medicine - Phoenix,"All coursework from regionally accredited community colleges are accepted toward our admissions requirements. However, we do require at least one of the science prerequisite courses be completed as an upper- division (junior or senior-level) course which typically needs to be fulfilled through a 4-year college/university.",,,,
aamc_msar_community_college_coursework,AAMC MSAR Advisor Reports,https://students-residents.aamc.org/medical-school-admission-requirements/medical-school-admission-requirements-reports-applicants-and-advisors,data/raw/aamc/msar_reports/14_msar024-msar-community-college-coursework-information.pdf,8,4,230.522,CA,California Northstate University College of Medicine,California Northstate University College of Medicine,"California Northstate University College of Medicine prefers a baccalaureate degree from a regionally accredited, four-year institution within the United States or a non-U.S. equivalent institution. We do not have a specific policy restricting coursework completed at a community college.",,,,
aamc_msar_community_college_coursework,AAMC MSAR Advisor Reports,https://students-residents.aamc.org/medical-school-admission-requirements/medical-school-admission-requirements-reports-applicants-and-advisors,data/raw/aamc/msar_reports/14_msar024-msar-community-college-coursework-information.pdf,9,4,183.898,CA,California University of Science and Medicine-School of Medicine,California University of Science and Medicine-School of Medicine,"CUSM recognizes the critical role of Community Colleges in offering accessible, high-quality education to students from diverse backgrounds. Consequently, we accept all coursework from regionally accredited community colleges that contribute towards the fulfillment of a four-year undergraduate degree at any US regionally accredited college or university.",,,,
aamc_msar_community_college_coursework,AAMC MSAR Advisor Reports,https://students-residents.aamc.org/medical-school-admission-requirements/medical-school-admission-requirements-reports-applicants-and-advisors,data/raw/aamc/msar_reports/14_msar024-msar-community-college-coursework-information.pdf,10,4,156.538,CA,Charles R. Drew University of Medicine and Science College of Medicine,Charles R. Drew University of Medicine and Science College of Medicine,"community college courses are accepted for prerequisite courses (including English, Biology, Calculus, Chemistry, and Physics)",,,,
aamc_msar_community_college_coursework,AAMC MSAR Advisor Reports,https://students-residents.aamc.org/medical-school-admission-requirements/medical-school-admission-requirements-reports-applicants-and-advisors,data/raw/aamc/msar_reports/14_msar024-msar-community-college-coursework-information.pdf,11,4,129.178,CA,Kaiser Permanente Bernard J. Tyson School of Medicine,Kaiser Permanente Bernard J. Tyson School of Medicine,Prerequisite coursework completed at a community college is accepted.,,,,
aamc_msar_community_college_coursework,AAMC MSAR Advisor Reports,https://students-residents.aamc.org/medical-school-admission-requirements/medical-school-admission-requirements-reports-applicants-and-advisors,data/raw/aamc/msar_reports/14_msar024-msar-community-college-coursework-information.pdf,12,4,101.818,CA,Keck School of Medicine of the University of Southern California,Keck School of Medicine of the University of Southern California,All completed coursework submitted as part of the AMCAS Primary Application will be included in the evaluation of the application. We do not require any specific coursework for application eligibility.,,,,
aamc_msar_community_college_coursework,AAMC MSAR Advisor Reports,https://students-residents.aamc.org/medical-school-admission-requirements/medical-school-admission-requirements-reports-applicants-and-advisors,data/raw/aamc/msar_reports/14_msar024-msar-community-college-coursework-information.pdf,13,4,74.458,CA,Loma Linda University School of Medicine,Loma Linda University School of Medicine,"Preference for the required courses to be taken in person at a four-year institution, but community college credits are accepted.",,,,
aamc_msar_community_college_coursework,AAMC MSAR Advisor Reports,https://students-residents.aamc.org/medical-school-admission-requirements/medical-school-admission-requirements-reports-applicants-and-advisors,data/raw/aamc/msar_reports/14_msar024-msar-community-college-coursework-information.pdf,14,90,463.756,CA,Stanford University School of Medicine,Stanford University School of Medicine,We accept coursework completed at a community college and will review these grades along with all other grades from a candidate's baccalaureate work as well as any postbaccalaureate or graduate coursework completed at the time of application.,,,,
aamc_msar_community_college_coursework,AAMC MSAR Advisor Reports,https://students-residents.aamc.org/medical-school-admission-requirements/medical-school-admission-requirements-reports-applicants-and-advisors,data/raw/aamc/msar_reports/14_msar024-msar-community-college-coursework-information.pdf,15,90,436.396,CA,"University of California, Davis, School of Medicine","University of California, Davis, School of Medicine",All community college coursework will be accepted and reviewed as part of the holistic admissions process.,,,,
aamc_msar_community_college_coursework,AAMC MSAR Advisor Reports,https://students-residents.aamc.org/medical-school-admission-requirements/medical-school-admission-requirements-reports-applicants-and-advisors,data/raw/aamc/msar_reports/14_msar024-msar-community-college-coursework-information.pdf,16,90,389.771,CA,"University of California, Irvine, School of Medicine","University of California, Irvine, School of Medicine","All college-level coursework will be considered, and applicants are allowed to take courses at a community college to fulfill prerequisite requirements. However, it's important to note that the fulfillment of the upper- division Biology course must be completed at a four-year institution and will not be accepted if taken at a community college.",,,,
aamc_msar_community_college_coursework,AAMC MSAR Advisor Reports,https://students-residents.aamc.org/medical-school-admission-requirements/medical-school-admission-requirements-reports-applicants-and-advisors,data/raw/aamc/msar_reports/14_msar024-msar-community-college-coursework-information.pdf,17,90,362.411,CA,"University of California, Los Angeles David Geffen School of Medicine","University of California, Los Angeles David Geffen School of Medicine",Community College coursework is accepted as a part of the total body of college academic work.,,,,
aamc_msar_community_college_coursework,AAMC MSAR Advisor Reports,https://students-residents.aamc.org/medical-school-admission-requirements/medical-school-admission-requirements-reports-applicants-and-advisors,data/raw/aamc/msar_reports/14_msar024-msar-community-college-coursework-information.pdf,18,90,305.131,CA,"University of California, Riverside School of Medicine","University of California, Riverside School of Medicine",We accept coursework completed at a community college to meet our required science core and recommended humanities core program pre-requisites. Detailed information about our minimum coursework requirements can be found here: https://somsa.ucr.edu/program-prerequisites,,,,
aamc_msar_community_college_coursework,AAMC MSAR Advisor Reports,https://students-residents.aamc.org/medical-school-admission-requirements/medical-school-admission-requirements-reports-applicants-and-advisors,data/raw/aamc/msar_reports/14_msar024-msar-community-college-coursework-information.pdf,19,90,277.771,CA,"University of California, San Diego School of Medicine","University of California, San Diego School of Medicine","At the UCSD School of Medicine, we understand there are many valid reasons why an applicant would take coursework at a community college. Any and all community college coursework is accepted by our committee.",,,,
aamc_msar_community_college_coursework,AAMC MSAR Advisor Reports,https://students-residents.aamc.org/medical-school-admission-requirements/medical-school-admission-requirements-reports-applicants-and-advisors,data/raw/aamc/msar_reports/14_msar024-msar-community-college-coursework-information.pdf,20,90,241.803,CA,"University of California, San Francisco, School of Medicine","University of California, San Francisco, School of Medicine","We accept all coursework completed at a community college, provided it is from an accredited institution. Premedical students should pursue a four-year undergraduate curriculum and obtain a baccalaureate degree before entering medical school. A maximum of 105 quarter units can be transferred from a community college.",,,,
aamc_msar_community_college_coursework,AAMC MSAR Advisor Reports,https://students-residents.aamc.org/medical-school-admission-requirements/medical-school-admission-requirements-reports-applicants-and-advisors,data/raw/aamc/msar_reports/14_msar024-msar-community-college-coursework-information.pdf,21,90,214.443,CO,University of Colorado School of Medicine,University of Colorado School of Medicine,Coursework completed at a community college is reviewed in the context of the applicant's entire educational journey.,,,,
aamc_msar_community_college_coursework,AAMC MSAR Advisor Reports,https://students-residents.aamc.org/medical-school-admission-requirements/medical-school-admission-requirements-reports-applicants-and-advisors,data/raw/aamc/msar_reports/14_msar024-msar-community-college-coursework-information.pdf,22,90,178.474,CT,Frank H. Netter MD School of Medicine at Quinnipiac University,Frank H. Netter MD School of Medicine at Quinnipiac University,All community college work that is included on a college transcript will be accepted for evaluation. * Please note that the admissions committee strongly prefers that the majority of pre-requisite courses be completed at 4 -year institutions.,,,,
aamc_msar_community_college_coursework,AAMC MSAR Advisor Reports,https://students-residents.aamc.org/medical-school-admission-requirements/medical-school-admission-requirements-reports-applicants-and-advisors,data/raw/aamc/msar_reports/14_msar024-msar-community-college-coursework-information.pdf,23,90,142.506,CT,University of Connecticut School of Medicine,University of Connecticut School of Medicine,"While it is not required, the Admissions Committee prefers to see prerequisite courses taken in person, at a 4- year school, during a regular semester, as part of a full course load. Understanding this may not be possible for all applicants, this is what the committee prefers to see.",,,,
aamc_msar_community_college_coursework,AAMC MSAR Advisor Reports,https://students-residents.aamc.org/medical-school-admission-requirements/medical-school-admission-requirements-reports-applicants-and-advisors,data/raw/aamc/msar_reports/14_msar024-msar-community-college-coursework-information.pdf,24,90,115.146,CT,Yale School of Medicine,Yale School of Medicine,U.S. Community College courses are acceptable.,,,,
aamc_msar_community_college_coursework,AAMC MSAR Advisor Reports,https://students-residents.aamc.org/medical-school-admission-requirements/medical-school-admission-requirements-reports-applicants-and-advisors,data/raw/aamc/msar_reports/14_msar024-msar-community-college-coursework-information.pdf,25,90,87.786,DC,George Washington University School of Medicine & Health Sciences,George Washington University School of Medicine & Health Sciences,"The Committee on Admissions does accept coursework taken at a community college. However, it is preferable to have all of the premedical coursework taken at an accredited four-year college or university.",,,,
aamc_msar_community_college_coursework,AAMC MSAR Advisor Reports,https://students-residents.aamc.org/medical-school-admission-requirements/medical-school-admission-requirements-reports-applicants-and-advisors,data/raw/aamc/msar_reports/14_msar024-msar-community-college-coursework-information.pdf,26,90,51.818,DC,Georgetown University School of Medicine,Georgetown University School of Medicine,"GUSOM accepts prerequisites completed at the community college level. In order to be competitive in the selection process, we encourage prospective applicants with community college prerequisites to supplement these courses by taking advanced courses in related subjects at their four year institution.",,,,
aamc_msar_community_college_coursework,AAMC MSAR Advisor Reports,https://students-residents.aamc.org/medical-school-admission-requirements/medical-school-admission-requirements-reports-applicants-and-advisors,data/raw/aamc/msar_reports/14_msar024-msar-community-college-coursework-information.pdf,27,170,472.364,DC,Howard University College of Medicine,Howard University College of Medicine,The College of Medicine will accept regionally accredited community college course credits.,,,,
aamc_msar_community_college_coursework,AAMC MSAR Advisor Reports,https://students-residents.aamc.org/medical-school-admission-requirements/medical-school-admission-requirements-reports-applicants-and-advisors,data/raw/aamc/msar_reports/14_msar024-msar-community-college-coursework-information.pdf,28,170,445.004,FL,Charles E. Schmidt College of Medicine at Florida Atlantic University,Charles E. Schmidt College of Medicine at Florida Atlantic University,Community College coursework is accepted as long as the applicant has performed well and shows an upward trend.,,,,
aamc_msar_community_college_coursework,AAMC MSAR Advisor Reports,https://students-residents.aamc.org/medical-school-admission-requirements/medical-school-admission-requirements-reports-applicants-and-advisors,data/raw/aamc/msar_reports/14_msar024-msar-community-college-coursework-information.pdf,29,170,417.644,FL,Florida International University Herbert Wertheim College of Medicine,Florida International University Herbert Wertheim College of Medicine,"Lower division pre-requisite courses can be taken at community colleges. However, additional upper level science courses are encouraged in preparation for the MCAT and success in medical school.",,,,
aamc_msar_community_college_coursework,AAMC MSAR Advisor Reports,https://students-residents.aamc.org/medical-school-admission-requirements/medical-school-admission-requirements-reports-applicants-and-advisors,data/raw/aamc/msar_reports/14_msar024-msar-community-college-coursework-information.pdf,30,170,390.284,FL,Florida State University College of Medicine,Florida State University College of Medicine,"While coursework completed at a community college is generally accepted, the Admissions Committee prefers that pre-requisite courses and rigorous, upper-level science be completed at a four-year institution.",,,,
aamc_msar_community_college_coursework,AAMC MSAR Advisor Reports,https://students-residents.aamc.org/medical-school-admission-requirements/medical-school-admission-requirements-reports-applicants-and-advisors,data/raw/aamc/msar_reports/14_msar024-msar-community-college-coursework-information.pdf,31,170,362.924,FL,Nova Southeastern University Dr. Kiran C. Patel College of Allopathic Medicine,Nova Southeastern University Dr. Kiran C. Patel College of Allopathic Medicine,Community College coursework accepted.,,,,
aamc_msar_community_college_coursework,AAMC MSAR Advisor Reports,https://students-residents.aamc.org/medical-school-admission-requirements/medical-school-admission-requirements-reports-applicants-and-advisors,data/raw/aamc/msar_reports/14_msar024-msar-community-college-coursework-information.pdf,32,170,335.564,FL,University of Central Florida College of Medicine,University of Central Florida College of Medicine,The UCF College of Medicine has no policy prohibiting applicants from taking courses online or at a community college.,,,,
aamc_msar_community_college_coursework,AAMC MSAR Advisor Reports,https://students-residents.aamc.org/medical-school-admission-requirements/medical-school-admission-requirements-reports-applicants-and-advisors,data/raw/aamc/msar_reports/14_msar024-msar-community-college-coursework-information.pdf,33,170,299.595,FL,University of Florida College of Medicine,University of Florida College of Medicine,"We accept lower division prerequisites taken at community colleges. Biochemistry must be completed at a four year college or university and must be an upper division version of the subject, and approved to count towards a premedical or science major curriculum at the institution where taken.",,,,
aamc_msar_community_college_coursework,AAMC MSAR Advisor Reports,https://students-residents.aamc.org/medical-school-admission-requirements/medical-school-admission-requirements-reports-applicants-and-advisors,data/raw/aamc/msar_reports/14_msar024-msar-community-college-coursework-information.pdf,34,170,272.235,FL,University of Miami Leonard M. Miller School of Medicine,University of Miami Leonard M. Miller School of Medicine,Coursework that is verified and folded into the AMCAS GPA calculation will be considered in the review of each applicant.,,,,
aamc_msar_community_college_coursework,AAMC MSAR Advisor Reports,https://students-residents.aamc.org/medical-school-admission-requirements/medical-school-admission-requirements-reports-applicants-and-advisors,data/raw/aamc/msar_reports/14_msar024-msar-community-college-coursework-information.pdf,35,170,244.875,FL,USF Health Morsani College of Medicine,USF Health Morsani College of Medicine,USF MCOM views all college coursework taken equally.,,,,
aamc_msar_community_college_coursework,AAMC MSAR Advisor Reports,https://students-residents.aamc.org/medical-school-admission-requirements/medical-school-admission-requirements-reports-applicants-and-advisors,data/raw/aamc/msar_reports/14_msar024-msar-community-college-coursework-information.pdf,36,170,217.515,GA,Emory University School of Medicine,Emory University School of Medicine,Emory School of Medicine will accept coursework completed at a community college.,,,,
aamc_msar_community_college_coursework,AAMC MSAR Advisor Reports,https://students-residents.aamc.org/medical-school-admission-requirements/medical-school-admission-requirements-reports-applicants-and-advisors,data/raw/aamc/msar_reports/14_msar024-msar-community-college-coursework-information.pdf,37,170,190.155,GA,Medical College of Georgia at Augusta University,Medical College of Georgia at Augusta University,Please review all pre-requisite coursework information on the MCG website: https://www.augusta.edu/mcg/admissions/application-procedures.php.,,,,
aamc_msar_community_college_coursework,AAMC MSAR Advisor Reports,https://students-residents.aamc.org/medical-school-admission-requirements/medical-school-admission-requirements-reports-applicants-and-advisors,data/raw/aamc/msar_reports/14_msar024-msar-community-college-coursework-information.pdf,38,170,162.795,GA,Mercer University School of Medicine,Mercer University School of Medicine,We accept community college credits that meet our admissions criteria. For more information visit: https://medicine.mercer.edu/admissions/doctor-of-medicine/admissions-process/,,,,
aamc_msar_community_college_coursework,AAMC MSAR Advisor Reports,https://students-residents.aamc.org/medical-school-admission-requirements/medical-school-admission-requirements-reports-applicants-and-advisors,data/raw/aamc/msar_reports/14_msar024-msar-community-college-coursework-information.pdf,39,170,126.827,GA,Morehouse School of Medicine,Morehouse School of Medicine,"Morehouse School of Medicine conducts a holistic review of applications, taking into consideration an applicant's overall body of coursework, including community college coursework, GPA, extra curricular activities, and performance on the MCAT.",,,,
aamc_msar_community_college_coursework,AAMC MSAR Advisor Reports,https://students-residents.aamc.org/medical-school-admission-requirements/medical-school-admission-requirements-reports-applicants-and-advisors,data/raw/aamc/msar_reports/14_msar024-msar-community-college-coursework-information.pdf,40,170,69.547,GA,University of Georgia School of Medicine,University of Georgia School of Medicine,"Community college course credit is accepted. All prerequisite coursework must be completed at a regionally accredited institution in the United States or Canada. International coursework (defined below), including credits earned at foreign institutions, will not be accepted to fulfill prerequisite requirements and will not be included in AMCAS GPA calculations unless accepted as transfer credit and appearing on an official transcript from a U.S. or Canadian institution.",,,,
aamc_msar_community_college_coursework,AAMC MSAR Advisor Reports,https://students-residents.aamc.org/medical-school-admission-requirements/medical-school-admission-requirements-reports-applicants-and-advisors,data/raw/aamc/msar_reports/14_msar024-msar-community-college-coursework-information.pdf,41,256,472.364,HI,"University of Hawaii, John A. Burns School of Medicine","University of Hawaii, John A. Burns School of Medicine",Community college coursework from an accredited US or Canadian school may be used to meet JABSOM ’ s prerequisite requirements. Review is required.,,,,
aamc_msar_community_college_coursework,AAMC MSAR Advisor Reports,https://students-residents.aamc.org/medical-school-admission-requirements/medical-school-admission-requirements-reports-applicants-and-advisors,data/raw/aamc/msar_reports/14_msar024-msar-community-college-coursework-information.pdf,42,256,445.004,IA,University of Iowa Roy J. and Lucille A. Carver College of Medicine,University of Iowa Roy J. and Lucille A. Carver College of Medicine,Coursework taken at community colleges is acceptable for introductory/prerequisite coursework. Our admissions committee generally prefers upper level science courses taken at a university level.,,,,
aamc_msar_community_college_coursework,AAMC MSAR Advisor Reports,https://students-residents.aamc.org/medical-school-admission-requirements/medical-school-admission-requirements-reports-applicants-and-advisors,data/raw/aamc/msar_reports/14_msar024-msar-community-college-coursework-information.pdf,43,256,417.644,IL,Carle Illinois College of Medicine,Carle Illinois College of Medicine,All applicants are required to have earned a degree at the Bachelor ’ s level or higher from a U.S. or Canadian accredited college or university prior to matriculation in the MD Program.,,,,
aamc_msar_community_college_coursework,AAMC MSAR Advisor Reports,https://students-residents.aamc.org/medical-school-admission-requirements/medical-school-admission-requirements-reports-applicants-and-advisors,data/raw/aamc/msar_reports/14_msar024-msar-community-college-coursework-information.pdf,44,256,386.644,IL,Chicago Medical School at Rosalind Franklin University of Medicine & Science,Chicago Medical School at Rosalind Franklin University of Medicine & Science,Chicago Medical School accepts coursework with grades of C or higher from any US accredited community college.,,,,
aamc_msar_community_college_coursework,AAMC MSAR Advisor Reports,https://students-residents.aamc.org/medical-school-admission-requirements/medical-school-admission-requirements-reports-applicants-and-advisors,data/raw/aamc/msar_reports/14_msar024-msar-community-college-coursework-information.pdf,45,256,359.284,IL,Loyola University Chicago Stritch School of Medicine,Loyola University Chicago Stritch School of Medicine,"Although the committee considers community college credits within the academic review, these credits cannot be used to fulfill required pre-requisite coursework.",,,,
aamc_msar_community_college_coursework,AAMC MSAR Advisor Reports,https://students-residents.aamc.org/medical-school-admission-requirements/medical-school-admission-requirements-reports-applicants-and-advisors,data/raw/aamc/msar_reports/14_msar024-msar-community-college-coursework-information.pdf,46,256,331.924,IL,Northwestern University The Feinberg School of Medicine,Northwestern University The Feinberg School of Medicine,Coursework completed at a junior or community college will be included in our holistic review. We recommend that the required pre-med courses be completed at a four-year college or university.,,,,
aamc_msar_community_college_coursework,AAMC MSAR Advisor Reports,https://students-residents.aamc.org/medical-school-admission-requirements/medical-school-admission-requirements-reports-applicants-and-advisors,data/raw/aamc/msar_reports/14_msar024-msar-community-college-coursework-information.pdf,47,256,304.563,IL,Rush Medical College of Rush University Medical Center,Rush Medical College of Rush University Medical Center,"While RMC accepts community college coursework, it is highly recommended that higher-level basic science coursework and/or prerequisite coursework be taken at a four-year institution.",,,,
aamc_msar_community_college_coursework,AAMC MSAR Advisor Reports,https://students-residents.aamc.org/medical-school-admission-requirements/medical-school-admission-requirements-reports-applicants-and-advisors,data/raw/aamc/msar_reports/14_msar024-msar-community-college-coursework-information.pdf,48,256,236.627,IL,Southern Illinois University School of Medicine,Southern Illinois University School of Medicine,"We will accept community college coursework, however, the upper level science courses we recommend would require attending an undergraduate/graduate institution. While we do not require a bachelor's degree in order to apply, 100% of our matriculants have obtained a bachelors degree. We do require at least 90 semester hours of undergraduate work from an accredited US or Canadian Degree-Granting college or University. Preference is given to those who have earned a bachelor's degree.",,,,
aamc_msar_community_college_coursework,AAMC MSAR Advisor Reports,https://students-residents.aamc.org/medical-school-admission-requirements/medical-school-admission-requirements-reports-applicants-and-advisors,data/raw/aamc/msar_reports/14_msar024-msar-community-college-coursework-information.pdf,49,256,200.659,IL,University of Chicago Division of the Biological Sciences The Pritzker School of Medicine,University of Chicago Division of the Biological Sciences The Pritzker School of Medicine,"Prerequisites taken at a community college can be used to demonstrate our required competencies. If you take prerequisite courses at a community college, we do recommend taking rigorous, upper-level science courses at a four-year institution as well.",,,,
aamc_msar_community_college_coursework,AAMC MSAR Advisor Reports,https://students-residents.aamc.org/medical-school-admission-requirements/medical-school-admission-requirements-reports-applicants-and-advisors,data/raw/aamc/msar_reports/14_msar024-msar-community-college-coursework-information.pdf,50,256,173.299,IL,University of Illinois College of Medicine,University of Illinois College of Medicine,"We evaluate candidates on a mission aligned basis and will consider upward transfer, accelerated, and supplemental coursework at a community college on a case-by-case basis.",,,,
aamc_msar_community_college_coursework,AAMC MSAR Advisor Reports,https://students-residents.aamc.org/medical-school-admission-requirements/medical-school-admission-requirements-reports-applicants-and-advisors,data/raw/aamc/msar_reports/14_msar024-msar-community-college-coursework-information.pdf,51,256,145.939,IN,Indiana University School of Medicine,Indiana University School of Medicine,Acceptance of coursework will be considered for applicants who complete some course work toward a degree at a community college or junior college and then transfer to a four-year institution.,,,,
aamc_msar_community_college_coursework,AAMC MSAR Advisor Reports,https://students-residents.aamc.org/medical-school-admission-requirements/medical-school-admission-requirements-reports-applicants-and-advisors,data/raw/aamc/msar_reports/14_msar024-msar-community-college-coursework-information.pdf,52,256,109.971,KS,University of Kansas School of Medicine,University of Kansas School of Medicine,"All coursework from from a college or university accredited by the Council for Higher Education Accreditation (CHEA) will be considered, community college coursework is accepted. Courses taken to meet the biology and chemistry prerequisites must be courses required of science majors.",,,,
aamc_msar_community_college_coursework,AAMC MSAR Advisor Reports,https://students-residents.aamc.org/medical-school-admission-requirements/medical-school-admission-requirements-reports-applicants-and-advisors,data/raw/aamc/msar_reports/14_msar024-msar-community-college-coursework-information.pdf,53,256,82.611,KY,University of Kentucky College of Medicine,University of Kentucky College of Medicine,Please see website for details as some AP coursework is not accepted for prerequisite requirements. https://medicine.uky.edu/sites/meded/you-apply,,,,
aamc_msar_community_college_coursework,AAMC MSAR Advisor Reports,https://students-residents.aamc.org/medical-school-admission-requirements/medical-school-admission-requirements-reports-applicants-and-advisors,data/raw/aamc/msar_reports/14_msar024-msar-community-college-coursework-information.pdf,54,256,55.251,KY,University of Louisville School of Medicine,University of Louisville School of Medicine,"Credit granted by junior/community colleges is accepted. All coursework must be graded to fulfill prerequisite requirements or be supplemented by graded, advanced work in the same subject area.",,,,
aamc_msar_community_college_coursework,AAMC MSAR Advisor Reports,https://students-residents.aamc.org/medical-school-admission-requirements/medical-school-admission-requirements-reports-applicants-and-advisors,data/raw/aamc/msar_reports/14_msar024-msar-community-college-coursework-information.pdf,55,342,472.364,LA,Louisiana State University School of Medicine in New Orleans,Louisiana State University School of Medicine in New Orleans,While credits from a 4 year institution is preferably. Applicants may still apply with credits from community colleges.,,,,
aamc_msar_community_college_coursework,AAMC MSAR Advisor Reports,https://students-residents.aamc.org/medical-school-admission-requirements/medical-school-admission-requirements-reports-applicants-and-advisors,data/raw/aamc/msar_reports/14_msar024-msar-community-college-coursework-information.pdf,56,342,445.004,LA,Louisiana State University School of Medicine in Shreveport,Louisiana State University School of Medicine in Shreveport,The Committee strongly prefers that BCPM coursework and any associated labs be completed in-person at the Senior College level.,,,,
aamc_msar_community_college_coursework,AAMC MSAR Advisor Reports,https://students-residents.aamc.org/medical-school-admission-requirements/medical-school-admission-requirements-reports-applicants-and-advisors,data/raw/aamc/msar_reports/14_msar024-msar-community-college-coursework-information.pdf,57,342,417.644,LA,Tulane University School of Medicine,Tulane University School of Medicine,TUSOM does not have required course work for admissions purposes. We accept courses taken at a community college.,,,,
aamc_msar_community_college_coursework,AAMC MSAR Advisor Reports,https://students-residents.aamc.org/medical-school-admission-requirements/medical-school-admission-requirements-reports-applicants-and-advisors,data/raw/aamc/msar_reports/14_msar024-msar-community-college-coursework-information.pdf,58,342,390.284,MA,Boston University Aram V. Chobanian & Edward Avedisian School of Medicine,Boston University Aram V. Chobanian & Edward Avedisian School of Medicine,We prefer coursework be taken at a four-year college or university. Other types of courses will be considered on a case by case basis.,,,,
aamc_msar_community_college_coursework,AAMC MSAR Advisor Reports,https://students-residents.aamc.org/medical-school-admission-requirements/medical-school-admission-requirements-reports-applicants-and-advisors,data/raw/aamc/msar_reports/14_msar024-msar-community-college-coursework-information.pdf,59,342,362.924,MA,Harvard Medical School,Harvard Medical School,Please review our website to see detailed information regarding our pre-requisites: https://hms.harvard.edu/education-admissions/md-program/admissions/preparing-apply/prerequisite-courses,,,,
aamc_msar_community_college_coursework,AAMC MSAR Advisor Reports,https://students-residents.aamc.org/medical-school-admission-requirements/medical-school-admission-requirements-reports-applicants-and-advisors,data/raw/aamc/msar_reports/14_msar024-msar-community-college-coursework-information.pdf,60,342,305.644,MA,Tufts University School of Medicine,Tufts University School of Medicine,"Tufts University School of Medicine does not have a policy prohibiting applicants from taking prerequisite courses at community colleges. We understand that occasionally, circumstances lead applicants to complete coursework in a non-traditional manner (community college, online coursework, etc.). In these circumstances, we encourage you to discuss the reasons for your educational pathway on your application. Wherever possible, a student should choose the most rigorous possible academic preparation.",,,,
aamc_msar_community_college_coursework,AAMC MSAR Advisor Reports,https://students-residents.aamc.org/medical-school-admission-requirements/medical-school-admission-requirements-reports-applicants-and-advisors,data/raw/aamc/msar_reports/14_msar024-msar-community-college-coursework-information.pdf,61,342,278.283,MA,University of Massachusetts T.H. Chan School of Medicine,University of Massachusetts T.H. Chan School of Medicine,The preference is for required courses to be completed at a four-year university or college. Community college coursework is accepted on a case-by-case basis.,,,,
aamc_msar_community_college_coursework,AAMC MSAR Advisor Reports,https://students-residents.aamc.org/medical-school-admission-requirements/medical-school-admission-requirements-reports-applicants-and-advisors,data/raw/aamc/msar_reports/14_msar024-msar-community-college-coursework-information.pdf,62,342,157.067,MD,Johns Hopkins University School of Medicine,Johns Hopkins University School of Medicine,"The School of Medicine accepts prerequisites completed at the community college level. To be competitive in the selection process, we encourage prospective applicants with community college prerequisites to supplement these courses by taking advanced courses in related subjects at their four-year institution. Additional coursework we would accept is available for review on our website: https://www.hopkinsmedicine.org/som/education- programs/md-program/application-process/prerequisites-requirements-and-policies A holistic review process is used to select applicants to interview at Hopkins, and many factors are considered in this review. These factors include the rigor of the applicant ’ s course of studies, grades, MCAT scores, clinical and research exposure, letters of recommendation, personal statement, and the applicant ’ s understanding of medicine. In addition, we consider the path the applicants have taken, which led to their desire to apply to medical school and become a physician.",,,,
aamc_msar_community_college_coursework,AAMC MSAR Advisor Reports,https://students-residents.aamc.org/medical-school-admission-requirements/medical-school-admission-requirements-reports-applicants-and-advisors,data/raw/aamc/msar_reports/14_msar024-msar-community-college-coursework-information.pdf,63,342,126.067,MD,Uniformed Services University of the Health Sciences F. Edward Hebert School of Medicine,Uniformed Services University of the Health Sciences F. Edward Hebert School of Medicine,Community college courses are accepted as long as the applicant possess a baccalaureate degree from a U.S. accredited university or college.,,,,
aamc_msar_community_college_coursework,AAMC MSAR Advisor Reports,https://students-residents.aamc.org/medical-school-admission-requirements/medical-school-admission-requirements-reports-applicants-and-advisors,data/raw/aamc/msar_reports/14_msar024-msar-community-college-coursework-information.pdf,64,342,98.707,MD,University of Maryland School of Medicine,University of Maryland School of Medicine,We accept coursework from community colleges including for pre-requisites.,,,,
aamc_msar_community_college_coursework,AAMC MSAR Advisor Reports,https://students-residents.aamc.org/medical-school-admission-requirements/medical-school-admission-requirements-reports-applicants-and-advisors,data/raw/aamc/msar_reports/14_msar024-msar-community-college-coursework-information.pdf,65,342,71.347,MI,Central Michigan University College of Medicine,Central Michigan University College of Medicine,"The CMU College of Medicine does accept coursework from a Community College, but highly recommends pre- requisite work and upper level science courses be taken at a four-year institution.",,,,
aamc_msar_community_college_coursework,AAMC MSAR Advisor Reports,https://students-residents.aamc.org/medical-school-admission-requirements/medical-school-admission-requirements-reports-applicants-and-advisors,data/raw/aamc/msar_reports/14_msar024-msar-community-college-coursework-information.pdf,66,410,472.364,MI,Michigan State University College of Human Medicine,Michigan State University College of Human Medicine,The College of Human Medicine accepts all coursework completed at a community college.,,,,
aamc_msar_community_college_coursework,AAMC MSAR Advisor Reports,https://students-residents.aamc.org/medical-school-admission-requirements/medical-school-admission-requirements-reports-applicants-and-advisors,data/raw/aamc/msar_reports/14_msar024-msar-community-college-coursework-information.pdf,67,410,436.395,MI,Oakland University William Beaumont School of Medicine,Oakland University William Beaumont School of Medicine,Applicants who use community college courses to meet prerequisite requirements are encouraged to show competency by taking higher level courses in these areas at a regionally accredited four-year institution in the United States or Canada. Community college coursework is reviewed on a case by case basis.,,,,
aamc_msar_community_college_coursework,AAMC MSAR Advisor Reports,https://students-residents.aamc.org/medical-school-admission-requirements/medical-school-admission-requirements-reports-applicants-and-advisors,data/raw/aamc/msar_reports/14_msar024-msar-community-college-coursework-information.pdf,68,410,409.035,MI,University of Michigan Medical School,University of Michigan Medical School,Community College coursework is accepted in conjunction with rigorous coursework at a four-year institution.,,,,
aamc_msar_community_college_coursework,AAMC MSAR Advisor Reports,https://students-residents.aamc.org/medical-school-admission-requirements/medical-school-admission-requirements-reports-applicants-and-advisors,data/raw/aamc/msar_reports/14_msar024-msar-community-college-coursework-information.pdf,69,410,381.675,MI,Wayne State University School of Medicine,Wayne State University School of Medicine,"View more, including premedical coursework policy information, at https://med-wayne- external.policystat.com/policy/17648219/latest/",,,,
aamc_msar_community_college_coursework,AAMC MSAR Advisor Reports,https://students-residents.aamc.org/medical-school-admission-requirements/medical-school-admission-requirements-reports-applicants-and-advisors,data/raw/aamc/msar_reports/14_msar024-msar-community-college-coursework-information.pdf,70,410,354.315,MI,Western Michigan University Homer Stryker M.D. School of Medicine,Western Michigan University Homer Stryker M.D. School of Medicine,"WMed will accept all community college coursework. WMed does not have required coursework, rather coursework we recommend applicants have completed before matriculation.",,,,
aamc_msar_community_college_coursework,AAMC MSAR Advisor Reports,https://students-residents.aamc.org/medical-school-admission-requirements/medical-school-admission-requirements-reports-applicants-and-advisors,data/raw/aamc/msar_reports/14_msar024-msar-community-college-coursework-information.pdf,71,410,326.955,MN,Mayo Clinic Alix School of Medicine,Mayo Clinic Alix School of Medicine,We accept all coursework from an accredited college of university in the United State or Canada. This coursework must be provided on official school transcripts.,,,,
aamc_msar_community_college_coursework,AAMC MSAR Advisor Reports,https://students-residents.aamc.org/medical-school-admission-requirements/medical-school-admission-requirements-reports-applicants-and-advisors,data/raw/aamc/msar_reports/14_msar024-msar-community-college-coursework-information.pdf,72,410,299.595,MN,University of Minnesota Medical School,University of Minnesota Medical School,Some prerequisites from accredited community college(s) will be accepted. Please note that all upper-level courses must be completed at an accredited four year college or university in the U.S. or Canada.,,,,
aamc_msar_community_college_coursework,AAMC MSAR Advisor Reports,https://students-residents.aamc.org/medical-school-admission-requirements/medical-school-admission-requirements-reports-applicants-and-advisors,data/raw/aamc/msar_reports/14_msar024-msar-community-college-coursework-information.pdf,73,410,272.235,MO,Saint Louis University School of Medicine,Saint Louis University School of Medicine,"Regarding community college coursework, the Committee prefers (a) no more than 50% of undergraduate science coursework completed and/or (b) no post-baccalaureate redemptive work completed in this manner.",,,,
aamc_msar_community_college_coursework,AAMC MSAR Advisor Reports,https://students-residents.aamc.org/medical-school-admission-requirements/medical-school-admission-requirements-reports-applicants-and-advisors,data/raw/aamc/msar_reports/14_msar024-msar-community-college-coursework-information.pdf,74,410,244.875,MO,University of Missouri-Columbia School of Medicine,University of Missouri-Columbia School of Medicine,"We accept community college courses as long as they meet our general requirements. For specific questions regarding credit, reach out to the admissions office directly.",,,,
aamc_msar_community_college_coursework,AAMC MSAR Advisor Reports,https://students-residents.aamc.org/medical-school-admission-requirements/medical-school-admission-requirements-reports-applicants-and-advisors,data/raw/aamc/msar_reports/14_msar024-msar-community-college-coursework-information.pdf,75,410,217.515,MO,University of Missouri-Kansas City School of Medicine,University of Missouri-Kansas City School of Medicine,"We accept in-person and online courses in regard to our pre-requisites for our MD program, as long as you complete the courses from a regionally accredited and degree-awarding institution within the US.",,,,
aamc_msar_community_college_coursework,AAMC MSAR Advisor Reports,https://students-residents.aamc.org/medical-school-admission-requirements/medical-school-admission-requirements-reports-applicants-and-advisors,data/raw/aamc/msar_reports/14_msar024-msar-community-college-coursework-information.pdf,76,410,160.235,MO,Washington University in St. Louis School of Medicine,Washington University in St. Louis School of Medicine,"We accept courses taken at a community college, through a summer school or online, as long as the institution meets our accreditation requirements. WashU Medicine will only accept credits earned at (or appearing on a transcript from) a college or university that has been approved by a USDE-recognized institutional accrediting agency, institutions recognized by Universities Canada, or an American College Overseas as defined in the AMCAS Applicant Guide.",,,,
aamc_msar_community_college_coursework,AAMC MSAR Advisor Reports,https://students-residents.aamc.org/medical-school-admission-requirements/medical-school-admission-requirements-reports-applicants-and-advisors,data/raw/aamc/msar_reports/14_msar024-msar-community-college-coursework-information.pdf,77,410,92.299,MS,University of Mississippi School of Medicine,University of Mississippi School of Medicine,"Strong preference is given to applicants who will have completed all requirements for a baccalaureate degree prior to entering medical school. For those applicants applying with the minimum 90 acceptable semester hours, a maximum of 65 semester hours of credit from an accredited community college may be applied toward the minimum 90 acceptable semester hours required for admission. College graduates may complete additional post-baccalaureate coursework to satisfy prerequisites at any accredited U.S. college or university, regardless of the number of community college credit hours applied toward their completed undergraduate degree.",,,,
aamc_msar_community_college_coursework,AAMC MSAR Advisor Reports,https://students-residents.aamc.org/medical-school-admission-requirements/medical-school-admission-requirements-reports-applicants-and-advisors,data/raw/aamc/msar_reports/14_msar024-msar-community-college-coursework-information.pdf,78,484,421.132,NC,Brody School of Medicine at East Carolina University,Brody School of Medicine at East Carolina University,"We understand and appreciate the diverse educational pathways that individuals may pursue on their journey towards a career in medicine. Courses taken at the community college level completed during high school and/or a two-year transfer program will satisfy our prerequisites. However, the Admissions Committee does prefer that the bulk of the courses, particularly Biology, Chemistry, and Biochemistry courses, be taken at a four-year college or university. For college graduates seeking prerequisite course completion post graduation, we encourage completing prerequisite courses at a 4-year institution or pursuing graduate level science coursework. Courses take for AP credit and online courses cannot be used to meet prerequisite requirements.",,,,
aamc_msar_community_college_coursework,AAMC MSAR Advisor Reports,https://students-residents.aamc.org/medical-school-admission-requirements/medical-school-admission-requirements-reports-applicants-and-advisors,data/raw/aamc/msar_reports/14_msar024-msar-community-college-coursework-information.pdf,79,484,393.772,NC,Duke University School of Medicine,Duke University School of Medicine,Any courses that are taken at community colleges and accepted at your undergraduate institution will also be accepted.,,,,
aamc_msar_community_college_coursework,AAMC MSAR Advisor Reports,https://students-residents.aamc.org/medical-school-admission-requirements/medical-school-admission-requirements-reports-applicants-and-advisors,data/raw/aamc/msar_reports/14_msar024-msar-community-college-coursework-information.pdf,80,484,366.412,NC,Methodist University Cape Fear Valley Health School of Medicine,Methodist University Cape Fear Valley Health School of Medicine,N/A,,,,
aamc_msar_community_college_coursework,AAMC MSAR Advisor Reports,https://students-residents.aamc.org/medical-school-admission-requirements/medical-school-admission-requirements-reports-applicants-and-advisors,data/raw/aamc/msar_reports/14_msar024-msar-community-college-coursework-information.pdf,81,484,319.787,NC,University of North Carolina at Chapel Hill School of Medicine,University of North Carolina at Chapel Hill School of Medicine,"If a prospective student is enrolled in ""early college"" or taking college courses online while in high school, and transferring to a four-year institution, these courses count toward the four-year degree. Please review the UNC School of Medicine Required courses on our website at: https://www.med.unc.edu/admit/requirements/academic-requirements/",,,,
aamc_msar_community_college_coursework,AAMC MSAR Advisor Reports,https://students-residents.aamc.org/medical-school-admission-requirements/medical-school-admission-requirements-reports-applicants-and-advisors,data/raw/aamc/msar_reports/14_msar024-msar-community-college-coursework-information.pdf,82,484,292.427,NC,Wake Forest University School of Medicine,Wake Forest University School of Medicine,Community College work is considered. A bachelor's degree or higher is required by the time of matriculation.,,,,
aamc_msar_community_college_coursework,AAMC MSAR Advisor Reports,https://students-residents.aamc.org/medical-school-admission-requirements/medical-school-admission-requirements-reports-applicants-and-advisors,data/raw/aamc/msar_reports/14_msar024-msar-community-college-coursework-information.pdf,83,484,265.067,ND,University of North Dakota School of Medicine and Health Sciences,University of North Dakota School of Medicine and Health Sciences,"We do not have specific required prerequisite coursework. However, we do recommend courses to help prepare an applicant for the MCAT and the medical school curriculum.",,,,
aamc_msar_community_college_coursework,AAMC MSAR Advisor Reports,https://students-residents.aamc.org/medical-school-admission-requirements/medical-school-admission-requirements-reports-applicants-and-advisors,data/raw/aamc/msar_reports/14_msar024-msar-community-college-coursework-information.pdf,84,484,186.475,NE,Creighton University School of Medicine,Creighton University School of Medicine,"Creighton University School of Medicine has no defined prerequisite course requirements. However, as preparatory to the MCAT and a rigorous medical school curriculum, we recommend the following recent (past 3 years) coursework in an accredited 4-year college/university in the United States or Canada: Strong background in biology including introductory and advanced courses, e.g., physiology, immunology, and genetics. Strong background in chemistry including introductory and advanced courses, e.g., biochemistry. Additionally, coursework in English, humanities and statistics is strongly recommended. Minimum total coursework credits in biology, chemistry, physics, and math should be 40-45 hours.",,,,
aamc_msar_community_college_coursework,AAMC MSAR Advisor Reports,https://students-residents.aamc.org/medical-school-admission-requirements/medical-school-admission-requirements-reports-applicants-and-advisors,data/raw/aamc/msar_reports/14_msar024-msar-community-college-coursework-information.pdf,85,484,159.115,NE,University of Nebraska College of Medicine,University of Nebraska College of Medicine,Community college coursework is accepted.,,,,
aamc_msar_community_college_coursework,AAMC MSAR Advisor Reports,https://students-residents.aamc.org/medical-school-admission-requirements/medical-school-admission-requirements-reports-applicants-and-advisors,data/raw/aamc/msar_reports/14_msar024-msar-community-college-coursework-information.pdf,86,484,112.491,NH,Geisel School of Medicine at Dartmouth,Geisel School of Medicine at Dartmouth,"We value educational experiences from all institutions of higher learning. Our Admissions Committee understands that every applicant's path to medicine is different and unique, and that our choices are often determined by circumstance and necessity. Holistic review allows us to learn about your individual experience and takes into account distance-traveled for every applicant.",,,,
aamc_msar_community_college_coursework,AAMC MSAR Advisor Reports,https://students-residents.aamc.org/medical-school-admission-requirements/medical-school-admission-requirements-reports-applicants-and-advisors,data/raw/aamc/msar_reports/14_msar024-msar-community-college-coursework-information.pdf,87,484,85.131,NJ,Cooper Medical School of Rowan University,Cooper Medical School of Rowan University,Considered as part of holistic review.,,,,
aamc_msar_community_college_coursework,AAMC MSAR Advisor Reports,https://students-residents.aamc.org/medical-school-admission-requirements/medical-school-admission-requirements-reports-applicants-and-advisors,data/raw/aamc/msar_reports/14_msar024-msar-community-college-coursework-information.pdf,88,484,57.771,NJ,Hackensack Meridian School of Medicine,Hackensack Meridian School of Medicine,Pre-requisite coursework completed at U.S accredited community colleges will be accepted.,,,,
aamc_msar_community_college_coursework,AAMC MSAR Advisor Reports,https://students-residents.aamc.org/medical-school-admission-requirements/medical-school-admission-requirements-reports-applicants-and-advisors,data/raw/aamc/msar_reports/14_msar024-msar-community-college-coursework-information.pdf,89,552,472.364,NJ,Rutgers New Jersey Medical School,Rutgers New Jersey Medical School,"We accept the following community college science courses as fulfillment of premedical requirements: General Biology, and General Chemistry.",,,,
aamc_msar_community_college_coursework,AAMC MSAR Advisor Reports,https://students-residents.aamc.org/medical-school-admission-requirements/medical-school-admission-requirements-reports-applicants-and-advisors,data/raw/aamc/msar_reports/14_msar024-msar-community-college-coursework-information.pdf,90,552,436.396,NJ,"Rutgers, Robert Wood Johnson Medical School","Rutgers, Robert Wood Johnson Medical School","We accept community college coursework; however, we recommend that upper-level science coursework, such as biochemistry, be completed at a four-year university/college. We do accept candidates who have completed an associate's degree and transferred to complete their bachelor's degree.",,,,
aamc_msar_community_college_coursework,AAMC MSAR Advisor Reports,https://students-residents.aamc.org/medical-school-admission-requirements/medical-school-admission-requirements-reports-applicants-and-advisors,data/raw/aamc/msar_reports/14_msar024-msar-community-college-coursework-information.pdf,91,552,389.771,NM,University of New Mexico School of Medicine,University of New Mexico School of Medicine,"Prerequisite coursework may be taken at a community college as long as the courses completed meet our class and credit hour requirements. Please note: any accelerated or dual-credit coursework done during high school must be included, along with a letter grade, on official college transcripts. Please see https://hsc.unm.edu/medicine/education/md/admissions/apply/prerequisite-courses.html for more information.",,,,
aamc_msar_community_college_coursework,AAMC MSAR Advisor Reports,https://students-residents.aamc.org/medical-school-admission-requirements/medical-school-admission-requirements-reports-applicants-and-advisors,data/raw/aamc/msar_reports/14_msar024-msar-community-college-coursework-information.pdf,92,552,353.803,NV,Kirk Kerkorian School of Medicine at UNLV,Kirk Kerkorian School of Medicine at UNLV,"Prerequisites for medical school application may be taken at a community college but must be completed separately from high school credit/diploma application and must be less than 10 years old at the time of graduation with a grade of C- or higher. CLEP, AP, or Audit coursework is not accepted.",,,,
aamc_msar_community_college_coursework,AAMC MSAR Advisor Reports,https://students-residents.aamc.org/medical-school-admission-requirements/medical-school-admission-requirements-reports-applicants-and-advisors,data/raw/aamc/msar_reports/14_msar024-msar-community-college-coursework-information.pdf,93,552,307.179,NV,Roseman University College of Medicine,Roseman University College of Medicine,The Roseman University College of Medicine recognizes that applicants may follow different pathways in completing their bachelor ’ s degree or the prerequisite coursework needed to be a competitive applicant. The College will review all coursework to ensure passing grades and verify that the appropriate foundational material was covered. Coursework from all educational pathways will be considered.,,,,
aamc_msar_community_college_coursework,AAMC MSAR Advisor Reports,https://students-residents.aamc.org/medical-school-admission-requirements/medical-school-admission-requirements-reports-applicants-and-advisors,data/raw/aamc/msar_reports/14_msar024-msar-community-college-coursework-information.pdf,94,552,279.819,NV,"University of Nevada, Reno School of Medicine","University of Nevada, Reno School of Medicine","Lower division (100-200 level) prerequisite courses may be taken at any accredited college or university, including community or junior colleges.",,,,
aamc_msar_community_college_coursework,AAMC MSAR Advisor Reports,https://students-residents.aamc.org/medical-school-admission-requirements/medical-school-admission-requirements-reports-applicants-and-advisors,data/raw/aamc/msar_reports/14_msar024-msar-community-college-coursework-information.pdf,95,552,252.459,NY,Albany Medical College,Albany Medical College,"Must be from an accredited community college, preferably in the United States.",,,,
aamc_msar_community_college_coursework,AAMC MSAR Advisor Reports,https://students-residents.aamc.org/medical-school-admission-requirements/medical-school-admission-requirements-reports-applicants-and-advisors,data/raw/aamc/msar_reports/14_msar024-msar-community-college-coursework-information.pdf,96,552,225.099,NY,Albert Einstein College of Medicine,Albert Einstein College of Medicine,Applicants are encouraged to complete their science pre-requisites at a 4-year college.,,,,
aamc_msar_community_college_coursework,AAMC MSAR Advisor Reports,https://students-residents.aamc.org/medical-school-admission-requirements/medical-school-admission-requirements-reports-applicants-and-advisors,data/raw/aamc/msar_reports/14_msar024-msar-community-college-coursework-information.pdf,97,552,189.130,NY,Columbia University Vagelos College of Physicians and Surgeons,Columbia University Vagelos College of Physicians and Surgeons,Community college courses are accepted for students who transferred into a four-year institution. Community college credits are also accepted for students who have obtained a bachelor's degree and lack one or two of the required courses.,,,,
aamc_msar_community_college_coursework,AAMC MSAR Advisor Reports,https://students-residents.aamc.org/medical-school-admission-requirements/medical-school-admission-requirements-reports-applicants-and-advisors,data/raw/aamc/msar_reports/14_msar024-msar-community-college-coursework-information.pdf,98,552,153.162,NY,CUNY School of Medicine,CUNY School of Medicine,This is not applicable. The B.S./M.D. program enrollment is for high school students who apply during their senior year of high school. Community college credit may only be accepted if the student completed course work as a high school student.,,,,
aamc_msar_community_college_coursework,AAMC MSAR Advisor Reports,https://students-residents.aamc.org/medical-school-admission-requirements/medical-school-admission-requirements-reports-applicants-and-advisors,data/raw/aamc/msar_reports/14_msar024-msar-community-college-coursework-information.pdf,99,552,125.802,NY,Donald and Barbara Zucker School of Medicine at Hofstra/Northwell,Donald and Barbara Zucker School of Medicine at Hofstra/Northwell,The Zucker School of Medicine will accept recommended coursework taken at a community college.,,,,
aamc_msar_community_college_coursework,AAMC MSAR Advisor Reports,https://students-residents.aamc.org/medical-school-admission-requirements/medical-school-admission-requirements-reports-applicants-and-advisors,data/raw/aamc/msar_reports/14_msar024-msar-community-college-coursework-information.pdf,100,552,79.178,NY,Icahn School of Medicine at Mount Sinai,Icahn School of Medicine at Mount Sinai,"Pre-requisite courses completed at the community college level or in an online format will be considered on a case-by-case basis. If these required courses are fulfilled with community college level coursework, it is recommended for applicants to complete additional higher-level courses in related subjects at a 4-year accredited institution.",,,,
aamc_msar_community_college_coursework,AAMC MSAR Advisor Reports,https://students-residents.aamc.org/medical-school-admission-requirements/medical-school-admission-requirements-reports-applicants-and-advisors,data/raw/aamc/msar_reports/14_msar024-msar-community-college-coursework-information.pdf,101,626,463.755,NY,Jacobs School of Medicine and Biomedical Sciences at the University at Buffalo,Jacobs School of Medicine and Biomedical Sciences at the University at Buffalo,"The Jacobs School of Medicine and Biomedical Sciences at the University at Buffalo employs a mission-aligned review process. In addition to upward transfer, accelerated and supplemental pathways, community college coursework will be evaluated and assessed within the context of the applicant ’ s other attributes and experiences.",,,,
aamc_msar_community_college_coursework,AAMC MSAR Advisor Reports,https://students-residents.aamc.org/medical-school-admission-requirements/medical-school-admission-requirements-reports-applicants-and-advisors,data/raw/aamc/msar_reports/14_msar024-msar-community-college-coursework-information.pdf,102,626,436.395,NY,New York Medical College,New York Medical College,"NYMC will accept community college coursework that can be reviewed to strengthen an application, or to fulfill credits needed for prerequisites or to obtain a bachelor's degree.",,,,
aamc_msar_community_college_coursework,AAMC MSAR Advisor Reports,https://students-residents.aamc.org/medical-school-admission-requirements/medical-school-admission-requirements-reports-applicants-and-advisors,data/raw/aamc/msar_reports/14_msar024-msar-community-college-coursework-information.pdf,103,626,357.803,NY,NYU Grossman Long Island School of Medicine,NYU Grossman Long Island School of Medicine,"NYUGLISOM does not have specific pre-medical course requirements. However, applicants' demonstrated academic achievement in introductory and upper level science coursework is a significant factor in assessing their academic readiness for successfully navigating the rigor and pace of our three-year accelerated curriculum. We recognize that students may begin their undergraduate studies at a community college and the committee on admissions will consider candidates' performance in introductory coursework completed at these undergraduate programs. However, evidence of competence in upper level science coursework completed at a four-year institution is also expected.",,,,
aamc_msar_community_college_coursework,AAMC MSAR Advisor Reports,https://students-residents.aamc.org/medical-school-admission-requirements/medical-school-admission-requirements-reports-applicants-and-advisors,data/raw/aamc/msar_reports/14_msar024-msar-community-college-coursework-information.pdf,104,626,330.443,NY,NYU Grossman School of Medicine,NYU Grossman School of Medicine,We will accept coursework from community college together with rigorous coursework at four-year institution.,,,,
aamc_msar_community_college_coursework,AAMC MSAR Advisor Reports,https://students-residents.aamc.org/medical-school-admission-requirements/medical-school-admission-requirements-reports-applicants-and-advisors,data/raw/aamc/msar_reports/14_msar024-msar-community-college-coursework-information.pdf,105,626,303.083,NY,Renaissance School of Medicine at Stony Brook University,Renaissance School of Medicine at Stony Brook University,"We do accept coursework from community colleges, however, our expectations are that students complete the majority of their undergraduate coursework at a 4 year college or university.",,,,
aamc_msar_community_college_coursework,AAMC MSAR Advisor Reports,https://students-residents.aamc.org/medical-school-admission-requirements/medical-school-admission-requirements-reports-applicants-and-advisors,data/raw/aamc/msar_reports/14_msar024-msar-community-college-coursework-information.pdf,106,626,235.147,NY,State University of New York Upstate Medical University Alan and Marlene Norton College of Medicine,State University of New York Upstate Medical University Alan and Marlene Norton College of Medicine,"Community College coursework shall be considered based on student's overall record. If a student is matriculated at an accredited four-year college or university, the Admissions Committee strongly recommends that all science prerequisites be completed at that institution. If a student begins college at an accredited two- year college and transfers to a competitive four-year college or university to complete their bachelor's degree, they must demonstrate continued academic excellence in any remaining prerequisite and/or upper-level science courses taken at the four-year institution.",,,,
aamc_msar_community_college_coursework,AAMC MSAR Advisor Reports,https://students-residents.aamc.org/medical-school-admission-requirements/medical-school-admission-requirements-reports-applicants-and-advisors,data/raw/aamc/msar_reports/14_msar024-msar-community-college-coursework-information.pdf,107,626,207.787,NY,SUNY Downstate Health Sciences University College of Medicine,SUNY Downstate Health Sciences University College of Medicine,Each pathway relative to community college course work is accepted,,,,
aamc_msar_community_college_coursework,AAMC MSAR Advisor Reports,https://students-residents.aamc.org/medical-school-admission-requirements/medical-school-admission-requirements-reports-applicants-and-advisors,data/raw/aamc/msar_reports/14_msar024-msar-community-college-coursework-information.pdf,108,626,150.506,NY,University of Rochester School of Medicine and Dentistry,University of Rochester School of Medicine and Dentistry,"We accept all community college coursework for applicants who start their education at a junior college and then transfer to a four-year institution and for applicants who take supplemental coursework at a community college. For applicants who have earned community college course credit as a high school student through an accelerated program, we require the coursework be re-taken at your undergraduate institution or used to advanced into upper-level courses.",,,,
aamc_msar_community_college_coursework,AAMC MSAR Advisor Reports,https://students-residents.aamc.org/medical-school-admission-requirements/medical-school-admission-requirements-reports-applicants-and-advisors,data/raw/aamc/msar_reports/14_msar024-msar-community-college-coursework-information.pdf,109,626,123.146,NY,Weill Cornell Medicine,Weill Cornell Medicine,Information can be found on our website - https://teach.weill.cornell.edu/medical- education/admissions/selection-criteria-and-requirements,,,,
aamc_msar_community_college_coursework,AAMC MSAR Advisor Reports,https://students-residents.aamc.org/medical-school-admission-requirements/medical-school-admission-requirements-reports-applicants-and-advisors,data/raw/aamc/msar_reports/14_msar024-msar-community-college-coursework-information.pdf,110,626,76.522,OH,Case Western Reserve University School of Medicine,Case Western Reserve University School of Medicine,"If ALL science pre-requisites were taken at a community college, we strongly recommend that you take at least a year of upper-level sciences from an accredited four-year degree granting university within the United States or Canada. If a few science pre-requisites were taken at a community college, we will evaluate them on a case-by- case basis.",,,,
aamc_msar_community_college_coursework,AAMC MSAR Advisor Reports,https://students-residents.aamc.org/medical-school-admission-requirements/medical-school-admission-requirements-reports-applicants-and-advisors,data/raw/aamc/msar_reports/14_msar024-msar-community-college-coursework-information.pdf,111,626,49.162,OH,Northeast Ohio Medical University,Northeast Ohio Medical University,Coursework is accepted if it is posted and verified in AMCAS.,,,,
aamc_msar_community_college_coursework,AAMC MSAR Advisor Reports,https://students-residents.aamc.org/medical-school-admission-requirements/medical-school-admission-requirements-reports-applicants-and-advisors,data/raw/aamc/msar_reports/14_msar024-msar-community-college-coursework-information.pdf,112,694,472.364,OH,Ohio State University College of Medicine,Ohio State University College of Medicine,"We will accept coursework from a community college. We suggest the majority of pre-requisite coursework be taken at a four-year institution, when possible.",,,,
aamc_msar_community_college_coursework,AAMC MSAR Advisor Reports,https://students-residents.aamc.org/medical-school-admission-requirements/medical-school-admission-requirements-reports-applicants-and-advisors,data/raw/aamc/msar_reports/14_msar024-msar-community-college-coursework-information.pdf,113,694,436.396,OH,The University of Toledo College of Medicine and Life Sciences,The University of Toledo College of Medicine and Life Sciences,"We would accept community college coursework that has been successfully verified by official transcripts submitted within the AMCAS application. Additionally, a baccalaureate degree from an accredited U.S. college or university is required.",,,,
aamc_msar_community_college_coursework,AAMC MSAR Advisor Reports,https://students-residents.aamc.org/medical-school-admission-requirements/medical-school-admission-requirements-reports-applicants-and-advisors,data/raw/aamc/msar_reports/14_msar024-msar-community-college-coursework-information.pdf,114,694,409.036,OH,University of Cincinnati College of Medicine,University of Cincinnati College of Medicine,Community college coursework credit is accepted.,,,,
aamc_msar_community_college_coursework,AAMC MSAR Advisor Reports,https://students-residents.aamc.org/medical-school-admission-requirements/medical-school-admission-requirements-reports-applicants-and-advisors,data/raw/aamc/msar_reports/14_msar024-msar-community-college-coursework-information.pdf,115,694,351.755,OH,Wright State University Boonshoft School of Medicine,Wright State University Boonshoft School of Medicine,Community college credit is accepted if it otherwise meets our requirements and is comparable in content to a four-year college. Math and English requirements can be taken as online classes. Online science prerequisites are not accepted unless taken online due to the Novel Coronavirus Pandemic between January 2020 and August 2021. More information can be found here https://medicine.wright.edu/admissions/prerequisites-and- application,,,,
aamc_msar_community_college_coursework,AAMC MSAR Advisor Reports,https://students-residents.aamc.org/medical-school-admission-requirements/medical-school-admission-requirements-reports-applicants-and-advisors,data/raw/aamc/msar_reports/14_msar024-msar-community-college-coursework-information.pdf,116,694,305.131,OK,University of Oklahoma College of Medicine,University of Oklahoma College of Medicine,Coursework is accepted from any accredited community college. Learn more at https://admissions.ouhsc.edu/Current-Students/Transfer-Credit-Information/Transfer-Credit-and- Equivalency,,,,
aamc_msar_community_college_coursework,AAMC MSAR Advisor Reports,https://students-residents.aamc.org/medical-school-admission-requirements/medical-school-admission-requirements-reports-applicants-and-advisors,data/raw/aamc/msar_reports/14_msar024-msar-community-college-coursework-information.pdf,117,694,277.771,OR,Oregon Health & Science University School of Medicine,Oregon Health & Science University School of Medicine,We accept community college coursework toward our required GPA minimum.,,,,
aamc_msar_community_college_coursework,AAMC MSAR Advisor Reports,https://students-residents.aamc.org/medical-school-admission-requirements/medical-school-admission-requirements-reports-applicants-and-advisors,data/raw/aamc/msar_reports/14_msar024-msar-community-college-coursework-information.pdf,118,694,250.411,PA,Drexel University College of Medicine,Drexel University College of Medicine,We will review community college coursework on an individual basis through our holistic review process.,,,,
aamc_msar_community_college_coursework,AAMC MSAR Advisor Reports,https://students-residents.aamc.org/medical-school-admission-requirements/medical-school-admission-requirements-reports-applicants-and-advisors,data/raw/aamc/msar_reports/14_msar024-msar-community-college-coursework-information.pdf,119,694,214.443,PA,Geisinger Commonwealth School of Medicine,Geisinger Commonwealth School of Medicine,"The Admissions Committee will consider coursework taken at any accredited US or Canadian institution, including coursework completed at a community college. Online coursework will not be accepted, except in instances directly related to the Pandemic.",,,,
aamc_msar_community_college_coursework,AAMC MSAR Advisor Reports,https://students-residents.aamc.org/medical-school-admission-requirements/medical-school-admission-requirements-reports-applicants-and-advisors,data/raw/aamc/msar_reports/14_msar024-msar-community-college-coursework-information.pdf,120,694,187.083,PA,Lewis Katz School of Medicine at Temple University,Lewis Katz School of Medicine at Temple University,"If recommended coursework in Biology, Chemistry or Physics has been completed at a community college, we prefer to see classroom-based, upper-level science coursework in that discipline.",,,,
aamc_msar_community_college_coursework,AAMC MSAR Advisor Reports,https://students-residents.aamc.org/medical-school-admission-requirements/medical-school-admission-requirements-reports-applicants-and-advisors,data/raw/aamc/msar_reports/14_msar024-msar-community-college-coursework-information.pdf,121,694,159.723,PA,Pennsylvania State University College of Medicine,Pennsylvania State University College of Medicine,Coursework completed at a community college is accepted by the College of Medicine.,,,,
aamc_msar_community_college_coursework,AAMC MSAR Advisor Reports,https://students-residents.aamc.org/medical-school-admission-requirements/medical-school-admission-requirements-reports-applicants-and-advisors,data/raw/aamc/msar_reports/14_msar024-msar-community-college-coursework-information.pdf,122,694,113.098,PA,Perelman School of Medicine at the University of Pennsylvania,Perelman School of Medicine at the University of Pennsylvania,"Community college credits are considered on a case-by-case basis. The committee will take into account the reasons for completion, such as financial considerations, academic scheduling, and geographic limitations, as well as whether additional upper division courses/labs were taken at a 4-year institution or post-baccalaureate program.",,,,
aamc_msar_community_college_coursework,AAMC MSAR Advisor Reports,https://students-residents.aamc.org/medical-school-admission-requirements/medical-school-admission-requirements-reports-applicants-and-advisors,data/raw/aamc/msar_reports/14_msar024-msar-community-college-coursework-information.pdf,123,694,85.738,PA,Sidney Kimmel Medical College at Thomas Jefferson University,Sidney Kimmel Medical College at Thomas Jefferson University,Coursework completed at a community college is accepted.,,,,
aamc_msar_community_college_coursework,AAMC MSAR Advisor Reports,https://students-residents.aamc.org/medical-school-admission-requirements/medical-school-admission-requirements-reports-applicants-and-advisors,data/raw/aamc/msar_reports/14_msar024-msar-community-college-coursework-information.pdf,124,694,49.770,PA,University of Pittsburgh School of Medicine,University of Pittsburgh School of Medicine,All of those who matriculate at University of Pittsburgh School of Medicine must have an undergraduate degree which includes at least one year of post-secondary education in the United States or Canada. The Admissions Committee will consider any prerequisite course work completed at a community college.,,,,
aamc_msar_community_college_coursework,AAMC MSAR Advisor Reports,https://students-residents.aamc.org/medical-school-admission-requirements/medical-school-admission-requirements-reports-applicants-and-advisors,data/raw/aamc/msar_reports/14_msar024-msar-community-college-coursework-information.pdf,125,774,472.364,PR,Ponce Health Sciences University School of Medicine,Ponce Health Sciences University School of Medicine,Advanced Placement credits should be recorded in the college transcript.,,,,
aamc_msar_community_college_coursework,AAMC MSAR Advisor Reports,https://students-residents.aamc.org/medical-school-admission-requirements/medical-school-admission-requirements-reports-applicants-and-advisors,data/raw/aamc/msar_reports/14_msar024-msar-community-college-coursework-information.pdf,126,774,445.004,PR,San Juan Bautista School of Medicine,San Juan Bautista School of Medicine,Only general english and spanish are accepted from an accredited community college,,,,
aamc_msar_community_college_coursework,AAMC MSAR Advisor Reports,https://students-residents.aamc.org/medical-school-admission-requirements/medical-school-admission-requirements-reports-applicants-and-advisors,data/raw/aamc/msar_reports/14_msar024-msar-community-college-coursework-information.pdf,127,774,417.644,PR,Universidad Central del Caribe School of Medicine,Universidad Central del Caribe School of Medicine,"For courses to be accepted, the candidate has to transfer and finish all required courses at a four-year undergraduate institution.",,,,
aamc_msar_community_college_coursework,AAMC MSAR Advisor Reports,https://students-residents.aamc.org/medical-school-admission-requirements/medical-school-admission-requirements-reports-applicants-and-advisors,data/raw/aamc/msar_reports/14_msar024-msar-community-college-coursework-information.pdf,128,774,390.284,PR,University of Puerto Rico School of Medicine,University of Puerto Rico School of Medicine,Bachelor ’ s Degree in a college or university accredited by the Council of Higher Education or the corresponding US accrediting agency.,,,,
aamc_msar_community_college_coursework,AAMC MSAR Advisor Reports,https://students-residents.aamc.org/medical-school-admission-requirements/medical-school-admission-requirements-reports-applicants-and-advisors,data/raw/aamc/msar_reports/14_msar024-msar-community-college-coursework-information.pdf,129,774,354.316,RI,The Warren Alpert Medical School of Brown University,The Warren Alpert Medical School of Brown University,Community College coursework is acceptable to fulfill individual prerequisite requirements. Success in additional or more advanced coursework at a 4-year bachelor's level school or above will enhance a candidate's competitiveness in the application process.,,,,
aamc_msar_community_college_coursework,AAMC MSAR Advisor Reports,https://students-residents.aamc.org/medical-school-admission-requirements/medical-school-admission-requirements-reports-applicants-and-advisors,data/raw/aamc/msar_reports/14_msar024-msar-community-college-coursework-information.pdf,130,774,326.956,SC,Medical University of South Carolina College of Medicine,Medical University of South Carolina College of Medicine,Please visit MUSC COM Selection Criteria for more information: https://medicine.musc.edu/programs/doctor-medicine/admissions/selection-criteria,,,,
aamc_msar_community_college_coursework,AAMC MSAR Advisor Reports,https://students-residents.aamc.org/medical-school-admission-requirements/medical-school-admission-requirements-reports-applicants-and-advisors,data/raw/aamc/msar_reports/14_msar024-msar-community-college-coursework-information.pdf,131,774,216.395,SC,University of South Carolina School of Medicine Columbia,University of South Carolina School of Medicine Columbia,"Although we do not have any course prerequisites, a strong preparation in the natural sciences is highly recommended including general biology, general chemistry, organic chemistry, and biochemistry. We also recommend coursework in the social sciences (anthropology, archaeology, economics, geography, history, law, linguistics, politics, psychology, or sociology). Further advanced studies in the biological, physical and/or chemical sciences are encouraged. Courses such as physics, histology, biochemistry, genetics, and molecular biology are also recommended. Courses are always valid for admission consideration and do not have an expiration. We give preference to applicants who will, upon enrollment, hold a bachelor ’ s degree. We occasionally admit students on the basis of 90 semester hours of outstanding undergraduate achievement.",,,,
aamc_msar_community_college_coursework,AAMC MSAR Advisor Reports,https://students-residents.aamc.org/medical-school-admission-requirements/medical-school-admission-requirements-reports-applicants-and-advisors,data/raw/aamc/msar_reports/14_msar024-msar-community-college-coursework-information.pdf,132,774,180.427,SC,University of South Carolina School of Medicine Greenville,University of South Carolina School of Medicine Greenville,The Admissions Committee will look for evidence demonstrating your ability to successfully complete rigorous academic material. The Admissions Committee prefers that all recruited coursework be completed at a 4 year accredited university but will consider coursework taken at a community college.,,,,
aamc_msar_community_college_coursework,AAMC MSAR Advisor Reports,https://students-residents.aamc.org/medical-school-admission-requirements/medical-school-admission-requirements-reports-applicants-and-advisors,data/raw/aamc/msar_reports/14_msar024-msar-community-college-coursework-information.pdf,133,774,153.067,SD,"University of South Dakota, Sanford School of Medicine","University of South Dakota, Sanford School of Medicine",Courses taken at an accredited Community College will be considered.,,,,
aamc_msar_community_college_coursework,AAMC MSAR Advisor Reports,https://students-residents.aamc.org/medical-school-admission-requirements/medical-school-admission-requirements-reports-applicants-and-advisors,data/raw/aamc/msar_reports/14_msar024-msar-community-college-coursework-information.pdf,134,774,125.707,TN,East Tennessee State University James H. Quillen College of Medicine,East Tennessee State University James H. Quillen College of Medicine,Completion of a minimum of 90 semester hours of coursework from regionally accredited U.S. institution(s) is required for admission. This includes work completed at community colleges.,,,,
aamc_msar_community_college_coursework,AAMC MSAR Advisor Reports,https://students-residents.aamc.org/medical-school-admission-requirements/medical-school-admission-requirements-reports-applicants-and-advisors,data/raw/aamc/msar_reports/14_msar024-msar-community-college-coursework-information.pdf,135,774,57.771,TN,Meharry Medical College,Meharry Medical College,"For applicants that are submitting coursework completed at a community college, the coursework will be considered if it meets the following criteria: Coursework was delivered and completed in an “ in-person ” format. Coursework was completed at a regionally accredited institution. Coursework demonstrates a level of academic rigor appropriate for students looking to complete advanced study in the sciences.",,,,
aamc_msar_community_college_coursework,AAMC MSAR Advisor Reports,https://students-residents.aamc.org/medical-school-admission-requirements/medical-school-admission-requirements-reports-applicants-and-advisors,data/raw/aamc/msar_reports/14_msar024-msar-community-college-coursework-information.pdf,136,842,472.363,TN,"Thomas F. Frist, Jr. College of Medicine at Belmont University","Thomas F. Frist, Jr. College of Medicine at Belmont University",We understand applicants have may different pathways to medical school. We encourage seeking out challenging and rigorous coursework and enrollment to be best prepared for the rigors of medical school.,,,,
aamc_msar_community_college_coursework,AAMC MSAR Advisor Reports,https://students-residents.aamc.org/medical-school-admission-requirements/medical-school-admission-requirements-reports-applicants-and-advisors,data/raw/aamc/msar_reports/14_msar024-msar-community-college-coursework-information.pdf,137,842,436.395,TN,University of Tennessee Health Science Center College of Medicine,University of Tennessee Health Science Center College of Medicine,"UTHSC College of Medicine will accept prerequisite academic work from any accredited institution, including community colleges, as long as applicants meet other necessary requirements and have completed upper level coursework at a four-year institution leading to a bachelor's degree.",,,,
aamc_msar_community_college_coursework,AAMC MSAR Advisor Reports,https://students-residents.aamc.org/medical-school-admission-requirements/medical-school-admission-requirements-reports-applicants-and-advisors,data/raw/aamc/msar_reports/14_msar024-msar-community-college-coursework-information.pdf,138,842,400.427,TN,Vanderbilt University School of Medicine,Vanderbilt University School of Medicine,"Vanderbilt recognizes that everyone's pathway to medical school is different. That is what sparked our movement from pre-requisites to recommendations. Vanderbilt has no issue with candidates who take coursework at a community college, as long as their MCAT performance is strong.",,,,
aamc_msar_community_college_coursework,AAMC MSAR Advisor Reports,https://students-residents.aamc.org/medical-school-admission-requirements/medical-school-admission-requirements-reports-applicants-and-advisors,data/raw/aamc/msar_reports/14_msar024-msar-community-college-coursework-information.pdf,139,842,373.067,TX,Anne Burnett Marion School of Medicine at TCU,Anne Burnett Marion School of Medicine at TCU,Required coursework is accepted from accredited universities within the U.S. and Canada. This includes community colleges with this designation.,,,,
aamc_msar_community_college_coursework,AAMC MSAR Advisor Reports,https://students-residents.aamc.org/medical-school-admission-requirements/medical-school-admission-requirements-reports-applicants-and-advisors,data/raw/aamc/msar_reports/14_msar024-msar-community-college-coursework-information.pdf,140,842,345.707,TX,Baylor College of Medicine,Baylor College of Medicine,Baylor College of Medicine (BCM) requires at least 90 undergraduate semester hours from an accredited U.S. institution and accepts community college credits if they are part of a bachelor ’ s degree plan.,,,,
aamc_msar_community_college_coursework,AAMC MSAR Advisor Reports,https://students-residents.aamc.org/medical-school-admission-requirements/medical-school-admission-requirements-reports-applicants-and-advisors,data/raw/aamc/msar_reports/14_msar024-msar-community-college-coursework-information.pdf,141,842,314.707,TX,McGovern Medical School at the University of Texas Health Science Center at Houston,McGovern Medical School at the University of Texas Health Science Center at Houston,We do accept coursework taken at a regionally accredited community college. Should be followed by upper-level coursework taken at a four-year insitution.,,,,
aamc_msar_community_college_coursework,AAMC MSAR Advisor Reports,https://students-residents.aamc.org/medical-school-admission-requirements/medical-school-admission-requirements-reports-applicants-and-advisors,data/raw/aamc/msar_reports/14_msar024-msar-community-college-coursework-information.pdf,142,842,287.347,TX,Texas A&M University School of Medicine,Texas A&M University School of Medicine,Dual Credit or pre-transfer coursework taken at a local community college is accepted towards the medical school pre-requisites.,,,,
aamc_msar_community_college_coursework,AAMC MSAR Advisor Reports,https://students-residents.aamc.org/medical-school-admission-requirements/medical-school-admission-requirements-reports-applicants-and-advisors,data/raw/aamc/msar_reports/14_msar024-msar-community-college-coursework-information.pdf,143,842,256.346,TX,Texas Tech University Health Sciences Center Paul L. Foster School of Medicine,Texas Tech University Health Sciences Center Paul L. Foster School of Medicine,Please list all coursework completed at a community college on the primary application.,,,,
aamc_msar_community_college_coursework,AAMC MSAR Advisor Reports,https://students-residents.aamc.org/medical-school-admission-requirements/medical-school-admission-requirements-reports-applicants-and-advisors,data/raw/aamc/msar_reports/14_msar024-msar-community-college-coursework-information.pdf,144,842,220.378,TX,Texas Tech University Health Sciences Center School of Medicine,Texas Tech University Health Sciences Center School of Medicine,Community/junior college coursework is acceptable. The committee prefers to see high performance and upward trends. There are many reasons why an applicant would take coursework at a community/junior college and it is recommended that the applicant take time to expound on this in the secondary application.,,,,
aamc_msar_community_college_coursework,AAMC MSAR Advisor Reports,https://students-residents.aamc.org/medical-school-admission-requirements/medical-school-admission-requirements-reports-applicants-and-advisors,data/raw/aamc/msar_reports/14_msar024-msar-community-college-coursework-information.pdf,145,842,193.018,TX,The University of Texas at Tyler School of Medicine,The University of Texas at Tyler School of Medicine,Currently there are no restrictions on the acceptance of coursework completed at a community college.,,,,
aamc_msar_community_college_coursework,AAMC MSAR Advisor Reports,https://students-residents.aamc.org/medical-school-admission-requirements/medical-school-admission-requirements-reports-applicants-and-advisors,data/raw/aamc/msar_reports/14_msar024-msar-community-college-coursework-information.pdf,146,842,162.018,TX,The University of Texas Health Science Center at San Antonio Joe R. and Teresa Lozano Long School of Medicine,The University of Texas Health Science Center at San Antonio Joe R. and Teresa Lozano Long School of Medicine,Community college coursework is accepted.,,,,
aamc_msar_community_college_coursework,AAMC MSAR Advisor Reports,https://students-residents.aamc.org/medical-school-admission-requirements/medical-school-admission-requirements-reports-applicants-and-advisors,data/raw/aamc/msar_reports/14_msar024-msar-community-college-coursework-information.pdf,147,842,134.658,TX,University of Houston Tilman J. Fertitta Family College of Medicine,University of Houston Tilman J. Fertitta Family College of Medicine,N/A,,,,
aamc_msar_community_college_coursework,AAMC MSAR Advisor Reports,https://students-residents.aamc.org/medical-school-admission-requirements/medical-school-admission-requirements-reports-applicants-and-advisors,data/raw/aamc/msar_reports/14_msar024-msar-community-college-coursework-information.pdf,148,842,98.689,TX,University of Texas at Austin Dell Medical School,University of Texas at Austin Dell Medical School,Dell Med will review courses completed at a community college as a component of the candidate's comprehensive academic profile. We aim to ascertain that the candidate has exhibited mastery of the content commensurate with advanced courses taken at the college or university level.,,,,
aamc_msar_community_college_coursework,AAMC MSAR Advisor Reports,https://students-residents.aamc.org/medical-school-admission-requirements/medical-school-admission-requirements-reports-applicants-and-advisors,data/raw/aamc/msar_reports/14_msar024-msar-community-college-coursework-information.pdf,149,842,71.329,TX,University of Texas Medical Branch John Sealy School of Medicine,University of Texas Medical Branch John Sealy School of Medicine,"All community college coursework is accepted, but upper-level science coursework at the university level is strongly encouraged.",,,,
aamc_msar_community_college_coursework,AAMC MSAR Advisor Reports,https://students-residents.aamc.org/medical-school-admission-requirements/medical-school-admission-requirements-reports-applicants-and-advisors,data/raw/aamc/msar_reports/14_msar024-msar-community-college-coursework-information.pdf,150,928,472.365,TX,University of Texas Rio Grande Valley School of Medicine,University of Texas Rio Grande Valley School of Medicine,"For any questions regarding coursework acceptance, applicants are encouraged to contact the admissions office at MDadmissions@utrgv.edu or 956-296-1600.",,,,
aamc_msar_community_college_coursework,AAMC MSAR Advisor Reports,https://students-residents.aamc.org/medical-school-admission-requirements/medical-school-admission-requirements-reports-applicants-and-advisors,data/raw/aamc/msar_reports/14_msar024-msar-community-college-coursework-information.pdf,151,928,445.005,TX,University of Texas Southwestern Medical School,University of Texas Southwestern Medical School,Courses taken at any regionally accredited undergraduate institution in the US or Canada are acceptable including junior and community college.,,,,
aamc_msar_community_college_coursework,AAMC MSAR Advisor Reports,https://students-residents.aamc.org/medical-school-admission-requirements/medical-school-admission-requirements-reports-applicants-and-advisors,data/raw/aamc/msar_reports/14_msar024-msar-community-college-coursework-information.pdf,152,928,387.724,UT,Spencer Fox Eccles School of Medicine at the University of Utah,Spencer Fox Eccles School of Medicine at the University of Utah,"Prerequisite courses must be taken for credit and a passing grade at a regionally accredited institution in the United States or Canada prior to matriculation to medical school. Courses completed through regionally accredited online institutions, two-year institutions, community colleges, and/or concurrent enrollment programs are also accepted.",,,,
aamc_msar_community_college_coursework,AAMC MSAR Advisor Reports,https://students-residents.aamc.org/medical-school-admission-requirements/medical-school-admission-requirements-reports-applicants-and-advisors,data/raw/aamc/msar_reports/14_msar024-msar-community-college-coursework-information.pdf,153,928,360.364,VA,Eastern Virginia Medical School,Eastern Virginia Medical School,VHS-EVMS accepts coursework taken at community colleges.,,,,
aamc_msar_community_college_coursework,AAMC MSAR Advisor Reports,https://students-residents.aamc.org/medical-school-admission-requirements/medical-school-admission-requirements-reports-applicants-and-advisors,data/raw/aamc/msar_reports/14_msar024-msar-community-college-coursework-information.pdf,154,928,333.004,VA,University of Virginia School of Medicine,University of Virginia School of Medicine,Community College coursework is accepted and considered as part of the academic portion of the holistic review.,,,,
aamc_msar_community_college_coursework,AAMC MSAR Advisor Reports,https://students-residents.aamc.org/medical-school-admission-requirements/medical-school-admission-requirements-reports-applicants-and-advisors,data/raw/aamc/msar_reports/14_msar024-msar-community-college-coursework-information.pdf,155,928,305.644,VA,Virginia Commonwealth University School of Medicine,Virginia Commonwealth University School of Medicine,VCU School of Medicine accepts credit for courses completed at a community college as reported on their official transcript.,,,,
aamc_msar_community_college_coursework,AAMC MSAR Advisor Reports,https://students-residents.aamc.org/medical-school-admission-requirements/medical-school-admission-requirements-reports-applicants-and-advisors,data/raw/aamc/msar_reports/14_msar024-msar-community-college-coursework-information.pdf,156,928,278.284,VA,Virginia Tech Carilion School of Medicine,Virginia Tech Carilion School of Medicine,Please refer to our website for more information. https://medicine.vtc.vt.edu/admissions/admissions- overview.html,,,,
aamc_msar_community_college_coursework,AAMC MSAR Advisor Reports,https://students-residents.aamc.org/medical-school-admission-requirements/medical-school-admission-requirements-reports-applicants-and-advisors,data/raw/aamc/msar_reports/14_msar024-msar-community-college-coursework-information.pdf,157,928,250.924,VT,"Robert Larner, M.D., College of Medicine at the University of Vermont","Robert Larner, M.D., College of Medicine at the University of Vermont",We do not differentiate between community college and university coursework.,,,,
aamc_msar_community_college_coursework,AAMC MSAR Advisor Reports,https://students-residents.aamc.org/medical-school-admission-requirements/medical-school-admission-requirements-reports-applicants-and-advisors,data/raw/aamc/msar_reports/14_msar024-msar-community-college-coursework-information.pdf,158,928,223.564,WA,University of Washington School of Medicine,University of Washington School of Medicine,Community college coursework is accepted for fulfilling premedical course requirements.,,,,
aamc_msar_community_college_coursework,AAMC MSAR Advisor Reports,https://students-residents.aamc.org/medical-school-admission-requirements/medical-school-admission-requirements-reports-applicants-and-advisors,data/raw/aamc/msar_reports/14_msar024-msar-community-college-coursework-information.pdf,159,928,176.940,WA,Washington State University Elson S. Floyd College of Medicine,Washington State University Elson S. Floyd College of Medicine,"Provided that the community college is regionally accredited, we accept any community college coursework, including for pre-requisites, regardless of the the purpose for attending. We understand applicants have varying pathways, opportunities, access, and reasons for attending community college, and we fully support that in our process.",,,,
aamc_msar_community_college_coursework,AAMC MSAR Advisor Reports,https://students-residents.aamc.org/medical-school-admission-requirements/medical-school-admission-requirements-reports-applicants-and-advisors,data/raw/aamc/msar_reports/14_msar024-msar-community-college-coursework-information.pdf,160,928,130.316,WI,Medical College of Wisconsin,Medical College of Wisconsin,"Coursework completed at a community college will be accepted, regardless of pathway, and reviewed as part of a holistic review process and in the context of the other application materials. While prerequisite coursework may be completed at a community college, applicants should ensure they have obtained mastery of the course material regardless of the institution.",,,,
aamc_msar_community_college_coursework,AAMC MSAR Advisor Reports,https://students-residents.aamc.org/medical-school-admission-requirements/medical-school-admission-requirements-reports-applicants-and-advisors,data/raw/aamc/msar_reports/14_msar024-msar-community-college-coursework-information.pdf,161,928,83.691,WI,University of Wisconsin School of Medicine and Public Health,University of Wisconsin School of Medicine and Public Health,"Community college coursework may be used to satisfy any prerequisite coursework. However, applicants are encouraged to consider the academic rigor of their entire undergraduate course of study - especially the prerequisites - and ensure these provide the best representation of the applicant's ability to succeed in medical school.",,,,
aamc_msar_community_college_coursework,AAMC MSAR Advisor Reports,https://students-residents.aamc.org/medical-school-admission-requirements/medical-school-admission-requirements-reports-applicants-and-advisors,data/raw/aamc/msar_reports/14_msar024-msar-community-college-coursework-information.pdf,162,1002,346.540,WV,Marshall University Joan C. Edwards School of Medicine,Marshall University Joan C. Edwards School of Medicine,"Medical schools choose to accept community college courses for several compelling reasons. Community colleges also serve as a valuable resource for high school students seeking to earn academic or dual credit before graduation. This approach not only expedites their undergraduate education but also positions them to potentially enter medical school earlier, courtesy of college credits accrued during high school. Furthermore, community colleges offer a financially prudent alternative for post-high school students. Many individuals face financial constraints that hinder them from enrolling in a four-year institution away from home. By enrolling in community college courses for a year or two, students can significantly reduce tuition and fees, while living at home allows for additional savings to support their remaining college education. Lastly, community college courses often accommodate non-traditional applicants, such as those who are employed or juggling other responsibilities. The availability of late afternoon and evening classes means that potential applicants can complete the required in person prerequisites for medical school without having to resign from their jobs, thereby broadening access to medical education for a more diverse range of applicants.",,,,
aamc_msar_community_college_coursework,AAMC MSAR Advisor Reports,https://students-residents.aamc.org/medical-school-admission-requirements/medical-school-admission-requirements-reports-applicants-and-advisors,data/raw/aamc/msar_reports/14_msar024-msar-community-college-coursework-information.pdf,163,1002,310.571,WV,West Virginia University School of Medicine,West Virginia University School of Medicine,A minimum of 90 credit hours (at the undergraduate or graduate level) from an accredited US or Canadian academic institution is required by matriculation. Community college coursework is acceptable. A minimum of three years of higher education or employment post-high school is required before matriculation.,,,,
aamc_msar_community_college_coursework,AAMC MSAR Advisor Reports,https://students-residents.aamc.org/medical-school-admission-requirements/medical-school-admission-requirements-reports-applicants-and-advisors,data/raw/aamc/msar_reports/14_msar024-msar-community-college-coursework-information.pdf,164,1016,463.756,BC,University of British Columbia Faculty of Medicine,University of British Columbia Faculty of Medicine,"All university transferable college coursework will be considered in an applicant's grade point average calculation. Applicants must submit original transcripts from their community college along with transcripts from all other post-secondary institutions they have attended, even if they took college courses during high school.",,,,
aamc_msar_community_college_coursework,AAMC MSAR Advisor Reports,https://students-residents.aamc.org/medical-school-admission-requirements/medical-school-admission-requirements-reports-applicants-and-advisors,data/raw/aamc/msar_reports/14_msar024-msar-community-college-coursework-information.pdf,165,1016,432.755,MB,"Max Rady College of Medicine, Rady Faculty of Health Sciences, University of Manitoba","Max Rady College of Medicine, Rady Faculty of Health Sciences, University of Manitoba",We only accept undergraduate degree coursework from Institutions recognized by the University of Manitoba. Community College coursework / diploma programs are not considered.,,,,
aamc_msar_community_college_coursework,AAMC MSAR Advisor Reports,https://students-residents.aamc.org/medical-school-admission-requirements/medical-school-admission-requirements-reports-applicants-and-advisors,data/raw/aamc/msar_reports/14_msar024-msar-community-college-coursework-information.pdf,166,1016,396.787,NL,Memorial University of Newfoundland Faculty of Medicine,Memorial University of Newfoundland Faculty of Medicine,"College credits are counted toward GPA calculations if they can be transferred to a university for equal credit. Credits completed in the IB program in high school, as well as GCSE and Advanced Placement courses, are accepted as credits if they are transferred to a university institution prior to application to medical school.",,,,
aamc_msar_community_college_coursework,AAMC MSAR Advisor Reports,https://students-residents.aamc.org/medical-school-admission-requirements/medical-school-admission-requirements-reports-applicants-and-advisors,data/raw/aamc/msar_reports/14_msar024-msar-community-college-coursework-information.pdf,167,1016,369.427,NS,Dalhousie University Faculty of Medicine,Dalhousie University Faculty of Medicine,We do not accept community college coursework.,,,,
aamc_msar_community_college_coursework,AAMC MSAR Advisor Reports,https://students-residents.aamc.org/medical-school-admission-requirements/medical-school-admission-requirements-reports-applicants-and-advisors,data/raw/aamc/msar_reports/14_msar024-msar-community-college-coursework-information.pdf,168,1016,342.067,ON,McMaster University Michael G. DeGroote School of Medicine,McMaster University Michael G. DeGroote School of Medicine,There are no pre-requisite courses for applicants to McMaster. We do not include coursework completed at community college towards the MD application.,,,,
aamc_msar_community_college_coursework,AAMC MSAR Advisor Reports,https://students-residents.aamc.org/medical-school-admission-requirements/medical-school-admission-requirements-reports-applicants-and-advisors,data/raw/aamc/msar_reports/14_msar024-msar-community-college-coursework-information.pdf,169,1016,314.707,ON,Northern Ontario School of Medicine,Northern Ontario School of Medicine,N/A,,,,
aamc_msar_community_college_coursework,AAMC MSAR Advisor Reports,https://students-residents.aamc.org/medical-school-admission-requirements/medical-school-admission-requirements-reports-applicants-and-advisors,data/raw/aamc/msar_reports/14_msar024-msar-community-college-coursework-information.pdf,170,1016,287.347,ON,Queen's University Faculty of Health Sciences,Queen's University Faculty of Health Sciences,N/A,,,,
aamc_msar_community_college_coursework,AAMC MSAR Advisor Reports,https://students-residents.aamc.org/medical-school-admission-requirements/medical-school-admission-requirements-reports-applicants-and-advisors,data/raw/aamc/msar_reports/14_msar024-msar-community-college-coursework-information.pdf,171,1016,259.987,ON,The University of Western Ontario - Schulich School of Medicine & Dentistry,The University of Western Ontario - Schulich School of Medicine & Dentistry,We do not consider community college coursework.,,,,
aamc_msar_community_college_coursework,AAMC MSAR Advisor Reports,https://students-residents.aamc.org/medical-school-admission-requirements/medical-school-admission-requirements-reports-applicants-and-advisors,data/raw/aamc/msar_reports/14_msar024-msar-community-college-coursework-information.pdf,172,1016,232.627,ON,Toronto Metropolitan University School of Medicine,Toronto Metropolitan University School of Medicine,,,,,
aamc_msar_community_college_coursework,AAMC MSAR Advisor Reports,https://students-residents.aamc.org/medical-school-admission-requirements/medical-school-admission-requirements-reports-applicants-and-advisors,data/raw/aamc/msar_reports/14_msar024-msar-community-college-coursework-information.pdf,173,1016,205.267,ON,University of Ottawa Faculty of Medicine,University of Ottawa Faculty of Medicine,More information regarding candidates applying with a CEGEP or community college diploma can be found here: https://www.uottawa.ca/faculty-medicine/undergraduate/admissions/application-process,,,,
aamc_msar_community_college_coursework,AAMC MSAR Advisor Reports,https://students-residents.aamc.org/medical-school-admission-requirements/medical-school-admission-requirements-reports-applicants-and-advisors,data/raw/aamc/msar_reports/14_msar024-msar-community-college-coursework-information.pdf,174,1016,177.907,ON,University of Toronto Temerty Faculty of Medicine,University of Toronto Temerty Faculty of Medicine,N/A,,,,
aamc_msar_community_college_coursework,AAMC MSAR Advisor Reports,https://students-residents.aamc.org/medical-school-admission-requirements/medical-school-admission-requirements-reports-applicants-and-advisors,data/raw/aamc/msar_reports/14_msar024-msar-community-college-coursework-information.pdf,175,1016,150.547,QC,Universite de Montreal Faculty of Medicine,Universite de Montreal Faculty of Medicine,For more information visit: https://admission.umontreal.ca/,,,,
aamc_msar_community_college_coursework,AAMC MSAR Advisor Reports,https://students-residents.aamc.org/medical-school-admission-requirements/medical-school-admission-requirements-reports-applicants-and-advisors,data/raw/aamc/msar_reports/14_msar024-msar-community-college-coursework-information.pdf,176,1016,123.187,SK,University of Saskatchewan College of Medicine,University of Saskatchewan College of Medicine,Please refer to the Applicant Information document. We don't consider any community college coursework.,,,,
