source_key,source_name,source_url,pdf_file,source_row_number,stream_index,row_y,state,school_name_raw,school_name_clean,address_lines,phone,fax,email,website,contact_raw,notes
aamc_msar_main_campus_contact,AAMC MSAR Advisor Reports,https://students-residents.aamc.org/medical-school-admission-requirements/medical-school-admission-requirements-reports-applicants-and-advisors,data/raw/aamc/msar_reports/01_msar023-msar-medical-school-main-campus-address-and-contact-information.pdf,1,4,581.410,AL,Frederick P. Whiddon College of Medicine at the University of South Alabama,Frederick P. Whiddon College of Medicine at the University of South Alabama,"College of Medicine Office of Admissions | CSAB 337 | Mobile , AL 36688 USA",(251) 460-7176,(251) 460-7176,fetherland@southalabama.edu,http://southalabama.edu/colleges/com,"College of Medicine Office of Admissions | CSAB 337 | Mobile , AL 36688 USA | phone: (251) 460-7176 | fax: (251) 460-7176 | email: fetherland@southalabama.edu | website: http://southalabama.edu/colleges/com",
aamc_msar_main_campus_contact,AAMC MSAR Advisor Reports,https://students-residents.aamc.org/medical-school-admission-requirements/medical-school-admission-requirements-reports-applicants-and-advisors,data/raw/aamc/msar_reports/01_msar023-msar-medical-school-main-campus-address-and-contact-information.pdf,2,4,477.407,AL,University of Alabama at Birmingham Marnix E. Heersink School of Medicine,University of Alabama at Birmingham Marnix E. Heersink School of Medicine,"Admissions and Enrollment Management | VH 100 | Birmingham , AL 35294-0019 USA",(205) 934-2433,(205) 934-2433,medschool@uab.edu,https://www.uab.edu/medicine/admissions,"Admissions and Enrollment Management | VH 100 | Birmingham , AL 35294-0019 USA | phone: (205) 934-2433 | fax: (205) 934-2433 | email: medschool@uab.edu | website: https://www.uab.edu/medicine/admissions",
aamc_msar_main_campus_contact,AAMC MSAR Advisor Reports,https://students-residents.aamc.org/medical-school-admission-requirements/medical-school-admission-requirements-reports-applicants-and-advisors,data/raw/aamc/msar_reports/01_msar023-msar-medical-school-main-campus-address-and-contact-information.pdf,3,4,386.446,AR,Alice L. Walton School of Medicine,Alice L. Walton School of Medicine,"Bentonville , AR 72712 USA",(479) 441-0064,() -,admissions@alwmed.org,https://www.alwmedschool.org/,"Bentonville , AR 72712 USA | phone: (479) 441-0064 | fax: () - | email: admissions@alwmed.org | website: https://www.alwmedschool.org/",
aamc_msar_main_campus_contact,AAMC MSAR Advisor Reports,https://students-residents.aamc.org/medical-school-admission-requirements/medical-school-admission-requirements-reports-applicants-and-advisors,data/raw/aamc/msar_reports/01_msar023-msar-medical-school-main-campus-address-and-contact-information.pdf,4,4,282.443,AR,University of Arkansas for Medical Sciences College of Medicine,University of Arkansas for Medical Sciences College of Medicine,"Office of the Dean | College of Medicine | Little Rock , AR 72205 USA",(501) 686-5354,(501) 686-5354,southtomg@uams.edu,http://www.medicine.uams.edu,"Office of the Dean | College of Medicine | Little Rock , AR 72205 USA | phone: (501) 686-5354 | fax: (501) 686-5354 | email: southtomg@uams.edu | website: http://www.medicine.uams.edu",
aamc_msar_main_campus_contact,AAMC MSAR Advisor Reports,https://students-residents.aamc.org/medical-school-admission-requirements/medical-school-admission-requirements-reports-applicants-and-advisors,data/raw/aamc/msar_reports/01_msar023-msar-medical-school-main-campus-address-and-contact-information.pdf,5,4,191.482,AZ,Arizona State University School of Medicine and Advanced Medical Engineering (SOMME),Arizona State University School of Medicine and Advanced Medical Engineering (SOMME),"Tempe , AZ 85287-7805 USA",() -,() -,,https://medicine.asu.edu/,"Tempe , AZ 85287-7805 USA | phone: () - | fax: () - | website: https://medicine.asu.edu/",
aamc_msar_main_campus_contact,AAMC MSAR Advisor Reports,https://students-residents.aamc.org/medical-school-admission-requirements/medical-school-admission-requirements-reports-applicants-and-advisors,data/raw/aamc/msar_reports/01_msar023-msar-medical-school-main-campus-address-and-contact-information.pdf,6,4,87.479,AZ,University of Arizona College of Medicine,University of Arizona College of Medicine,"UA COM-Tucson Admissions | P.O. Box 245075 | Tucson , AZ 85724-5075 USA",(520) 626-6214,(520) 626-6214,admissions@medicine.arizona.edu,http://medicine.arizona.edu/admissions,"UA COM-Tucson Admissions | P.O. Box 245075 | Tucson , AZ 85724-5075 USA | phone: (520) 626-6214 | fax: (520) 626-6214 | email: admissions@medicine.arizona.edu | website: http://medicine.arizona.edu/admissions",
aamc_msar_main_campus_contact,AAMC MSAR Advisor Reports,https://students-residents.aamc.org/medical-school-admission-requirements/medical-school-admission-requirements-reports-applicants-and-advisors,data/raw/aamc/msar_reports/01_msar023-msar-medical-school-main-campus-address-and-contact-information.pdf,7,8,581.410,AZ,University of Arizona College of Medicine - Phoenix,University of Arizona College of Medicine - Phoenix,"Office of Admissions and Recruitment | 435 North 5th Street | Phoenix , AZ 85004 USA",(602) 827-2005,(602) 827-2005,comphx-admissions@email.arizona.edu,http://phoenixmed.arizona.edu/,"Office of Admissions and Recruitment | 435 North 5th Street | Phoenix , AZ 85004 USA | phone: (602) 827-2005 | fax: (602) 827-2005 | email: comphx-admissions@email.arizona.edu | website: http://phoenixmed.arizona.edu/",
aamc_msar_main_campus_contact,AAMC MSAR Advisor Reports,https://students-residents.aamc.org/medical-school-admission-requirements/medical-school-admission-requirements-reports-applicants-and-advisors,data/raw/aamc/msar_reports/01_msar023-msar-medical-school-main-campus-address-and-contact-information.pdf,8,8,477.448,CA,California Northstate University College of Medicine,California Northstate University College of Medicine,"Office of Admission | Elk Grove , CA 95757 USA",(916) 686-7300,(916) 686-7300,COMadmissions@cnsu.edu,https://medicine.cnsu.edu/admissions/steps.php,"Office of Admission | Elk Grove , CA 95757 USA | phone: (916) 686-7300 | fax: (916) 686-7300 | email: COMadmissions@cnsu.edu | website: https://medicine.cnsu.edu/admissions/steps.php",
aamc_msar_main_campus_contact,AAMC MSAR Advisor Reports,https://students-residents.aamc.org/medical-school-admission-requirements/medical-school-admission-requirements-reports-applicants-and-advisors,data/raw/aamc/msar_reports/01_msar023-msar-medical-school-main-campus-address-and-contact-information.pdf,9,8,386.486,CA,California University of Science and Medicine-School of Medicine,California University of Science and Medicine-School of Medicine,"San Bernardino , CA 92408 USA",(909) 490-5910,(909) 490-5910,Admissions@cusm.org,https://www.cusm.org/,"San Bernardino , CA 92408 USA | phone: (909) 490-5910 | fax: (909) 490-5910 | email: Admissions@cusm.org | website: https://www.cusm.org/",
aamc_msar_main_campus_contact,AAMC MSAR Advisor Reports,https://students-residents.aamc.org/medical-school-admission-requirements/medical-school-admission-requirements-reports-applicants-and-advisors,data/raw/aamc/msar_reports/01_msar023-msar-medical-school-main-campus-address-and-contact-information.pdf,10,8,295.484,CA,Charles R. Drew University of Medicine and Science College of Medicine,Charles R. Drew University of Medicine and Science College of Medicine,"1731 E. 120th Street | Los Angeles , CA 90059-3051 USA",(323) 563-9393,(323) 563-5918,medschool@cdrewu.edu,https://www.cdrewu.edu/cdumd,"1731 E. 120th Street | Los Angeles , CA 90059-3051 USA | phone: (323) 563-9393 | fax: (323) 563-5918 | email: medschool@cdrewu.edu | website: https://www.cdrewu.edu/cdumd",
aamc_msar_main_campus_contact,AAMC MSAR Advisor Reports,https://students-residents.aamc.org/medical-school-admission-requirements/medical-school-admission-requirements-reports-applicants-and-advisors,data/raw/aamc/msar_reports/01_msar023-msar-medical-school-main-campus-address-and-contact-information.pdf,11,8,191.522,CA,Kaiser Permanente Bernard J. Tyson School of Medicine,Kaiser Permanente Bernard J. Tyson School of Medicine,"98 S. Los Robles Ave. | Pasadena , CA USA",(888) 576-3348,() -,,https://medschool.kp.org/admissions,"98 S. Los Robles Ave. | Pasadena , CA USA | phone: (888) 576-3348 | fax: () - | website: https://medschool.kp.org/admissions",
aamc_msar_main_campus_contact,AAMC MSAR Advisor Reports,https://students-residents.aamc.org/medical-school-admission-requirements/medical-school-admission-requirements-reports-applicants-and-advisors,data/raw/aamc/msar_reports/01_msar023-msar-medical-school-main-campus-address-and-contact-information.pdf,12,8,87.560,CA,Keck School of Medicine of the University of Southern California,Keck School of Medicine of the University of Southern California,"Office of Admissions | Los Angeles , CA 90089-9020 USA",(323) 442-2552,(323) 442-2552,medadmit@usc.edu,https://keck.usc.edu/,"Office of Admissions | Los Angeles , CA 90089-9020 USA | phone: (323) 442-2552 | fax: (323) 442-2552 | email: medadmit@usc.edu | website: https://keck.usc.edu/",
aamc_msar_main_campus_contact,AAMC MSAR Advisor Reports,https://students-residents.aamc.org/medical-school-admission-requirements/medical-school-admission-requirements-reports-applicants-and-advisors,data/raw/aamc/msar_reports/01_msar023-msar-medical-school-main-campus-address-and-contact-information.pdf,13,10,581.409,CA,Loma Linda University School of Medicine,Loma Linda University School of Medicine,"Associate Dean for Admissions | School of Medicine | Loma Linda , CA 92350 USA",(909) 558-4467,(909) 558-4467,admissions.sm@llu.edu,https://medicine.llu.edu/admissions/medicine-md-program,"Associate Dean for Admissions | School of Medicine | Loma Linda , CA 92350 USA | phone: (909) 558-4467 | fax: (909) 558-4467 | email: admissions.sm@llu.edu | website: https://medicine.llu.edu/admissions/medicine-md-program",
aamc_msar_main_campus_contact,AAMC MSAR Advisor Reports,https://students-residents.aamc.org/medical-school-admission-requirements/medical-school-admission-requirements-reports-applicants-and-advisors,data/raw/aamc/msar_reports/01_msar023-msar-medical-school-main-campus-address-and-contact-information.pdf,14,10,477.407,CA,Stanford University School of Medicine,Stanford University School of Medicine,"Office of MD Admissions | 300 Pasteur Drive, Alway M116 | Stanford , CA 94305-5328 USA",(650) 723-6861,(650) 723-6861,mdadmissions@stanford.edu,https://med.stanford.edu/md-admissions.html,"Office of MD Admissions | 300 Pasteur Drive, Alway M116 | Stanford , CA 94305-5328 USA | phone: (650) 723-6861 | fax: (650) 723-6861 | email: mdadmissions@stanford.edu | website: https://med.stanford.edu/md-admissions.html",
aamc_msar_main_campus_contact,AAMC MSAR Advisor Reports,https://students-residents.aamc.org/medical-school-admission-requirements/medical-school-admission-requirements-reports-applicants-and-advisors,data/raw/aamc/msar_reports/01_msar023-msar-medical-school-main-campus-address-and-contact-information.pdf,15,10,386.445,CA,"University of California, Davis, School of Medicine","University of California, Davis, School of Medicine","Sacramento , CA 95817 USA",(916) 734-4800,(916) 734-4800,somadmissions@health.ucdavis.edu,http://www.ucdmc.ucdavis.edu/mdprogram/admissions/,"Sacramento , CA 95817 USA | phone: (916) 734-4800 | fax: (916) 734-4800 | email: somadmissions@health.ucdavis.edu | website: http://www.ucdmc.ucdavis.edu/mdprogram/admissions/",
aamc_msar_main_campus_contact,AAMC MSAR Advisor Reports,https://students-residents.aamc.org/medical-school-admission-requirements/medical-school-admission-requirements-reports-applicants-and-advisors,data/raw/aamc/msar_reports/01_msar023-msar-medical-school-main-campus-address-and-contact-information.pdf,16,10,273.483,CA,"University of California, Irvine, School of Medicine","University of California, Irvine, School of Medicine","Office of Admissions and Outreach | Irvine , CA 92697 USA",(800) 824-5388,(800) 824-5388,medadmit@uci.edu,https://medschool.uci.edu/education/medical-education/medical-degree- program/admissions,"Office of Admissions and Outreach | Irvine , CA 92697 USA | phone: (800) 824-5388 | fax: (800) 824-5388 | email: medadmit@uci.edu | website: https://medschool.uci.edu/education/medical-education/medical-degree- program/admissions",
aamc_msar_main_campus_contact,AAMC MSAR Advisor Reports,https://students-residents.aamc.org/medical-school-admission-requirements/medical-school-admission-requirements-reports-applicants-and-advisors,data/raw/aamc/msar_reports/01_msar023-msar-medical-school-main-campus-address-and-contact-information.pdf,17,10,169.481,CA,"University of California, Los Angeles David Geffen School of Medicine","University of California, Los Angeles David Geffen School of Medicine","David Geffen School of Medicine at UCLA | 885 Tiverton Drive | Los Angeles , CA 90095-7035 USA",(310) 825-6081,(310) 825-6081,somadmiss@mednet.ucla.edu,https://medschool.ucla.edu/,"David Geffen School of Medicine at UCLA | 885 Tiverton Drive | Los Angeles , CA 90095-7035 USA | phone: (310) 825-6081 | fax: (310) 825-6081 | email: somadmiss@mednet.ucla.edu | website: https://medschool.ucla.edu/",
aamc_msar_main_campus_contact,AAMC MSAR Advisor Reports,https://students-residents.aamc.org/medical-school-admission-requirements/medical-school-admission-requirements-reports-applicants-and-advisors,data/raw/aamc/msar_reports/01_msar023-msar-medical-school-main-campus-address-and-contact-information.pdf,18,10,65.519,CA,"University of California, Riverside School of Medicine","University of California, Riverside School of Medicine","900 University Ave. | Riverside , CA 92521 USA",(951) 827-4353,(951) 827-4353,medadmissions@ucr.edu,http://medschool.ucr.edu/admissions,"900 University Ave. | Riverside , CA 92521 USA | phone: (951) 827-4353 | fax: (951) 827-4353 | email: medadmissions@ucr.edu | website: http://medschool.ucr.edu/admissions",
aamc_msar_main_campus_contact,AAMC MSAR Advisor Reports,https://students-residents.aamc.org/medical-school-admission-requirements/medical-school-admission-requirements-reports-applicants-and-advisors,data/raw/aamc/msar_reports/01_msar023-msar-medical-school-main-campus-address-and-contact-information.pdf,19,12,594.410,CA,"University of California, San Diego School of Medicine","University of California, San Diego School of Medicine","Office of Admissions, 0606 | La Jolla , CA 92093 USA",(858) 534-3880,(858) 534-3880,somadmissions@ucsd.edu,http://meded.ucsd.edu/admissions,"Office of Admissions, 0606 | La Jolla , CA 92093 USA | phone: (858) 534-3880 | fax: (858) 534-3880 | email: somadmissions@ucsd.edu | website: http://meded.ucsd.edu/admissions",
aamc_msar_main_campus_contact,AAMC MSAR Advisor Reports,https://students-residents.aamc.org/medical-school-admission-requirements/medical-school-admission-requirements-reports-applicants-and-advisors,data/raw/aamc/msar_reports/01_msar023-msar-medical-school-main-campus-address-and-contact-information.pdf,20,12,490.408,CA,"University of California, San Francisco, School of Medicine","University of California, San Francisco, School of Medicine","UCSF School of Medicine | Box 0408 | San Francisco , CA 94143-0408 USA",(415) 476-4044,(415) 476-4044,admissions@medsch.ucsf.edu,http://meded.ucsf.edu/admissions,"UCSF School of Medicine | Box 0408 | San Francisco , CA 94143-0408 USA | phone: (415) 476-4044 | fax: (415) 476-4044 | email: admissions@medsch.ucsf.edu | website: http://meded.ucsf.edu/admissions",
aamc_msar_main_campus_contact,AAMC MSAR Advisor Reports,https://students-residents.aamc.org/medical-school-admission-requirements/medical-school-admission-requirements-reports-applicants-and-advisors,data/raw/aamc/msar_reports/01_msar023-msar-medical-school-main-campus-address-and-contact-information.pdf,21,12,386.405,CO,University of Colorado School of Medicine,University of Colorado School of Medicine,"Office of Student Life (Admissions) | Anschutz Medical Campus | Aurora , CO 80045 USA",(303) 724-8025,(303) 724-8025,SOMAdmin@ucdenver.edu,https://medschool.cuanschutz.edu/,"Office of Student Life (Admissions) | Anschutz Medical Campus | Aurora , CO 80045 USA | phone: (303) 724-8025 | fax: (303) 724-8025 | email: SOMAdmin@ucdenver.edu | website: https://medschool.cuanschutz.edu/",
aamc_msar_main_campus_contact,AAMC MSAR Advisor Reports,https://students-residents.aamc.org/medical-school-admission-requirements/medical-school-admission-requirements-reports-applicants-and-advisors,data/raw/aamc/msar_reports/01_msar023-msar-medical-school-main-campus-address-and-contact-information.pdf,22,12,282.443,CT,Frank H. Netter MD School of Medicine at Quinnipiac University,Frank H. Netter MD School of Medicine at Quinnipiac University,"275 Mount Carmel Avenue | Hamden , CT 06518-1908 USA",(855) 582-7766,(855) 582-7766,medicine@quinnipiac.edu,https://www.qu.edu/schools/medicine/apply-for-admission/,"275 Mount Carmel Avenue | Hamden , CT 06518-1908 USA | phone: (855) 582-7766 | fax: (855) 582-7766 | email: medicine@quinnipiac.edu | website: https://www.qu.edu/schools/medicine/apply-for-admission/",
aamc_msar_main_campus_contact,AAMC MSAR Advisor Reports,https://students-residents.aamc.org/medical-school-admission-requirements/medical-school-admission-requirements-reports-applicants-and-advisors,data/raw/aamc/msar_reports/01_msar023-msar-medical-school-main-campus-address-and-contact-information.pdf,23,12,178.441,CT,University of Connecticut School of Medicine,University of Connecticut School of Medicine,"Medical Student Affairs | School of Medicine | Farmington , CT 06030 USA",(860) 679-4713,(860) 679-4713,admissions@uchc.edu,https://medicine.uconn.edu/,"Medical Student Affairs | School of Medicine | Farmington , CT 06030 USA | phone: (860) 679-4713 | fax: (860) 679-4713 | email: admissions@uchc.edu | website: https://medicine.uconn.edu/",
aamc_msar_main_campus_contact,AAMC MSAR Advisor Reports,https://students-residents.aamc.org/medical-school-admission-requirements/medical-school-admission-requirements-reports-applicants-and-advisors,data/raw/aamc/msar_reports/01_msar023-msar-medical-school-main-campus-address-and-contact-information.pdf,24,12,74.439,CT,Yale School of Medicine,Yale School of Medicine,"367 Cedar Street | Edward S. Harkness Hall D | New Haven , CT 06510 USA",(203) 785-2696,(203) 785-2696,,https://medicine.yale.edu/md-program/admissions/,"367 Cedar Street | Edward S. Harkness Hall D | New Haven , CT 06510 USA | phone: (203) 785-2696 | fax: (203) 785-2696 | website: https://medicine.yale.edu/md-program/admissions/",
aamc_msar_main_campus_contact,AAMC MSAR Advisor Reports,https://students-residents.aamc.org/medical-school-admission-requirements/medical-school-admission-requirements-reports-applicants-and-advisors,data/raw/aamc/msar_reports/01_msar023-msar-medical-school-main-campus-address-and-contact-information.pdf,25,14,581.450,DC,George Washington University School of Medicine & Health Sciences,George Washington University School of Medicine & Health Sciences,"Office of MD Admissions | Washington , DC 20037 USA",(202) 994-3506,(202) 994-3506,medadmit@gwu.edu,http://smhs.gwu.edu/academics/md/admissions,"Office of MD Admissions | Washington , DC 20037 USA | phone: (202) 994-3506 | fax: (202) 994-3506 | email: medadmit@gwu.edu | website: http://smhs.gwu.edu/academics/md/admissions",
aamc_msar_main_campus_contact,AAMC MSAR Advisor Reports,https://students-residents.aamc.org/medical-school-admission-requirements/medical-school-admission-requirements-reports-applicants-and-advisors,data/raw/aamc/msar_reports/01_msar023-msar-medical-school-main-campus-address-and-contact-information.pdf,26,14,477.448,DC,Georgetown University School of Medicine,Georgetown University School of Medicine,"Office of Admissions | Box 571421 | Washington , DC 20057-1421 USA",(202) 687-1154,(202) 687-1154,medicaladmissions@georgetown.edu,http://md.georgetown.edu,"Office of Admissions | Box 571421 | Washington , DC 20057-1421 USA | phone: (202) 687-1154 | fax: (202) 687-1154 | email: medicaladmissions@georgetown.edu | website: http://md.georgetown.edu",
aamc_msar_main_campus_contact,AAMC MSAR Advisor Reports,https://students-residents.aamc.org/medical-school-admission-requirements/medical-school-admission-requirements-reports-applicants-and-advisors,data/raw/aamc/msar_reports/01_msar023-msar-medical-school-main-campus-address-and-contact-information.pdf,27,14,373.445,DC,Howard University College of Medicine,Howard University College of Medicine,"Office of Admissions, Office of the Dean | College of Medicine, Room 2310 | Washington , DC 20059 USA",(202) 806-6279,(202) 806-6279,hucmadmissions@howard.edu,https://medicine.howard.edu/admissions,"Office of Admissions, Office of the Dean | College of Medicine, Room 2310 | Washington , DC 20059 USA | phone: (202) 806-6279 | fax: (202) 806-6279 | email: hucmadmissions@howard.edu | website: https://medicine.howard.edu/admissions",
aamc_msar_main_campus_contact,AAMC MSAR Advisor Reports,https://students-residents.aamc.org/medical-school-admission-requirements/medical-school-admission-requirements-reports-applicants-and-advisors,data/raw/aamc/msar_reports/01_msar023-msar-medical-school-main-campus-address-and-contact-information.pdf,28,14,269.483,FL,Charles E. Schmidt College of Medicine at Florida Atlantic University,Charles E. Schmidt College of Medicine at Florida Atlantic University,"777 Glades Road | Boca Raton , FL 33431 USA",(561) 297-0440,(561) 297-0440,mdadmissions@fau.edu,http://med.fau.edu/admissions,"777 Glades Road | Boca Raton , FL 33431 USA | phone: (561) 297-0440 | fax: (561) 297-0440 | email: mdadmissions@fau.edu | website: http://med.fau.edu/admissions",
aamc_msar_main_campus_contact,AAMC MSAR Advisor Reports,https://students-residents.aamc.org/medical-school-admission-requirements/medical-school-admission-requirements-reports-applicants-and-advisors,data/raw/aamc/msar_reports/01_msar023-msar-medical-school-main-campus-address-and-contact-information.pdf,29,14,178.481,FL,Florida International University Herbert Wertheim College of Medicine,Florida International University Herbert Wertheim College of Medicine,"Office of Admissions | Miami , FL 33199 USA",(305) 348-0644,(305) 348-0644,med.admissions@fiu.edu,http://medicine.fiu.edu/,"Office of Admissions | Miami , FL 33199 USA | phone: (305) 348-0644 | fax: (305) 348-0644 | email: med.admissions@fiu.edu | website: http://medicine.fiu.edu/",
aamc_msar_main_campus_contact,AAMC MSAR Advisor Reports,https://students-residents.aamc.org/medical-school-admission-requirements/medical-school-admission-requirements-reports-applicants-and-advisors,data/raw/aamc/msar_reports/01_msar023-msar-medical-school-main-campus-address-and-contact-information.pdf,30,14,74.479,FL,Florida State University College of Medicine,Florida State University College of Medicine,"Division of Student Affairs and Admissions | 1115 West Call Street | Tallahassee , FL 32306 USA",(850) 644-7904,(850) 644-7904,medadmissions@med.fsu.edu,http://med.fsu.edu/?page=mdAdmissions.home,"Division of Student Affairs and Admissions | 1115 West Call Street | Tallahassee , FL 32306 USA | phone: (850) 644-7904 | fax: (850) 644-7904 | email: medadmissions@med.fsu.edu | website: http://med.fsu.edu/?page=mdAdmissions.home",
aamc_msar_main_campus_contact,AAMC MSAR Advisor Reports,https://students-residents.aamc.org/medical-school-admission-requirements/medical-school-admission-requirements-reports-applicants-and-advisors,data/raw/aamc/msar_reports/01_msar023-msar-medical-school-main-campus-address-and-contact-information.pdf,31,16,594.410,FL,Nova Southeastern University Dr. Kiran C. Patel College of Allopathic Medicine,Nova Southeastern University Dr. Kiran C. Patel College of Allopathic Medicine,"3200 South University Drive | Fort Lauderdale , FL 33328-2018 USA",(954) 262-1535,(954) 262-1535,mdadmissions@nova.edu,,"3200 South University Drive | Fort Lauderdale , FL 33328-2018 USA | phone: (954) 262-1535 | fax: (954) 262-1535 | email: mdadmissions@nova.edu",
aamc_msar_main_campus_contact,AAMC MSAR Advisor Reports,https://students-residents.aamc.org/medical-school-admission-requirements/medical-school-admission-requirements-reports-applicants-and-advisors,data/raw/aamc/msar_reports/01_msar023-msar-medical-school-main-campus-address-and-contact-information.pdf,32,16,490.448,FL,University of Central Florida College of Medicine,University of Central Florida College of Medicine,"M.D. Admissions/Suite 115 | Orlando , FL 32827 USA",(407) 266-1350,(407) 266-1350,mdadmissions@ucf.edu,https://med.ucf.edu/,"M.D. Admissions/Suite 115 | Orlando , FL 32827 USA | phone: (407) 266-1350 | fax: (407) 266-1350 | email: mdadmissions@ucf.edu | website: https://med.ucf.edu/",
aamc_msar_main_campus_contact,AAMC MSAR Advisor Reports,https://students-residents.aamc.org/medical-school-admission-requirements/medical-school-admission-requirements-reports-applicants-and-advisors,data/raw/aamc/msar_reports/01_msar023-msar-medical-school-main-campus-address-and-contact-information.pdf,33,16,386.446,FL,University of Florida College of Medicine,University of Florida College of Medicine,"Office of Admissions | UF Health Sciences Center | Gainesville , FL 32610 USA",(352) 273-7990,(352) 273-7990,med-admissions@ufl.edu,http://admissions.med.ufl.edu,"Office of Admissions | UF Health Sciences Center | Gainesville , FL 32610 USA | phone: (352) 273-7990 | fax: (352) 273-7990 | email: med-admissions@ufl.edu | website: http://admissions.med.ufl.edu",
aamc_msar_main_campus_contact,AAMC MSAR Advisor Reports,https://students-residents.aamc.org/medical-school-admission-requirements/medical-school-admission-requirements-reports-applicants-and-advisors,data/raw/aamc/msar_reports/01_msar023-msar-medical-school-main-campus-address-and-contact-information.pdf,34,16,295.444,FL,University of Miami Leonard M. Miller School of Medicine,University of Miami Leonard M. Miller School of Medicine,"Office of Admissions | Miami , FL 33101 USA",(305) 243-3234,(305) 243-3234,med.admissions@miami.edu,https://med.miami.edu,"Office of Admissions | Miami , FL 33101 USA | phone: (305) 243-3234 | fax: (305) 243-3234 | email: med.admissions@miami.edu | website: https://med.miami.edu",
aamc_msar_main_campus_contact,AAMC MSAR Advisor Reports,https://students-residents.aamc.org/medical-school-admission-requirements/medical-school-admission-requirements-reports-applicants-and-advisors,data/raw/aamc/msar_reports/01_msar023-msar-medical-school-main-campus-address-and-contact-information.pdf,35,16,191.482,FL,USF Health Morsani College of Medicine,USF Health Morsani College of Medicine,"560 Channelside Dr. MDD 3 | Tampa , FL 33612-4799 USA",(813) 974-2229,(813) 974-2229,md-admissions@health.usf.edu,https://health.usf.edu/,"560 Channelside Dr. MDD 3 | Tampa , FL 33612-4799 USA | phone: (813) 974-2229 | fax: (813) 974-2229 | email: md-admissions@health.usf.edu | website: https://health.usf.edu/",
aamc_msar_main_campus_contact,AAMC MSAR Advisor Reports,https://students-residents.aamc.org/medical-school-admission-requirements/medical-school-admission-requirements-reports-applicants-and-advisors,data/raw/aamc/msar_reports/01_msar023-msar-medical-school-main-campus-address-and-contact-information.pdf,36,16,87.519,GA,Emory University School of Medicine,Emory University School of Medicine,"100 Woodruff Circle, Suite 231 | Atlanta , GA 30322 USA",(404) 727-5660,(404) 727-5660,medadmiss@emory.edu,http://www.med.emory.edu/prospectives,"100 Woodruff Circle, Suite 231 | Atlanta , GA 30322 USA | phone: (404) 727-5660 | fax: (404) 727-5660 | email: medadmiss@emory.edu | website: http://www.med.emory.edu/prospectives",
aamc_msar_main_campus_contact,AAMC MSAR Advisor Reports,https://students-residents.aamc.org/medical-school-admission-requirements/medical-school-admission-requirements-reports-applicants-and-advisors,data/raw/aamc/msar_reports/01_msar023-msar-medical-school-main-campus-address-and-contact-information.pdf,37,18,581.410,GA,Medical College of Georgia at Augusta University,Medical College of Georgia at Augusta University,"Kelli M. Braun, MD, FACOG | Medical College of Georgia, AA 2040 | Augusta , GA 30912 USA",(706) 721-3186,(706) 721-3186,mcgadmissions@augusta.edu,http://www.augusta.edu/mcg/admissions/,"Kelli M. Braun, MD, FACOG | Medical College of Georgia, AA 2040 | Augusta , GA 30912 USA | phone: (706) 721-3186 | fax: (706) 721-3186 | email: mcgadmissions@augusta.edu | website: http://www.augusta.edu/mcg/admissions/",
aamc_msar_main_campus_contact,AAMC MSAR Advisor Reports,https://students-residents.aamc.org/medical-school-admission-requirements/medical-school-admission-requirements-reports-applicants-and-advisors,data/raw/aamc/msar_reports/01_msar023-msar-medical-school-main-campus-address-and-contact-information.pdf,38,18,477.408,GA,Mercer University School of Medicine,Mercer University School of Medicine,"Office of Admissions | 1550 College Street | Macon , GA 31207 USA",(478) 301-5425,(478) 301-5425,musmadmissions@mercer.edu,https://medicine.mercer.edu/admissions/doctor-of-medicine/,"Office of Admissions | 1550 College Street | Macon , GA 31207 USA | phone: (478) 301-5425 | fax: (478) 301-5425 | email: musmadmissions@mercer.edu | website: https://medicine.mercer.edu/admissions/doctor-of-medicine/",
aamc_msar_main_campus_contact,AAMC MSAR Advisor Reports,https://students-residents.aamc.org/medical-school-admission-requirements/medical-school-admission-requirements-reports-applicants-and-advisors,data/raw/aamc/msar_reports/01_msar023-msar-medical-school-main-campus-address-and-contact-information.pdf,39,18,373.405,GA,Morehouse School of Medicine,Morehouse School of Medicine,"Admissions and Student Affairs | 720 Westview Drive, S.W. | Atlanta , GA 30310 USA",(404) 752-1650,(404) 752-1512,mdadmissions@msm.edu,http://www.msm.edu/Admissions/index.php,"Admissions and Student Affairs | 720 Westview Drive, S.W. | Atlanta , GA 30310 USA | phone: (404) 752-1650 | fax: (404) 752-1512 | email: mdadmissions@msm.edu | website: http://www.msm.edu/Admissions/index.php",
aamc_msar_main_campus_contact,AAMC MSAR Advisor Reports,https://students-residents.aamc.org/medical-school-admission-requirements/medical-school-admission-requirements-reports-applicants-and-advisors,data/raw/aamc/msar_reports/01_msar023-msar-medical-school-main-campus-address-and-contact-information.pdf,40,18,282.444,GA,University of Georgia School of Medicine,University of Georgia School of Medicine,"Athens , GA 30602-5038 USA",() -,() -,,,"Athens , GA 30602-5038 USA | phone: () - | fax: () -",
aamc_msar_main_campus_contact,AAMC MSAR Advisor Reports,https://students-residents.aamc.org/medical-school-admission-requirements/medical-school-admission-requirements-reports-applicants-and-advisors,data/raw/aamc/msar_reports/01_msar023-msar-medical-school-main-campus-address-and-contact-information.pdf,41,18,191.442,HI,"University of Hawaii, John A. Burns School of Medicine","University of Hawaii, John A. Burns School of Medicine","Office of Admissions | Honolulu , HI 96813 USA",(808) 692-0892,(808) 692-1251,medadmin@hawaii.edu,https://jabsom.hawaii.edu/index.html,"Office of Admissions | Honolulu , HI 96813 USA | phone: (808) 692-0892 | fax: (808) 692-1251 | email: medadmin@hawaii.edu | website: https://jabsom.hawaii.edu/index.html",
aamc_msar_main_campus_contact,AAMC MSAR Advisor Reports,https://students-residents.aamc.org/medical-school-admission-requirements/medical-school-admission-requirements-reports-applicants-and-advisors,data/raw/aamc/msar_reports/01_msar023-msar-medical-school-main-campus-address-and-contact-information.pdf,42,18,100.440,IA,University of Iowa Roy J. and Lucille A. Carver College of Medicine,University of Iowa Roy J. and Lucille A. Carver College of Medicine,"Medical Student Admissions | Iowa City , IA 52242 USA",(319) 335-8052,(319) 335-8052,com-admissions@uiowa.edu,http://www.medicine.uiowa.edu/md/admissions,"Medical Student Admissions | Iowa City , IA 52242 USA | phone: (319) 335-8052 | fax: (319) 335-8052 | email: com-admissions@uiowa.edu | website: http://www.medicine.uiowa.edu/md/admissions",
aamc_msar_main_campus_contact,AAMC MSAR Advisor Reports,https://students-residents.aamc.org/medical-school-admission-requirements/medical-school-admission-requirements-reports-applicants-and-advisors,data/raw/aamc/msar_reports/01_msar023-msar-medical-school-main-campus-address-and-contact-information.pdf,43,20,581.410,IL,Carle Illinois College of Medicine,Carle Illinois College of Medicine,"506 South Mathews Avenue | Champaign , IL 61820 USA",(217) 300-5700,(217) 300-5700,admissions@medicine.illinois.edu,https://medicine.illinois.edu/,"506 South Mathews Avenue | Champaign , IL 61820 USA | phone: (217) 300-5700 | fax: (217) 300-5700 | email: admissions@medicine.illinois.edu | website: https://medicine.illinois.edu/",
aamc_msar_main_campus_contact,AAMC MSAR Advisor Reports,https://students-residents.aamc.org/medical-school-admission-requirements/medical-school-admission-requirements-reports-applicants-and-advisors,data/raw/aamc/msar_reports/01_msar023-msar-medical-school-main-campus-address-and-contact-information.pdf,44,20,477.448,IL,Chicago Medical School at Rosalind Franklin University of Medicine & Science,Chicago Medical School at Rosalind Franklin University of Medicine & Science,"3333 Green Bay Road | North Chicago , IL 60064 USA",(847) 578-3204,(847) 578-3204,cms.admissions@rosalindfranklin.edu,https://rosalindfranklin.edu/admission-aid/,"3333 Green Bay Road | North Chicago , IL 60064 USA | phone: (847) 578-3204 | fax: (847) 578-3204 | email: cms.admissions@rosalindfranklin.edu | website: https://rosalindfranklin.edu/admission-aid/",
aamc_msar_main_campus_contact,AAMC MSAR Advisor Reports,https://students-residents.aamc.org/medical-school-admission-requirements/medical-school-admission-requirements-reports-applicants-and-advisors,data/raw/aamc/msar_reports/01_msar023-msar-medical-school-main-campus-address-and-contact-information.pdf,45,20,373.486,IL,Loyola University Chicago Stritch School of Medicine,Loyola University Chicago Stritch School of Medicine,"Bldg. 120, Rm. 200 | Maywood , IL 60153 USA",(464) 220-9306,() -,SSOM-admissions@luc.edu,https://ssom.luc.edu,"Bldg. 120, Rm. 200 | Maywood , IL 60153 USA | phone: (464) 220-9306 | fax: () - | email: SSOM-admissions@luc.edu | website: https://ssom.luc.edu",
aamc_msar_main_campus_contact,AAMC MSAR Advisor Reports,https://students-residents.aamc.org/medical-school-admission-requirements/medical-school-admission-requirements-reports-applicants-and-advisors,data/raw/aamc/msar_reports/01_msar023-msar-medical-school-main-campus-address-and-contact-information.pdf,46,20,269.524,IL,Northwestern University The Feinberg School of Medicine,Northwestern University The Feinberg School of Medicine,"Office of Admissions | Chicago , IL 60611 USA",(312) 503-8206,(312) 503-8206,med-admissions@northwestern.edu,http://www.feinberg.northwestern.edu/admissions/index.html,"Office of Admissions | Chicago , IL 60611 USA | phone: (312) 503-8206 | fax: (312) 503-8206 | email: med-admissions@northwestern.edu | website: http://www.feinberg.northwestern.edu/admissions/index.html",
aamc_msar_main_campus_contact,AAMC MSAR Advisor Reports,https://students-residents.aamc.org/medical-school-admission-requirements/medical-school-admission-requirements-reports-applicants-and-advisors,data/raw/aamc/msar_reports/01_msar023-msar-medical-school-main-campus-address-and-contact-information.pdf,47,20,165.562,IL,Rush Medical College of Rush University Medical Center,Rush Medical College of Rush University Medical Center,"Suite 524 | Chicago , IL 60612 USA",(312) 942-6915,(312) 942-6915,RMC_Admissions@rush.edu,https://www.rushu.rush.edu/rush-medical-college,"Suite 524 | Chicago , IL 60612 USA | phone: (312) 942-6915 | fax: (312) 942-6915 | email: RMC_Admissions@rush.edu | website: https://www.rushu.rush.edu/rush-medical-college",
aamc_msar_main_campus_contact,AAMC MSAR Advisor Reports,https://students-residents.aamc.org/medical-school-admission-requirements/medical-school-admission-requirements-reports-applicants-and-advisors,data/raw/aamc/msar_reports/01_msar023-msar-medical-school-main-campus-address-and-contact-information.pdf,48,20,61.559,IL,Southern Illinois University School of Medicine,Southern Illinois University School of Medicine,"Office of Admissions | School of Medicine | Springfield , IL 62794 USA",(217) 545-6013,(217) 545-6013,admissions@siumed.edu,http://www.siumed.edu/studentaffairs/admissions,"Office of Admissions | School of Medicine | Springfield , IL 62794 USA | phone: (217) 545-6013 | fax: (217) 545-6013 | email: admissions@siumed.edu | website: http://www.siumed.edu/studentaffairs/admissions",
aamc_msar_main_campus_contact,AAMC MSAR Advisor Reports,https://students-residents.aamc.org/medical-school-admission-requirements/medical-school-admission-requirements-reports-applicants-and-advisors,data/raw/aamc/msar_reports/01_msar023-msar-medical-school-main-campus-address-and-contact-information.pdf,49,22,594.410,IL,University of Chicago Division of the Biological Sciences The Pritzker School of Medicine,University of Chicago Division of the Biological Sciences The Pritzker School of Medicine,"Office of Admissions | Chicago , IL 60637 USA",(773) 702-1937,(773) 702-1937,pritzkeradmissions@bsd.uchicago.edu,http://pritzker.uchicago.edu/admissions/,"Office of Admissions | Chicago , IL 60637 USA | phone: (773) 702-1937 | fax: (773) 702-1937 | email: pritzkeradmissions@bsd.uchicago.edu | website: http://pritzker.uchicago.edu/admissions/",
aamc_msar_main_campus_contact,AAMC MSAR Advisor Reports,https://students-residents.aamc.org/medical-school-admission-requirements/medical-school-admission-requirements-reports-applicants-and-advisors,data/raw/aamc/msar_reports/01_msar023-msar-medical-school-main-campus-address-and-contact-information.pdf,50,22,490.408,IL,University of Illinois College of Medicine,University of Illinois College of Medicine,"Medical College Admissions | 808 South Wood Street, Room 165 CME, M/C 783 | Chicago , IL 60612 USA",(312) 996-5636,(312) 996-5636,medadmit@uic.edu,http://www.medicine.uic.edu/admissions,"Medical College Admissions | 808 South Wood Street, Room 165 CME, M/C 783 | Chicago , IL 60612 USA | phone: (312) 996-5636 | fax: (312) 996-5636 | email: medadmit@uic.edu | website: http://www.medicine.uic.edu/admissions",
aamc_msar_main_campus_contact,AAMC MSAR Advisor Reports,https://students-residents.aamc.org/medical-school-admission-requirements/medical-school-admission-requirements-reports-applicants-and-advisors,data/raw/aamc/msar_reports/01_msar023-msar-medical-school-main-campus-address-and-contact-information.pdf,51,22,386.405,IN,Indiana University School of Medicine,Indiana University School of Medicine,"Medical School Admissions Office | 1130 West Michigan Street, Fesler Hall 213 | Indianapolis , IN 46202 USA",(317) 274-3772,(317) 274-3772,inmedadm@iu.edu,http://admissions.medicine.iu.edu/,"Medical School Admissions Office | 1130 West Michigan Street, Fesler Hall 213 | Indianapolis , IN 46202 USA | phone: (317) 274-3772 | fax: (317) 274-3772 | email: inmedadm@iu.edu | website: http://admissions.medicine.iu.edu/",
aamc_msar_main_campus_contact,AAMC MSAR Advisor Reports,https://students-residents.aamc.org/medical-school-admission-requirements/medical-school-admission-requirements-reports-applicants-and-advisors,data/raw/aamc/msar_reports/01_msar023-msar-medical-school-main-campus-address-and-contact-information.pdf,52,22,282.403,KS,University of Kansas School of Medicine,University of Kansas School of Medicine,"Office of Admissions | Mail Stop 1049 | Kansas City , KS 66160 USA",(913) 588-5280,(913) 588-5280,premedinfo@kumc.edu,http://www.kumc.edu/school-of-medicine/education/admissions.html,"Office of Admissions | Mail Stop 1049 | Kansas City , KS 66160 USA | phone: (913) 588-5280 | fax: (913) 588-5280 | email: premedinfo@kumc.edu | website: http://www.kumc.edu/school-of-medicine/education/admissions.html",
aamc_msar_main_campus_contact,AAMC MSAR Advisor Reports,https://students-residents.aamc.org/medical-school-admission-requirements/medical-school-admission-requirements-reports-applicants-and-advisors,data/raw/aamc/msar_reports/01_msar023-msar-medical-school-main-campus-address-and-contact-information.pdf,53,22,178.441,KY,University of Kentucky College of Medicine,University of Kentucky College of Medicine,"800 Rose St MN 118 | Lexington , KY 40536-0298 USA",(859) 323-6161,(859) 323-6161,kymedap@uky.edu,https://medicine.uky.edu/sites/meded/admissions,"800 Rose St MN 118 | Lexington , KY 40536-0298 USA | phone: (859) 323-6161 | fax: (859) 323-6161 | email: kymedap@uky.edu | website: https://medicine.uky.edu/sites/meded/admissions",
aamc_msar_main_campus_contact,AAMC MSAR Advisor Reports,https://students-residents.aamc.org/medical-school-admission-requirements/medical-school-admission-requirements-reports-applicants-and-advisors,data/raw/aamc/msar_reports/01_msar023-msar-medical-school-main-campus-address-and-contact-information.pdf,54,22,74.439,KY,University of Louisville School of Medicine,University of Louisville School of Medicine,"Office of Admissions, Rm. 120 | Health Sciences Building | Louisville , KY 40202-3866 USA",(502) 852-5193,(502) 852-5193,medadm@louisville.edu,http://www.louisville.edu/medschool/admissions,"Office of Admissions, Rm. 120 | Health Sciences Building | Louisville , KY 40202-3866 USA | phone: (502) 852-5193 | fax: (502) 852-5193 | email: medadm@louisville.edu | website: http://www.louisville.edu/medschool/admissions",
aamc_msar_main_campus_contact,AAMC MSAR Advisor Reports,https://students-residents.aamc.org/medical-school-admission-requirements/medical-school-admission-requirements-reports-applicants-and-advisors,data/raw/aamc/msar_reports/01_msar023-msar-medical-school-main-campus-address-and-contact-information.pdf,55,24,581.410,LA,Louisiana State University School of Medicine in New Orleans,Louisiana State University School of Medicine in New Orleans,"Office of Admissions | School of Medicine in New Orleans | New Orleans , LA 70112 USA",(504) 568-6262,(504) 568-6262,ms-admissions@lsuhsc.edu,http://www.medschool.lsuhsc.edu/admissions,"Office of Admissions | School of Medicine in New Orleans | New Orleans , LA 70112 USA | phone: (504) 568-6262 | fax: (504) 568-6262 | email: ms-admissions@lsuhsc.edu | website: http://www.medschool.lsuhsc.edu/admissions",
aamc_msar_main_campus_contact,AAMC MSAR Advisor Reports,https://students-residents.aamc.org/medical-school-admission-requirements/medical-school-admission-requirements-reports-applicants-and-advisors,data/raw/aamc/msar_reports/01_msar023-msar-medical-school-main-campus-address-and-contact-information.pdf,56,24,477.448,LA,Louisiana State University School of Medicine in Shreveport,Louisiana State University School of Medicine in Shreveport,"1501 Kings HIghway | Shreveport , LA 71103 USA",(318) 675-5190,(318) 675-8690,shvadm@lsuhs.edu,https://www.lsuhs.edu/our-schools/school-of-medicine,"1501 Kings HIghway | Shreveport , LA 71103 USA | phone: (318) 675-5190 | fax: (318) 675-8690 | email: shvadm@lsuhs.edu | website: https://www.lsuhs.edu/our-schools/school-of-medicine",
aamc_msar_main_campus_contact,AAMC MSAR Advisor Reports,https://students-residents.aamc.org/medical-school-admission-requirements/medical-school-admission-requirements-reports-applicants-and-advisors,data/raw/aamc/msar_reports/01_msar023-msar-medical-school-main-campus-address-and-contact-information.pdf,57,24,373.445,LA,Tulane University School of Medicine,Tulane University School of Medicine,"Office of Admissions and Student Affairs | 131 S. Robertson Street, Suite 1550 | New Orleans , LA 70112-2699 USA",(504) 988-5331,(504) 988-5331,medsch@tulane.edu,https://medicine.tulane.edu/admissions,"Office of Admissions and Student Affairs | 131 S. Robertson Street, Suite 1550 | New Orleans , LA 70112-2699 USA | phone: (504) 988-5331 | fax: (504) 988-5331 | email: medsch@tulane.edu | website: https://medicine.tulane.edu/admissions",
aamc_msar_main_campus_contact,AAMC MSAR Advisor Reports,https://students-residents.aamc.org/medical-school-admission-requirements/medical-school-admission-requirements-reports-applicants-and-advisors,data/raw/aamc/msar_reports/01_msar023-msar-medical-school-main-campus-address-and-contact-information.pdf,58,24,282.443,MA,Boston University Aram V. Chobanian & Edward Avedisian School of Medicine,Boston University Aram V. Chobanian & Edward Avedisian School of Medicine,"Office of Admissions | Boston , MA 02118 USA",(617) 358-9540,(617) 358-9540,medadms@bu.edu,http://www.bumc.bu.edu/busm/admissions/,"Office of Admissions | Boston , MA 02118 USA | phone: (617) 358-9540 | fax: (617) 358-9540 | email: medadms@bu.edu | website: http://www.bumc.bu.edu/busm/admissions/",
aamc_msar_main_campus_contact,AAMC MSAR Advisor Reports,https://students-residents.aamc.org/medical-school-admission-requirements/medical-school-admission-requirements-reports-applicants-and-advisors,data/raw/aamc/msar_reports/01_msar023-msar-medical-school-main-campus-address-and-contact-information.pdf,59,24,178.441,MA,Harvard Medical School,Harvard Medical School,"Office of the Committee on Admissions | 25 Shattuck Street | Boston , MA 02115-6092 USA",(617) 432-1550,(617) 432-1550,admissions_office@hms.harvard.edu,http://hms.harvard.edu/admissions/,"Office of the Committee on Admissions | 25 Shattuck Street | Boston , MA 02115-6092 USA | phone: (617) 432-1550 | fax: (617) 432-1550 | email: admissions_office@hms.harvard.edu | website: http://hms.harvard.edu/admissions/",
aamc_msar_main_campus_contact,AAMC MSAR Advisor Reports,https://students-residents.aamc.org/medical-school-admission-requirements/medical-school-admission-requirements-reports-applicants-and-advisors,data/raw/aamc/msar_reports/01_msar023-msar-medical-school-main-campus-address-and-contact-information.pdf,60,24,74.439,MA,Tufts University School of Medicine,Tufts University School of Medicine,"Office of Admissions | School of Medicine | Boston , MA 02111 USA",(617) 636-6571,(617) 636-6571,med-admissions@tufts.edu,http://medicine.tufts.edu/Admissions/MD-Application-Process,"Office of Admissions | School of Medicine | Boston , MA 02111 USA | phone: (617) 636-6571 | fax: (617) 636-6571 | email: med-admissions@tufts.edu | website: http://medicine.tufts.edu/Admissions/MD-Application-Process",
aamc_msar_main_campus_contact,AAMC MSAR Advisor Reports,https://students-residents.aamc.org/medical-school-admission-requirements/medical-school-admission-requirements-reports-applicants-and-advisors,data/raw/aamc/msar_reports/01_msar023-msar-medical-school-main-campus-address-and-contact-information.pdf,61,26,581.410,MA,University of Massachusetts T.H. Chan School of Medicine,University of Massachusetts T.H. Chan School of Medicine,"55 Lake Ave., North | Worcester , MA 01605 USA",(508) 856-2323,(508) 856-2323,admissions@umassmed.edu,https://www.umassmed.edu/,"55 Lake Ave., North | Worcester , MA 01605 USA | phone: (508) 856-2323 | fax: (508) 856-2323 | email: admissions@umassmed.edu | website: https://www.umassmed.edu/",
aamc_msar_main_campus_contact,AAMC MSAR Advisor Reports,https://students-residents.aamc.org/medical-school-admission-requirements/medical-school-admission-requirements-reports-applicants-and-advisors,data/raw/aamc/msar_reports/01_msar023-msar-medical-school-main-campus-address-and-contact-information.pdf,62,26,477.407,MD,Johns Hopkins University School of Medicine,Johns Hopkins University School of Medicine,"Committee on Admissions | School of Medicine | Baltimore , MD 21205 USA",(410) 955-3182,(410) 955-3182,somadmiss@jhmi.edu,https://www.hopkinsmedicine.org/,"Committee on Admissions | School of Medicine | Baltimore , MD 21205 USA | phone: (410) 955-3182 | fax: (410) 955-3182 | email: somadmiss@jhmi.edu | website: https://www.hopkinsmedicine.org/",
aamc_msar_main_campus_contact,AAMC MSAR Advisor Reports,https://students-residents.aamc.org/medical-school-admission-requirements/medical-school-admission-requirements-reports-applicants-and-advisors,data/raw/aamc/msar_reports/01_msar023-msar-medical-school-main-campus-address-and-contact-information.pdf,63,26,386.405,MD,Uniformed Services University of the Health Sciences F. Edward Hebert School of Medicine,Uniformed Services University of the Health Sciences F. Edward Hebert School of Medicine,"Admissions Office, Room A-1041 | Bethesda , MD 20814-4799 USA",(301) 295-3101,(301) 295-3101,admissions@usuhs.edu,https://medschool.usuhs.edu/,"Admissions Office, Room A-1041 | Bethesda , MD 20814-4799 USA | phone: (301) 295-3101 | fax: (301) 295-3101 | email: admissions@usuhs.edu | website: https://medschool.usuhs.edu/",
aamc_msar_main_campus_contact,AAMC MSAR Advisor Reports,https://students-residents.aamc.org/medical-school-admission-requirements/medical-school-admission-requirements-reports-applicants-and-advisors,data/raw/aamc/msar_reports/01_msar023-msar-medical-school-main-campus-address-and-contact-information.pdf,64,26,295.403,MD,University of Maryland School of Medicine,University of Maryland School of Medicine,"Committee on Admissions | Baltimore , MD 21201-1559 USA",(410) 706-7478,(410) 706-7478,admissions@som.umaryland.edu,http://www.medschool.umaryland.edu/admissions,"Committee on Admissions | Baltimore , MD 21201-1559 USA | phone: (410) 706-7478 | fax: (410) 706-7478 | email: admissions@som.umaryland.edu | website: http://www.medschool.umaryland.edu/admissions",
aamc_msar_main_campus_contact,AAMC MSAR Advisor Reports,https://students-residents.aamc.org/medical-school-admission-requirements/medical-school-admission-requirements-reports-applicants-and-advisors,data/raw/aamc/msar_reports/01_msar023-msar-medical-school-main-campus-address-and-contact-information.pdf,65,26,182.401,MI,Central Michigan University College of Medicine,Central Michigan University College of Medicine,"College of Medicine Admissions | Central Michigan University | Mount Pleasant , MI 48859 USA",(989) 774-7882,(989) 774-7882,cmedadmit@cmich.edu,https://www.cmich.edu/colleges/cmed/Education/MDProgram/Admissions/Pages /default.aspx,"College of Medicine Admissions | Central Michigan University | Mount Pleasant , MI 48859 USA | phone: (989) 774-7882 | fax: (989) 774-7882 | email: cmedadmit@cmich.edu | website: https://www.cmich.edu/colleges/cmed/Education/MDProgram/Admissions/Pages /default.aspx",
aamc_msar_main_campus_contact,AAMC MSAR Advisor Reports,https://students-residents.aamc.org/medical-school-admission-requirements/medical-school-admission-requirements-reports-applicants-and-advisors,data/raw/aamc/msar_reports/01_msar023-msar-medical-school-main-campus-address-and-contact-information.pdf,66,26,78.439,MI,Michigan State University College of Human Medicine,Michigan State University College of Human Medicine,"Secchia Center | Grand Rapids , MI 49503 USA",(517) 353-9620,(517) 353-9620,chm.mdadmissions@msu.edu,https://humanmedicine.msu.edu/admissions/Admission-Requirements.html,"Secchia Center | Grand Rapids , MI 49503 USA | phone: (517) 353-9620 | fax: (517) 353-9620 | email: chm.mdadmissions@msu.edu | website: https://humanmedicine.msu.edu/admissions/Admission-Requirements.html",
aamc_msar_main_campus_contact,AAMC MSAR Advisor Reports,https://students-residents.aamc.org/medical-school-admission-requirements/medical-school-admission-requirements-reports-applicants-and-advisors,data/raw/aamc/msar_reports/01_msar023-msar-medical-school-main-campus-address-and-contact-information.pdf,67,28,594.409,MI,Oakland University William Beaumont School of Medicine,Oakland University William Beaumont School of Medicine,"216 O'Dowd Hall | Rochester , MI 48309 USA",(248) 370-2769,(248) 370-2769,medadmit@oakland.edu,http://www.oakland.edu/medicine/admissions/,"216 O'Dowd Hall | Rochester , MI 48309 USA | phone: (248) 370-2769 | fax: (248) 370-2769 | email: medadmit@oakland.edu | website: http://www.oakland.edu/medicine/admissions/",
aamc_msar_main_campus_contact,AAMC MSAR Advisor Reports,https://students-residents.aamc.org/medical-school-admission-requirements/medical-school-admission-requirements-reports-applicants-and-advisors,data/raw/aamc/msar_reports/01_msar023-msar-medical-school-main-campus-address-and-contact-information.pdf,68,28,490.407,MI,University of Michigan Medical School,University of Michigan Medical School,"Office of Admissions | 1135 Catherine St. | Ann Arbor , MI 48109-5726 USA",(734) 764-6317,(734) 764-6317,umichmedadmiss@umich.edu,http://medicine.umich.edu/md-admissions,"Office of Admissions | 1135 Catherine St. | Ann Arbor , MI 48109-5726 USA | phone: (734) 764-6317 | fax: (734) 764-6317 | email: umichmedadmiss@umich.edu | website: http://medicine.umich.edu/md-admissions",
aamc_msar_main_campus_contact,AAMC MSAR Advisor Reports,https://students-residents.aamc.org/medical-school-admission-requirements/medical-school-admission-requirements-reports-applicants-and-advisors,data/raw/aamc/msar_reports/01_msar023-msar-medical-school-main-campus-address-and-contact-information.pdf,69,28,386.405,MI,Wayne State University School of Medicine,Wayne State University School of Medicine,"Richard J. Mazurek M.D. Medical Education Commons | 320 E. Canfield, Suite 322 | Detroit , MI 48201 USA",(313) 577-1466,(313) 577-1466,mdadmissions@wayne.edu,http://www.admissions.med.wayne.edu,"Richard J. Mazurek M.D. Medical Education Commons | 320 E. Canfield, Suite 322 | Detroit , MI 48201 USA | phone: (313) 577-1466 | fax: (313) 577-1466 | email: mdadmissions@wayne.edu | website: http://www.admissions.med.wayne.edu",
aamc_msar_main_campus_contact,AAMC MSAR Advisor Reports,https://students-residents.aamc.org/medical-school-admission-requirements/medical-school-admission-requirements-reports-applicants-and-advisors,data/raw/aamc/msar_reports/01_msar023-msar-medical-school-main-campus-address-and-contact-information.pdf,70,28,295.403,MI,Western Michigan University Homer Stryker M.D. School of Medicine,Western Michigan University Homer Stryker M.D. School of Medicine,"Office of Admissions | Kalamazoo , MI 49008-8023 USA",(269) 337-6100,(269) 337-6100,admissions@wmed.edu,https://wmed.edu/admissions,"Office of Admissions | Kalamazoo , MI 49008-8023 USA | phone: (269) 337-6100 | fax: (269) 337-6100 | email: admissions@wmed.edu | website: https://wmed.edu/admissions",
aamc_msar_main_campus_contact,AAMC MSAR Advisor Reports,https://students-residents.aamc.org/medical-school-admission-requirements/medical-school-admission-requirements-reports-applicants-and-advisors,data/raw/aamc/msar_reports/01_msar023-msar-medical-school-main-campus-address-and-contact-information.pdf,71,28,204.401,MN,Mayo Clinic Alix School of Medicine,Mayo Clinic Alix School of Medicine,"Mayo Medical School - Minnesota Campus | Rochester , MN 55905 USA",() -,() -,mcasomadmissions@mayo.edu,http://www.mayo.edu/mms/programs/md/admissions-and-application-process,"Mayo Medical School - Minnesota Campus | Rochester , MN 55905 USA | phone: () - | fax: () - | email: mcasomadmissions@mayo.edu | website: http://www.mayo.edu/mms/programs/md/admissions-and-application-process",
aamc_msar_main_campus_contact,AAMC MSAR Advisor Reports,https://students-residents.aamc.org/medical-school-admission-requirements/medical-school-admission-requirements-reports-applicants-and-advisors,data/raw/aamc/msar_reports/01_msar023-msar-medical-school-main-campus-address-and-contact-information.pdf,72,28,100.439,MN,University of Minnesota Medical School,University of Minnesota Medical School,"B639 Mayo Memorial Building | Minneapolis , MN 55455 USA",(612) 625-7977,(612) 625-8228,medadmis@umn.edu,http://www.med.umn.edu/admissions,"B639 Mayo Memorial Building | Minneapolis , MN 55455 USA | phone: (612) 625-7977 | fax: (612) 625-8228 | email: medadmis@umn.edu | website: http://www.med.umn.edu/admissions",
aamc_msar_main_campus_contact,AAMC MSAR Advisor Reports,https://students-residents.aamc.org/medical-school-admission-requirements/medical-school-admission-requirements-reports-applicants-and-advisors,data/raw/aamc/msar_reports/01_msar023-msar-medical-school-main-campus-address-and-contact-information.pdf,73,30,581.450,MO,Saint Louis University School of Medicine,Saint Louis University School of Medicine,"Office of Admissions | St. Louis , MO 63104 USA",(314) 977-9875,(314) 977-9875,slumd@health.slu.edu,https://www.slu.edu/medicine/medical-education/md/index.php,"Office of Admissions | St. Louis , MO 63104 USA | phone: (314) 977-9875 | fax: (314) 977-9875 | email: slumd@health.slu.edu | website: https://www.slu.edu/medicine/medical-education/md/index.php",
aamc_msar_main_campus_contact,AAMC MSAR Advisor Reports,https://students-residents.aamc.org/medical-school-admission-requirements/medical-school-admission-requirements-reports-applicants-and-advisors,data/raw/aamc/msar_reports/01_msar023-msar-medical-school-main-campus-address-and-contact-information.pdf,74,30,477.448,MO,University of Missouri-Columbia School of Medicine,University of Missouri-Columbia School of Medicine,"Blair Whitney, Director of Admissions and Recruitment | University of Missouri School of Medicine | Columbia , MO 65212 USA",(573) 882-9219,(573) 882-9219,MizzouMed@missouri.edu,http://medicine.missouri.edu/admissions/,"Blair Whitney, Director of Admissions and Recruitment | University of Missouri School of Medicine | Columbia , MO 65212 USA | phone: (573) 882-9219 | fax: (573) 882-9219 | email: MizzouMed@missouri.edu | website: http://medicine.missouri.edu/admissions/",
aamc_msar_main_campus_contact,AAMC MSAR Advisor Reports,https://students-residents.aamc.org/medical-school-admission-requirements/medical-school-admission-requirements-reports-applicants-and-advisors,data/raw/aamc/msar_reports/01_msar023-msar-medical-school-main-campus-address-and-contact-information.pdf,75,30,373.445,MO,University of Missouri-Kansas City School of Medicine,University of Missouri-Kansas City School of Medicine,"School of Medicine | M1-103 | Kansas City , MO 64108 USA",(816) 235-1870,(816) 235-1870,medicine@umkc.edu,https://med.umkc.edu/,"School of Medicine | M1-103 | Kansas City , MO 64108 USA | phone: (816) 235-1870 | fax: (816) 235-1870 | email: medicine@umkc.edu | website: https://med.umkc.edu/",
aamc_msar_main_campus_contact,AAMC MSAR Advisor Reports,https://students-residents.aamc.org/medical-school-admission-requirements/medical-school-admission-requirements-reports-applicants-and-advisors,data/raw/aamc/msar_reports/01_msar023-msar-medical-school-main-campus-address-and-contact-information.pdf,76,30,269.443,MO,Washington University in St. Louis School of Medicine,Washington University in St. Louis School of Medicine,"Washington University School of Medicine | MSC 8107-01-01 | Saint Louis , MO 63110 USA",(314) 362-6858,() -,mdadmissions@wustl.edu,http://mdadmissions.wustl.edu,"Washington University School of Medicine | MSC 8107-01-01 | Saint Louis , MO 63110 USA | phone: (314) 362-6858 | fax: () - | email: mdadmissions@wustl.edu | website: http://mdadmissions.wustl.edu",
aamc_msar_main_campus_contact,AAMC MSAR Advisor Reports,https://students-residents.aamc.org/medical-school-admission-requirements/medical-school-admission-requirements-reports-applicants-and-advisors,data/raw/aamc/msar_reports/01_msar023-msar-medical-school-main-campus-address-and-contact-information.pdf,77,30,156.441,MS,University of Mississippi School of Medicine,University of Mississippi School of Medicine,"Associate Dean for Admissions | School of Medicine | Jackson , MS 39216 USA",(601) 984-5010,(601) 984-5010,AdmitMD@umc.edu,https://www.umc.edu/som/Departments%20and%20Offices/SOM %20Administrative%20Offices/SOM%20Admissions/SOM%20Admissions.html,"Associate Dean for Admissions | School of Medicine | Jackson , MS 39216 USA | phone: (601) 984-5010 | fax: (601) 984-5010 | email: AdmitMD@umc.edu | website: https://www.umc.edu/som/Departments%20and%20Offices/SOM %20Administrative%20Offices/SOM%20Admissions/SOM%20Admissions.html",
aamc_msar_main_campus_contact,AAMC MSAR Advisor Reports,https://students-residents.aamc.org/medical-school-admission-requirements/medical-school-admission-requirements-reports-applicants-and-advisors,data/raw/aamc/msar_reports/01_msar023-msar-medical-school-main-campus-address-and-contact-information.pdf,78,30,65.439,NC,Brody School of Medicine at East Carolina University,Brody School of Medicine at East Carolina University,"The Office of Student Admissions | Greenville , NC 27834 USA",(252) 744-2202,(252) 744-2202,somadmissions@ecu.edu,https://medicine.ecu.edu/admissions,"The Office of Student Admissions | Greenville , NC 27834 USA | phone: (252) 744-2202 | fax: (252) 744-2202 | email: somadmissions@ecu.edu | website: https://medicine.ecu.edu/admissions",
aamc_msar_main_campus_contact,AAMC MSAR Advisor Reports,https://students-residents.aamc.org/medical-school-admission-requirements/medical-school-admission-requirements-reports-applicants-and-advisors,data/raw/aamc/msar_reports/01_msar023-msar-medical-school-main-campus-address-and-contact-information.pdf,79,32,585.410,NC,Duke University School of Medicine,Duke University School of Medicine,"Committee on Admissions | Durham , NC 27710 USA",(919) 684-2985,(919) 684-2985,medadm@dm.duke.edu,https://medschool.duke.edu/education/health-professions-education- programs/doctor-medicine-md-program/office-md-admissions,"Committee on Admissions | Durham , NC 27710 USA | phone: (919) 684-2985 | fax: (919) 684-2985 | email: medadm@dm.duke.edu | website: https://medschool.duke.edu/education/health-professions-education- programs/doctor-medicine-md-program/office-md-admissions",
aamc_msar_main_campus_contact,AAMC MSAR Advisor Reports,https://students-residents.aamc.org/medical-school-admission-requirements/medical-school-admission-requirements-reports-applicants-and-advisors,data/raw/aamc/msar_reports/01_msar023-msar-medical-school-main-campus-address-and-contact-information.pdf,80,32,494.448,NC,Methodist University Cape Fear Valley Health School of Medicine,Methodist University Cape Fear Valley Health School of Medicine,"Fayetteville , NC 28311-1420 USA",() -,() -,medadmissions@methodist.edu,https://www.methodist.edu/academics/medicine/,"Fayetteville , NC 28311-1420 USA | phone: () - | fax: () - | email: medadmissions@methodist.edu | website: https://www.methodist.edu/academics/medicine/",
aamc_msar_main_campus_contact,AAMC MSAR Advisor Reports,https://students-residents.aamc.org/medical-school-admission-requirements/medical-school-admission-requirements-reports-applicants-and-advisors,data/raw/aamc/msar_reports/01_msar023-msar-medical-school-main-campus-address-and-contact-information.pdf,81,32,390.446,NC,University of North Carolina at Chapel Hill School of Medicine,University of North Carolina at Chapel Hill School of Medicine,"Office of Admissions | CB #9500 | Chapel Hill , NC 27599-9500 USA",(919) 962-8331,(919) 962-8331,admissions@med.unc.edu,http://www.med.unc.edu/admit,"Office of Admissions | CB #9500 | Chapel Hill , NC 27599-9500 USA | phone: (919) 962-8331 | fax: (919) 962-8331 | email: admissions@med.unc.edu | website: http://www.med.unc.edu/admit",
aamc_msar_main_campus_contact,AAMC MSAR Advisor Reports,https://students-residents.aamc.org/medical-school-admission-requirements/medical-school-admission-requirements-reports-applicants-and-advisors,data/raw/aamc/msar_reports/01_msar023-msar-medical-school-main-campus-address-and-contact-information.pdf,82,32,299.484,NC,Wake Forest University School of Medicine,Wake Forest University School of Medicine,"Winston-Salem , NC 27101 USA",(336) 716-4264,(336) 716-4264,medadmit@wfusm.edu,https://school.wakehealth.edu/education-and-training/md-program,"Winston-Salem , NC 27101 USA | phone: (336) 716-4264 | fax: (336) 716-4264 | email: medadmit@wfusm.edu | website: https://school.wakehealth.edu/education-and-training/md-program",
aamc_msar_main_campus_contact,AAMC MSAR Advisor Reports,https://students-residents.aamc.org/medical-school-admission-requirements/medical-school-admission-requirements-reports-applicants-and-advisors,data/raw/aamc/msar_reports/01_msar023-msar-medical-school-main-campus-address-and-contact-information.pdf,83,32,208.522,ND,University of North Dakota School of Medicine and Health Sciences,University of North Dakota School of Medicine and Health Sciences,"Grand Forks , ND 58202 USA",(701) 777-4221,(701) 777-4221,SAA@und.edu,https://med.und.edu/student-affairs-admissions/admissions-overview.html,"Grand Forks , ND 58202 USA | phone: (701) 777-4221 | fax: (701) 777-4221 | email: SAA@und.edu | website: https://med.und.edu/student-affairs-admissions/admissions-overview.html",
aamc_msar_main_campus_contact,AAMC MSAR Advisor Reports,https://students-residents.aamc.org/medical-school-admission-requirements/medical-school-admission-requirements-reports-applicants-and-advisors,data/raw/aamc/msar_reports/01_msar023-msar-medical-school-main-campus-address-and-contact-information.pdf,84,32,104.560,NE,Creighton University School of Medicine,Creighton University School of Medicine,"Criss Health Science Center Room 102 | Omaha , NE 68178 USA",(800) 325-4405,(800) 325-4405,medadmissions@creighton.edu,https://www.creighton.edu/medicine,"Criss Health Science Center Room 102 | Omaha , NE 68178 USA | phone: (800) 325-4405 | fax: (800) 325-4405 | email: medadmissions@creighton.edu | website: https://www.creighton.edu/medicine",
aamc_msar_main_campus_contact,AAMC MSAR Advisor Reports,https://students-residents.aamc.org/medical-school-admission-requirements/medical-school-admission-requirements-reports-applicants-and-advisors,data/raw/aamc/msar_reports/01_msar023-msar-medical-school-main-campus-address-and-contact-information.pdf,85,34,581.409,NE,University of Nebraska College of Medicine,University of Nebraska College of Medicine,"Office of Admissions and Student Affairs | College of Medicine | Omaha , NE 68198-5527 USA",(402) 559-2259,(402) 559-2259,comadmissions@unmc.edu,https://www.unmc.edu/com/admissions/,"Office of Admissions and Student Affairs | College of Medicine | Omaha , NE 68198-5527 USA | phone: (402) 559-2259 | fax: (402) 559-2259 | email: comadmissions@unmc.edu | website: https://www.unmc.edu/com/admissions/",
aamc_msar_main_campus_contact,AAMC MSAR Advisor Reports,https://students-residents.aamc.org/medical-school-admission-requirements/medical-school-admission-requirements-reports-applicants-and-advisors,data/raw/aamc/msar_reports/01_msar023-msar-medical-school-main-campus-address-and-contact-information.pdf,86,34,490.407,NH,Geisel School of Medicine at Dartmouth,Geisel School of Medicine at Dartmouth,"3 Rope Ferry Road | Hanover , NH 03755 USA",(603) 646-5800,(603) 646-5767,Geisel.Admissions@Dartmouth.edu,https://geiselmed.dartmouth.edu/admissions-info/,"3 Rope Ferry Road | Hanover , NH 03755 USA | phone: (603) 646-5800 | fax: (603) 646-5767 | email: Geisel.Admissions@Dartmouth.edu | website: https://geiselmed.dartmouth.edu/admissions-info/",
aamc_msar_main_campus_contact,AAMC MSAR Advisor Reports,https://students-residents.aamc.org/medical-school-admission-requirements/medical-school-admission-requirements-reports-applicants-and-advisors,data/raw/aamc/msar_reports/01_msar023-msar-medical-school-main-campus-address-and-contact-information.pdf,87,34,399.405,NJ,Cooper Medical School of Rowan University,Cooper Medical School of Rowan University,"Office of Admissions | Camden , NJ 08103 USA",(856) 361-2850,(856) 361-2850,CMSRUadmissions@rowan.edu,https://cmsru.rowan.edu/,"Office of Admissions | Camden , NJ 08103 USA | phone: (856) 361-2850 | fax: (856) 361-2850 | email: CMSRUadmissions@rowan.edu | website: https://cmsru.rowan.edu/",
aamc_msar_main_campus_contact,AAMC MSAR Advisor Reports,https://students-residents.aamc.org/medical-school-admission-requirements/medical-school-admission-requirements-reports-applicants-and-advisors,data/raw/aamc/msar_reports/01_msar023-msar-medical-school-main-campus-address-and-contact-information.pdf,88,34,308.443,NJ,Hackensack Meridian School of Medicine,Hackensack Meridian School of Medicine,"Nutley , NJ 07110 USA",(862) 660-5002,() -,SOMAdmissions@hmhn.org,https://www.hmsom.org/admissions/,"Nutley , NJ 07110 USA | phone: (862) 660-5002 | fax: () - | email: SOMAdmissions@hmhn.org | website: https://www.hmsom.org/admissions/",
aamc_msar_main_campus_contact,AAMC MSAR Advisor Reports,https://students-residents.aamc.org/medical-school-admission-requirements/medical-school-admission-requirements-reports-applicants-and-advisors,data/raw/aamc/msar_reports/01_msar023-msar-medical-school-main-campus-address-and-contact-information.pdf,89,34,204.441,NJ,Rutgers New Jersey Medical School,Rutgers New Jersey Medical School,"Office of Admissions | 185 South Orange Avenue C-653 | Newark , NJ 07103 USA",(973) 972-4631,() -,njmsadmiss@njms.rutgers.edu,http://njms.rutgers.edu/admissions/index.cfm,"Office of Admissions | 185 South Orange Avenue C-653 | Newark , NJ 07103 USA | phone: (973) 972-4631 | fax: () - | email: njmsadmiss@njms.rutgers.edu | website: http://njms.rutgers.edu/admissions/index.cfm",
aamc_msar_main_campus_contact,AAMC MSAR Advisor Reports,https://students-residents.aamc.org/medical-school-admission-requirements/medical-school-admission-requirements-reports-applicants-and-advisors,data/raw/aamc/msar_reports/01_msar023-msar-medical-school-main-campus-address-and-contact-information.pdf,90,34,113.439,NJ,"Rutgers, Robert Wood Johnson Medical School","Rutgers, Robert Wood Johnson Medical School","Office of Admissions | Piscataway , NJ 08854-5635 USA",(732) 235-4576,(732) 235-4576,rwjapadm@rwjms.rutgers.edu,https://rwjms.rutgers.edu/education/medical_education/education-mission,"Office of Admissions | Piscataway , NJ 08854-5635 USA | phone: (732) 235-4576 | fax: (732) 235-4576 | email: rwjapadm@rwjms.rutgers.edu | website: https://rwjms.rutgers.edu/education/medical_education/education-mission",
aamc_msar_main_campus_contact,AAMC MSAR Advisor Reports,https://students-residents.aamc.org/medical-school-admission-requirements/medical-school-admission-requirements-reports-applicants-and-advisors,data/raw/aamc/msar_reports/01_msar023-msar-medical-school-main-campus-address-and-contact-information.pdf,91,36,581.410,NM,University of New Mexico School of Medicine,University of New Mexico School of Medicine,"University of New Mexico Health Sciences Center | Office of Admissions, MSC09 5085 | Albuquerque , NM 87131 USA",(505) 272-4766,(505) 272-4766,somadmissions@salud.unm.edu,https://hsc.unm.edu/medicine/education/md/admissions/,"University of New Mexico Health Sciences Center | Office of Admissions, MSC09 5085 | Albuquerque , NM 87131 USA | phone: (505) 272-4766 | fax: (505) 272-4766 | email: somadmissions@salud.unm.edu | website: https://hsc.unm.edu/medicine/education/md/admissions/",
aamc_msar_main_campus_contact,AAMC MSAR Advisor Reports,https://students-residents.aamc.org/medical-school-admission-requirements/medical-school-admission-requirements-reports-applicants-and-advisors,data/raw/aamc/msar_reports/01_msar023-msar-medical-school-main-campus-address-and-contact-information.pdf,92,36,490.408,NV,Kirk Kerkorian School of Medicine at UNLV,Kirk Kerkorian School of Medicine at UNLV,"Las Vegas , NV 89106 USA",(702) 545-2016,(702) 895-4928,admissions@medicine.unlv.edu,https://www.unlv.edu/medicine/studentaffairs,"Las Vegas , NV 89106 USA | phone: (702) 545-2016 | fax: (702) 895-4928 | email: admissions@medicine.unlv.edu | website: https://www.unlv.edu/medicine/studentaffairs",
aamc_msar_main_campus_contact,AAMC MSAR Advisor Reports,https://students-residents.aamc.org/medical-school-admission-requirements/medical-school-admission-requirements-reports-applicants-and-advisors,data/raw/aamc/msar_reports/01_msar023-msar-medical-school-main-campus-address-and-contact-information.pdf,93,36,399.446,NV,Roseman University College of Medicine,Roseman University College of Medicine,"Las Vegas , NV 89135-3039 USA",(702) 802-2830,() -,CoMAdmissions@roseman.edu,https://medicine.roseman.edu/,"Las Vegas , NV 89135-3039 USA | phone: (702) 802-2830 | fax: () - | email: CoMAdmissions@roseman.edu | website: https://medicine.roseman.edu/",
aamc_msar_main_campus_contact,AAMC MSAR Advisor Reports,https://students-residents.aamc.org/medical-school-admission-requirements/medical-school-admission-requirements-reports-applicants-and-advisors,data/raw/aamc/msar_reports/01_msar023-msar-medical-school-main-campus-address-and-contact-information.pdf,94,36,295.444,NV,"University of Nevada, Reno School of Medicine","University of Nevada, Reno School of Medicine","Office of Admissions and Student Affairs | School of Medicine | Reno , NV 89557 USA",(775) 784-6063,(775) 784-6063,officeofadmissions@med.unr.edu,https://med.unr.edu/admissions,"Office of Admissions and Student Affairs | School of Medicine | Reno , NV 89557 USA | phone: (775) 784-6063 | fax: (775) 784-6063 | email: officeofadmissions@med.unr.edu | website: https://med.unr.edu/admissions",
aamc_msar_main_campus_contact,AAMC MSAR Advisor Reports,https://students-residents.aamc.org/medical-school-admission-requirements/medical-school-admission-requirements-reports-applicants-and-advisors,data/raw/aamc/msar_reports/01_msar023-msar-medical-school-main-campus-address-and-contact-information.pdf,95,36,191.441,NY,Albany Medical College,Albany Medical College,"Office of Admissions, Mail Code 3 | 47 New Scotland Avenue | Albany , NY 12208 USA",(518) 262-5521,(518) 262-5521,admissions@mail.amc.edu,https://www.amc.edu/,"Office of Admissions, Mail Code 3 | 47 New Scotland Avenue | Albany , NY 12208 USA | phone: (518) 262-5521 | fax: (518) 262-5521 | email: admissions@mail.amc.edu | website: https://www.amc.edu/",
aamc_msar_main_campus_contact,AAMC MSAR Advisor Reports,https://students-residents.aamc.org/medical-school-admission-requirements/medical-school-admission-requirements-reports-applicants-and-advisors,data/raw/aamc/msar_reports/01_msar023-msar-medical-school-main-campus-address-and-contact-information.pdf,96,36,87.439,NY,Albert Einstein College of Medicine,Albert Einstein College of Medicine,"Office of Admissions | Jack and Pearl Resnick Campus | Bronx , NY 10461 USA",(718) 430-2106,(718) 430-2106,admissions@einsteinmed.edu,https://einsteinmed.edu/about/,"Office of Admissions | Jack and Pearl Resnick Campus | Bronx , NY 10461 USA | phone: (718) 430-2106 | fax: (718) 430-2106 | email: admissions@einsteinmed.edu | website: https://einsteinmed.edu/about/",
aamc_msar_main_campus_contact,AAMC MSAR Advisor Reports,https://students-residents.aamc.org/medical-school-admission-requirements/medical-school-admission-requirements-reports-applicants-and-advisors,data/raw/aamc/msar_reports/01_msar023-msar-medical-school-main-campus-address-and-contact-information.pdf,97,38,581.450,NY,Columbia University Vagelos College of Physicians and Surgeons,Columbia University Vagelos College of Physicians and Surgeons,"Admissions Office, Room 105 | New York , NY 10032 USA",(212) 305-3595,(212) 305-3595,psadmissions@cumc.columbia.edu,http://ps.columbia.edu/education/admissions/applying,"Admissions Office, Room 105 | New York , NY 10032 USA | phone: (212) 305-3595 | fax: (212) 305-3595 | email: psadmissions@cumc.columbia.edu | website: http://ps.columbia.edu/education/admissions/applying",
aamc_msar_main_campus_contact,AAMC MSAR Advisor Reports,https://students-residents.aamc.org/medical-school-admission-requirements/medical-school-admission-requirements-reports-applicants-and-advisors,data/raw/aamc/msar_reports/01_msar023-msar-medical-school-main-campus-address-and-contact-information.pdf,98,38,490.448,NY,CUNY School of Medicine,CUNY School of Medicine,"Sophie Davis Biomedical Education Program | New York , NY 10031 USA",(212) 650-7718,(212) 650-7718,SDadmissions@med.cuny.edu,http://www.ccny.cuny.edu/sophiedavis/bsmd.cfm,"Sophie Davis Biomedical Education Program | New York , NY 10031 USA | phone: (212) 650-7718 | fax: (212) 650-7718 | email: SDadmissions@med.cuny.edu | website: http://www.ccny.cuny.edu/sophiedavis/bsmd.cfm",
aamc_msar_main_campus_contact,AAMC MSAR Advisor Reports,https://students-residents.aamc.org/medical-school-admission-requirements/medical-school-admission-requirements-reports-applicants-and-advisors,data/raw/aamc/msar_reports/01_msar023-msar-medical-school-main-campus-address-and-contact-information.pdf,99,38,399.446,NY,Donald and Barbara Zucker School of Medicine at Hofstra/Northwell,Donald and Barbara Zucker School of Medicine at Hofstra/Northwell,"500 Hofstra University | Hempstead , NY 11549 USA",(516) 463-7516,(516) 463-7516,medicine.admissions@hofstra.edu,http://medicine.hofstra.edu/admission/index.html,"500 Hofstra University | Hempstead , NY 11549 USA | phone: (516) 463-7516 | fax: (516) 463-7516 | email: medicine.admissions@hofstra.edu | website: http://medicine.hofstra.edu/admission/index.html",
aamc_msar_main_campus_contact,AAMC MSAR Advisor Reports,https://students-residents.aamc.org/medical-school-admission-requirements/medical-school-admission-requirements-reports-applicants-and-advisors,data/raw/aamc/msar_reports/01_msar023-msar-medical-school-main-campus-address-and-contact-information.pdf,100,38,286.444,NY,Icahn School of Medicine at Mount Sinai,Icahn School of Medicine at Mount Sinai,"Office of Admissions | Annenberg Building, Room 13-90 | New York , NY 10029 USA",(212) 241-6696,(212) 241-6696,admissions@mssm.edu,http://icahn.mssm.edu/education/medical-education/programs/md- program/admissions,"Office of Admissions | Annenberg Building, Room 13-90 | New York , NY 10029 USA | phone: (212) 241-6696 | fax: (212) 241-6696 | email: admissions@mssm.edu | website: http://icahn.mssm.edu/education/medical-education/programs/md- program/admissions",
aamc_msar_main_campus_contact,AAMC MSAR Advisor Reports,https://students-residents.aamc.org/medical-school-admission-requirements/medical-school-admission-requirements-reports-applicants-and-advisors,data/raw/aamc/msar_reports/01_msar023-msar-medical-school-main-campus-address-and-contact-information.pdf,101,38,182.441,NY,Jacobs School of Medicine and Biomedical Sciences at the University at Buffalo,Jacobs School of Medicine and Biomedical Sciences at the University at Buffalo,"Office of Medical Admissions | 955 Main Street | Buffalo , NY 14214 USA",(716) 829-3466,(716) 829-3466,lel1@buffalo.edu,http://medicine.buffalo.edu/education/md/admissions/apply.html,"Office of Medical Admissions | 955 Main Street | Buffalo , NY 14214 USA | phone: (716) 829-3466 | fax: (716) 829-3466 | email: lel1@buffalo.edu | website: http://medicine.buffalo.edu/education/md/admissions/apply.html",
aamc_msar_main_campus_contact,AAMC MSAR Advisor Reports,https://students-residents.aamc.org/medical-school-admission-requirements/medical-school-admission-requirements-reports-applicants-and-advisors,data/raw/aamc/msar_reports/01_msar023-msar-medical-school-main-campus-address-and-contact-information.pdf,102,38,78.439,NY,New York Medical College,New York Medical College,"School of Medicine | Administration Building | Valhalla , NY 10595 USA",(914) 594-4507,(914) 594-4507,mdadmit@nymc.edu,http://www.nymc.edu/school-of-medicine-som/,"School of Medicine | Administration Building | Valhalla , NY 10595 USA | phone: (914) 594-4507 | fax: (914) 594-4507 | email: mdadmit@nymc.edu | website: http://www.nymc.edu/school-of-medicine-som/",
aamc_msar_main_campus_contact,AAMC MSAR Advisor Reports,https://students-residents.aamc.org/medical-school-admission-requirements/medical-school-admission-requirements-reports-applicants-and-advisors,data/raw/aamc/msar_reports/01_msar023-msar-medical-school-main-campus-address-and-contact-information.pdf,103,40,594.410,NY,NYU Grossman Long Island School of Medicine,NYU Grossman Long Island School of Medicine,"Office of Admissions | Mineola , NY 11501-3957 USA",(516) 240-7240,(516) 240-7240,medli.admissions@nyulangone.org,https://medli.nyu.edu/admissions,"Office of Admissions | Mineola , NY 11501-3957 USA | phone: (516) 240-7240 | fax: (516) 240-7240 | email: medli.admissions@nyulangone.org | website: https://medli.nyu.edu/admissions",
aamc_msar_main_campus_contact,AAMC MSAR Advisor Reports,https://students-residents.aamc.org/medical-school-admission-requirements/medical-school-admission-requirements-reports-applicants-and-advisors,data/raw/aamc/msar_reports/01_msar023-msar-medical-school-main-campus-address-and-contact-information.pdf,104,40,490.448,NY,NYU Grossman School of Medicine,NYU Grossman School of Medicine,"550 First Avenue, 1st Floor | New York , NY 10016 USA",(212) 263-5290,(212) 263-5290,admissions@nyulangone.org,http://school.med.nyu.edu/md-admissions,"550 First Avenue, 1st Floor | New York , NY 10016 USA | phone: (212) 263-5290 | fax: (212) 263-5290 | email: admissions@nyulangone.org | website: http://school.med.nyu.edu/md-admissions",
aamc_msar_main_campus_contact,AAMC MSAR Advisor Reports,https://students-residents.aamc.org/medical-school-admission-requirements/medical-school-admission-requirements-reports-applicants-and-advisors,data/raw/aamc/msar_reports/01_msar023-msar-medical-school-main-campus-address-and-contact-information.pdf,105,40,399.446,NY,Renaissance School of Medicine at Stony Brook University,Renaissance School of Medicine at Stony Brook University,"Committee on Admissions | Stony Brook , NY 11794-8434 USA",(631) 444-2113,(631) 444-2113,somadmissions@stonybrookmedicine.edu,https://renaissance.stonybrookmedicine.edu/admissions,"Committee on Admissions | Stony Brook , NY 11794-8434 USA | phone: (631) 444-2113 | fax: (631) 444-2113 | email: somadmissions@stonybrookmedicine.edu | website: https://renaissance.stonybrookmedicine.edu/admissions",
aamc_msar_main_campus_contact,AAMC MSAR Advisor Reports,https://students-residents.aamc.org/medical-school-admission-requirements/medical-school-admission-requirements-reports-applicants-and-advisors,data/raw/aamc/msar_reports/01_msar023-msar-medical-school-main-campus-address-and-contact-information.pdf,106,40,299.444,NY,State University of New York Upstate Medical University Alan and Marlene Norton College of Medicine,State University of New York Upstate Medical University Alan and Marlene Norton College of Medicine,"Office of Admissions & Financial Aid | Syracuse , NY 13210 USA",(315) 464-4570,(315) 464-4570,AdmissFA@upstate.edu,http://www.upstate.edu/com/admissions/,"Office of Admissions & Financial Aid | Syracuse , NY 13210 USA | phone: (315) 464-4570 | fax: (315) 464-4570 | email: AdmissFA@upstate.edu | website: http://www.upstate.edu/com/admissions/",
aamc_msar_main_campus_contact,AAMC MSAR Advisor Reports,https://students-residents.aamc.org/medical-school-admission-requirements/medical-school-admission-requirements-reports-applicants-and-advisors,data/raw/aamc/msar_reports/01_msar023-msar-medical-school-main-campus-address-and-contact-information.pdf,107,40,186.442,NY,SUNY Downstate Health Sciences University College of Medicine,SUNY Downstate Health Sciences University College of Medicine,"Student Admissions Office, MSC 60 | Downstate Medical Center | Brooklyn , NY 11203-2098 USA",(718) 270-2446,(718) 270-2446,medadmissions@downstate.edu,https://www.downstate.edu/education-training/college-of- medicine/admissions/index.html,"Student Admissions Office, MSC 60 | Downstate Medical Center | Brooklyn , NY 11203-2098 USA | phone: (718) 270-2446 | fax: (718) 270-2446 | email: medadmissions@downstate.edu | website: https://www.downstate.edu/education-training/college-of- medicine/admissions/index.html",
aamc_msar_main_campus_contact,AAMC MSAR Advisor Reports,https://students-residents.aamc.org/medical-school-admission-requirements/medical-school-admission-requirements-reports-applicants-and-advisors,data/raw/aamc/msar_reports/01_msar023-msar-medical-school-main-campus-address-and-contact-information.pdf,108,40,95.439,NY,University of Rochester School of Medicine and Dentistry,University of Rochester School of Medicine and Dentistry,"Director of Admissions | Rochester , NY 14642 USA",(585) 275-4539,(585) 275-4539,mdadmish@urmc.rochester.edu,http://www.urmc.rochester.edu/education/md/admissions,"Director of Admissions | Rochester , NY 14642 USA | phone: (585) 275-4539 | fax: (585) 275-4539 | email: mdadmish@urmc.rochester.edu | website: http://www.urmc.rochester.edu/education/md/admissions",
aamc_msar_main_campus_contact,AAMC MSAR Advisor Reports,https://students-residents.aamc.org/medical-school-admission-requirements/medical-school-admission-requirements-reports-applicants-and-advisors,data/raw/aamc/msar_reports/01_msar023-msar-medical-school-main-campus-address-and-contact-information.pdf,109,42,594.411,NY,Weill Cornell Medicine,Weill Cornell Medicine,"Office of Admissions | New York , NY 10021 USA",(212) 746-1067,(212) 746-1067,wcmc-admissions@med.cornell.edu,https://medicaleducation.weill.cornell.edu/,"Office of Admissions | New York , NY 10021 USA | phone: (212) 746-1067 | fax: (212) 746-1067 | email: wcmc-admissions@med.cornell.edu | website: https://medicaleducation.weill.cornell.edu/",
aamc_msar_main_campus_contact,AAMC MSAR Advisor Reports,https://students-residents.aamc.org/medical-school-admission-requirements/medical-school-admission-requirements-reports-applicants-and-advisors,data/raw/aamc/msar_reports/01_msar023-msar-medical-school-main-campus-address-and-contact-information.pdf,110,42,490.409,OH,Case Western Reserve University School of Medicine,Case Western Reserve University School of Medicine,"CWRU School of Medicine and CCLCM | Samson Pavilion | Cleveland , OH 44106-7501 USA",(216) 368-3450,(216) 368-3450,casemed-admissions@case.edu,https://case.edu/admissions/,"CWRU School of Medicine and CCLCM | Samson Pavilion | Cleveland , OH 44106-7501 USA | phone: (216) 368-3450 | fax: (216) 368-3450 | email: casemed-admissions@case.edu | website: https://case.edu/admissions/",
aamc_msar_main_campus_contact,AAMC MSAR Advisor Reports,https://students-residents.aamc.org/medical-school-admission-requirements/medical-school-admission-requirements-reports-applicants-and-advisors,data/raw/aamc/msar_reports/01_msar023-msar-medical-school-main-campus-address-and-contact-information.pdf,111,42,386.407,OH,Northeast Ohio Medical University,Northeast Ohio Medical University,"Office of Enrollment Services | 4209 State Route 44 | Rootstown , OH 44272 USA",(330) 325-6266,(330) 325-6266,admission@neomed.edu,http://www.neomed.edu/admissions/medicine,"Office of Enrollment Services | 4209 State Route 44 | Rootstown , OH 44272 USA | phone: (330) 325-6266 | fax: (330) 325-6266 | email: admission@neomed.edu | website: http://www.neomed.edu/admissions/medicine",
aamc_msar_main_campus_contact,AAMC MSAR Advisor Reports,https://students-residents.aamc.org/medical-school-admission-requirements/medical-school-admission-requirements-reports-applicants-and-advisors,data/raw/aamc/msar_reports/01_msar023-msar-medical-school-main-campus-address-and-contact-information.pdf,112,42,295.445,OH,Ohio State University College of Medicine,Ohio State University College of Medicine,"Columbus , OH 43210 USA",(614) 292-7137,(614) 292-7137,medicine@osu.edu,http://medicine.osu.edu/students/admissions/Pages/index.aspx,"Columbus , OH 43210 USA | phone: (614) 292-7137 | fax: (614) 292-7137 | email: medicine@osu.edu | website: http://medicine.osu.edu/students/admissions/Pages/index.aspx",
aamc_msar_main_campus_contact,AAMC MSAR Advisor Reports,https://students-residents.aamc.org/medical-school-admission-requirements/medical-school-admission-requirements-reports-applicants-and-advisors,data/raw/aamc/msar_reports/01_msar023-msar-medical-school-main-campus-address-and-contact-information.pdf,113,42,191.443,OH,The University of Toledo College of Medicine and Life Sciences,The University of Toledo College of Medicine and Life Sciences,"Medical School Admissions Office, Mail Stop 1043 | 3000 Arlington Ave. | Toledo , OH 43614 USA",(419) 383-4229,(419) 383-4229,medadmissions@utoledo.edu,http://www.utoledo.edu/med/md/admissions/index.html,"Medical School Admissions Office, Mail Stop 1043 | 3000 Arlington Ave. | Toledo , OH 43614 USA | phone: (419) 383-4229 | fax: (419) 383-4229 | email: medadmissions@utoledo.edu | website: http://www.utoledo.edu/med/md/admissions/index.html",
aamc_msar_main_campus_contact,AAMC MSAR Advisor Reports,https://students-residents.aamc.org/medical-school-admission-requirements/medical-school-admission-requirements-reports-applicants-and-advisors,data/raw/aamc/msar_reports/01_msar023-msar-medical-school-main-campus-address-and-contact-information.pdf,114,42,87.440,OH,University of Cincinnati College of Medicine,University of Cincinnati College of Medicine,"Office of Medical Student Admissions | College of Medicine | Cincinnati , OH 45267-0552 USA",(513) 558-7314,(513) 558-7314,MDadmissions@uc.edu,http://www.med.uc.edu/mdadmissions,"Office of Medical Student Admissions | College of Medicine | Cincinnati , OH 45267-0552 USA | phone: (513) 558-7314 | fax: (513) 558-7314 | email: MDadmissions@uc.edu | website: http://www.med.uc.edu/mdadmissions",
aamc_msar_main_campus_contact,AAMC MSAR Advisor Reports,https://students-residents.aamc.org/medical-school-admission-requirements/medical-school-admission-requirements-reports-applicants-and-advisors,data/raw/aamc/msar_reports/01_msar023-msar-medical-school-main-campus-address-and-contact-information.pdf,115,44,581.410,OH,Wright State University Boonshoft School of Medicine,Wright State University Boonshoft School of Medicine,"Office of Student Affairs/Admissions | WH190 | Dayton , OH 45435 USA",(937) 775-2934,(937) 775-2934,som-admissions@wright.edu,http://medicine.wright.edu/admissions,"Office of Student Affairs/Admissions | WH190 | Dayton , OH 45435 USA | phone: (937) 775-2934 | fax: (937) 775-2934 | email: som-admissions@wright.edu | website: http://medicine.wright.edu/admissions",
aamc_msar_main_campus_contact,AAMC MSAR Advisor Reports,https://students-residents.aamc.org/medical-school-admission-requirements/medical-school-admission-requirements-reports-applicants-and-advisors,data/raw/aamc/msar_reports/01_msar023-msar-medical-school-main-campus-address-and-contact-information.pdf,116,44,477.448,OK,University of Oklahoma College of Medicine,University of Oklahoma College of Medicine,"Health Sciences Center | Oklahoma City , OK 73104 USA",(405) 271-2331,() -,AdminMed@ouhsc.edu,https://www.oumedicine.com/college-of-medicine,"Health Sciences Center | Oklahoma City , OK 73104 USA | phone: (405) 271-2331 | fax: () - | email: AdminMed@ouhsc.edu | website: https://www.oumedicine.com/college-of-medicine",
aamc_msar_main_campus_contact,AAMC MSAR Advisor Reports,https://students-residents.aamc.org/medical-school-admission-requirements/medical-school-admission-requirements-reports-applicants-and-advisors,data/raw/aamc/msar_reports/01_msar023-msar-medical-school-main-campus-address-and-contact-information.pdf,117,44,373.486,OR,Oregon Health & Science University School of Medicine,Oregon Health & Science University School of Medicine,"2730 SW Moody Avenue | Portland , OR 97201 USA",(503) 494-2998,(503) 494-2998,mdadmin@ohsu.edu,https://www.ohsu.edu/school-of-medicine/md-program/admissions,"2730 SW Moody Avenue | Portland , OR 97201 USA | phone: (503) 494-2998 | fax: (503) 494-2998 | email: mdadmin@ohsu.edu | website: https://www.ohsu.edu/school-of-medicine/md-program/admissions",
aamc_msar_main_campus_contact,AAMC MSAR Advisor Reports,https://students-residents.aamc.org/medical-school-admission-requirements/medical-school-admission-requirements-reports-applicants-and-advisors,data/raw/aamc/msar_reports/01_msar023-msar-medical-school-main-campus-address-and-contact-information.pdf,118,44,260.483,PA,Drexel University College of Medicine,Drexel University College of Medicine,"Admissions Office | 60 N. 36th St. | Philadelphia , PA 19129 USA",(215) 991-8202,(215) 991-8202,medadmis@drexel.edu,https://www.drexel.edu/medicine/Academics/MD-Program/MD-Program- Admissions/,"Admissions Office | 60 N. 36th St. | Philadelphia , PA 19129 USA | phone: (215) 991-8202 | fax: (215) 991-8202 | email: medadmis@drexel.edu | website: https://www.drexel.edu/medicine/Academics/MD-Program/MD-Program- Admissions/",
aamc_msar_main_campus_contact,AAMC MSAR Advisor Reports,https://students-residents.aamc.org/medical-school-admission-requirements/medical-school-admission-requirements-reports-applicants-and-advisors,data/raw/aamc/msar_reports/01_msar023-msar-medical-school-main-campus-address-and-contact-information.pdf,119,44,169.481,PA,Geisinger Commonwealth School of Medicine,Geisinger Commonwealth School of Medicine,"525 Pine Street | Scranton , PA 18509 USA",(570) 504-9068,(570) 504-9068,mdadmissions@geisinger.edu,https://www.geisinger.edu/gchs/education/gcsom,"525 Pine Street | Scranton , PA 18509 USA | phone: (570) 504-9068 | fax: (570) 504-9068 | email: mdadmissions@geisinger.edu | website: https://www.geisinger.edu/gchs/education/gcsom",
aamc_msar_main_campus_contact,AAMC MSAR Advisor Reports,https://students-residents.aamc.org/medical-school-admission-requirements/medical-school-admission-requirements-reports-applicants-and-advisors,data/raw/aamc/msar_reports/01_msar023-msar-medical-school-main-campus-address-and-contact-information.pdf,120,44,65.479,PA,Lewis Katz School of Medicine at Temple University,Lewis Katz School of Medicine at Temple University,"Office of Admissions | 3500 N. Broad Street | Philadelphia , PA 19140 USA",(215) 707-3656,(215) 707-3656,medadmissions@temple.edu,https://medicine.temple.edu/education/admissions,"Office of Admissions | 3500 N. Broad Street | Philadelphia , PA 19140 USA | phone: (215) 707-3656 | fax: (215) 707-3656 | email: medadmissions@temple.edu | website: https://medicine.temple.edu/education/admissions",
aamc_msar_main_campus_contact,AAMC MSAR Advisor Reports,https://students-residents.aamc.org/medical-school-admission-requirements/medical-school-admission-requirements-reports-applicants-and-advisors,data/raw/aamc/msar_reports/01_msar023-msar-medical-school-main-campus-address-and-contact-information.pdf,121,46,581.450,PA,Pennsylvania State University College of Medicine,Pennsylvania State University College of Medicine,"500 University Drive | Hershey , PA 17033 USA",(717) 531-8755,(717) 531-8755,StudentAdmissions@pennstatehealth.psu.edu,https://med.psu.edu/,"500 University Drive | Hershey , PA 17033 USA | phone: (717) 531-8755 | fax: (717) 531-8755 | email: StudentAdmissions@pennstatehealth.psu.edu | website: https://med.psu.edu/",
aamc_msar_main_campus_contact,AAMC MSAR Advisor Reports,https://students-residents.aamc.org/medical-school-admission-requirements/medical-school-admission-requirements-reports-applicants-and-advisors,data/raw/aamc/msar_reports/01_msar023-msar-medical-school-main-campus-address-and-contact-information.pdf,122,46,477.448,PA,Perelman School of Medicine at the University of Pennsylvania,Perelman School of Medicine at the University of Pennsylvania,"Office of Admissions and Financial Aid | Jordan Medical Education Center, 6th Floor | Philadelphia , PA 19104-5162 USA",(215) 898-8002,(215) 898-8002,admiss@pennmedicine.upenn.edu,http://www.med.upenn.edu/admissions,"Office of Admissions and Financial Aid | Jordan Medical Education Center, 6th Floor | Philadelphia , PA 19104-5162 USA | phone: (215) 898-8002 | fax: (215) 898-8002 | email: admiss@pennmedicine.upenn.edu | website: http://www.med.upenn.edu/admissions",
aamc_msar_main_campus_contact,AAMC MSAR Advisor Reports,https://students-residents.aamc.org/medical-school-admission-requirements/medical-school-admission-requirements-reports-applicants-and-advisors,data/raw/aamc/msar_reports/01_msar023-msar-medical-school-main-campus-address-and-contact-information.pdf,123,46,377.446,PA,Sidney Kimmel Medical College at Thomas Jefferson University,Sidney Kimmel Medical College at Thomas Jefferson University,"Office of Admissions | Philadelphia , PA 19107-5099 USA",(215) 955-6983,(215) 955-6983,SKMC.Admissions@jefferson.edu,https://www.jefferson.edu/academics/colleges-schools- institutes/skmc/admissions.html,"Office of Admissions | Philadelphia , PA 19107-5099 USA | phone: (215) 955-6983 | fax: (215) 955-6983 | email: SKMC.Admissions@jefferson.edu | website: https://www.jefferson.edu/academics/colleges-schools- institutes/skmc/admissions.html",
aamc_msar_main_campus_contact,AAMC MSAR Advisor Reports,https://students-residents.aamc.org/medical-school-admission-requirements/medical-school-admission-requirements-reports-applicants-and-advisors,data/raw/aamc/msar_reports/01_msar023-msar-medical-school-main-campus-address-and-contact-information.pdf,124,46,273.443,PA,University of Pittsburgh School of Medicine,University of Pittsburgh School of Medicine,"Office of Admissions and Financial Aid | S520 Alan Magee Scaife Hall | Pittsburgh , PA 15261 USA",(412) 648-9891,(412) 648-9891,admissions@medschool.pitt.edu,http://www.medadmissions.pitt.edu,"Office of Admissions and Financial Aid | S520 Alan Magee Scaife Hall | Pittsburgh , PA 15261 USA | phone: (412) 648-9891 | fax: (412) 648-9891 | email: admissions@medschool.pitt.edu | website: http://www.medadmissions.pitt.edu",
aamc_msar_main_campus_contact,AAMC MSAR Advisor Reports,https://students-residents.aamc.org/medical-school-admission-requirements/medical-school-admission-requirements-reports-applicants-and-advisors,data/raw/aamc/msar_reports/01_msar023-msar-medical-school-main-campus-address-and-contact-information.pdf,125,46,169.441,PR,Ponce Health Sciences University School of Medicine,Ponce Health Sciences University School of Medicine,"Admissions Office | P.O. Box 7004 | Ponce , PR 00732 USA",(787) 840-2575,(787) 840-2575,admissions@psm.edu,https://www.psm.edu/school-of-medicine/,"Admissions Office | P.O. Box 7004 | Ponce , PR 00732 USA | phone: (787) 840-2575 | fax: (787) 840-2575 | email: admissions@psm.edu | website: https://www.psm.edu/school-of-medicine/",
aamc_msar_main_campus_contact,AAMC MSAR Advisor Reports,https://students-residents.aamc.org/medical-school-admission-requirements/medical-school-admission-requirements-reports-applicants-and-advisors,data/raw/aamc/msar_reports/01_msar023-msar-medical-school-main-campus-address-and-contact-information.pdf,126,46,78.439,PR,San Juan Bautista School of Medicine,San Juan Bautista School of Medicine,"Admissions Office | Caguas , PR 00726 USA",(787) 743-3038,(787) 743-3038,admissions@sanjuanbautista.edu,https://sanjuanbautista.edu/admissions/overview,"Admissions Office | Caguas , PR 00726 USA | phone: (787) 743-3038 | fax: (787) 743-3038 | email: admissions@sanjuanbautista.edu | website: https://sanjuanbautista.edu/admissions/overview",
aamc_msar_main_campus_contact,AAMC MSAR Advisor Reports,https://students-residents.aamc.org/medical-school-admission-requirements/medical-school-admission-requirements-reports-applicants-and-advisors,data/raw/aamc/msar_reports/01_msar023-msar-medical-school-main-campus-address-and-contact-information.pdf,127,48,581.411,PR,Universidad Central del Caribe School of Medicine,Universidad Central del Caribe School of Medicine,"Office of Admissions | School of Medicine | Bayamon , PR 00960-6032 USA",(787) 798-3001,(787) 798-3001,edllian.lopez@uccaribe.edu,http://www.uccaribe.edu/admission/,"Office of Admissions | School of Medicine | Bayamon , PR 00960-6032 USA | phone: (787) 798-3001 | fax: (787) 798-3001 | email: edllian.lopez@uccaribe.edu | website: http://www.uccaribe.edu/admission/",
aamc_msar_main_campus_contact,AAMC MSAR Advisor Reports,https://students-residents.aamc.org/medical-school-admission-requirements/medical-school-admission-requirements-reports-applicants-and-advisors,data/raw/aamc/msar_reports/01_msar023-msar-medical-school-main-campus-address-and-contact-information.pdf,128,48,490.409,PR,University of Puerto Rico School of Medicine,University of Puerto Rico School of Medicine,"Central Admissions Office | San Juan , PR 00936-5067 USA",(787) 758-2525,(787) 758-2525,maribel.ortiz5@upr.edu,https://md.rcm.upr.edu/,"Central Admissions Office | San Juan , PR 00936-5067 USA | phone: (787) 758-2525 | fax: (787) 758-2525 | email: maribel.ortiz5@upr.edu | website: https://md.rcm.upr.edu/",
aamc_msar_main_campus_contact,AAMC MSAR Advisor Reports,https://students-residents.aamc.org/medical-school-admission-requirements/medical-school-admission-requirements-reports-applicants-and-advisors,data/raw/aamc/msar_reports/01_msar023-msar-medical-school-main-campus-address-and-contact-information.pdf,129,48,386.407,RI,The Warren Alpert Medical School of Brown University,The Warren Alpert Medical School of Brown University,"Office of Admissions | 222 Richmond Street, Box G-M | Providence , RI 02912 USA",(401) 863-2149,(401) 863-2149,MedSchool_Admissions@brown.edu,https://medical.brown.edu/,"Office of Admissions | 222 Richmond Street, Box G-M | Providence , RI 02912 USA | phone: (401) 863-2149 | fax: (401) 863-2149 | email: MedSchool_Admissions@brown.edu | website: https://medical.brown.edu/",
aamc_msar_main_campus_contact,AAMC MSAR Advisor Reports,https://students-residents.aamc.org/medical-school-admission-requirements/medical-school-admission-requirements-reports-applicants-and-advisors,data/raw/aamc/msar_reports/01_msar023-msar-medical-school-main-campus-address-and-contact-information.pdf,130,48,282.404,SC,Medical University of South Carolina College of Medicine,Medical University of South Carolina College of Medicine,"College of Medicine Dean's Office | 96 Jonathan Lucas Street, Suite 601 | Charleston , SC 29425 USA",(843) 792-3283,(843) 792-3283,com-admissions@musc.edu,https://web.musc.edu/,"College of Medicine Dean's Office | 96 Jonathan Lucas Street, Suite 601 | Charleston , SC 29425 USA | phone: (843) 792-3283 | fax: (843) 792-3283 | email: com-admissions@musc.edu | website: https://web.musc.edu/",
aamc_msar_main_campus_contact,AAMC MSAR Advisor Reports,https://students-residents.aamc.org/medical-school-admission-requirements/medical-school-admission-requirements-reports-applicants-and-advisors,data/raw/aamc/msar_reports/01_msar023-msar-medical-school-main-campus-address-and-contact-information.pdf,131,48,178.402,SC,University of South Carolina School of Medicine Columbia,University of South Carolina School of Medicine Columbia,"Office of Admissions | School of Medicine | Columbia , SC 29208 USA",(803) 216-3625,(803) 216-3625,admissions@uscmed.sc.edu,http://admissions.med.sc.edu,"Office of Admissions | School of Medicine | Columbia , SC 29208 USA | phone: (803) 216-3625 | fax: (803) 216-3625 | email: admissions@uscmed.sc.edu | website: http://admissions.med.sc.edu",
aamc_msar_main_campus_contact,AAMC MSAR Advisor Reports,https://students-residents.aamc.org/medical-school-admission-requirements/medical-school-admission-requirements-reports-applicants-and-advisors,data/raw/aamc/msar_reports/01_msar023-msar-medical-school-main-campus-address-and-contact-information.pdf,132,48,74.440,SC,University of South Carolina School of Medicine Greenville,University of South Carolina School of Medicine Greenville,"607 Grove Road | Greenville , SC 29605 USA",(864) 455-8201,(864) 455-8201,admissions@greenvillemed.sc.edu,http://www.greenvillemed.sc.edu/apply.shtml,"607 Grove Road | Greenville , SC 29605 USA | phone: (864) 455-8201 | fax: (864) 455-8201 | email: admissions@greenvillemed.sc.edu | website: http://www.greenvillemed.sc.edu/apply.shtml",
aamc_msar_main_campus_contact,AAMC MSAR Advisor Reports,https://students-residents.aamc.org/medical-school-admission-requirements/medical-school-admission-requirements-reports-applicants-and-advisors,data/raw/aamc/msar_reports/01_msar023-msar-medical-school-main-campus-address-and-contact-information.pdf,133,50,594.410,SD,"University of South Dakota, Sanford School of Medicine","University of South Dakota, Sanford School of Medicine","Medical School Admissions | Vermillion , SD 57069 USA",(605) 658-6302,(605) 658-6302,md@usd.edu,https://www.usd.edu/Admissions-and-Aid/Medical-School-Admissions,"Medical School Admissions | Vermillion , SD 57069 USA | phone: (605) 658-6302 | fax: (605) 658-6302 | email: md@usd.edu | website: https://www.usd.edu/Admissions-and-Aid/Medical-School-Admissions",
aamc_msar_main_campus_contact,AAMC MSAR Advisor Reports,https://students-residents.aamc.org/medical-school-admission-requirements/medical-school-admission-requirements-reports-applicants-and-advisors,data/raw/aamc/msar_reports/01_msar023-msar-medical-school-main-campus-address-and-contact-information.pdf,134,50,503.408,TN,East Tennessee State University James H. Quillen College of Medicine,East Tennessee State University James H. Quillen College of Medicine,"Assistant Dean for Admissions and Records | Johnson City , TN 37614 USA",(423) 439-2033,(423) 439-2033,sacom@etsu.edu,https://www.etsu.edu/com/admissions/,"Assistant Dean for Admissions and Records | Johnson City , TN 37614 USA | phone: (423) 439-2033 | fax: (423) 439-2033 | email: sacom@etsu.edu | website: https://www.etsu.edu/com/admissions/",
aamc_msar_main_campus_contact,AAMC MSAR Advisor Reports,https://students-residents.aamc.org/medical-school-admission-requirements/medical-school-admission-requirements-reports-applicants-and-advisors,data/raw/aamc/msar_reports/01_msar023-msar-medical-school-main-campus-address-and-contact-information.pdf,135,50,399.406,TN,Meharry Medical College,Meharry Medical College,"Director, Admissions and Recruitment | 1005 Dr. D. B. Todd Jr. Boulevard | Nashville , TN 37208 USA",(615) 327-6998,(615) 327-6998,admissions@mmc.edu,https://home.mmc.edu/school-of-medicine/,"Director, Admissions and Recruitment | 1005 Dr. D. B. Todd Jr. Boulevard | Nashville , TN 37208 USA | phone: (615) 327-6998 | fax: (615) 327-6998 | email: admissions@mmc.edu | website: https://home.mmc.edu/school-of-medicine/",
aamc_msar_main_campus_contact,AAMC MSAR Advisor Reports,https://students-residents.aamc.org/medical-school-admission-requirements/medical-school-admission-requirements-reports-applicants-and-advisors,data/raw/aamc/msar_reports/01_msar023-msar-medical-school-main-campus-address-and-contact-information.pdf,136,50,308.404,TN,"Thomas F. Frist, Jr. College of Medicine at Belmont University","Thomas F. Frist, Jr. College of Medicine at Belmont University","1900 Belmont Blvd. | Nashville , TN 37212-3758 USA",(615) 460-5700,() -,Medicine@belmont.edu,https://www.belmont.edu/medicine/about/,"1900 Belmont Blvd. | Nashville , TN 37212-3758 USA | phone: (615) 460-5700 | fax: () - | email: Medicine@belmont.edu | website: https://www.belmont.edu/medicine/about/",
aamc_msar_main_campus_contact,AAMC MSAR Advisor Reports,https://students-residents.aamc.org/medical-school-admission-requirements/medical-school-admission-requirements-reports-applicants-and-advisors,data/raw/aamc/msar_reports/01_msar023-msar-medical-school-main-campus-address-and-contact-information.pdf,137,50,217.442,TN,University of Tennessee Health Science Center College of Medicine,University of Tennessee Health Science Center College of Medicine,"Memphis , TN 38163 USA",(901) 448-5400,(901) 448-5400,comadmissions@uthsc.edu,http://www.uthsc.edu/Medicine/Admissions,"Memphis , TN 38163 USA | phone: (901) 448-5400 | fax: (901) 448-5400 | email: comadmissions@uthsc.edu | website: http://www.uthsc.edu/Medicine/Admissions",
aamc_msar_main_campus_contact,AAMC MSAR Advisor Reports,https://students-residents.aamc.org/medical-school-admission-requirements/medical-school-admission-requirements-reports-applicants-and-advisors,data/raw/aamc/msar_reports/01_msar023-msar-medical-school-main-campus-address-and-contact-information.pdf,138,50,113.439,TN,Vanderbilt University School of Medicine,Vanderbilt University School of Medicine,"Office of Enrollment Services | Suite 224,Eskind Biomedical Library and Learning Center | Nashville , TN 37232 USA",(615) 322-2145,(615) 322-2145,mdadmissions@vanderbilt.edu,https://medschool.vanderbilt.edu/md-admissions/,"Office of Enrollment Services | Suite 224,Eskind Biomedical Library and Learning Center | Nashville , TN 37232 USA | phone: (615) 322-2145 | fax: (615) 322-2145 | email: mdadmissions@vanderbilt.edu | website: https://medschool.vanderbilt.edu/md-admissions/",
aamc_msar_main_campus_contact,AAMC MSAR Advisor Reports,https://students-residents.aamc.org/medical-school-admission-requirements/medical-school-admission-requirements-reports-applicants-and-advisors,data/raw/aamc/msar_reports/01_msar023-msar-medical-school-main-campus-address-and-contact-information.pdf,139,52,594.410,TX,Anne Burnett Marion School of Medicine at TCU,Anne Burnett Marion School of Medicine at TCU,"1100 W Rosedale St. | Fort Worth , TX 76129 USA",(817) 257-4212,() -,mdadmissions@tcu.edu,https://mdschool.tcu.edu/admissions/,"1100 W Rosedale St. | Fort Worth , TX 76129 USA | phone: (817) 257-4212 | fax: () - | email: mdadmissions@tcu.edu | website: https://mdschool.tcu.edu/admissions/",
aamc_msar_main_campus_contact,AAMC MSAR Advisor Reports,https://students-residents.aamc.org/medical-school-admission-requirements/medical-school-admission-requirements-reports-applicants-and-advisors,data/raw/aamc/msar_reports/01_msar023-msar-medical-school-main-campus-address-and-contact-information.pdf,140,52,490.408,TX,Baylor College of Medicine,Baylor College of Medicine,"Office of Admissions | One Baylor Plaza | Houston , TX 77030 USA",(713) 798-4842,(713) 798-4842,admissions@bcm.edu,http://www.bcm.edu/admissions,"Office of Admissions | One Baylor Plaza | Houston , TX 77030 USA | phone: (713) 798-4842 | fax: (713) 798-4842 | email: admissions@bcm.edu | website: http://www.bcm.edu/admissions",
aamc_msar_main_campus_contact,AAMC MSAR Advisor Reports,https://students-residents.aamc.org/medical-school-admission-requirements/medical-school-admission-requirements-reports-applicants-and-advisors,data/raw/aamc/msar_reports/01_msar023-msar-medical-school-main-campus-address-and-contact-information.pdf,141,52,399.406,TX,McGovern Medical School at the University of Texas Health Science Center at Houston,McGovern Medical School at the University of Texas Health Science Center at Houston,"Office of Admissions--Room G.400 | Houston , TX 77030 USA",(713) 500-5116,(713) 500-5116,ms.admissions@uth.tmc.edu,https://med.uth.edu/admissions/prospective-students/,"Office of Admissions--Room G.400 | Houston , TX 77030 USA | phone: (713) 500-5116 | fax: (713) 500-5116 | email: ms.admissions@uth.tmc.edu | website: https://med.uth.edu/admissions/prospective-students/",
aamc_msar_main_campus_contact,AAMC MSAR Advisor Reports,https://students-residents.aamc.org/medical-school-admission-requirements/medical-school-admission-requirements-reports-applicants-and-advisors,data/raw/aamc/msar_reports/01_msar023-msar-medical-school-main-campus-address-and-contact-information.pdf,142,52,295.403,TX,Texas A&M University School of Medicine,Texas A&M University School of Medicine,"Office of Admissions | Texas A&M HSC College of Medicine | Bryan , TX 77807 USA",(979) 436-0237,(979) 436-0237,com.admissions@tamu.edu,http://medicine.tamhsc.edu/admissions/index.html,"Office of Admissions | Texas A&M HSC College of Medicine | Bryan , TX 77807 USA | phone: (979) 436-0237 | fax: (979) 436-0237 | email: com.admissions@tamu.edu | website: http://medicine.tamhsc.edu/admissions/index.html",
aamc_msar_main_campus_contact,AAMC MSAR Advisor Reports,https://students-residents.aamc.org/medical-school-admission-requirements/medical-school-admission-requirements-reports-applicants-and-advisors,data/raw/aamc/msar_reports/01_msar023-msar-medical-school-main-campus-address-and-contact-information.pdf,143,52,204.401,TX,Texas Tech University Health Sciences Center Paul L. Foster School of Medicine,Texas Tech University Health Sciences Center Paul L. Foster School of Medicine,"5001 El Paso Drive | El Paso , TX 79905 USA",(915) 215-4410,(915) 215-4410,fostersom.admissions@ttuhsc.edu,https://elpaso.ttuhsc.edu/som/,"5001 El Paso Drive | El Paso , TX 79905 USA | phone: (915) 215-4410 | fax: (915) 215-4410 | email: fostersom.admissions@ttuhsc.edu | website: https://elpaso.ttuhsc.edu/som/",
aamc_msar_main_campus_contact,AAMC MSAR Advisor Reports,https://students-residents.aamc.org/medical-school-admission-requirements/medical-school-admission-requirements-reports-applicants-and-advisors,data/raw/aamc/msar_reports/01_msar023-msar-medical-school-main-campus-address-and-contact-information.pdf,144,52,100.439,TX,Texas Tech University Health Sciences Center School of Medicine,Texas Tech University Health Sciences Center School of Medicine,"Office of Admissions MS 6216 | Lubbock , TX 79430-6216 USA",(806) 743-2297,(806) 743-2297,somadm@ttuhsc.edu,https://www.ttuhsc.edu/medicine/admissions/,"Office of Admissions MS 6216 | Lubbock , TX 79430-6216 USA | phone: (806) 743-2297 | fax: (806) 743-2297 | email: somadm@ttuhsc.edu | website: https://www.ttuhsc.edu/medicine/admissions/",
aamc_msar_main_campus_contact,AAMC MSAR Advisor Reports,https://students-residents.aamc.org/medical-school-admission-requirements/medical-school-admission-requirements-reports-applicants-and-advisors,data/raw/aamc/msar_reports/01_msar023-msar-medical-school-main-campus-address-and-contact-information.pdf,145,54,594.411,TX,The University of Texas at Tyler School of Medicine,The University of Texas at Tyler School of Medicine,"11937 U.S. Highway 271 | Tyler , TX 75708-3154 USA",(903) 877-7566,() -,somadmissions@uttyler.edu,http://medicine.uttyler.edu,"11937 U.S. Highway 271 | Tyler , TX 75708-3154 USA | phone: (903) 877-7566 | fax: () - | email: somadmissions@uttyler.edu | website: http://medicine.uttyler.edu",
aamc_msar_main_campus_contact,AAMC MSAR Advisor Reports,https://students-residents.aamc.org/medical-school-admission-requirements/medical-school-admission-requirements-reports-applicants-and-advisors,data/raw/aamc/msar_reports/01_msar023-msar-medical-school-main-campus-address-and-contact-information.pdf,146,54,494.409,TX,The University of Texas Health Science Center at San Antonio Joe R. and Teresa Lozano Long School of Medicine,The University of Texas Health Science Center at San Antonio Joe R. and Teresa Lozano Long School of Medicine,"7703 Floyd Curl Drive, MC 7985 | San Antonio , TX 78229 USA",(210) 567-6080,(210) 567-6080,LongSOM@uthscsa.edu,https://uthscsa.edu/medicine/,"7703 Floyd Curl Drive, MC 7985 | San Antonio , TX 78229 USA | phone: (210) 567-6080 | fax: (210) 567-6080 | email: LongSOM@uthscsa.edu | website: https://uthscsa.edu/medicine/",
aamc_msar_main_campus_contact,AAMC MSAR Advisor Reports,https://students-residents.aamc.org/medical-school-admission-requirements/medical-school-admission-requirements-reports-applicants-and-advisors,data/raw/aamc/msar_reports/01_msar023-msar-medical-school-main-campus-address-and-contact-information.pdf,147,54,390.447,TX,University of Houston Tilman J. Fertitta Family College of Medicine,University of Houston Tilman J. Fertitta Family College of Medicine,"5055 Medical Circle | Houston , TX 77204-2011 USA",(713) 743-1499,(713) 743-1499,uhcomoa@central.uh.edu,https://uh.edu/medicine/,"5055 Medical Circle | Houston , TX 77204-2011 USA | phone: (713) 743-1499 | fax: (713) 743-1499 | email: uhcomoa@central.uh.edu | website: https://uh.edu/medicine/",
aamc_msar_main_campus_contact,AAMC MSAR Advisor Reports,https://students-residents.aamc.org/medical-school-admission-requirements/medical-school-admission-requirements-reports-applicants-and-advisors,data/raw/aamc/msar_reports/01_msar023-msar-medical-school-main-campus-address-and-contact-information.pdf,148,54,286.485,TX,University of Texas at Austin Dell Medical School,University of Texas at Austin Dell Medical School,"1501 Red River Street. MC: Z0100, HLB | Austin , TX 78712 USA",(512) 495-5150,(512) 495-5181,applydellmed@utexas.edu,http://dellmedschool.utexas.edu/prospective-students,"1501 Red River Street. MC: Z0100, HLB | Austin , TX 78712 USA | phone: (512) 495-5150 | fax: (512) 495-5181 | email: applydellmed@utexas.edu | website: http://dellmedschool.utexas.edu/prospective-students",
aamc_msar_main_campus_contact,AAMC MSAR Advisor Reports,https://students-residents.aamc.org/medical-school-admission-requirements/medical-school-admission-requirements-reports-applicants-and-advisors,data/raw/aamc/msar_reports/01_msar023-msar-medical-school-main-campus-address-and-contact-information.pdf,149,54,182.483,TX,University of Texas Medical Branch John Sealy School of Medicine,University of Texas Medical Branch John Sealy School of Medicine,"Office of Student Affairs and Admissions | 301 University Boulevard | Galveston , TX 77555-1317 USA",(409) 772-6958,(409) 772-6958,somadmis@utmb.edu,http://www.utmb.edu/somstudentaffairs,"Office of Student Affairs and Admissions | 301 University Boulevard | Galveston , TX 77555-1317 USA | phone: (409) 772-6958 | fax: (409) 772-6958 | email: somadmis@utmb.edu | website: http://www.utmb.edu/somstudentaffairs",
aamc_msar_main_campus_contact,AAMC MSAR Advisor Reports,https://students-residents.aamc.org/medical-school-admission-requirements/medical-school-admission-requirements-reports-applicants-and-advisors,data/raw/aamc/msar_reports/01_msar023-msar-medical-school-main-campus-address-and-contact-information.pdf,150,54,91.521,TX,University of Texas Rio Grande Valley School of Medicine,University of Texas Rio Grande Valley School of Medicine,"Harlingen , TX 78550 USA",(956) 296-1600,(956) 296-1600,mdadmissions@utrgv.edu,https://www.utrgv.edu/som/admissions,"Harlingen , TX 78550 USA | phone: (956) 296-1600 | fax: (956) 296-1600 | email: mdadmissions@utrgv.edu | website: https://www.utrgv.edu/som/admissions",
aamc_msar_main_campus_contact,AAMC MSAR Advisor Reports,https://students-residents.aamc.org/medical-school-admission-requirements/medical-school-admission-requirements-reports-applicants-and-advisors,data/raw/aamc/msar_reports/01_msar023-msar-medical-school-main-campus-address-and-contact-information.pdf,151,56,581.410,TX,University of Texas Southwestern Medical School,University of Texas Southwestern Medical School,"The University of Texas Southwestern Medical Center | 5323 Harry Hines Boulevard | Dallas , TX 75390-9162 USA",(214) 648-5617,(214) 648-5617,admissions@utsouthwestern.edu,http://www.utsouthwestern.edu/education/medical-school/admissions/index.html,"The University of Texas Southwestern Medical Center | 5323 Harry Hines Boulevard | Dallas , TX 75390-9162 USA | phone: (214) 648-5617 | fax: (214) 648-5617 | email: admissions@utsouthwestern.edu | website: http://www.utsouthwestern.edu/education/medical-school/admissions/index.html",
aamc_msar_main_campus_contact,AAMC MSAR Advisor Reports,https://students-residents.aamc.org/medical-school-admission-requirements/medical-school-admission-requirements-reports-applicants-and-advisors,data/raw/aamc/msar_reports/01_msar023-msar-medical-school-main-campus-address-and-contact-information.pdf,152,56,477.407,UT,Spencer Fox Eccles School of Medicine at the University of Utah,Spencer Fox Eccles School of Medicine at the University of Utah,"Deans Office | 30 North 1900 East | Salt Lake City , UT 84132 USA",(801) 581-7498,(801) 581-7498,md.admissions@hsc.utah.edu,http://medicine.utah.edu/admissions/,"Deans Office | 30 North 1900 East | Salt Lake City , UT 84132 USA | phone: (801) 581-7498 | fax: (801) 581-7498 | email: md.admissions@hsc.utah.edu | website: http://medicine.utah.edu/admissions/",
aamc_msar_main_campus_contact,AAMC MSAR Advisor Reports,https://students-residents.aamc.org/medical-school-admission-requirements/medical-school-admission-requirements-reports-applicants-and-advisors,data/raw/aamc/msar_reports/01_msar023-msar-medical-school-main-campus-address-and-contact-information.pdf,153,56,373.405,VA,Eastern Virginia Medical School,Eastern Virginia Medical School,"Office of Admissions | 700 W. Olney Road | Norfolk , VA 23507 USA",(757) 446-5812,(757) 446-5896,VHS-MDAdmissions@odu.edu,https://www.evms.edu/,"Office of Admissions | 700 W. Olney Road | Norfolk , VA 23507 USA | phone: (757) 446-5812 | fax: (757) 446-5896 | email: VHS-MDAdmissions@odu.edu | website: https://www.evms.edu/",
aamc_msar_main_campus_contact,AAMC MSAR Advisor Reports,https://students-residents.aamc.org/medical-school-admission-requirements/medical-school-admission-requirements-reports-applicants-and-advisors,data/raw/aamc/msar_reports/01_msar023-msar-medical-school-main-campus-address-and-contact-information.pdf,154,56,282.403,VA,University of Virginia School of Medicine,University of Virginia School of Medicine,"Medical School Admissions Office | Charlottesville , VA 22908 USA",(434) 924-5571,(434) 924-5571,SOMADM@virginia.edu,https://med.virginia.edu/,"Medical School Admissions Office | Charlottesville , VA 22908 USA | phone: (434) 924-5571 | fax: (434) 924-5571 | email: SOMADM@virginia.edu | website: https://med.virginia.edu/",
aamc_msar_main_campus_contact,AAMC MSAR Advisor Reports,https://students-residents.aamc.org/medical-school-admission-requirements/medical-school-admission-requirements-reports-applicants-and-advisors,data/raw/aamc/msar_reports/01_msar023-msar-medical-school-main-campus-address-and-contact-information.pdf,155,56,178.441,VA,Virginia Commonwealth University School of Medicine,Virginia Commonwealth University School of Medicine,"P.O. Box 980565 | Richmond , VA 23298 USA",(804) 828-9629,(804) 828-9629,medadmit@vcu.edu,http://www.medschool.vcu.edu/admissions/md/index.html,"P.O. Box 980565 | Richmond , VA 23298 USA | phone: (804) 828-9629 | fax: (804) 828-9629 | email: medadmit@vcu.edu | website: http://www.medschool.vcu.edu/admissions/md/index.html",
aamc_msar_main_campus_contact,AAMC MSAR Advisor Reports,https://students-residents.aamc.org/medical-school-admission-requirements/medical-school-admission-requirements-reports-applicants-and-advisors,data/raw/aamc/msar_reports/01_msar023-msar-medical-school-main-campus-address-and-contact-information.pdf,156,56,87.439,VA,Virginia Tech Carilion School of Medicine,Virginia Tech Carilion School of Medicine,"2 Riverside Circle | Roanoke , VA 24016 USA",(540) 526-2560,(540) 526-2560,vtcadmissions@vt.edu,http://medicine.vtc.vt.edu/admissions/,"2 Riverside Circle | Roanoke , VA 24016 USA | phone: (540) 526-2560 | fax: (540) 526-2560 | email: vtcadmissions@vt.edu | website: http://medicine.vtc.vt.edu/admissions/",
aamc_msar_main_campus_contact,AAMC MSAR Advisor Reports,https://students-residents.aamc.org/medical-school-admission-requirements/medical-school-admission-requirements-reports-applicants-and-advisors,data/raw/aamc/msar_reports/01_msar023-msar-medical-school-main-campus-address-and-contact-information.pdf,157,58,581.450,VT,"Robert Larner, M.D., College of Medicine at the University of Vermont","Robert Larner, M.D., College of Medicine at the University of Vermont","The Courtyard at Given | Burlington , VT 05405 USA",(802) 656-2154,(802) 656-2154,medadmissions@uvm.edu,http://www.uvm.edu/admissions,"The Courtyard at Given | Burlington , VT 05405 USA | phone: (802) 656-2154 | fax: (802) 656-2154 | email: medadmissions@uvm.edu | website: http://www.uvm.edu/admissions",
aamc_msar_main_campus_contact,AAMC MSAR Advisor Reports,https://students-residents.aamc.org/medical-school-admission-requirements/medical-school-admission-requirements-reports-applicants-and-advisors,data/raw/aamc/msar_reports/01_msar023-msar-medical-school-main-campus-address-and-contact-information.pdf,158,58,477.448,WA,University of Washington School of Medicine,University of Washington School of Medicine,"Office of Admissions | Box 356340 | Seattle , WA 98195 USA",(206) 543-7212,(206) 543-7212,askuwsom@uw.edu,http://www.uwmedicine.org/admissions,"Office of Admissions | Box 356340 | Seattle , WA 98195 USA | phone: (206) 543-7212 | fax: (206) 543-7212 | email: askuwsom@uw.edu | website: http://www.uwmedicine.org/admissions",
aamc_msar_main_campus_contact,AAMC MSAR Advisor Reports,https://students-residents.aamc.org/medical-school-admission-requirements/medical-school-admission-requirements-reports-applicants-and-advisors,data/raw/aamc/msar_reports/01_msar023-msar-medical-school-main-campus-address-and-contact-information.pdf,159,58,386.486,WA,Washington State University Elson S. Floyd College of Medicine,Washington State University Elson S. Floyd College of Medicine,"Spokane , WA 99202-2131 USA",(509) 358-7518,(509) 358-7518,medicine.admissions@wsu.edu,https://medicine.wsu.edu/md/,"Spokane , WA 99202-2131 USA | phone: (509) 358-7518 | fax: (509) 358-7518 | email: medicine.admissions@wsu.edu | website: https://medicine.wsu.edu/md/",
aamc_msar_main_campus_contact,AAMC MSAR Advisor Reports,https://students-residents.aamc.org/medical-school-admission-requirements/medical-school-admission-requirements-reports-applicants-and-advisors,data/raw/aamc/msar_reports/01_msar023-msar-medical-school-main-campus-address-and-contact-information.pdf,160,58,282.484,WI,Medical College of Wisconsin,Medical College of Wisconsin,"MCW Medical School Admissions Office | 8701 Watertown Plank Road | Milwaukee , WI 53226 USA",(414) 955-8246,(414) 955-8246,medschool@mcw.edu,http://www.mcw.edu/medicalschool,"MCW Medical School Admissions Office | 8701 Watertown Plank Road | Milwaukee , WI 53226 USA | phone: (414) 955-8246 | fax: (414) 955-8246 | email: medschool@mcw.edu | website: http://www.mcw.edu/medicalschool",
aamc_msar_main_campus_contact,AAMC MSAR Advisor Reports,https://students-residents.aamc.org/medical-school-admission-requirements/medical-school-admission-requirements-reports-applicants-and-advisors,data/raw/aamc/msar_reports/01_msar023-msar-medical-school-main-campus-address-and-contact-information.pdf,161,58,178.481,WI,University of Wisconsin School of Medicine and Public Health,University of Wisconsin School of Medicine and Public Health,"MD Admissions Office | 2130 Health Sciences Learning Center | Madison , WI 53705 USA",(608) 263-4925,(608) 263-4925,medadmissions@med.wisc.edu,http://www.med.wisc.edu/education/md/admissions/main/102,"MD Admissions Office | 2130 Health Sciences Learning Center | Madison , WI 53705 USA | phone: (608) 263-4925 | fax: (608) 263-4925 | email: medadmissions@med.wisc.edu | website: http://www.med.wisc.edu/education/md/admissions/main/102",
aamc_msar_main_campus_contact,AAMC MSAR Advisor Reports,https://students-residents.aamc.org/medical-school-admission-requirements/medical-school-admission-requirements-reports-applicants-and-advisors,data/raw/aamc/msar_reports/01_msar023-msar-medical-school-main-campus-address-and-contact-information.pdf,162,58,87.479,WV,Marshall University Joan C. Edwards School of Medicine,Marshall University Joan C. Edwards School of Medicine,"Admissions Office | Huntington , WV 25701-3655 USA",(304) 691-1734,(304) 691-1734,sara.simpson@marshall.edu,http://jcesom.marshall.edu/admissions,"Admissions Office | Huntington , WV 25701-3655 USA | phone: (304) 691-1734 | fax: (304) 691-1734 | email: sara.simpson@marshall.edu | website: http://jcesom.marshall.edu/admissions",
aamc_msar_main_campus_contact,AAMC MSAR Advisor Reports,https://students-residents.aamc.org/medical-school-admission-requirements/medical-school-admission-requirements-reports-applicants-and-advisors,data/raw/aamc/msar_reports/01_msar023-msar-medical-school-main-campus-address-and-contact-information.pdf,163,60,581.451,WV,West Virginia University School of Medicine,West Virginia University School of Medicine,"Room 1143, Health Science Center North | Morgantown , WV 26506 USA",(304) 293-2408,(304) 293-2408,medadmissions@hsc.wvu.edu,http://medicine.hsc.wvu.edu/md-admissions/,"Room 1143, Health Science Center North | Morgantown , WV 26506 USA | phone: (304) 293-2408 | fax: (304) 293-2408 | email: medadmissions@hsc.wvu.edu | website: http://medicine.hsc.wvu.edu/md-admissions/",
aamc_msar_main_campus_contact,AAMC MSAR Advisor Reports,https://students-residents.aamc.org/medical-school-admission-requirements/medical-school-admission-requirements-reports-applicants-and-advisors,data/raw/aamc/msar_reports/01_msar023-msar-medical-school-main-campus-address-and-contact-information.pdf,164,62,594.410,BC,University of British Columbia Faculty of Medicine,University of British Columbia Faculty of Medicine,"MD Undergraduate Program, Admissions | Vancouver , BC CAN",(604) 875-8298,(604) 875-8298,admissions.md@ubc.ca,http://mdprogram.med.ubc.ca/admissions/,"MD Undergraduate Program, Admissions | Vancouver , BC CAN | phone: (604) 875-8298 | fax: (604) 875-8298 | email: admissions.md@ubc.ca | website: http://mdprogram.med.ubc.ca/admissions/",
aamc_msar_main_campus_contact,AAMC MSAR Advisor Reports,https://students-residents.aamc.org/medical-school-admission-requirements/medical-school-admission-requirements-reports-applicants-and-advisors,data/raw/aamc/msar_reports/01_msar023-msar-medical-school-main-campus-address-and-contact-information.pdf,165,62,503.408,MB,"Max Rady College of Medicine, Rady Faculty of Health Sciences, University of Manitoba","Max Rady College of Medicine, Rady Faculty of Health Sciences, University of Manitoba","Chair, UGME Admissions Committee | Winnipeg , MB R3E 0W2 CAN",(204) 789-3499,(204) 789-3499,medicine.admissions@umanitoba.ca,https://umanitoba.ca/explore/programs-of-study/medicine-md,"Chair, UGME Admissions Committee | Winnipeg , MB R3E 0W2 CAN | phone: (204) 789-3499 | fax: (204) 789-3499 | email: medicine.admissions@umanitoba.ca | website: https://umanitoba.ca/explore/programs-of-study/medicine-md",
aamc_msar_main_campus_contact,AAMC MSAR Advisor Reports,https://students-residents.aamc.org/medical-school-admission-requirements/medical-school-admission-requirements-reports-applicants-and-advisors,data/raw/aamc/msar_reports/01_msar023-msar-medical-school-main-campus-address-and-contact-information.pdf,166,62,412.446,NL,Memorial University of Newfoundland Faculty of Medicine,Memorial University of Newfoundland Faculty of Medicine,"St. John's , NL A1B 3V6 CAN",(709) 864-6328,(709) 864-6328,munmed@mun.ca,http://www.med.mun.ca/admissions,"St. John's , NL A1B 3V6 CAN | phone: (709) 864-6328 | fax: (709) 864-6328 | email: munmed@mun.ca | website: http://www.med.mun.ca/admissions",
aamc_msar_main_campus_contact,AAMC MSAR Advisor Reports,https://students-residents.aamc.org/medical-school-admission-requirements/medical-school-admission-requirements-reports-applicants-and-advisors,data/raw/aamc/msar_reports/01_msar023-msar-medical-school-main-campus-address-and-contact-information.pdf,167,62,308.444,NS,Dalhousie University Faculty of Medicine,Dalhousie University Faculty of Medicine,"Admissions and Student Affairs | Clinical Research Centre | P. O. Box 15000, Halifax , NS CAN",(902) 494-1874,(902) 494-1874,medicine.admissions@dal.ca,http://medicine.dal.ca/departments/core-units/admissions.html,"Admissions and Student Affairs | Clinical Research Centre | P. O. Box 15000, Halifax , NS CAN | phone: (902) 494-1874 | fax: (902) 494-1874 | email: medicine.admissions@dal.ca | website: http://medicine.dal.ca/departments/core-units/admissions.html",
aamc_msar_main_campus_contact,AAMC MSAR Advisor Reports,https://students-residents.aamc.org/medical-school-admission-requirements/medical-school-admission-requirements-reports-applicants-and-advisors,data/raw/aamc/msar_reports/01_msar023-msar-medical-school-main-campus-address-and-contact-information.pdf,168,62,217.442,ON,McMaster University Michael G. DeGroote School of Medicine,McMaster University Michael G. DeGroote School of Medicine,"Michael G. DeGroote School of Medicine | Hamilton , ON CAN",(905) 525-9140,(905) 525-9140,mdadmit@mcmaster.ca,https://www.mcmaster.ca/,"Michael G. DeGroote School of Medicine | Hamilton , ON CAN | phone: (905) 525-9140 | fax: (905) 525-9140 | email: mdadmit@mcmaster.ca | website: https://www.mcmaster.ca/",
aamc_msar_main_campus_contact,AAMC MSAR Advisor Reports,https://students-residents.aamc.org/medical-school-admission-requirements/medical-school-admission-requirements-reports-applicants-and-advisors,data/raw/aamc/msar_reports/01_msar023-msar-medical-school-main-campus-address-and-contact-information.pdf,169,62,126.440,ON,Northern Ontario School of Medicine,Northern Ontario School of Medicine,"[Lakehead Campus] 955 Oliver Rd Thunder Bay, ON P7B 5E1 | Sudbury , ON P3E 2C6 CAN",(800) 461-8777,(800) 461-8777,admissions@nosm.ca,https://www.nosm.ca/education/md-program/,"[Lakehead Campus] 955 Oliver Rd Thunder Bay, ON P7B 5E1 | Sudbury , ON P3E 2C6 CAN | phone: (800) 461-8777 | fax: (800) 461-8777 | email: admissions@nosm.ca | website: https://www.nosm.ca/education/md-program/",
aamc_msar_main_campus_contact,AAMC MSAR Advisor Reports,https://students-residents.aamc.org/medical-school-admission-requirements/medical-school-admission-requirements-reports-applicants-and-advisors,data/raw/aamc/msar_reports/01_msar023-msar-medical-school-main-campus-address-and-contact-information.pdf,170,64,581.410,ON,Queen's University Faculty of Health Sciences,Queen's University Faculty of Health Sciences,"Admissions Office | School of Medicine | Kingston , ON CAN",(613) 533-3307,(613) 533-3307,queensmd@queensu.ca,https://www.queensu.ca/,"Admissions Office | School of Medicine | Kingston , ON CAN | phone: (613) 533-3307 | fax: (613) 533-3307 | email: queensmd@queensu.ca | website: https://www.queensu.ca/",
aamc_msar_main_campus_contact,AAMC MSAR Advisor Reports,https://students-residents.aamc.org/medical-school-admission-requirements/medical-school-admission-requirements-reports-applicants-and-advisors,data/raw/aamc/msar_reports/01_msar023-msar-medical-school-main-campus-address-and-contact-information.pdf,171,64,477.407,ON,The University of Western Ontario - Schulich School of Medicine & Dentistry,The University of Western Ontario - Schulich School of Medicine & Dentistry,"Admissions | 1151 Richmond Street | London , ON N6A 5C1 CAN",(519) 661-3744,(519) 661-3744,admissions.medicine@schulich.uwo.ca,http://www.schulich.uwo.ca/admissions/medicine,"Admissions | 1151 Richmond Street | London , ON N6A 5C1 CAN | phone: (519) 661-3744 | fax: (519) 661-3744 | email: admissions.medicine@schulich.uwo.ca | website: http://www.schulich.uwo.ca/admissions/medicine",
aamc_msar_main_campus_contact,AAMC MSAR Advisor Reports,https://students-residents.aamc.org/medical-school-admission-requirements/medical-school-admission-requirements-reports-applicants-and-advisors,data/raw/aamc/msar_reports/01_msar023-msar-medical-school-main-campus-address-and-contact-information.pdf,172,64,386.446,ON,Toronto Metropolitan University School of Medicine,Toronto Metropolitan University School of Medicine,"Toronto , ON M5B 2K3 CAN",() -,() -,medicine@torontomu.ca,https://www.torontomu.ca/school-of-medicine/,"Toronto , ON M5B 2K3 CAN | phone: () - | fax: () - | email: medicine@torontomu.ca | website: https://www.torontomu.ca/school-of-medicine/",
aamc_msar_main_campus_contact,AAMC MSAR Advisor Reports,https://students-residents.aamc.org/medical-school-admission-requirements/medical-school-admission-requirements-reports-applicants-and-advisors,data/raw/aamc/msar_reports/01_msar023-msar-medical-school-main-campus-address-and-contact-information.pdf,173,64,282.443,ON,University of Ottawa Faculty of Medicine,University of Ottawa Faculty of Medicine,"Admissions | 451 Smyth Road | Ottawa , ON K1H 8M5 CAN",(613) 562-5409,() -,admissmd@uottawa.ca,http://www.med.uottawa.ca/undergraduate/admissions,"Admissions | 451 Smyth Road | Ottawa , ON K1H 8M5 CAN | phone: (613) 562-5409 | fax: () - | email: admissmd@uottawa.ca | website: http://www.med.uottawa.ca/undergraduate/admissions",
aamc_msar_main_campus_contact,AAMC MSAR Advisor Reports,https://students-residents.aamc.org/medical-school-admission-requirements/medical-school-admission-requirements-reports-applicants-and-advisors,data/raw/aamc/msar_reports/01_msar023-msar-medical-school-main-campus-address-and-contact-information.pdf,174,64,178.441,ON,University of Toronto Temerty Faculty of Medicine,University of Toronto Temerty Faculty of Medicine,"Medical Sciences Building, Room 2124 | Toronto , ON M5S 1A8 CAN",(416) 978-7928,() -,medicine.admiss@utoronto.ca,https://applymd.utoronto.ca/admission-requirements,"Medical Sciences Building, Room 2124 | Toronto , ON M5S 1A8 CAN | phone: (416) 978-7928 | fax: () - | email: medicine.admiss@utoronto.ca | website: https://applymd.utoronto.ca/admission-requirements",
aamc_msar_main_campus_contact,AAMC MSAR Advisor Reports,https://students-residents.aamc.org/medical-school-admission-requirements/medical-school-admission-requirements-reports-applicants-and-advisors,data/raw/aamc/msar_reports/01_msar023-msar-medical-school-main-campus-address-and-contact-information.pdf,175,64,78.439,QC,Universite de Montreal Faculty of Medicine,Universite de Montreal Faculty of Medicine,"Comite d'admission | Montreal , QC CAN",(514) 343-6111,(514) 343-6111,admission-md@umontreal.ca,https://medecine.umontreal.ca/etudes/etudes-en-medecine/doctorat-en- medecine/admission/,"Comite d'admission | Montreal , QC CAN | phone: (514) 343-6111 | fax: (514) 343-6111 | email: admission-md@umontreal.ca | website: https://medecine.umontreal.ca/etudes/etudes-en-medecine/doctorat-en- medecine/admission/",
aamc_msar_main_campus_contact,AAMC MSAR Advisor Reports,https://students-residents.aamc.org/medical-school-admission-requirements/medical-school-admission-requirements-reports-applicants-and-advisors,data/raw/aamc/msar_reports/01_msar023-msar-medical-school-main-campus-address-and-contact-information.pdf,176,66,581.411,SK,University of Saskatchewan College of Medicine,University of Saskatchewan College of Medicine,"Admissions | College of Medicine, Box 17 | Saskatoon , SK S7N 5E5 CAN",(306) 966-4030,(306) 966-4030,med.admissions@usask.ca,https://admissions.usask.ca/medicine.php,"Admissions | College of Medicine, Box 17 | Saskatoon , SK S7N 5E5 CAN | phone: (306) 966-4030 | fax: (306) 966-4030 | email: med.admissions@usask.ca | website: https://admissions.usask.ca/medicine.php",
