source_key,source_name,source_url,pdf_file,source_row_number,stream_index,row_y,state,school_name_raw,school_name_clean,out_of_state_applicants,canadian_applicants,international_applicants,daca_status_applicants,unmapped_label_value_text,notes
aamc_msar_applications_accepted,AAMC MSAR Advisor Reports,https://students-residents.aamc.org/medical-school-admission-requirements/medical-school-admission-requirements-reports-applicants-and-advisors,data/raw/aamc/msar_reports/06_msar012-applications-accepted-information.pdf,1,4,593.501,AL,Frederick P. Whiddon College of Medicine at the University of South Alabama,Frederick P. Whiddon College of Medicine at the University of South Alabama,Out of State applicants are required to have a minimum score of 508 on the MCAT and a 3.80 overall GPA. We give preference to those applicants that have strong ties to the state of Alabama.,Applicant must be a permanent resident.,Applicant must be a permanent resident.,,,
aamc_msar_applications_accepted,AAMC MSAR Advisor Reports,https://students-residents.aamc.org/medical-school-admission-requirements/medical-school-admission-requirements-reports-applicants-and-advisors,data/raw/aamc/msar_reports/06_msar012-applications-accepted-information.pdf,2,4,502.341,AL,University of Alabama at Birmingham Marnix E. Heersink School of Medicine,University of Alabama at Birmingham Marnix E. Heersink School of Medicine,"As a public school in AL, strong preference is given to AL residents. We do accept about 10-15% of our class from out of state. Most out-of- state matriculants have significant ties to AL or mission.",,,,,
aamc_msar_applications_accepted,AAMC MSAR Advisor Reports,https://students-residents.aamc.org/medical-school-admission-requirements/medical-school-admission-requirements-reports-applicants-and-advisors,data/raw/aamc/msar_reports/06_msar012-applications-accepted-information.pdf,3,4,420.181,AR,Alice L. Walton School of Medicine,Alice L. Walton School of Medicine,"For more information, see our website http://www.alwmedschool.org/admissions/",,,,,
aamc_msar_applications_accepted,AAMC MSAR Advisor Reports,https://students-residents.aamc.org/medical-school-admission-requirements/medical-school-admission-requirements-reports-applicants-and-advisors,data/raw/aamc/msar_reports/06_msar012-applications-accepted-information.pdf,4,4,338.020,AR,University of Arkansas for Medical Sciences College of Medicine,University of Arkansas for Medical Sciences College of Medicine,"Applicants with strong ties to Arkansas. Applicants from border states pay in-state tuition, out of state tuition is waived.",,,,,
aamc_msar_applications_accepted,AAMC MSAR Advisor Reports,https://students-residents.aamc.org/medical-school-admission-requirements/medical-school-admission-requirements-reports-applicants-and-advisors,data/raw/aamc/msar_reports/06_msar012-applications-accepted-information.pdf,5,4,263.140,AZ,Arizona State University School of Medicine and Advanced Medical Engineering (SOMME),Arizona State University School of Medicine and Advanced Medical Engineering (SOMME),Candidate must be a US citizen or permanent resident.,,,,,
aamc_msar_applications_accepted,AAMC MSAR Advisor Reports,https://students-residents.aamc.org/medical-school-admission-requirements/medical-school-admission-requirements-reports-applicants-and-advisors,data/raw/aamc/msar_reports/06_msar012-applications-accepted-information.pdf,6,4,180.980,AZ,University of Arizona College of Medicine,University of Arizona College of Medicine,we accept out of state applicants. | Canadian transcripts are accepted. Permanent US residency required upon matriculation.,Canadian transcripts are accepted. Permanent US residency required upon matriculation. | we do not accept international students in any of our MD programs,we do not accept international students in any of our MD programs,,,
aamc_msar_applications_accepted,AAMC MSAR Advisor Reports,https://students-residents.aamc.org/medical-school-admission-requirements/medical-school-admission-requirements-reports-applicants-and-advisors,data/raw/aamc/msar_reports/06_msar012-applications-accepted-information.pdf,7,4,106.100,AZ,University of Arizona College of Medicine - Phoenix,University of Arizona College of Medicine - Phoenix,Must be a US citizen or permanent resident.,,,,,
aamc_msar_applications_accepted,AAMC MSAR Advisor Reports,https://students-residents.aamc.org/medical-school-admission-requirements/medical-school-admission-requirements-reports-applicants-and-advisors,data/raw/aamc/msar_reports/06_msar012-applications-accepted-information.pdf,8,70,609.782,CA,California Northstate University College of Medicine,California Northstate University College of Medicine,No special preference for in state vs. out of state,,,,,
aamc_msar_applications_accepted,AAMC MSAR Advisor Reports,https://students-residents.aamc.org/medical-school-admission-requirements/medical-school-admission-requirements-reports-applicants-and-advisors,data/raw/aamc/msar_reports/06_msar012-applications-accepted-information.pdf,9,70,527.621,CA,California University of Science and Medicine-School of Medicine,California University of Science and Medicine-School of Medicine,Out-of-state applicants are considered.,,DACA applicants with a valid Social Security number are welcome to apply.,DACA applicants with a valid Social Security number are welcome to apply.,,
aamc_msar_applications_accepted,AAMC MSAR Advisor Reports,https://students-residents.aamc.org/medical-school-admission-requirements/medical-school-admission-requirements-reports-applicants-and-advisors,data/raw/aamc/msar_reports/06_msar012-applications-accepted-information.pdf,10,70,452.741,CA,Charles R. Drew University of Medicine and Science College of Medicine,Charles R. Drew University of Medicine and Science College of Medicine,Out-of-state applicants can be accepted.,,,,,
aamc_msar_applications_accepted,AAMC MSAR Advisor Reports,https://students-residents.aamc.org/medical-school-admission-requirements/medical-school-admission-requirements-reports-applicants-and-advisors,data/raw/aamc/msar_reports/06_msar012-applications-accepted-information.pdf,11,70,354.301,CA,Kaiser Permanente Bernard J. Tyson School of Medicine,Kaiser Permanente Bernard J. Tyson School of Medicine,"We plan to admit students from across the United States. | Coursework taken in Canada will be accepted. At this time, the school is able to accept applications only from U.S. citizens, permanent residents, and DACA recipients.","Coursework taken in Canada will be accepted. At this time, the school is able to accept applications only from U.S. citizens, permanent residents, and DACA recipients.",Deferred Action for Childhood Arrivals (DACA) status are eligible to apply to the School.,Deferred Action for Childhood Arrivals (DACA) status are eligible to apply to the School.,,
aamc_msar_applications_accepted,AAMC MSAR Advisor Reports,https://students-residents.aamc.org/medical-school-admission-requirements/medical-school-admission-requirements-reports-applicants-and-advisors,data/raw/aamc/msar_reports/06_msar012-applications-accepted-information.pdf,12,70,279.421,CA,Keck School of Medicine of the University of Southern California,Keck School of Medicine of the University of Southern California,All applicants. | All applicants.,All applicants. | All applicants.,All applicants. | All applicants.,All applicants.,,
aamc_msar_applications_accepted,AAMC MSAR Advisor Reports,https://students-residents.aamc.org/medical-school-admission-requirements/medical-school-admission-requirements-reports-applicants-and-advisors,data/raw/aamc/msar_reports/06_msar012-applications-accepted-information.pdf,13,70,182.700,CA,Loma Linda University School of Medicine,Loma Linda University School of Medicine,"There is no preference between in-state or out-of-state applicants. | Preference for admission is given to academically -qualified, mission- aligned members of the Seventh-day Adventist Church.","Preference for admission is given to academically -qualified, mission- aligned members of the Seventh-day Adventist Church. | Preference for admission is given to academically-qualified, mission- aligned members of the Seventh-day Adventist Church.","Preference for admission is given to academically-qualified, mission- aligned members of the Seventh-day Adventist Church. | Preference for admission is given to academically-qualified, mission- aligned members of the Seventh-day Adventist Church.","Preference for admission is given to academically-qualified, mission- aligned members of the Seventh-day Adventist Church.",,
aamc_msar_applications_accepted,AAMC MSAR Advisor Reports,https://students-residents.aamc.org/medical-school-admission-requirements/medical-school-admission-requirements-reports-applicants-and-advisors,data/raw/aamc/msar_reports/06_msar012-applications-accepted-information.pdf,14,70,100.539,CA,Stanford University School of Medicine,Stanford University School of Medicine,https://med.stanford.edu/md-admissions/academic-requirements.html | https://med.stanford.edu/md-admissions/academic-requirements.html,https://med.stanford.edu/md-admissions/academic-requirements.html | https://med.stanford.edu/md-admissions/academic-requirements.html,https://med.stanford.edu/md-admissions/academic-requirements.html | https://med.stanford.edu/md-admissions/academic-requirements.html,https://med.stanford.edu/md-admissions/academic-requirements.html,,
aamc_msar_applications_accepted,AAMC MSAR Advisor Reports,https://students-residents.aamc.org/medical-school-admission-requirements/medical-school-admission-requirements-reports-applicants-and-advisors,data/raw/aamc/msar_reports/06_msar012-applications-accepted-information.pdf,15,128,602.501,CA,"University of California, Davis, School of Medicine","University of California, Davis, School of Medicine",Recommend strong ties to California | Recommend strong ties to California,Recommend strong ties to California | Recommend strong ties to California,Recommend strong ties to California | We do not consider immigration status in the evaluation of applicants for our pathway programs or medical school admissions.,We do not consider immigration status in the evaluation of applicants for our pathway programs or medical school admissions.,,
aamc_msar_applications_accepted,AAMC MSAR Advisor Reports,https://students-residents.aamc.org/medical-school-admission-requirements/medical-school-admission-requirements-reports-applicants-and-advisors,data/raw/aamc/msar_reports/06_msar012-applications-accepted-information.pdf,16,128,527.621,CA,"University of California, Irvine, School of Medicine","University of California, Irvine, School of Medicine",All applicants,,Must submit DACA documentation,Must submit DACA documentation,,
aamc_msar_applications_accepted,AAMC MSAR Advisor Reports,https://students-residents.aamc.org/medical-school-admission-requirements/medical-school-admission-requirements-reports-applicants-and-advisors,data/raw/aamc/msar_reports/06_msar012-applications-accepted-information.pdf,17,128,452.741,CA,"University of California, Los Angeles David Geffen School of Medicine","University of California, Los Angeles David Geffen School of Medicine","Yes, all applicants. | Must be a United States permanent resident.",Must be a United States permanent resident. | Must be a United States permanent resident.,"Must be a United States permanent resident. | Yes, all applicants.","Yes, all applicants.",,
aamc_msar_applications_accepted,AAMC MSAR Advisor Reports,https://students-residents.aamc.org/medical-school-admission-requirements/medical-school-admission-requirements-reports-applicants-and-advisors,data/raw/aamc/msar_reports/06_msar012-applications-accepted-information.pdf,18,128,345.301,CA,"University of California, Riverside School of Medicine","University of California, Riverside School of Medicine",Out of state applicants will be considered on a case-by-case basis; Applicants will be considered only if they have demonstrated strong ties to inland southern California,,The California Dream Act passed in 2011 gives undocumented DACA (AB540 eligibility students) access to state financial aid and institutional and privately-funded scholarships.,The California Dream Act passed in 2011 gives undocumented DACA (AB540 eligibility students) access to state financial aid and institutional and privately-funded scholarships.,,
aamc_msar_applications_accepted,AAMC MSAR Advisor Reports,https://students-residents.aamc.org/medical-school-admission-requirements/medical-school-admission-requirements-reports-applicants-and-advisors,data/raw/aamc/msar_reports/06_msar012-applications-accepted-information.pdf,19,128,230.580,CA,"University of California, San Diego School of Medicine","University of California, San Diego School of Medicine","All applicants | Coursework from Canadian universities is accepted. Applicants still must meet our criteria re: citizenship as detailed in the ""International Applicants"" section","Coursework from Canadian universities is accepted. Applicants still must meet our criteria re: citizenship as detailed in the ""International Applicants"" section | The UCSD SOM will consider applicants from US citizens, permanent residents of the US (green card), and DACA recipients. Applicants that do not satisfy one of these requirements won't be considered","The UCSD SOM will consider applicants from US citizens, permanent residents of the US (green card), and DACA recipients. Applicants that do not satisfy one of these requirements won't be considered | https://medschool.ucsd.edu/admissions/Pages/Application- Process.aspx",https://medschool.ucsd.edu/admissions/Pages/Application- Process.aspx,,
aamc_msar_applications_accepted,AAMC MSAR Advisor Reports,https://students-residents.aamc.org/medical-school-admission-requirements/medical-school-admission-requirements-reports-applicants-and-advisors,data/raw/aamc/msar_reports/06_msar012-applications-accepted-information.pdf,20,128,155.700,CA,"University of California, San Francisco, School of Medicine","University of California, San Francisco, School of Medicine","Yes, all applicants",,"Yes, all applicants","Yes, all applicants",,
aamc_msar_applications_accepted,AAMC MSAR Advisor Reports,https://students-residents.aamc.org/medical-school-admission-requirements/medical-school-admission-requirements-reports-applicants-and-advisors,data/raw/aamc/msar_reports/06_msar012-applications-accepted-information.pdf,21,128,80.820,CO,University of Colorado School of Medicine,University of Colorado School of Medicine,CUSOM accepts out of state applicants. | CUSOM accepts Canadian applicants.,CUSOM accepts Canadian applicants. | CUSOM accepts international applicants.,CUSOM accepts international applicants. | CUSOM accepts DACA applicants.,CUSOM accepts DACA applicants.,,
aamc_msar_applications_accepted,AAMC MSAR Advisor Reports,https://students-residents.aamc.org/medical-school-admission-requirements/medical-school-admission-requirements-reports-applicants-and-advisors,data/raw/aamc/msar_reports/06_msar012-applications-accepted-information.pdf,22,186,578.941,CT,Frank H. Netter MD School of Medicine at Quinnipiac University,Frank H. Netter MD School of Medicine at Quinnipiac University,All applicants | Must be a U.S. permanent resident or be in possession of a green card at the time of application for an application to be considered.,Must be a U.S. permanent resident or be in possession of a green card at the time of application for an application to be considered. | Must be a U.S. permanent resident or be in possession of a green card at the time of application for an application to be considered.,Must be a U.S. permanent resident or be in possession of a green card at the time of application for an application to be considered. | The Office of Admissions will communicate with DACA applicants to determine if Netter would be an appropriate fit. Applicants are welcome to reach out to admissions at medicine@qu.edu.,The Office of Admissions will communicate with DACA applicants to determine if Netter would be an appropriate fit. Applicants are welcome to reach out to admissions at medicine@qu.edu.,,
aamc_msar_applications_accepted,AAMC MSAR Advisor Reports,https://students-residents.aamc.org/medical-school-admission-requirements/medical-school-admission-requirements-reports-applicants-and-advisors,data/raw/aamc/msar_reports/06_msar012-applications-accepted-information.pdf,23,186,504.061,CT,University of Connecticut School of Medicine,University of Connecticut School of Medicine,All applicants | All applicants,All applicants | All applicants,All applicants | All applicants,All applicants,,
aamc_msar_applications_accepted,AAMC MSAR Advisor Reports,https://students-residents.aamc.org/medical-school-admission-requirements/medical-school-admission-requirements-reports-applicants-and-advisors,data/raw/aamc/msar_reports/06_msar012-applications-accepted-information.pdf,24,186,421.900,CT,Yale School of Medicine,Yale School of Medicine,All applicants. | All applicants.,All applicants. | All applicants.,All applicants. | Accepted DACA status applicants are eligible to receive need-based financial aid from Yale School of Medicine.,Accepted DACA status applicants are eligible to receive need-based financial aid from Yale School of Medicine.,,
aamc_msar_applications_accepted,AAMC MSAR Advisor Reports,https://students-residents.aamc.org/medical-school-admission-requirements/medical-school-admission-requirements-reports-applicants-and-advisors,data/raw/aamc/msar_reports/06_msar012-applications-accepted-information.pdf,25,186,314.460,DC,George Washington University School of Medicine & Health Sciences,George Washington University School of Medicine & Health Sciences,No geographic preferences. | Evaluated like US citizens and US Permanent residents.,Evaluated like US citizens and US Permanent residents. | Must have US or Canadian undergraduate degree and non-private sponsorship in addition to other requirements. https://smhs.gwu.edu/imp/programs/international-scholars/md- program-international-students,Must have US or Canadian undergraduate degree and non-private sponsorship in addition to other requirements. https://smhs.gwu.edu/imp/programs/international-scholars/md- program-international-students | Must have or be about to earn a US or Canadian undergraduate degree.,Must have or be about to earn a US or Canadian undergraduate degree.,,
aamc_msar_applications_accepted,AAMC MSAR Advisor Reports,https://students-residents.aamc.org/medical-school-admission-requirements/medical-school-admission-requirements-reports-applicants-and-advisors,data/raw/aamc/msar_reports/06_msar012-applications-accepted-information.pdf,26,186,239.580,DC,Georgetown University School of Medicine,Georgetown University School of Medicine,We accept out-of-state students | https://som.georgetown.edu/admissions/degrees-and-admissions/md/,https://som.georgetown.edu/admissions/degrees-and-admissions/md/ | https://som.georgetown.edu/admissions/degrees-and-admissions/md/,https://som.georgetown.edu/admissions/degrees-and-admissions/md/ | DACA recipients are eligible to apply.,DACA recipients are eligible to apply.,,
aamc_msar_applications_accepted,AAMC MSAR Advisor Reports,https://students-residents.aamc.org/medical-school-admission-requirements/medical-school-admission-requirements-reports-applicants-and-advisors,data/raw/aamc/msar_reports/06_msar012-applications-accepted-information.pdf,27,186,157.419,DC,Howard University College of Medicine,Howard University College of Medicine,There are no restrictions on out of state applicants. | We accept a limited number of Canadian applicants.,We accept a limited number of Canadian applicants. | We accept a limited number of International applicants. Scholarships are not available in first year.,We accept a limited number of International applicants. Scholarships are not available in first year. | We evaluate DACA applicants on a limited basis.,We evaluate DACA applicants on a limited basis.,,
aamc_msar_applications_accepted,AAMC MSAR Advisor Reports,https://students-residents.aamc.org/medical-school-admission-requirements/medical-school-admission-requirements-reports-applicants-and-advisors,data/raw/aamc/msar_reports/06_msar012-applications-accepted-information.pdf,28,186,75.259,FL,Charles E. Schmidt College of Medicine at Florida Atlantic University,Charles E. Schmidt College of Medicine at Florida Atlantic University,30% of the class will be out-of -state applicants. | Must at least be a permiment resident of the US in order to be considered for admissions.,Must at least be a permiment resident of the US in order to be considered for admissions.,,,,
aamc_msar_applications_accepted,AAMC MSAR Advisor Reports,https://students-residents.aamc.org/medical-school-admission-requirements/medical-school-admission-requirements-reports-applicants-and-advisors,data/raw/aamc/msar_reports/06_msar012-applications-accepted-information.pdf,29,244,609.782,FL,Florida International University Herbert Wertheim College of Medicine,Florida International University Herbert Wertheim College of Medicine,All applicants considered,,,,,
aamc_msar_applications_accepted,AAMC MSAR Advisor Reports,https://students-residents.aamc.org/medical-school-admission-requirements/medical-school-admission-requirements-reports-applicants-and-advisors,data/raw/aamc/msar_reports/06_msar012-applications-accepted-information.pdf,30,244,518.621,FL,Florida State University College of Medicine,Florida State University College of Medicine,"Out-of-state applicants are considered for admission if their county of residence is geographically contiguous with the State of Florida, or if they demonstrate significant ties to Florida.",,,,,
aamc_msar_applications_accepted,AAMC MSAR Advisor Reports,https://students-residents.aamc.org/medical-school-admission-requirements/medical-school-admission-requirements-reports-applicants-and-advisors,data/raw/aamc/msar_reports/06_msar012-applications-accepted-information.pdf,31,244,443.741,FL,Nova Southeastern University Dr. Kiran C. Patel College of Allopathic Medicine,Nova Southeastern University Dr. Kiran C. Patel College of Allopathic Medicine,"Yes, all applicants accepted from out-of-state.",,,,,
aamc_msar_applications_accepted,AAMC MSAR Advisor Reports,https://students-residents.aamc.org/medical-school-admission-requirements/medical-school-admission-requirements-reports-applicants-and-advisors,data/raw/aamc/msar_reports/06_msar012-applications-accepted-information.pdf,32,244,352.581,FL,University of Central Florida College of Medicine,University of Central Florida College of Medicine,Up to 35% of each class is accepted from out-of-state. | Applicant must be a U.S. Citizen. Degrees accepted from some Canadian institutions and will be at the discretion of the Office of Admissions.,Applicant must be a U.S. Citizen. Degrees accepted from some Canadian institutions and will be at the discretion of the Office of Admissions.,,,,
aamc_msar_applications_accepted,AAMC MSAR Advisor Reports,https://students-residents.aamc.org/medical-school-admission-requirements/medical-school-admission-requirements-reports-applicants-and-advisors,data/raw/aamc/msar_reports/06_msar012-applications-accepted-information.pdf,33,244,270.421,FL,University of Florida College of Medicine,University of Florida College of Medicine,All applicants | Must be permanent legal residents of the U.S. U.S. citizens or permanent residents who attend Canadian university are eligible.,Must be permanent legal residents of the U.S. U.S. citizens or permanent residents who attend Canadian university are eligible.,,,,
aamc_msar_applications_accepted,AAMC MSAR Advisor Reports,https://students-residents.aamc.org/medical-school-admission-requirements/medical-school-admission-requirements-reports-applicants-and-advisors,data/raw/aamc/msar_reports/06_msar012-applications-accepted-information.pdf,34,244,173.700,FL,University of Miami Leonard M. Miller School of Medicine,University of Miami Leonard M. Miller School of Medicine,Out-of-state applicants welcome | Must be U.S Citizen or Permanent Resident of the US at time of application.,Must be U.S Citizen or Permanent Resident of the US at time of application. | Must be U.S Citizen or Permanent Resident of the US at time of application.,Must be U.S Citizen or Permanent Resident of the US at time of application. | DACA applicants are encouraged to apply and will be assisted through the Office of Belonging and Inclusive Excellence.,DACA applicants are encouraged to apply and will be assisted through the Office of Belonging and Inclusive Excellence.,,
aamc_msar_applications_accepted,AAMC MSAR Advisor Reports,https://students-residents.aamc.org/medical-school-admission-requirements/medical-school-admission-requirements-reports-applicants-and-advisors,data/raw/aamc/msar_reports/06_msar012-applications-accepted-information.pdf,35,244,98.820,FL,USF Health Morsani College of Medicine,USF Health Morsani College of Medicine,All applicants | Case-by-case,Case-by-case | Case-by-case,Case-by-case | Case-by-case,Case-by-case,,
aamc_msar_applications_accepted,AAMC MSAR Advisor Reports,https://students-residents.aamc.org/medical-school-admission-requirements/medical-school-admission-requirements-reports-applicants-and-advisors,data/raw/aamc/msar_reports/06_msar012-applications-accepted-information.pdf,36,302,560.941,GA,Emory University School of Medicine,Emory University School of Medicine,"Out-of-state applicants are eligible for admission. | Canadian applicants are eligible for admission. Canadian applicants are considered ""International"" applicants and are not eligible for need- based financial aid.","Canadian applicants are eligible for admission. Canadian applicants are considered ""International"" applicants and are not eligible for need- based financial aid. | International applicants are eligible for admission. If your undergrad degree is from abroad, all science requirements must be completed at a regionally accredited institution in the US or Canada.","International applicants are eligible for admission. If your undergrad degree is from abroad, all science requirements must be completed at a regionally accredited institution in the US or Canada. | Emory welcomes applications from all persons, regardless of citizenship or visa status. Citizenship is not used to determine selection for an interview or for acceptance.","Emory welcomes applications from all persons, regardless of citizenship or visa status. Citizenship is not used to determine selection for an interview or for acceptance.",,
aamc_msar_applications_accepted,AAMC MSAR Advisor Reports,https://students-residents.aamc.org/medical-school-admission-requirements/medical-school-admission-requirements-reports-applicants-and-advisors,data/raw/aamc/msar_reports/06_msar012-applications-accepted-information.pdf,37,302,478.780,GA,Medical College of Georgia at Augusta University,Medical College of Georgia at Augusta University,Out-of-State students represent approximately 5% (maximum) of the incoming class.,,,,,
aamc_msar_applications_accepted,AAMC MSAR Advisor Reports,https://students-residents.aamc.org/medical-school-admission-requirements/medical-school-admission-requirements-reports-applicants-and-advisors,data/raw/aamc/msar_reports/06_msar012-applications-accepted-information.pdf,38,302,403.900,GA,Mercer University School of Medicine,Mercer University School of Medicine,,,,,,
aamc_msar_applications_accepted,AAMC MSAR Advisor Reports,https://students-residents.aamc.org/medical-school-admission-requirements/medical-school-admission-requirements-reports-applicants-and-advisors,data/raw/aamc/msar_reports/06_msar012-applications-accepted-information.pdf,39,302,329.020,GA,Morehouse School of Medicine,Morehouse School of Medicine,Must be a United States citizen or hold permanent residency status | Must be a United States citizen or hold permanent residency status,Must be a United States citizen or hold permanent residency status,,,,
aamc_msar_applications_accepted,AAMC MSAR Advisor Reports,https://students-residents.aamc.org/medical-school-admission-requirements/medical-school-admission-requirements-reports-applicants-and-advisors,data/raw/aamc/msar_reports/06_msar012-applications-accepted-information.pdf,40,302,237.860,GA,University of Georgia School of Medicine,University of Georgia School of Medicine,"We encourage out-of-state applicants who are mission-aligned, knowledgeable about Georgia ’ s communities and healthcare needs, and committed to serving the people of Georgia.",,,,,
aamc_msar_applications_accepted,AAMC MSAR Advisor Reports,https://students-residents.aamc.org/medical-school-admission-requirements/medical-school-admission-requirements-reports-applicants-and-advisors,data/raw/aamc/msar_reports/06_msar012-applications-accepted-information.pdf,41,302,162.980,HI,"University of Hawaii, John A. Burns School of Medicine","University of Hawaii, John A. Burns School of Medicine",See JABSOM admissions webpages for more details. | See JABSOM admissions webpages for more details.,See JABSOM admissions webpages for more details. | See JABSOM admissions webpages for more details.,See JABSOM admissions webpages for more details. | See JABSOM admissions webpages for more details.,See JABSOM admissions webpages for more details.,,
aamc_msar_applications_accepted,AAMC MSAR Advisor Reports,https://students-residents.aamc.org/medical-school-admission-requirements/medical-school-admission-requirements-reports-applicants-and-advisors,data/raw/aamc/msar_reports/06_msar012-applications-accepted-information.pdf,42,302,88.100,IA,University of Iowa Roy J. and Lucille A. Carver College of Medicine,University of Iowa Roy J. and Lucille A. Carver College of Medicine,Carver accepts nonresident applications,,,,,
aamc_msar_applications_accepted,AAMC MSAR Advisor Reports,https://students-residents.aamc.org/medical-school-admission-requirements/medical-school-admission-requirements-reports-applicants-and-advisors,data/raw/aamc/msar_reports/06_msar012-applications-accepted-information.pdf,43,360,602.502,IL,Carle Illinois College of Medicine,Carle Illinois College of Medicine,Out-of-state applicants are considered equally with in-state applicants | x,x | x,x | x,x,,
aamc_msar_applications_accepted,AAMC MSAR Advisor Reports,https://students-residents.aamc.org/medical-school-admission-requirements/medical-school-admission-requirements-reports-applicants-and-advisors,data/raw/aamc/msar_reports/06_msar012-applications-accepted-information.pdf,44,360,520.341,IL,Chicago Medical School at Rosalind Franklin University of Medicine & Science,Chicago Medical School at Rosalind Franklin University of Medicine & Science,"Must be a US Citizen, US Permanent Resident or have DACA status at time of application to be considered.",,Must have DACA Status at the time of application to be considered.,Must have DACA Status at the time of application to be considered.,,
aamc_msar_applications_accepted,AAMC MSAR Advisor Reports,https://students-residents.aamc.org/medical-school-admission-requirements/medical-school-admission-requirements-reports-applicants-and-advisors,data/raw/aamc/msar_reports/06_msar012-applications-accepted-information.pdf,45,360,423.620,IL,Loyola University Chicago Stritch School of Medicine,Loyola University Chicago Stritch School of Medicine,We are a private institution and accept applications from any state without quotas. | Canadian applicants must be either permanent residents in the U.S. or have dual citizenship in U.S.,"Canadian applicants must be either permanent residents in the U.S. or have dual citizenship in U.S. | Permanent residents, adjusted statuses, and asylee/refugee statuses are considered on a case by case basis in our pool.","Permanent residents, adjusted statuses, and asylee/refugee statuses are considered on a case by case basis in our pool. | http://ssom.luc.edu/daca/",http://ssom.luc.edu/daca/,,
aamc_msar_applications_accepted,AAMC MSAR Advisor Reports,https://students-residents.aamc.org/medical-school-admission-requirements/medical-school-admission-requirements-reports-applicants-and-advisors,data/raw/aamc/msar_reports/06_msar012-applications-accepted-information.pdf,46,360,316.180,IL,Northwestern University The Feinberg School of Medicine,Northwestern University The Feinberg School of Medicine,All applicants | All applicants,"All applicants | International students are ineligible for most federal assistance programs, and thus must secure private funding through a participating lender with a US-based co-signer.","International students are ineligible for most federal assistance programs, and thus must secure private funding through a participating lender with a US-based co-signer. | Students with DACA status are ineligible for most federal assistance programs, and thus must secure private funding through a participating lender with a US-based co-signer.","Students with DACA status are ineligible for most federal assistance programs, and thus must secure private funding through a participating lender with a US-based co-signer.",,
aamc_msar_applications_accepted,AAMC MSAR Advisor Reports,https://students-residents.aamc.org/medical-school-admission-requirements/medical-school-admission-requirements-reports-applicants-and-advisors,data/raw/aamc/msar_reports/06_msar012-applications-accepted-information.pdf,47,360,194.179,IL,Rush Medical College of Rush University Medical Center,Rush Medical College of Rush University Medical Center,"Applications are accepted from both in-state and out-of-state applicants. | Each applicant must be a U.S. citizen, U.S. permanent resident, or of Deferred Action for Childhood Arrivals (DACA), refugee, or asylee status.","Each applicant must be a U.S. citizen, U.S. permanent resident, or of Deferred Action for Childhood Arrivals (DACA), refugee, or asylee status. | RMC welcomes applicants who are U.S. permanent residents or are of Deferred Action for Childhood Arrivals (DACA), asylee or refugee status.","RMC welcomes applicants who are U.S. permanent residents or are of Deferred Action for Childhood Arrivals (DACA), asylee or refugee status. | RMC welcomes applicants of Deferred Action for Childhood Arrivals (DACA) status.",RMC welcomes applicants of Deferred Action for Childhood Arrivals (DACA) status.,,
aamc_msar_applications_accepted,AAMC MSAR Advisor Reports,https://students-residents.aamc.org/medical-school-admission-requirements/medical-school-admission-requirements-reports-applicants-and-advisors,data/raw/aamc/msar_reports/06_msar012-applications-accepted-information.pdf,48,360,112.018,IL,Southern Illinois University School of Medicine,Southern Illinois University School of Medicine,,,Must be an Illinois resident Illinois resident with Deferred Action for Childhood Arrivals (DACA) status.,Must be an Illinois resident Illinois resident with Deferred Action for Childhood Arrivals (DACA) status.,,
aamc_msar_applications_accepted,AAMC MSAR Advisor Reports,https://students-residents.aamc.org/medical-school-admission-requirements/medical-school-admission-requirements-reports-applicants-and-advisors,data/raw/aamc/msar_reports/06_msar012-applications-accepted-information.pdf,49,410,602.501,IL,University of Chicago Division of the Biological Sciences The Pritzker School of Medicine,University of Chicago Division of the Biological Sciences The Pritzker School of Medicine,"As a private institution, there is no difference in our evaluation or preference for in- and out-of-state applicants. | We accept applications from Canadian applicants.",We accept applications from Canadian applicants. | We accept applications from international applicants.,We accept applications from international applicants. | We accept applications from DACA applicants.,We accept applications from DACA applicants.,,
aamc_msar_applications_accepted,AAMC MSAR Advisor Reports,https://students-residents.aamc.org/medical-school-admission-requirements/medical-school-admission-requirements-reports-applicants-and-advisors,data/raw/aamc/msar_reports/06_msar012-applications-accepted-information.pdf,50,410,498.500,IL,University of Illinois College of Medicine,University of Illinois College of Medicine,Admission criteria are the same for in-state and out-of-state applicants. | We accept Canadian applicants. Please see the UI COM website for additional details.,We accept Canadian applicants. Please see the UI COM website for additional details. | We accept International applicants. Please see the UI COM website for additional details.,We accept International applicants. Please see the UI COM website for additional details. | We accept applicants with DACA status. Please see the UI COM website for additional details.,We accept applicants with DACA status. Please see the UI COM website for additional details.,,
aamc_msar_applications_accepted,AAMC MSAR Advisor Reports,https://students-residents.aamc.org/medical-school-admission-requirements/medical-school-admission-requirements-reports-applicants-and-advisors,data/raw/aamc/msar_reports/06_msar012-applications-accepted-information.pdf,51,410,416.340,IN,Indiana University School of Medicine,Indiana University School of Medicine,Acceptance offers for out of state applicants represents 20% of the entering class. | Must have US permanent resident status.,Must have US permanent resident status.,,,,
aamc_msar_applications_accepted,AAMC MSAR Advisor Reports,https://students-residents.aamc.org/medical-school-admission-requirements/medical-school-admission-requirements-reports-applicants-and-advisors,data/raw/aamc/msar_reports/06_msar012-applications-accepted-information.pdf,52,410,285.339,KS,University of Kansas School of Medicine,University of Kansas School of Medicine,"The University of Kansas is a state-supported institution that gives primary consideration to Kansas residents and those with strong ties to Kansas. | Applicants are only considered who are citizens or permanent residents of the United States, or have an approved status due to Deferred Action for Childhood Arrivals (DACA).","Applicants are only considered who are citizens or permanent residents of the United States, or have an approved status due to Deferred Action for Childhood Arrivals (DACA). | Applicants are only considered who are citizens or permanent residents of the United States, or have an approved status due to Deferred Action for Childhood Arrivals (DACA).","Applicants are only considered who are citizens or permanent residents of the United States, or have an approved status due to Deferred Action for Childhood Arrivals (DACA). | An applicant who is not a citizen must submit a photocopy of his or her permanent resident visa card or DACA approvals.",An applicant who is not a citizen must submit a photocopy of his or her permanent resident visa card or DACA approvals.,,
aamc_msar_applications_accepted,AAMC MSAR Advisor Reports,https://students-residents.aamc.org/medical-school-admission-requirements/medical-school-admission-requirements-reports-applicants-and-advisors,data/raw/aamc/msar_reports/06_msar012-applications-accepted-information.pdf,53,410,154.338,KY,University of Kentucky College of Medicine,University of Kentucky College of Medicine,A limited number of non-Kentucky residents with very strong ties to the state may be considered. | Consideration for those who have graduated from a KY high school or attended a KY college/university. Canadian students are not eligible for federal loans or institutional scholarships.,Consideration for those who have graduated from a KY high school or attended a KY college/university. Canadian students are not eligible for federal loans or institutional scholarships. | Consideraton for those who have graduated from a KY high school or attended a KY college/university. International students are not eligible for federal loans or institutional scholarships.,Consideraton for those who have graduated from a KY high school or attended a KY college/university. International students are not eligible for federal loans or institutional scholarships. | Consideration for those who have graduated from a KY high school or attended a KY college/university. DACA students are not eligible for federal loans or institutional scholarships.,Consideration for those who have graduated from a KY high school or attended a KY college/university. DACA students are not eligible for federal loans or institutional scholarships.,,
aamc_msar_applications_accepted,AAMC MSAR Advisor Reports,https://students-residents.aamc.org/medical-school-admission-requirements/medical-school-admission-requirements-reports-applicants-and-advisors,data/raw/aamc/msar_reports/06_msar012-applications-accepted-information.pdf,54,410,55.897,KY,University of Louisville School of Medicine,University of Louisville School of Medicine,"Non-residents who have significant academic, personal, or family ties to Kentucky may be considered. | Considered in same manner as international applicants. For more information: https://medicine.louisville.edu/admission/md-program- admissions",Considered in same manner as international applicants. For more information: https://medicine.louisville.edu/admission/md-program- admissions | https://medicine.louisville.edu/admission/md-program-admissions,https://medicine.louisville.edu/admission/md-program-admissions | https://medicine.louisville.edu/admission/md-program-admissions,https://medicine.louisville.edu/admission/md-program-admissions,,
aamc_msar_applications_accepted,AAMC MSAR Advisor Reports,https://students-residents.aamc.org/medical-school-admission-requirements/medical-school-admission-requirements-reports-applicants-and-advisors,data/raw/aamc/msar_reports/06_msar012-applications-accepted-information.pdf,55,460,560.941,LA,Louisiana State University School of Medicine in New Orleans,Louisiana State University School of Medicine in New Orleans,All out of state applicants will be pre-screened. Those applicants chosen to move to the next step will receive a secondary application. . | Canadian applicants are considered in the same group as out of state applicants. Canadian applicant are pre-screened. Those chosen to move to the next step will receive a secondary application.,Canadian applicants are considered in the same group as out of state applicants. Canadian applicant are pre-screened. Those chosen to move to the next step will receive a secondary application. | Students have to have attended a North American College or University and have Permanent Resident Status in the United States.,Students have to have attended a North American College or University and have Permanent Resident Status in the United States.,,,
aamc_msar_applications_accepted,AAMC MSAR Advisor Reports,https://students-residents.aamc.org/medical-school-admission-requirements/medical-school-admission-requirements-reports-applicants-and-advisors,data/raw/aamc/msar_reports/06_msar012-applications-accepted-information.pdf,56,460,486.061,LA,Louisiana State University School of Medicine in Shreveport,Louisiana State University School of Medicine in Shreveport,Louisiana residents preferred,,,,,
aamc_msar_applications_accepted,AAMC MSAR Advisor Reports,https://students-residents.aamc.org/medical-school-admission-requirements/medical-school-admission-requirements-reports-applicants-and-advisors,data/raw/aamc/msar_reports/06_msar012-applications-accepted-information.pdf,57,460,346.060,LA,Tulane University School of Medicine,Tulane University School of Medicine,"The admissions process is identical for in-state and out-of-state applicants. All applicants will receive a full review of their file, regardless of their state of residency. | The admissions process is identical for domestic and international students. All applicants will receive a full review of their file, regardless of citizenship or immigration status.","The admissions process is identical for domestic and international students. All applicants will receive a full review of their file, regardless of citizenship or immigration status. | The admissions process is identical for domestic and international students. All applicants will receive a full review of their file, regardless of citizenship or immigration status.","The admissions process is identical for domestic and international students. All applicants will receive a full review of their file, regardless of citizenship or immigration status. | The admissions process is identical for domestic and international students. All applicants will receive a full review of their file, regardless of citizenship or immigration status.","The admissions process is identical for domestic and international students. All applicants will receive a full review of their file, regardless of citizenship or immigration status.",,
aamc_msar_applications_accepted,AAMC MSAR Advisor Reports,https://students-residents.aamc.org/medical-school-admission-requirements/medical-school-admission-requirements-reports-applicants-and-advisors,data/raw/aamc/msar_reports/06_msar012-applications-accepted-information.pdf,58,460,247.619,MA,Boston University Aram V. Chobanian & Edward Avedisian School of Medicine,Boston University Aram V. Chobanian & Edward Avedisian School of Medicine,All applicants | All applicants,All applicants | Review requirements: https://www.bumc.bu.edu/camed/admissions/application- process/requirements/,Review requirements: https://www.bumc.bu.edu/camed/admissions/application- process/requirements/ | Chobanian & Avedisian SOM has extremely limited financial resources for DACA status students.,Chobanian & Avedisian SOM has extremely limited financial resources for DACA status students.,,
aamc_msar_applications_accepted,AAMC MSAR Advisor Reports,https://students-residents.aamc.org/medical-school-admission-requirements/medical-school-admission-requirements-reports-applicants-and-advisors,data/raw/aamc/msar_reports/06_msar012-applications-accepted-information.pdf,59,460,156.459,MA,Harvard Medical School,Harvard Medical School,n/a | n/a,n/a | Please see our website for more information regarding international applicants. https://hms.harvard.edu/education-admissions/md- program/admissions/preparing-apply/eligibility,Please see our website for more information regarding international applicants. https://hms.harvard.edu/education-admissions/md- program/admissions/preparing-apply/eligibility | Please see our website for more information.,Please see our website for more information.,,
aamc_msar_applications_accepted,AAMC MSAR Advisor Reports,https://students-residents.aamc.org/medical-school-admission-requirements/medical-school-admission-requirements-reports-applicants-and-advisors,data/raw/aamc/msar_reports/06_msar012-applications-accepted-information.pdf,60,460,67.018,MA,Tufts University School of Medicine,Tufts University School of Medicine,No State Residency Requirement | https://medicine.tufts.edu/admissions-aid/info-for/international- applicants,https://medicine.tufts.edu/admissions-aid/info-for/international- applicants | https://medicine.tufts.edu/admissions-aid/info-for/international- applicants,https://medicine.tufts.edu/admissions-aid/info-for/international- applicants | https://medicine.tufts.edu/admissions-aid/info-for/daca-applicants,https://medicine.tufts.edu/admissions-aid/info-for/daca-applicants,,
aamc_msar_applications_accepted,AAMC MSAR Advisor Reports,https://students-residents.aamc.org/medical-school-admission-requirements/medical-school-admission-requirements-reports-applicants-and-advisors,data/raw/aamc/msar_reports/06_msar012-applications-accepted-information.pdf,61,510,602.501,MA,University of Massachusetts T.H. Chan School of Medicine,University of Massachusetts T.H. Chan School of Medicine,Approximately 35% out of state students can be accepted to the class. All applicants must be US citizens or permanent residents. | Please refer to admissions website for required documentation,Please refer to admissions website for required documentation,Applicants must provide official proof of DACA status.,Applicants must provide official proof of DACA status.,,
aamc_msar_applications_accepted,AAMC MSAR Advisor Reports,https://students-residents.aamc.org/medical-school-admission-requirements/medical-school-admission-requirements-reports-applicants-and-advisors,data/raw/aamc/msar_reports/06_msar012-applications-accepted-information.pdf,62,510,511.341,MD,Johns Hopkins University School of Medicine,Johns Hopkins University School of Medicine,Yes: All applicants. | Yes: All applicants.,Yes: All applicants. | Yes: They must meet the requirements specified on our website. Please visit: https://www.hopkinsmedicine.org/som/education- programs/md-program/application-process/international-applicants,Yes: They must meet the requirements specified on our website. Please visit: https://www.hopkinsmedicine.org/som/education- programs/md-program/application-process/international-applicants | Yes: All applicants,Yes: All applicants,,
aamc_msar_applications_accepted,AAMC MSAR Advisor Reports,https://students-residents.aamc.org/medical-school-admission-requirements/medical-school-admission-requirements-reports-applicants-and-advisors,data/raw/aamc/msar_reports/06_msar012-applications-accepted-information.pdf,63,510,421.900,MD,Uniformed Services University of the Health Sciences F. Edward Hebert School of Medicine,Uniformed Services University of the Health Sciences F. Edward Hebert School of Medicine,We accept out-of-state applicants. | Applicants must be U.S. citizens as they will serve as commissioned officers.,Applicants must be U.S. citizens as they will serve as commissioned officers. | Applicants must be U.S. citizens as they will serve as commissioned officers.,Applicants must be U.S. citizens as they will serve as commissioned officers.,,,
aamc_msar_applications_accepted,AAMC MSAR Advisor Reports,https://students-residents.aamc.org/medical-school-admission-requirements/medical-school-admission-requirements-reports-applicants-and-advisors,data/raw/aamc/msar_reports/06_msar012-applications-accepted-information.pdf,64,510,321.740,MD,University of Maryland School of Medicine,University of Maryland School of Medicine,All applicants | All applicants (Citizens of Canada),All applicants (Citizens of Canada) | Citizens of Canada and eligible non-citizens such as permanent residents are welcome to apply. Please see: https://studentaid.gov/understand-aid/eligibility/requirements/non-us- citizens,Citizens of Canada and eligible non-citizens such as permanent residents are welcome to apply. Please see: https://studentaid.gov/understand-aid/eligibility/requirements/non-us- citizens | Maryland In-State DACA students are eligible for consideration,Maryland In-State DACA students are eligible for consideration,,
aamc_msar_applications_accepted,AAMC MSAR Advisor Reports,https://students-residents.aamc.org/medical-school-admission-requirements/medical-school-admission-requirements-reports-applicants-and-advisors,data/raw/aamc/msar_reports/06_msar012-applications-accepted-information.pdf,65,510,239.580,MI,Central Michigan University College of Medicine,Central Michigan University College of Medicine,Approximately 20% of each class | Canadian applicants are considered out-state for admission purposes,Canadian applicants are considered out-state for admission purposes,,,,
aamc_msar_applications_accepted,AAMC MSAR Advisor Reports,https://students-residents.aamc.org/medical-school-admission-requirements/medical-school-admission-requirements-reports-applicants-and-advisors,data/raw/aamc/msar_reports/06_msar012-applications-accepted-information.pdf,66,510,141.139,MI,Michigan State University College of Human Medicine,Michigan State University College of Human Medicine,"While preference is given to in-state applicants, out-of-state applicants with ties to the state of Michigan and/or a sincere interest in serving underserved communities are encouraged to apply. | Must be Canadian citizen. Non-Canadian citizenship with permanent resident visa in Canada does not qualify.",Must be Canadian citizen. Non-Canadian citizenship with permanent resident visa in Canada does not qualify. | Canadian citizens are considered out-of-state applicants.,Canadian citizens are considered out-of-state applicants. | Preference given to DACA in-state residents.,Preference given to DACA in-state residents.,,
aamc_msar_applications_accepted,AAMC MSAR Advisor Reports,https://students-residents.aamc.org/medical-school-admission-requirements/medical-school-admission-requirements-reports-applicants-and-advisors,data/raw/aamc/msar_reports/06_msar012-applications-accepted-information.pdf,67,510,58.979,MI,Oakland University William Beaumont School of Medicine,Oakland University William Beaumont School of Medicine,"Typically, roughly half of each matriculating class is comprised of non- Michigan residents.",,,,,
aamc_msar_applications_accepted,AAMC MSAR Advisor Reports,https://students-residents.aamc.org/medical-school-admission-requirements/medical-school-admission-requirements-reports-applicants-and-advisors,data/raw/aamc/msar_reports/06_msar012-applications-accepted-information.pdf,68,568,602.501,MI,University of Michigan Medical School,University of Michigan Medical School,Out-of-state students comprise roughly half of our matriculants.,,https://medschool.umich.edu/programs-admissions/md-program/md- admissions/md-admissions-requirements,https://medschool.umich.edu/programs-admissions/md-program/md- admissions/md-admissions-requirements,,
aamc_msar_applications_accepted,AAMC MSAR Advisor Reports,https://students-residents.aamc.org/medical-school-admission-requirements/medical-school-admission-requirements-reports-applicants-and-advisors,data/raw/aamc/msar_reports/06_msar012-applications-accepted-information.pdf,69,568,513.061,MI,Wayne State University School of Medicine,Wayne State University School of Medicine,AMCAS residency classification is used for tuition purposes. | Must be Canadian Citizen. Considered Non Resident for Both Admissions and Tuition Purposes,Must be Canadian Citizen. Considered Non Resident for Both Admissions and Tuition Purposes | With a degree from Wayne State University. Considered Non-Resident for tuition purposes.,With a degree from Wayne State University. Considered Non-Resident for tuition purposes.,,,
aamc_msar_applications_accepted,AAMC MSAR Advisor Reports,https://students-residents.aamc.org/medical-school-admission-requirements/medical-school-admission-requirements-reports-applicants-and-advisors,data/raw/aamc/msar_reports/06_msar012-applications-accepted-information.pdf,70,568,430.900,MI,Western Michigan University Homer Stryker M.D. School of Medicine,Western Michigan University Homer Stryker M.D. School of Medicine,We are a private school with no in-state preference. View recent class profiles at: wmed.edu/classprofiles,,,,,
aamc_msar_applications_accepted,AAMC MSAR Advisor Reports,https://students-residents.aamc.org/medical-school-admission-requirements/medical-school-admission-requirements-reports-applicants-and-advisors,data/raw/aamc/msar_reports/06_msar012-applications-accepted-information.pdf,71,568,334.180,MN,Mayo Clinic Alix School of Medicine,Mayo Clinic Alix School of Medicine,"As a private medical school, MCASOM does not distinguish in-state versus out-of-state. | Must be a citizen or lawful permanent resident of Canada or be eligible for Canadian provincial or federal financial aid support.",Must be a citizen or lawful permanent resident of Canada or be eligible for Canadian provincial or federal financial aid support. | Must be eligible to file the Free Application for Federal Student Aid (FAFSA) or Canadian provincial or federal financial aid support,Must be eligible to file the Free Application for Federal Student Aid (FAFSA) or Canadian provincial or federal financial aid support | DACA recipients are eligible to apply.,DACA recipients are eligible to apply.,,
aamc_msar_applications_accepted,AAMC MSAR Advisor Reports,https://students-residents.aamc.org/medical-school-admission-requirements/medical-school-admission-requirements-reports-applicants-and-advisors,data/raw/aamc/msar_reports/06_msar012-applications-accepted-information.pdf,72,568,252.019,MN,University of Minnesota Medical School,University of Minnesota Medical School,Must be a US citizen or a permanent resident.,,Please contact the Office of Admissions if you are a Minnesota resident with DACA designation.,Please contact the Office of Admissions if you are a Minnesota resident with DACA designation.,,
aamc_msar_applications_accepted,AAMC MSAR Advisor Reports,https://students-residents.aamc.org/medical-school-admission-requirements/medical-school-admission-requirements-reports-applicants-and-advisors,data/raw/aamc/msar_reports/06_msar012-applications-accepted-information.pdf,73,568,139.018,MO,Saint Louis University School of Medicine,Saint Louis University School of Medicine,There is no difference in consideration for resident and non-resident applicants. | Canadian applicants are considered international students and are subject to additional financial requirements.,Canadian applicants are considered international students and are subject to additional financial requirements. | International applicants must have at least 30 hours of science coursework in a North American college or university. International applicants are subject to additional financial requirements.,International applicants must have at least 30 hours of science coursework in a North American college or university. International applicants are subject to additional financial requirements. | DACA applicants are considered international students and are subject to additional financial requirements.,DACA applicants are considered international students and are subject to additional financial requirements.,,
aamc_msar_applications_accepted,AAMC MSAR Advisor Reports,https://students-residents.aamc.org/medical-school-admission-requirements/medical-school-admission-requirements-reports-applicants-and-advisors,data/raw/aamc/msar_reports/06_msar012-applications-accepted-information.pdf,74,618,584.501,MO,University of Missouri-Columbia School of Medicine,University of Missouri-Columbia School of Medicine,OOS applicants must meet certain MCAT and undergraduate cumulative GPA combinations to be considered. More information: https://medicine.missouri.edu/education/admissions/md-application- requirements,,,,,
aamc_msar_applications_accepted,AAMC MSAR Advisor Reports,https://students-residents.aamc.org/medical-school-admission-requirements/medical-school-admission-requirements-reports-applicants-and-advisors,data/raw/aamc/msar_reports/06_msar012-applications-accepted-information.pdf,75,618,493.340,MO,University of Missouri-Kansas City School of Medicine,University of Missouri-Kansas City School of Medicine,"Preference and priority consideration is given to in-state students from the state of Missouri as well as to regional students from the states of Arkansas, Illinois, Kansas, Nebraska, and Oklahoma.",,,,,
aamc_msar_applications_accepted,AAMC MSAR Advisor Reports,https://students-residents.aamc.org/medical-school-admission-requirements/medical-school-admission-requirements-reports-applicants-and-advisors,data/raw/aamc/msar_reports/06_msar012-applications-accepted-information.pdf,76,618,418.460,MO,Washington University in St. Louis School of Medicine,Washington University in St. Louis School of Medicine,Applicants are considered regardless of state of residency. | Applicants are considered regardless of country of citizenship.,Applicants are considered regardless of country of citizenship. | Applicants are considered regardless of country of citizenship.,Applicants are considered regardless of country of citizenship. | Applicants are considered regardless of citizenship status.,Applicants are considered regardless of citizenship status.,,
aamc_msar_applications_accepted,AAMC MSAR Advisor Reports,https://students-residents.aamc.org/medical-school-admission-requirements/medical-school-admission-requirements-reports-applicants-and-advisors,data/raw/aamc/msar_reports/06_msar012-applications-accepted-information.pdf,77,618,343.580,MS,University of Mississippi School of Medicine,University of Mississippi School of Medicine,,,,,,
aamc_msar_applications_accepted,AAMC MSAR Advisor Reports,https://students-residents.aamc.org/medical-school-admission-requirements/medical-school-admission-requirements-reports-applicants-and-advisors,data/raw/aamc/msar_reports/06_msar012-applications-accepted-information.pdf,78,618,261.420,NC,Brody School of Medicine at East Carolina University,Brody School of Medicine at East Carolina University,Out of state applicants must be a graduate of a UNC system public school within the last 5 years.,,,,,
aamc_msar_applications_accepted,AAMC MSAR Advisor Reports,https://students-residents.aamc.org/medical-school-admission-requirements/medical-school-admission-requirements-reports-applicants-and-advisors,data/raw/aamc/msar_reports/06_msar012-applications-accepted-information.pdf,79,618,179.260,NC,Duke University School of Medicine,Duke University School of Medicine,We consider out of state applicants | We consider Canadian applicants,We consider Canadian applicants | We consider International Applicants with two years at an accredited US University or Canadian University,We consider International Applicants with two years at an accredited US University or Canadian University | We consider DACA Status Applicants,We consider DACA Status Applicants,,
aamc_msar_applications_accepted,AAMC MSAR Advisor Reports,https://students-residents.aamc.org/medical-school-admission-requirements/medical-school-admission-requirements-reports-applicants-and-advisors,data/raw/aamc/msar_reports/06_msar012-applications-accepted-information.pdf,80,618,48.258,NC,Methodist University Cape Fear Valley Health School of Medicine,Methodist University Cape Fear Valley Health School of Medicine,MU CFVH does not require any additional information for out-of-state applicants. | All candidates must hold US Citizenship or permanent residency and have a bachelor's or advanced degree from a US-accredited institution.,All candidates must hold US Citizenship or permanent residency and have a bachelor's or advanced degree from a US-accredited institution. | All candidates must hold US Citizenship or permanent residency and have a bachelor's or advanced degree from a US-accredited institution.,All candidates must hold US Citizenship or permanent residency and have a bachelor's or advanced degree from a US-accredited institution. | All candidates must hold US Citizenship or permanent residency and have a bachelor's or advanced degree from a US-accredited institution.,All candidates must hold US Citizenship or permanent residency and have a bachelor's or advanced degree from a US-accredited institution.,,
aamc_msar_applications_accepted,AAMC MSAR Advisor Reports,https://students-residents.aamc.org/medical-school-admission-requirements/medical-school-admission-requirements-reports-applicants-and-advisors,data/raw/aamc/msar_reports/06_msar012-applications-accepted-information.pdf,81,676,553.660,NC,University of North Carolina at Chapel Hill School of Medicine,University of North Carolina at Chapel Hill School of Medicine,https://www.med.unc.edu/admit/requirements/academic- requirements/ | Yes. Considered part of the out-of-state applicant pool. GPA and MCAT criteria can be found at: https://www.med.unc.edu/admit/requirements/admissions-process/,Yes. Considered part of the out-of-state applicant pool. GPA and MCAT criteria can be found at: https://www.med.unc.edu/admit/requirements/admissions-process/ | Yes. Considered part of the out-of-state applicant pool. GPA and MCAT criteria can be found at: https://www.med.unc.edu/admit/requirements/admissions-process/,Yes. Considered part of the out-of-state applicant pool. GPA and MCAT criteria can be found at: https://www.med.unc.edu/admit/requirements/admissions-process/ | Yes. Considered part of the out-of-state applicant pool. GPA and MCAT criteria can be found at: https://www.med.unc.edu/admit/requirements/admissions-process/,Yes. Considered part of the out-of-state applicant pool. GPA and MCAT criteria can be found at: https://www.med.unc.edu/admit/requirements/admissions-process/,,
aamc_msar_applications_accepted,AAMC MSAR Advisor Reports,https://students-residents.aamc.org/medical-school-admission-requirements/medical-school-admission-requirements-reports-applicants-and-advisors,data/raw/aamc/msar_reports/06_msar012-applications-accepted-information.pdf,82,676,471.500,NC,Wake Forest University School of Medicine,Wake Forest University School of Medicine,All applicants. | Applicant must be either a U.S. Citizen or a U.S. Permanent Resident.,Applicant must be either a U.S. Citizen or a U.S. Permanent Resident.,,,,
aamc_msar_applications_accepted,AAMC MSAR Advisor Reports,https://students-residents.aamc.org/medical-school-admission-requirements/medical-school-admission-requirements-reports-applicants-and-advisors,data/raw/aamc/msar_reports/06_msar012-applications-accepted-information.pdf,83,676,380.340,ND,University of North Dakota School of Medicine and Health Sciences,University of North Dakota School of Medicine and Health Sciences,"Preference to: current or former ND residents, ties to ND, MN , MT and WY (WICHE) residents, members of federally recognized tribes (INMED). We rarely have matriculants that do not meet one of these.",,,,,
aamc_msar_applications_accepted,AAMC MSAR Advisor Reports,https://students-residents.aamc.org/medical-school-admission-requirements/medical-school-admission-requirements-reports-applicants-and-advisors,data/raw/aamc/msar_reports/06_msar012-applications-accepted-information.pdf,84,676,276.339,NE,Creighton University School of Medicine,Creighton University School of Medicine,There is no difference in our admissions process for In-State and Out- of-State Applicants | Canadian applicants must be either permanent residents in the U.S. or have dual citizenship in U.S,Canadian applicants must be either permanent residents in the U.S. or have dual citizenship in U.S | International applicants that graduated from Creighton University with their Undergraduate degree are eligible.,International applicants that graduated from Creighton University with their Undergraduate degree are eligible. | DACA students that graduated from Creighton University with their Undergraduate degree are eligible.,DACA students that graduated from Creighton University with their Undergraduate degree are eligible.,,
aamc_msar_applications_accepted,AAMC MSAR Advisor Reports,https://students-residents.aamc.org/medical-school-admission-requirements/medical-school-admission-requirements-reports-applicants-and-advisors,data/raw/aamc/msar_reports/06_msar012-applications-accepted-information.pdf,85,676,201.459,NE,University of Nebraska College of Medicine,University of Nebraska College of Medicine,Out of State Applications are accepted.,,,,,
aamc_msar_applications_accepted,AAMC MSAR Advisor Reports,https://students-residents.aamc.org/medical-school-admission-requirements/medical-school-admission-requirements-reports-applicants-and-advisors,data/raw/aamc/msar_reports/06_msar012-applications-accepted-information.pdf,86,676,97.457,NH,Geisel School of Medicine at Dartmouth,Geisel School of Medicine at Dartmouth,We accept out-of-state applicants. The review process is the same regardless of state residency. | Canadian students are eligible to apply. The review process is the same regardless of citizenship.,Canadian students are eligible to apply. The review process is the same regardless of citizenship. | International students are eligible to apply. The review process is the same regardless of citizenship.,International students are eligible to apply. The review process is the same regardless of citizenship. | DACA students are eligible to apply. The review process is the same regardless of citizenship.,DACA students are eligible to apply. The review process is the same regardless of citizenship.,,
aamc_msar_applications_accepted,AAMC MSAR Advisor Reports,https://students-residents.aamc.org/medical-school-admission-requirements/medical-school-admission-requirements-reports-applicants-and-advisors,data/raw/aamc/msar_reports/06_msar012-applications-accepted-information.pdf,87,726,609.782,NJ,Cooper Medical School of Rowan University,Cooper Medical School of Rowan University,Must be US citizen or Permanent Resident | Must be US citizen or Permanent Resident,Must be US citizen or Permanent Resident | Must be US citizen or Permanent Resident,Must be US citizen or Permanent Resident | Must be US citizen or Permanent Resident,Must be US citizen or Permanent Resident,,
aamc_msar_applications_accepted,AAMC MSAR Advisor Reports,https://students-residents.aamc.org/medical-school-admission-requirements/medical-school-admission-requirements-reports-applicants-and-advisors,data/raw/aamc/msar_reports/06_msar012-applications-accepted-information.pdf,88,726,534.902,NJ,Hackensack Meridian School of Medicine,Hackensack Meridian School of Medicine,.,,,,,
aamc_msar_applications_accepted,AAMC MSAR Advisor Reports,https://students-residents.aamc.org/medical-school-admission-requirements/medical-school-admission-requirements-reports-applicants-and-advisors,data/raw/aamc/msar_reports/06_msar012-applications-accepted-information.pdf,89,726,452.741,NJ,Rutgers New Jersey Medical School,Rutgers New Jersey Medical School,No residency preference is given. Out-of-state applicants are encouraged to apply. | Applications from Canadian applicants are considered.,Applications from Canadian applicants are considered. | Applications from International applicants are considered,Applications from International applicants are considered | DACA applicants are considered.,DACA applicants are considered.,,
aamc_msar_applications_accepted,AAMC MSAR Advisor Reports,https://students-residents.aamc.org/medical-school-admission-requirements/medical-school-admission-requirements-reports-applicants-and-advisors,data/raw/aamc/msar_reports/06_msar012-applications-accepted-information.pdf,90,726,361.581,NJ,"Rutgers, Robert Wood Johnson Medical School","Rutgers, Robert Wood Johnson Medical School","RWJMS aims to increase the number of out of state students who matriculate, however NJ residents will always be the majority of matriculating students.",,,,,
aamc_msar_applications_accepted,AAMC MSAR Advisor Reports,https://students-residents.aamc.org/medical-school-admission-requirements/medical-school-admission-requirements-reports-applicants-and-advisors,data/raw/aamc/msar_reports/06_msar012-applications-accepted-information.pdf,91,726,257.580,NM,University of New Mexico School of Medicine,University of New Mexico School of Medicine,Out-of-state applicants must meet one of our strong-ties to the state criteria to gain consideration for admissions. | Canadian applicants must meet one of our strong-ties to the state criteria to gain consideration for admissions.,Canadian applicants must meet one of our strong-ties to the state criteria to gain consideration for admissions. | International applicants must meet one of our strong-ties to the state criteria to gain consideration for admissions.,International applicants must meet one of our strong-ties to the state criteria to gain consideration for admissions. | DACA status applicants must meet one of our strong-ties to the state criteria to gain consideration for admissions.,DACA status applicants must meet one of our strong-ties to the state criteria to gain consideration for admissions.,,
aamc_msar_applications_accepted,AAMC MSAR Advisor Reports,https://students-residents.aamc.org/medical-school-admission-requirements/medical-school-admission-requirements-reports-applicants-and-advisors,data/raw/aamc/msar_reports/06_msar012-applications-accepted-information.pdf,92,726,150.139,NV,Kirk Kerkorian School of Medicine at UNLV,Kirk Kerkorian School of Medicine at UNLV,Preference is given to out of state applicants with significant connections to Nevada or those who are legal residents of a listed western region state. Visit our website for details.,,DACA applicants will be reviewed on a case by case basis with preference given to Nevada residents who hold specific documents to aid with degree matriculation and training.,DACA applicants will be reviewed on a case by case basis with preference given to Nevada residents who hold specific documents to aid with degree matriculation and training.,,
aamc_msar_applications_accepted,AAMC MSAR Advisor Reports,https://students-residents.aamc.org/medical-school-admission-requirements/medical-school-admission-requirements-reports-applicants-and-advisors,data/raw/aamc/msar_reports/06_msar012-applications-accepted-information.pdf,93,726,58.979,NV,Roseman University College of Medicine,Roseman University College of Medicine,"Roseman University College of Medicine is committed to addressing the shortage of physicians in Nevada. All competitive applicants, whether in-state or out-of-state, are encouraged to apply.",,,,,
aamc_msar_applications_accepted,AAMC MSAR Advisor Reports,https://students-residents.aamc.org/medical-school-admission-requirements/medical-school-admission-requirements-reports-applicants-and-advisors,data/raw/aamc/msar_reports/06_msar012-applications-accepted-information.pdf,94,784,593.501,NV,"University of Nevada, Reno School of Medicine","University of Nevada, Reno School of Medicine",Non-Nevada residents must demonstrate legal residency in states listed under the Admissions Policies section on our website or meet other criteria listed.,,We welcome DACA applicants who meet our residency criteria.,We welcome DACA applicants who meet our residency criteria.,,
aamc_msar_applications_accepted,AAMC MSAR Advisor Reports,https://students-residents.aamc.org/medical-school-admission-requirements/medical-school-admission-requirements-reports-applicants-and-advisors,data/raw/aamc/msar_reports/06_msar012-applications-accepted-information.pdf,95,784,518.621,NY,Albany Medical College,Albany Medical College,No preference for In-state vs. Out-of-State,,,,,
aamc_msar_applications_accepted,AAMC MSAR Advisor Reports,https://students-residents.aamc.org/medical-school-admission-requirements/medical-school-admission-requirements-reports-applicants-and-advisors,data/raw/aamc/msar_reports/06_msar012-applications-accepted-information.pdf,96,784,443.741,NY,Albert Einstein College of Medicine,Albert Einstein College of Medicine,Applicants who have applied twice before are not eligible to apply.,,Applicants are ineligible who have applied twice before.,Applicants are ineligible who have applied twice before.,,
aamc_msar_applications_accepted,AAMC MSAR Advisor Reports,https://students-residents.aamc.org/medical-school-admission-requirements/medical-school-admission-requirements-reports-applicants-and-advisors,data/raw/aamc/msar_reports/06_msar012-applications-accepted-information.pdf,97,784,368.861,NY,Columbia University Vagelos College of Physicians and Surgeons,Columbia University Vagelos College of Physicians and Surgeons,All applicants | All applicants,All applicants | All applicants,All applicants | All applicants,All applicants,,
aamc_msar_applications_accepted,AAMC MSAR Advisor Reports,https://students-residents.aamc.org/medical-school-admission-requirements/medical-school-admission-requirements-reports-applicants-and-advisors,data/raw/aamc/msar_reports/06_msar012-applications-accepted-information.pdf,98,784,293.980,NY,CUNY School of Medicine,CUNY School of Medicine,Out of state students are offered admission. | One matriculated,One matriculated | One matriculated,One matriculated | None,None,,
aamc_msar_applications_accepted,AAMC MSAR Advisor Reports,https://students-residents.aamc.org/medical-school-admission-requirements/medical-school-admission-requirements-reports-applicants-and-advisors,data/raw/aamc/msar_reports/06_msar012-applications-accepted-information.pdf,99,784,219.100,NY,Donald and Barbara Zucker School of Medicine at Hofstra/Northwell,Donald and Barbara Zucker School of Medicine at Hofstra/Northwell,We accept applicants from both in and out of state.,,We accept applications from those who hold DACA status,We accept applications from those who hold DACA status,,
aamc_msar_applications_accepted,AAMC MSAR Advisor Reports,https://students-residents.aamc.org/medical-school-admission-requirements/medical-school-admission-requirements-reports-applicants-and-advisors,data/raw/aamc/msar_reports/06_msar012-applications-accepted-information.pdf,100,784,136.940,NY,Icahn School of Medicine at Mount Sinai,Icahn School of Medicine at Mount Sinai,https://icahn.mssm.edu/education/admissions/application | https://icahn.mssm.edu/education/admissions/application,https://icahn.mssm.edu/education/admissions/application | International applicants are not eligible for the MD/PhD program and the Early Assurance programs.,International applicants are not eligible for the MD/PhD program and the Early Assurance programs. | http://icahn.mssm.edu/education/financial-aid/application/daca,http://icahn.mssm.edu/education/financial-aid/application/daca,,
aamc_msar_applications_accepted,AAMC MSAR Advisor Reports,https://students-residents.aamc.org/medical-school-admission-requirements/medical-school-admission-requirements-reports-applicants-and-advisors,data/raw/aamc/msar_reports/06_msar012-applications-accepted-information.pdf,101,784,62.060,NY,Jacobs School of Medicine and Biomedical Sciences at the University at Buffalo,Jacobs School of Medicine and Biomedical Sciences at the University at Buffalo,Apply if you have a competitive application,,Financial Aid may not be available.,Financial Aid may not be available.,,
aamc_msar_applications_accepted,AAMC MSAR Advisor Reports,https://students-residents.aamc.org/medical-school-admission-requirements/medical-school-admission-requirements-reports-applicants-and-advisors,data/raw/aamc/msar_reports/06_msar012-applications-accepted-information.pdf,102,850,595.221,NY,New York Medical College,New York Medical College,NYMC accepts students from all 50 states | Specific course requirement and and tuition payment policies apply. https://www.nymc.edu/som/admissions--aid/,Specific course requirement and and tuition payment policies apply. https://www.nymc.edu/som/admissions--aid/,NYMC is unable to provide scholarship funding or government-funded loads for DACA applicants.,NYMC is unable to provide scholarship funding or government-funded loads for DACA applicants.,,
aamc_msar_applications_accepted,AAMC MSAR Advisor Reports,https://students-residents.aamc.org/medical-school-admission-requirements/medical-school-admission-requirements-reports-applicants-and-advisors,data/raw/aamc/msar_reports/06_msar012-applications-accepted-information.pdf,103,850,464.220,NY,NYU Grossman Long Island School of Medicine,NYU Grossman Long Island School of Medicine,"Out-of-state applicants are welcome to apply; applicants who may have ties to the Long Island, NYC and greater tri-state areas especially encouraged to apply. | Canadian citizens with a bachelor degree from a US or Canadian degree granting college or university by the time of matriculation are eligible to apply.",Canadian citizens with a bachelor degree from a US or Canadian degree granting college or university by the time of matriculation are eligible to apply. | International students with a bachelor's from a US or Canadian degree granting college or university by the time of matriculation are eligible to apply. There are no exceptions to this requirement.,International students with a bachelor's from a US or Canadian degree granting college or university by the time of matriculation are eligible to apply. There are no exceptions to this requirement. | Applicants with DACA status with a bachelors from a US or Canadian degree granting college or university are eligible to apply.,Applicants with DACA status with a bachelors from a US or Canadian degree granting college or university are eligible to apply.,,
aamc_msar_applications_accepted,AAMC MSAR Advisor Reports,https://students-residents.aamc.org/medical-school-admission-requirements/medical-school-admission-requirements-reports-applicants-and-advisors,data/raw/aamc/msar_reports/06_msar012-applications-accepted-information.pdf,104,850,360.219,NY,NYU Grossman School of Medicine,NYU Grossman School of Medicine,Must have a bachelor ’ s degree from an accredited college or university in the United States or Canada | Must have a bachelor ’ s degree from an accredited college or university in the United States or Canada,Must have a bachelor ’ s degree from an accredited college or university in the United States or Canada | Must have a bachelor ’ s degree from an accredited college or university in the United States or Canada,Must have a bachelor ’ s degree from an accredited college or university in the United States or Canada | Must have a bachelor ’ s degree from an accredited college or university in the United States or Canada,Must have a bachelor ’ s degree from an accredited college or university in the United States or Canada,,
aamc_msar_applications_accepted,AAMC MSAR Advisor Reports,https://students-residents.aamc.org/medical-school-admission-requirements/medical-school-admission-requirements-reports-applicants-and-advisors,data/raw/aamc/msar_reports/06_msar012-applications-accepted-information.pdf,105,850,285.339,NY,Renaissance School of Medicine at Stony Brook University,Renaissance School of Medicine at Stony Brook University,Applications are accepted from Out-of-state applicants. | Applications are accepted from Canadian applicants.,Applications are accepted from Canadian applicants. | Applications are accepted from International applicants.,Applications are accepted from International applicants. | Applications are accepted from DACA applicants.,Applications are accepted from DACA applicants.,,
aamc_msar_applications_accepted,AAMC MSAR Advisor Reports,https://students-residents.aamc.org/medical-school-admission-requirements/medical-school-admission-requirements-reports-applicants-and-advisors,data/raw/aamc/msar_reports/06_msar012-applications-accepted-information.pdf,106,850,210.459,NY,State University of New York Upstate Medical University Alan and Marlene Norton College of Medicine,State University of New York Upstate Medical University Alan and Marlene Norton College of Medicine,http://www.upstate.edu/com/admissions/faqs.php | http://www.upstate.edu/com/admissions/faqs.php,http://www.upstate.edu/com/admissions/faqs.php | http://www.upstate.edu/com/admissions/international.php,http://www.upstate.edu/com/admissions/international.php | http://www.upstate.edu/com/admissions/index.php,http://www.upstate.edu/com/admissions/index.php,,
aamc_msar_applications_accepted,AAMC MSAR Advisor Reports,https://students-residents.aamc.org/medical-school-admission-requirements/medical-school-admission-requirements-reports-applicants-and-advisors,data/raw/aamc/msar_reports/06_msar012-applications-accepted-information.pdf,107,850,121.018,NY,SUNY Downstate Health Sciences University College of Medicine,SUNY Downstate Health Sciences University College of Medicine,You do not have to be a New York State Resident to apply for admission or to be considered for acceptance.,,Admissions preference is given to US citizens & permanent residents.,Admissions preference is given to US citizens & permanent residents.,,
aamc_msar_applications_accepted,AAMC MSAR Advisor Reports,https://students-residents.aamc.org/medical-school-admission-requirements/medical-school-admission-requirements-reports-applicants-and-advisors,data/raw/aamc/msar_reports/06_msar012-applications-accepted-information.pdf,108,900,595.221,NY,University of Rochester School of Medicine and Dentistry,University of Rochester School of Medicine and Dentistry,We are a private medical school. There is no state requirement. | Canadian students are only eligible to our Levitan Endowed Family Scholarship (1 student annually).,Canadian students are only eligible to our Levitan Endowed Family Scholarship (1 student annually). | International students are only eligible to our Levitan Endowed Family Scholarship (1 student annually).,International students are only eligible to our Levitan Endowed Family Scholarship (1 student annually).,,,
aamc_msar_applications_accepted,AAMC MSAR Advisor Reports,https://students-residents.aamc.org/medical-school-admission-requirements/medical-school-admission-requirements-reports-applicants-and-advisors,data/raw/aamc/msar_reports/06_msar012-applications-accepted-information.pdf,109,900,520.341,NY,Weill Cornell Medicine,Weill Cornell Medicine,All applicants | All applicants,All applicants | All applicants,All applicants | All applicants,All applicants,,
aamc_msar_applications_accepted,AAMC MSAR Advisor Reports,https://students-residents.aamc.org/medical-school-admission-requirements/medical-school-admission-requirements-reports-applicants-and-advisors,data/raw/aamc/msar_reports/06_msar012-applications-accepted-information.pdf,110,900,398.340,OH,Case Western Reserve University School of Medicine,Case Western Reserve University School of Medicine,There is no difference in our admissions processes for OOS applicants. | There is no difference in our admissions for Canadian applicants. MSTP does not accept Canadian applicants.,There is no difference in our admissions for Canadian applicants. MSTP does not accept Canadian applicants. | There is no difference for admissions for international students. Both the University Program and College Program accept international students. MSTP does not accept international applicants.,There is no difference for admissions for international students. Both the University Program and College Program accept international students. MSTP does not accept international applicants. | There is no difference in our admissions processes for DACA applicants for the University Program and College Program. MSTP does not accept applicants with DACA status.,There is no difference in our admissions processes for DACA applicants for the University Program and College Program. MSTP does not accept applicants with DACA status.,,
aamc_msar_applications_accepted,AAMC MSAR Advisor Reports,https://students-residents.aamc.org/medical-school-admission-requirements/medical-school-admission-requirements-reports-applicants-and-advisors,data/raw/aamc/msar_reports/06_msar012-applications-accepted-information.pdf,111,900,290.899,OH,Northeast Ohio Medical University,Northeast Ohio Medical University,NEOMED entertains applications from non-Ohio residents. | Canadian applicants are defined as Canadian citizens who do not hold legal permanent resident status in the U.S. U.S. Citizens and U.S. LPR's with degrees from Canadian universities may apply.,Canadian applicants are defined as Canadian citizens who do not hold legal permanent resident status in the U.S. U.S. Citizens and U.S. LPR's with degrees from Canadian universities may apply. | The Doctor of Medicine program at NEOMED is not certified to enroll international applicants as defined by visa status without U.S. Citizenship or LPR status.,The Doctor of Medicine program at NEOMED is not certified to enroll international applicants as defined by visa status without U.S. Citizenship or LPR status.,,,
aamc_msar_applications_accepted,AAMC MSAR Advisor Reports,https://students-residents.aamc.org/medical-school-admission-requirements/medical-school-admission-requirements-reports-applicants-and-advisors,data/raw/aamc/msar_reports/06_msar012-applications-accepted-information.pdf,112,900,216.019,OH,Ohio State University College of Medicine,Ohio State University College of Medicine,All out of state applicants considered,,DACA students considered,DACA students considered,,
aamc_msar_applications_accepted,AAMC MSAR Advisor Reports,https://students-residents.aamc.org/medical-school-admission-requirements/medical-school-admission-requirements-reports-applicants-and-advisors,data/raw/aamc/msar_reports/06_msar012-applications-accepted-information.pdf,113,900,141.139,OH,The University of Toledo College of Medicine and Life Sciences,The University of Toledo College of Medicine and Life Sciences,We accept applications from out-of-state applicants. | US Permanent Resident with “ green card ” at time of application only.,US Permanent Resident with “ green card ” at time of application only. | US Permanent Resident with “ green card ” at time of application only.,US Permanent Resident with “ green card ” at time of application only.,,,
aamc_msar_applications_accepted,AAMC MSAR Advisor Reports,https://students-residents.aamc.org/medical-school-admission-requirements/medical-school-admission-requirements-reports-applicants-and-advisors,data/raw/aamc/msar_reports/06_msar012-applications-accepted-information.pdf,114,900,58.979,OH,University of Cincinnati College of Medicine,University of Cincinnati College of Medicine,Out-of-state residents make-up approximately 40-60 percent of the incoming class each year.,,,,,
aamc_msar_applications_accepted,AAMC MSAR Advisor Reports,https://students-residents.aamc.org/medical-school-admission-requirements/medical-school-admission-requirements-reports-applicants-and-advisors,data/raw/aamc/msar_reports/06_msar012-applications-accepted-information.pdf,115,958,587.941,OH,Wright State University Boonshoft School of Medicine,Wright State University Boonshoft School of Medicine,BSOM accepts applications from out of state applicants. | See https://medicine.wright.edu/admissions/prerequisites-and- application for more information.,See https://medicine.wright.edu/admissions/prerequisites-and- application for more information. | See https://medicine.wright.edu/admissions/prerequisites-and- application for more information.,See https://medicine.wright.edu/admissions/prerequisites-and- application for more information. | See https://medicine.wright.edu/admissions/prerequisites-and- application for more information.,See https://medicine.wright.edu/admissions/prerequisites-and- application for more information.,,
aamc_msar_applications_accepted,AAMC MSAR Advisor Reports,https://students-residents.aamc.org/medical-school-admission-requirements/medical-school-admission-requirements-reports-applicants-and-advisors,data/raw/aamc/msar_reports/06_msar012-applications-accepted-information.pdf,116,958,474.940,OK,University of Oklahoma College of Medicine,University of Oklahoma College of Medicine,Applicants have the ability to state their ties to Oklahoma on their secondary application. This is used as a part of the screening process for selecting nonresident applicants for interviews. | Must also be a U.S. citizen or hold a U.S. permanent visa at the time of application,Must also be a U.S. citizen or hold a U.S. permanent visa at the time of application | Must be a U.S. citizen or hold a U.S. permanent visa at the time of application,Must be a U.S. citizen or hold a U.S. permanent visa at the time of application | Must be a U.S. citizen or hold a permanent visa at the time of application,Must be a U.S. citizen or hold a permanent visa at the time of application,,
aamc_msar_applications_accepted,AAMC MSAR Advisor Reports,https://students-residents.aamc.org/medical-school-admission-requirements/medical-school-admission-requirements-reports-applicants-and-advisors,data/raw/aamc/msar_reports/06_msar012-applications-accepted-information.pdf,117,958,370.938,OR,Oregon Health & Science University School of Medicine,Oregon Health & Science University School of Medicine,"Applicants who fit one or more of our mission based groups are given strong preference in the admissions process. | Applicants must be US citizens, have permanent residency with a valid Green Card, or have DACA status to be considered eligible.","Applicants must be US citizens, have permanent residency with a valid Green Card, or have DACA status to be considered eligible. | Applicants must be US citizens, have permanent residency with a valid Green Card, or have DACA status to be considered eligible.","Applicants must be US citizens, have permanent residency with a valid Green Card, or have DACA status to be considered eligible. | DACA status considered for MD program, not considered for combined degree programs.","DACA status considered for MD program, not considered for combined degree programs.",,
aamc_msar_applications_accepted,AAMC MSAR Advisor Reports,https://students-residents.aamc.org/medical-school-admission-requirements/medical-school-admission-requirements-reports-applicants-and-advisors,data/raw/aamc/msar_reports/06_msar012-applications-accepted-information.pdf,118,958,288.778,PA,Drexel University College of Medicine,Drexel University College of Medicine,U.S. Citizens and Permanent residents from any state are welcomed.,,,,,
aamc_msar_applications_accepted,AAMC MSAR Advisor Reports,https://students-residents.aamc.org/medical-school-admission-requirements/medical-school-admission-requirements-reports-applicants-and-advisors,data/raw/aamc/msar_reports/06_msar012-applications-accepted-information.pdf,119,958,184.777,PA,Geisinger Commonwealth School of Medicine,Geisinger Commonwealth School of Medicine,"Completed applications from out-of-state residents will be given full consideration | To be considered for admission, applicants must be either US Citizens or Permanent Resident","To be considered for admission, applicants must be either US Citizens or Permanent Resident | To be considered for admission, applicants must be either US Citizens or Permanent Resident","To be considered for admission, applicants must be either US Citizens or Permanent Resident | To be considered for admission, applicants must be either US Citizens or Permanent Resident","To be considered for admission, applicants must be either US Citizens or Permanent Resident",,
aamc_msar_applications_accepted,AAMC MSAR Advisor Reports,https://students-residents.aamc.org/medical-school-admission-requirements/medical-school-admission-requirements-reports-applicants-and-advisors,data/raw/aamc/msar_reports/06_msar012-applications-accepted-information.pdf,120,958,109.897,PA,Lewis Katz School of Medicine at Temple University,Lewis Katz School of Medicine at Temple University,n/a,Exception for special admissions program,Exception for special admissions program,,,
aamc_msar_applications_accepted,AAMC MSAR Advisor Reports,https://students-residents.aamc.org/medical-school-admission-requirements/medical-school-admission-requirements-reports-applicants-and-advisors,data/raw/aamc/msar_reports/06_msar012-applications-accepted-information.pdf,121,1008,602.503,PA,Pennsylvania State University College of Medicine,Pennsylvania State University College of Medicine,All applicants who are US citizens.,,DACA status applicants are eligible to apply. See the admissions website.,DACA status applicants are eligible to apply. See the admissions website.,,
aamc_msar_applications_accepted,AAMC MSAR Advisor Reports,https://students-residents.aamc.org/medical-school-admission-requirements/medical-school-admission-requirements-reports-applicants-and-advisors,data/raw/aamc/msar_reports/06_msar012-applications-accepted-information.pdf,122,1008,520.342,PA,Perelman School of Medicine at the University of Pennsylvania,Perelman School of Medicine at the University of Pennsylvania,Private institution; out-of-state applicants welcome | limited funding for non-US citizens,limited funding for non-US citizens | Must have completed 24 credits of science education (BCPM credits) in the US before applying; limited funding for non-US citizens,Must have completed 24 credits of science education (BCPM credits) in the US before applying; limited funding for non-US citizens | Limited funding for non-US citizens,Limited funding for non-US citizens,,
aamc_msar_applications_accepted,AAMC MSAR Advisor Reports,https://students-residents.aamc.org/medical-school-admission-requirements/medical-school-admission-requirements-reports-applicants-and-advisors,data/raw/aamc/msar_reports/06_msar012-applications-accepted-information.pdf,123,1008,430.902,PA,Sidney Kimmel Medical College at Thomas Jefferson University,Sidney Kimmel Medical College at Thomas Jefferson University,None | none,none | Must have earned a baccalaureate degree from a US or Canadian university,Must have earned a baccalaureate degree from a US or Canadian university | Must have earned a baccalaureate degree from a US or Canadian university,Must have earned a baccalaureate degree from a US or Canadian university,,
aamc_msar_applications_accepted,AAMC MSAR Advisor Reports,https://students-residents.aamc.org/medical-school-admission-requirements/medical-school-admission-requirements-reports-applicants-and-advisors,data/raw/aamc/msar_reports/06_msar012-applications-accepted-information.pdf,124,1008,356.022,PA,University of Pittsburgh School of Medicine,University of Pittsburgh School of Medicine,We accept out-of-state applicants.,,,,,
aamc_msar_applications_accepted,AAMC MSAR Advisor Reports,https://students-residents.aamc.org/medical-school-admission-requirements/medical-school-admission-requirements-reports-applicants-and-advisors,data/raw/aamc/msar_reports/06_msar012-applications-accepted-information.pdf,125,1008,259.301,PR,Ponce Health Sciences University School of Medicine,Ponce Health Sciences University School of Medicine,"For Ponce, PR: Applicants must meet Spanish proficency requirements | For Ponce, PR: Applicants must meet Spanish proficency requirements","For Ponce, PR: Applicants must meet Spanish proficency requirements | International students must meet all domestic requirements including language proficiency, based on campus.","International students must meet all domestic requirements including language proficiency, based on campus. | Must present official documentation",Must present official documentation,,
aamc_msar_applications_accepted,AAMC MSAR Advisor Reports,https://students-residents.aamc.org/medical-school-admission-requirements/medical-school-admission-requirements-reports-applicants-and-advisors,data/raw/aamc/msar_reports/06_msar012-applications-accepted-information.pdf,126,1008,146.300,PR,San Juan Bautista School of Medicine,San Juan Bautista School of Medicine,. They must meet the same admission requirements as in-state applicants. | Canadian applicants are considered international students. They must meet the same admission requirements as international applicants,Canadian applicants are considered international students. They must meet the same admission requirements as international applicants | Accepted international applicants must have an F-1 visa. Academic transcripts must be validated trough a Certified USA Education Service. They must provide evidence to finance M.D. education.,Accepted international applicants must have an F-1 visa. Academic transcripts must be validated trough a Certified USA Education Service. They must provide evidence to finance M.D. education. | They must meet the same admission requirements as international applicants,They must meet the same admission requirements as international applicants,,
aamc_msar_applications_accepted,AAMC MSAR Advisor Reports,https://students-residents.aamc.org/medical-school-admission-requirements/medical-school-admission-requirements-reports-applicants-and-advisors,data/raw/aamc/msar_reports/06_msar012-applications-accepted-information.pdf,127,1058,577.221,PR,Universidad Central del Caribe School of Medicine,Universidad Central del Caribe School of Medicine,Must be bilingual in Spanish and English. | The required courses have to be equivalent to the US system as well as the grading system. All students must be fully bilingual in Spanish and English.,The required courses have to be equivalent to the US system as well as the grading system. All students must be fully bilingual in Spanish and English. | The required courses have to be equivalent to the US system as well as the grading system. All students must be fully bilingual in English and Spanish.,The required courses have to be equivalent to the US system as well as the grading system. All students must be fully bilingual in English and Spanish.,,,
aamc_msar_applications_accepted,AAMC MSAR Advisor Reports,https://students-residents.aamc.org/medical-school-admission-requirements/medical-school-admission-requirements-reports-applicants-and-advisors,data/raw/aamc/msar_reports/06_msar012-applications-accepted-information.pdf,128,1058,495.061,PR,University of Puerto Rico School of Medicine,University of Puerto Rico School of Medicine,"Only applicants who complete the minimum of 2 strong ties with PR, will be considered for the firs screening.",,,,,
aamc_msar_applications_accepted,AAMC MSAR Advisor Reports,https://students-residents.aamc.org/medical-school-admission-requirements/medical-school-admission-requirements-reports-applicants-and-advisors,data/raw/aamc/msar_reports/06_msar012-applications-accepted-information.pdf,129,1058,420.181,RI,The Warren Alpert Medical School of Brown University,The Warren Alpert Medical School of Brown University,"All applicants | All applicants can apply, but financial aid is limited.","All applicants can apply, but financial aid is limited. | All applicants can apply, but financial aid is limited.","All applicants can apply, but financial aid is limited. | All applicants can apply, but financial aid is limited.","All applicants can apply, but financial aid is limited.",,
aamc_msar_applications_accepted,AAMC MSAR Advisor Reports,https://students-residents.aamc.org/medical-school-admission-requirements/medical-school-admission-requirements-reports-applicants-and-advisors,data/raw/aamc/msar_reports/06_msar012-applications-accepted-information.pdf,130,1058,312.740,SC,Medical University of South Carolina College of Medicine,Medical University of South Carolina College of Medicine,"As a public, South Carolina medical school, preference is given to in- state residents. Out-of-state applicants must possess strong Close Ties to South Carolina and meet academic minimums.",,Applicants holding DACA status may apply to the MD program and be considered for admission to the College of Medicine under the same policies and procedures as other applicants.,Applicants holding DACA status may apply to the MD program and be considered for admission to the College of Medicine under the same policies and procedures as other applicants.,,
aamc_msar_applications_accepted,AAMC MSAR Advisor Reports,https://students-residents.aamc.org/medical-school-admission-requirements/medical-school-admission-requirements-reports-applicants-and-advisors,data/raw/aamc/msar_reports/06_msar012-applications-accepted-information.pdf,131,1058,237.860,SC,University of South Carolina School of Medicine Columbia,University of South Carolina School of Medicine Columbia,"Close, significant ties to SC",,,,,
aamc_msar_applications_accepted,AAMC MSAR Advisor Reports,https://students-residents.aamc.org/medical-school-admission-requirements/medical-school-admission-requirements-reports-applicants-and-advisors,data/raw/aamc/msar_reports/06_msar012-applications-accepted-information.pdf,132,1058,155.700,SC,University of South Carolina School of Medicine Greenville,University of South Carolina School of Medicine Greenville,Each incoming class has approximately 30% of students who come from out-of-state,,,,,
aamc_msar_applications_accepted,AAMC MSAR Advisor Reports,https://students-residents.aamc.org/medical-school-admission-requirements/medical-school-admission-requirements-reports-applicants-and-advisors,data/raw/aamc/msar_reports/06_msar012-applications-accepted-information.pdf,133,1058,64.539,SD,"University of South Dakota, Sanford School of Medicine","University of South Dakota, Sanford School of Medicine","Need ties to state such as SD High School Grad, at least 90 credits at a SD college/university, parent living in SD, child of SSOM alumni, member of a federally recognized tribe from border state.",,,,,
aamc_msar_applications_accepted,AAMC MSAR Advisor Reports,https://students-residents.aamc.org/medical-school-admission-requirements/medical-school-admission-requirements-reports-applicants-and-advisors,data/raw/aamc/msar_reports/06_msar012-applications-accepted-information.pdf,134,1116,587.941,TN,East Tennessee State University James H. Quillen College of Medicine,East Tennessee State University James H. Quillen College of Medicine,https://www.etsu.edu/com/admissions/requirements/selection- factors.php | https://www.etsu.edu/com/admissions/requirements/selection- factors.php,https://www.etsu.edu/com/admissions/requirements/selection- factors.php | https://www.etsu.edu/com/admissions/requirements/selection- factors.php,https://www.etsu.edu/com/admissions/requirements/selection- factors.php,,,
aamc_msar_applications_accepted,AAMC MSAR Advisor Reports,https://students-residents.aamc.org/medical-school-admission-requirements/medical-school-admission-requirements-reports-applicants-and-advisors,data/raw/aamc/msar_reports/06_msar012-applications-accepted-information.pdf,135,1116,513.061,TN,Meharry Medical College,Meharry Medical College,n/a | Bachelor's degree must be from a US or Canadian institution,Bachelor's degree must be from a US or Canadian institution | Bachelor's degree must be from a US or Canadian institution,Bachelor's degree must be from a US or Canadian institution | N/A,N/A,,
aamc_msar_applications_accepted,AAMC MSAR Advisor Reports,https://students-residents.aamc.org/medical-school-admission-requirements/medical-school-admission-requirements-reports-applicants-and-advisors,data/raw/aamc/msar_reports/06_msar012-applications-accepted-information.pdf,136,1116,409.060,TN,"Thomas F. Frist, Jr. College of Medicine at Belmont University","Thomas F. Frist, Jr. College of Medicine at Belmont University",FCoM is a private medical school with no preference for Tennessee residents. | Canadian applicants have the same admissions process as all other applicants.,Canadian applicants have the same admissions process as all other applicants. | International applicants have the same admissions process as all other applicants.,International applicants have the same admissions process as all other applicants. | DACA Status applicants have the same admissions process as all other applicants.,DACA Status applicants have the same admissions process as all other applicants.,,
aamc_msar_applications_accepted,AAMC MSAR Advisor Reports,https://students-residents.aamc.org/medical-school-admission-requirements/medical-school-admission-requirements-reports-applicants-and-advisors,data/raw/aamc/msar_reports/06_msar012-applications-accepted-information.pdf,137,1116,326.899,TN,University of Tennessee Health Science Center College of Medicine,University of Tennessee Health Science Center College of Medicine,Preference is given to Tennessee residents; only 10% of the entering class may be from out of state.,,,,,
aamc_msar_applications_accepted,AAMC MSAR Advisor Reports,https://students-residents.aamc.org/medical-school-admission-requirements/medical-school-admission-requirements-reports-applicants-and-advisors,data/raw/aamc/msar_reports/06_msar012-applications-accepted-information.pdf,138,1116,195.898,TN,Vanderbilt University School of Medicine,Vanderbilt University School of Medicine,"As of 3-3-2026, there are no restrictions to be accepted to VUSM as an out of state applicant. | We accept applications from any applicant who meets our academic and other prerequisites, without regard to citizenship or immigration status.","We accept applications from any applicant who meets our academic and other prerequisites, without regard to citizenship or immigration status. | We accept applications from any applicant who meets our academic and other prerequisites, without regard to citizenship or immigration status.","We accept applications from any applicant who meets our academic and other prerequisites, without regard to citizenship or immigration status. | We accept applications from any applicant who meets our academic and other prerequisites, without regard to citizenship or immigration status.","We accept applications from any applicant who meets our academic and other prerequisites, without regard to citizenship or immigration status.",,
aamc_msar_applications_accepted,AAMC MSAR Advisor Reports,https://students-residents.aamc.org/medical-school-admission-requirements/medical-school-admission-requirements-reports-applicants-and-advisors,data/raw/aamc/msar_reports/06_msar012-applications-accepted-information.pdf,139,1116,121.018,TX,Anne Burnett Marion School of Medicine at TCU,Anne Burnett Marion School of Medicine at TCU,All applicants are considered.,,,,,
aamc_msar_applications_accepted,AAMC MSAR Advisor Reports,https://students-residents.aamc.org/medical-school-admission-requirements/medical-school-admission-requirements-reports-applicants-and-advisors,data/raw/aamc/msar_reports/06_msar012-applications-accepted-information.pdf,140,1166,602.503,TX,Baylor College of Medicine,Baylor College of Medicine,The admissions committee uses the same criteria to evaluate applicants whether they are in-state or out-of-state residents.,MD/PhD applicants only,MD/PhD applicants only,,,
aamc_msar_applications_accepted,AAMC MSAR Advisor Reports,https://students-residents.aamc.org/medical-school-admission-requirements/medical-school-admission-requirements-reports-applicants-and-advisors,data/raw/aamc/msar_reports/06_msar012-applications-accepted-information.pdf,141,1166,520.342,TX,McGovern Medical School at the University of Texas Health Science Center at Houston,McGovern Medical School at the University of Texas Health Science Center at Houston,"As a state school, we accept out of state applicants, but give preference to Texas residents.",,,,,
aamc_msar_applications_accepted,AAMC MSAR Advisor Reports,https://students-residents.aamc.org/medical-school-admission-requirements/medical-school-admission-requirements-reports-applicants-and-advisors,data/raw/aamc/msar_reports/06_msar012-applications-accepted-information.pdf,142,1166,396.622,TX,Texas A&M University School of Medicine,Texas A&M University School of Medicine,"By state mandate, enrollment of individuals who are residents of states other than Texas may not exceed 10 percent of the current class size. | U.S. citizens or U.S. permanent residents who have successfully completed 90 credit hours or earned a baccalaureate at a fully- accredited Canadian college or university are considered for admission.",U.S. citizens or U.S. permanent residents who have successfully completed 90 credit hours or earned a baccalaureate at a fully- accredited Canadian college or university are considered for admission.,Requires current DACA status to apply and at the time of medical school enrollment. Official documentation is required.,Requires current DACA status to apply and at the time of medical school enrollment. Official documentation is required.,,
aamc_msar_applications_accepted,AAMC MSAR Advisor Reports,https://students-residents.aamc.org/medical-school-admission-requirements/medical-school-admission-requirements-reports-applicants-and-advisors,data/raw/aamc/msar_reports/06_msar012-applications-accepted-information.pdf,143,1166,307.181,TX,Texas Tech University Health Sciences Center Paul L. Foster School of Medicine,Texas Tech University Health Sciences Center Paul L. Foster School of Medicine,We accept up to 10% of the class from out-of-state. | Foreign nationals must have permanent resident status in the United States.,Foreign nationals must have permanent resident status in the United States. | Foreign nationals must have permanent resident status in the United States.,Foreign nationals must have permanent resident status in the United States.,,,
aamc_msar_applications_accepted,AAMC MSAR Advisor Reports,https://students-residents.aamc.org/medical-school-admission-requirements/medical-school-admission-requirements-reports-applicants-and-advisors,data/raw/aamc/msar_reports/06_msar012-applications-accepted-information.pdf,144,1166,201.460,TX,Texas Tech University Health Sciences Center School of Medicine,Texas Tech University Health Sciences Center School of Medicine,"Due to our State Legislative policies, we can only accept up to 10% out of state students. | We only accept applications from SACS accredited colleges or universities. U.S. Citizenship or Permanent U.S. residency is required at the time of application.",We only accept applications from SACS accredited colleges or universities. U.S. Citizenship or Permanent U.S. residency is required at the time of application. | We accept only U.S. citizens and permanent residents to our medical school.,"We accept only U.S. citizens and permanent residents to our medical school. | At this time, we do not accept DACA students to our medical school.","At this time, we do not accept DACA students to our medical school.",,
aamc_msar_applications_accepted,AAMC MSAR Advisor Reports,https://students-residents.aamc.org/medical-school-admission-requirements/medical-school-admission-requirements-reports-applicants-and-advisors,data/raw/aamc/msar_reports/06_msar012-applications-accepted-information.pdf,145,1166,110.300,TX,The University of Texas at Tyler School of Medicine,The University of Texas at Tyler School of Medicine,"Texas state law requires that no more than 10% of the entering classes of dental, medical, podiatric, and veterinary schools can be made up on non-Texas residents. | Must be a permanent U.S. resident.",Must be a permanent U.S. resident.,Must be a permanent U.S. resident.,Must be a permanent U.S. resident.,,
aamc_msar_applications_accepted,AAMC MSAR Advisor Reports,https://students-residents.aamc.org/medical-school-admission-requirements/medical-school-admission-requirements-reports-applicants-and-advisors,data/raw/aamc/msar_reports/06_msar012-applications-accepted-information.pdf,146,1216,609.782,TX,The University of Texas Health Science Center at San Antonio Joe R. and Teresa Lozano Long School of Medicine,The University of Texas Health Science Center at San Antonio Joe R. and Teresa Lozano Long School of Medicine,Limited to 10% of class | US or dual citizenship is required,US or dual citizenship is required,Students with DACA status are considered eligible.,Students with DACA status are considered eligible.,,
aamc_msar_applications_accepted,AAMC MSAR Advisor Reports,https://students-residents.aamc.org/medical-school-admission-requirements/medical-school-admission-requirements-reports-applicants-and-advisors,data/raw/aamc/msar_reports/06_msar012-applications-accepted-information.pdf,147,1216,527.621,TX,University of Houston Tilman J. Fertitta Family College of Medicine,University of Houston Tilman J. Fertitta Family College of Medicine,Out of states applications are accepted. Up to 10% of a class may come from outside of Texas. | Applicants must be US citizens or Permanent Residents,Applicants must be US citizens or Permanent Residents,,,,
aamc_msar_applications_accepted,AAMC MSAR Advisor Reports,https://students-residents.aamc.org/medical-school-admission-requirements/medical-school-admission-requirements-reports-applicants-and-advisors,data/raw/aamc/msar_reports/06_msar012-applications-accepted-information.pdf,148,1216,445.461,TX,University of Texas at Austin Dell Medical School,University of Texas at Austin Dell Medical School,"Due to state statute, no more than 10% of the class can consist of non-Texas residents. | Must be a US Citizen or Permanent Resident",Must be a US Citizen or Permanent Resident,,,,
aamc_msar_applications_accepted,AAMC MSAR Advisor Reports,https://students-residents.aamc.org/medical-school-admission-requirements/medical-school-admission-requirements-reports-applicants-and-advisors,data/raw/aamc/msar_reports/06_msar012-applications-accepted-information.pdf,149,1216,363.301,TX,University of Texas Medical Branch John Sealy School of Medicine,University of Texas Medical Branch John Sealy School of Medicine,State law restricts public medical schools from exceeding 10% non- Texas residents in each entering class.,,,,,
aamc_msar_applications_accepted,AAMC MSAR Advisor Reports,https://students-residents.aamc.org/medical-school-admission-requirements/medical-school-admission-requirements-reports-applicants-and-advisors,data/raw/aamc/msar_reports/06_msar012-applications-accepted-information.pdf,150,1216,288.421,TX,University of Texas Rio Grande Valley School of Medicine,University of Texas Rio Grande Valley School of Medicine,Only 10% of entering students,,,,,
aamc_msar_applications_accepted,AAMC MSAR Advisor Reports,https://students-residents.aamc.org/medical-school-admission-requirements/medical-school-admission-requirements-reports-applicants-and-advisors,data/raw/aamc/msar_reports/06_msar012-applications-accepted-information.pdf,151,1216,213.541,TX,University of Texas Southwestern Medical School,University of Texas Southwestern Medical School,No more than 10% of the class may be out-of-state residents.,,,,,
aamc_msar_applications_accepted,AAMC MSAR Advisor Reports,https://students-residents.aamc.org/medical-school-admission-requirements/medical-school-admission-requirements-reports-applicants-and-advisors,data/raw/aamc/msar_reports/06_msar012-applications-accepted-information.pdf,152,1216,138.661,UT,Spencer Fox Eccles School of Medicine at the University of Utah,Spencer Fox Eccles School of Medicine at the University of Utah,https://medicine.utah.edu/programs/md/admissions/residency | https://medicine.utah.edu/programs/md/admissions/residency,https://medicine.utah.edu/programs/md/admissions/residency | https://medicine.utah.edu/programs/md/admissions/residency,https://medicine.utah.edu/programs/md/admissions/residency | https://medicine.utah.edu/programs/md/admissions/residency,https://medicine.utah.edu/programs/md/admissions/residency,,
aamc_msar_applications_accepted,AAMC MSAR Advisor Reports,https://students-residents.aamc.org/medical-school-admission-requirements/medical-school-admission-requirements-reports-applicants-and-advisors,data/raw/aamc/msar_reports/06_msar012-applications-accepted-information.pdf,153,1216,56.500,VA,Eastern Virginia Medical School,Eastern Virginia Medical School,"We accept up to 49 percent of out-of -state applicants. | Applicants can attend Canadian schools; however, they must be US citizens.","Applicants can attend Canadian schools; however, they must be US citizens.",,,,
aamc_msar_applications_accepted,AAMC MSAR Advisor Reports,https://students-residents.aamc.org/medical-school-admission-requirements/medical-school-admission-requirements-reports-applicants-and-advisors,data/raw/aamc/msar_reports/06_msar012-applications-accepted-information.pdf,154,1282,593.501,VA,University of Virginia School of Medicine,University of Virginia School of Medicine,No restrictions | No restrictions,No restrictions | If not U.S. citizens or permanent residents of the U.S. are eligible to apply provided they have completed at least 90 semester hours of coursework in a U.S. or Canadian college or university.,If not U.S. citizens or permanent residents of the U.S. are eligible to apply provided they have completed at least 90 semester hours of coursework in a U.S. or Canadian college or university. | We follow the admissions policies of the University of Virginia.,We follow the admissions policies of the University of Virginia.,,
aamc_msar_applications_accepted,AAMC MSAR Advisor Reports,https://students-residents.aamc.org/medical-school-admission-requirements/medical-school-admission-requirements-reports-applicants-and-advisors,data/raw/aamc/msar_reports/06_msar012-applications-accepted-information.pdf,155,1282,495.061,VA,Virginia Commonwealth University School of Medicine,Virginia Commonwealth University School of Medicine,All out-of-state applicants are considered in the selection process. | All Canadian applicants must be a citizen or permanent resident of Canada.,"All Canadian applicants must be a citizen or permanent resident of Canada. | International applicants must have a degree from a U.S. accredited institution, along with a valid VISA, and if accepted, must document ability to pay tuition & fees for at least 4-years of study.","International applicants must have a degree from a U.S. accredited institution, along with a valid VISA, and if accepted, must document ability to pay tuition & fees for at least 4-years of study. | Will be accepted on a case-by-case basis.",Will be accepted on a case-by-case basis.,,
aamc_msar_applications_accepted,AAMC MSAR Advisor Reports,https://students-residents.aamc.org/medical-school-admission-requirements/medical-school-admission-requirements-reports-applicants-and-advisors,data/raw/aamc/msar_reports/06_msar012-applications-accepted-information.pdf,156,1282,420.181,VA,Virginia Tech Carilion School of Medicine,Virginia Tech Carilion School of Medicine,All applicants,,,,,
aamc_msar_applications_accepted,AAMC MSAR Advisor Reports,https://students-residents.aamc.org/medical-school-admission-requirements/medical-school-admission-requirements-reports-applicants-and-advisors,data/raw/aamc/msar_reports/06_msar012-applications-accepted-information.pdf,157,1282,338.020,VT,"Robert Larner, M.D., College of Medicine at the University of Vermont","Robert Larner, M.D., College of Medicine at the University of Vermont",More than 70 percent of students are from out of state.,,Students are responsible for finding funding sources. Only partial scholarships available.,Students are responsible for finding funding sources. Only partial scholarships available.,,
aamc_msar_applications_accepted,AAMC MSAR Advisor Reports,https://students-residents.aamc.org/medical-school-admission-requirements/medical-school-admission-requirements-reports-applicants-and-advisors,data/raw/aamc/msar_reports/06_msar012-applications-accepted-information.pdf,158,1282,230.580,WA,University of Washington School of Medicine,University of Washington School of Medicine,"Non-WWAMI applicants must have WWAMI ties and meet mission- based criteria. Wyoming, Alaska, Montana, and Idaho residents are considered in-state. Visit uwmedicine.org/admissions for details.",,WWAMI DACA students are considered for the MD only program if they are verified in their state as eligible for WWAMI funding. Students should check with their respective state certifying officers.,WWAMI DACA students are considered for the MD only program if they are verified in their state as eligible for WWAMI funding. Students should check with their respective state certifying officers.,,
aamc_msar_applications_accepted,AAMC MSAR Advisor Reports,https://students-residents.aamc.org/medical-school-admission-requirements/medical-school-admission-requirements-reports-applicants-and-advisors,data/raw/aamc/msar_reports/06_msar012-applications-accepted-information.pdf,159,1282,139.419,WA,Washington State University Elson S. Floyd College of Medicine,Washington State University Elson S. Floyd College of Medicine,Non-WA residents must meet 3 of 4 ties to WA to recieve a secondary or meet a military or tribal membership exception. Review our website: https://medicine.wsu.edu/md/apply/requirements/,,,,,
aamc_msar_applications_accepted,AAMC MSAR Advisor Reports,https://students-residents.aamc.org/medical-school-admission-requirements/medical-school-admission-requirements-reports-applicants-and-advisors,data/raw/aamc/msar_reports/06_msar012-applications-accepted-information.pdf,160,1332,551.942,WI,Medical College of Wisconsin,Medical College of Wisconsin,"All applicants must meet eligibility requirements. | MCW will accept applications from US Citizens, US Permanent Residents, and DACA recipients only. All must meet eligibility requirements.","MCW will accept applications from US Citizens, US Permanent Residents, and DACA recipients only. All must meet eligibility requirements. | MCW will accept applications from US Citizens, US Permanent Residents, and DACA recipients only. All must meet eligibility requirements.","MCW will accept applications from US Citizens, US Permanent Residents, and DACA recipients only. All must meet eligibility requirements. | MCW will accept applications from US Citizens, US Permanent Residents, and DACA recipients only. All must meet eligibility requirements. DACA recipients must complete a Certification of Finances form.","MCW will accept applications from US Citizens, US Permanent Residents, and DACA recipients only. All must meet eligibility requirements. DACA recipients must complete a Certification of Finances form.",,
aamc_msar_applications_accepted,AAMC MSAR Advisor Reports,https://students-residents.aamc.org/medical-school-admission-requirements/medical-school-admission-requirements-reports-applicants-and-advisors,data/raw/aamc/msar_reports/06_msar012-applications-accepted-information.pdf,161,1332,460.782,WI,University of Wisconsin School of Medicine and Public Health,University of Wisconsin School of Medicine and Public Health,"The committee seeks exceptional applicants with diverse experiences and interests who demonstrate personal, professional, or educational connections to UWSMPH, its mission, or the State of Wisconsin.",,Please note that federal financial aid is not available.,Please note that federal financial aid is not available.,,
aamc_msar_applications_accepted,AAMC MSAR Advisor Reports,https://students-residents.aamc.org/medical-school-admission-requirements/medical-school-admission-requirements-reports-applicants-and-advisors,data/raw/aamc/msar_reports/06_msar012-applications-accepted-information.pdf,162,1332,378.622,WV,Marshall University Joan C. Edwards School of Medicine,Marshall University Joan C. Edwards School of Medicine,Qualified applicants can apply regardless of their state of legal residence.,,,,,
aamc_msar_applications_accepted,AAMC MSAR Advisor Reports,https://students-residents.aamc.org/medical-school-admission-requirements/medical-school-admission-requirements-reports-applicants-and-advisors,data/raw/aamc/msar_reports/06_msar012-applications-accepted-information.pdf,163,1332,303.742,WV,West Virginia University School of Medicine,West Virginia University School of Medicine,All applicants | All applicants,All applicants | All applicants,All applicants | All applicants,All applicants,,
aamc_msar_applications_accepted,AAMC MSAR Advisor Reports,https://students-residents.aamc.org/medical-school-admission-requirements/medical-school-admission-requirements-reports-applicants-and-advisors,data/raw/aamc/msar_reports/06_msar012-applications-accepted-information.pdf,164,1366,593.501,BC,University of British Columbia Faculty of Medicine,University of British Columbia Faculty of Medicine,Out-of-province applicants may comprise up to 10% of the admitted class in each year (33 students). Please review our website for more information regarding out-of-province applicant eligibility.,,,,,
aamc_msar_applications_accepted,AAMC MSAR Advisor Reports,https://students-residents.aamc.org/medical-school-admission-requirements/medical-school-admission-requirements-reports-applicants-and-advisors,data/raw/aamc/msar_reports/06_msar012-applications-accepted-information.pdf,165,1366,502.341,MB,"Max Rady College of Medicine, Rady Faculty of Health Sciences, University of Manitoba","Max Rady College of Medicine, Rady Faculty of Health Sciences, University of Manitoba",The Max Rady College of Medicine welcomes applicants from all provinces and Territories. Up to 5% of the class will be selected from this pool.,,,,,
aamc_msar_applications_accepted,AAMC MSAR Advisor Reports,https://students-residents.aamc.org/medical-school-admission-requirements/medical-school-admission-requirements-reports-applicants-and-advisors,data/raw/aamc/msar_reports/06_msar012-applications-accepted-information.pdf,166,1366,411.181,NL,Memorial University of Newfoundland Faculty of Medicine,Memorial University of Newfoundland Faculty of Medicine,Yes,International applicants are not accepted; please see https://www.carms.ca/match/r-1-main-residency-match/eligibility- criteria/r-1-summary-of-citizenship-requirements/,International applicants are not accepted; please see https://www.carms.ca/match/r-1-main-residency-match/eligibility- criteria/r-1-summary-of-citizenship-requirements/,,,
aamc_msar_applications_accepted,AAMC MSAR Advisor Reports,https://students-residents.aamc.org/medical-school-admission-requirements/medical-school-admission-requirements-reports-applicants-and-advisors,data/raw/aamc/msar_reports/06_msar012-applications-accepted-information.pdf,167,1366,320.020,NS,Dalhousie University Faculty of Medicine,Dalhousie University Faculty of Medicine,Out of province positions are reserved for applicant in the Indigenous Admissions Pathway and/or Black Learners Admissions Pathway at the Halifax Campus.,,,,,
aamc_msar_applications_accepted,AAMC MSAR Advisor Reports,https://students-residents.aamc.org/medical-school-admission-requirements/medical-school-admission-requirements-reports-applicants-and-advisors,data/raw/aamc/msar_reports/06_msar012-applications-accepted-information.pdf,168,1366,221.580,ON,McMaster University Michael G. DeGroote School of Medicine,McMaster University Michael G. DeGroote School of Medicine,"Out of Province applicants considered, for 5% of the positions in the class",Beginning 2025/26 the Ontario government has restricted medical school admissions in Ontario to Canadian students with 95% of seat allotted to Ontario residents,Beginning 2025/26 the Ontario government has restricted medical school admissions in Ontario to Canadian students with 95% of seat allotted to Ontario residents,,,
aamc_msar_applications_accepted,AAMC MSAR Advisor Reports,https://students-residents.aamc.org/medical-school-admission-requirements/medical-school-admission-requirements-reports-applicants-and-advisors,data/raw/aamc/msar_reports/06_msar012-applications-accepted-information.pdf,169,1366,130.419,ON,Northern Ontario School of Medicine,Northern Ontario School of Medicine,NOSM does not have residential requirements. However we have a mandate to serve the population of Northern Ontario and aim to recruit candidates from Northern Ontario.,,,,,
aamc_msar_applications_accepted,AAMC MSAR Advisor Reports,https://students-residents.aamc.org/medical-school-admission-requirements/medical-school-admission-requirements-reports-applicants-and-advisors,data/raw/aamc/msar_reports/06_msar012-applications-accepted-information.pdf,170,1366,48.259,ON,Queen's University Faculty of Health Sciences,Queen's University Faculty of Health Sciences,Please visit our website: https://meds.queensu.ca/academics/mdprogram,,,,,
aamc_msar_applications_accepted,AAMC MSAR Advisor Reports,https://students-residents.aamc.org/medical-school-admission-requirements/medical-school-admission-requirements-reports-applicants-and-advisors,data/raw/aamc/msar_reports/06_msar012-applications-accepted-information.pdf,171,1424,609.782,ON,The University of Western Ontario - Schulich School of Medicine & Dentistry,The University of Western Ontario - Schulich School of Medicine & Dentistry,up to 5% of our total incoming class,,,,,
aamc_msar_applications_accepted,AAMC MSAR Advisor Reports,https://students-residents.aamc.org/medical-school-admission-requirements/medical-school-admission-requirements-reports-applicants-and-advisors,data/raw/aamc/msar_reports/06_msar012-applications-accepted-information.pdf,172,1424,534.902,ON,Toronto Metropolitan University School of Medicine,Toronto Metropolitan University School of Medicine,n/a,,,,,
aamc_msar_applications_accepted,AAMC MSAR Advisor Reports,https://students-residents.aamc.org/medical-school-admission-requirements/medical-school-admission-requirements-reports-applicants-and-advisors,data/raw/aamc/msar_reports/06_msar012-applications-accepted-information.pdf,173,1424,436.461,ON,University of Ottawa Faculty of Medicine,University of Ottawa Faculty of Medicine,"Must be Canadian citizens, permanent resident or refugee status.in Canada As per the Ministry of Health new guidelines, only 5% of seats will be reserved for Out-of-province applicants.","Must be Canadian citizens, permanent resident or refugee status in Canada or with specific agreement contract.","Must be Canadian citizens, permanent resident or refugee status in Canada or with specific agreement contract.",,,
aamc_msar_applications_accepted,AAMC MSAR Advisor Reports,https://students-residents.aamc.org/medical-school-admission-requirements/medical-school-admission-requirements-reports-applicants-and-advisors,data/raw/aamc/msar_reports/06_msar012-applications-accepted-information.pdf,174,1424,361.581,ON,University of Toronto Temerty Faculty of Medicine,University of Toronto Temerty Faculty of Medicine,Same requirements apply,,,,,
aamc_msar_applications_accepted,AAMC MSAR Advisor Reports,https://students-residents.aamc.org/medical-school-admission-requirements/medical-school-admission-requirements-reports-applicants-and-advisors,data/raw/aamc/msar_reports/06_msar012-applications-accepted-information.pdf,175,1424,279.421,QC,Universite de Montreal Faculty of Medicine,Universite de Montreal Faculty of Medicine,Candidates must comply with the provisions of the Quebec-New Brunswick agreements.,2 (included with US applicants),2 (included with US applicants),,,
aamc_msar_applications_accepted,AAMC MSAR Advisor Reports,https://students-residents.aamc.org/medical-school-admission-requirements/medical-school-admission-requirements-reports-applicants-and-advisors,data/raw/aamc/msar_reports/06_msar012-applications-accepted-information.pdf,176,1424,179.260,SK,University of Saskatchewan College of Medicine,University of Saskatchewan College of Medicine,Information regarding the Admission requirements for Out-of-Province resident applicants can be found at https://medicine.usask.ca/admission-to-the-md-program/how-to- apply.php,,,,,
