source_key,source_name,source_url,pdf_file,source_row_number,stream_index,row_y,state,school_name_raw,school_name_clean,interview_procedures,interview_invitation_timing,interview_day,regional_interviews,recorded_video_interviews,notes
aamc_msar_interview_policies,AAMC MSAR Advisor Reports,https://students-residents.aamc.org/medical-school-admission-requirements/medical-school-admission-requirements-reports-applicants-and-advisors,data/raw/aamc/msar_reports/15_msar008-msar-interview-procedures.pdf,1,4,438.163,AL,Frederick P. Whiddon College of Medicine at the University of South Alabama,Frederick P. Whiddon College of Medicine at the University of South Alabama,Students meet one-on-one with two interviewers. Interviews last 30 to 45 minutes each and are conversational. Interviews will be virtual for the 2026- 2027 interview cycle.,Early Decision interview invitations go out in the first week of September; all other invitations begin in mid- September.,"The interview day begins at 9:00 AM with a welcome, that includes information about financial aid as well as how the admissions process works, this is followed by their interviews at 10:00 AM and 11:00 AM. After the interviews, the applicants meet virtually with medical students for an informal information session that includes time for questions, after which they go to breakout rooms to meet in small groups with current students for more insight about the Frederick P. Whiddon College of Medicine from the student perspective. They then come back to the main room for a short closing session led by the admissions team.",Regional interviews are not available.,Interviews will be virtual for the 2026- 2027 cycle.,
aamc_msar_interview_policies,AAMC MSAR Advisor Reports,https://students-residents.aamc.org/medical-school-admission-requirements/medical-school-admission-requirements-reports-applicants-and-advisors,data/raw/aamc/msar_reports/15_msar008-msar-interview-procedures.pdf,2,4,342.163,AL,University of Alabama at Birmingham Marnix E. Heersink School of Medicine,University of Alabama at Birmingham Marnix E. Heersink School of Medicine,Virtual interviews include a one-on-one with a member of the admissions committee and a nine- station MMI.,July 15,Virtual interviews include a one-on-one with a member of the admissions committee and a nine- station MMI. Interviewees also hear from the admissions team and meet with current medical students during the virtual interview day program.,Regional interviews are not available.,Recorded video interviews are not available.,
aamc_msar_interview_policies,AAMC MSAR Advisor Reports,https://students-residents.aamc.org/medical-school-admission-requirements/medical-school-admission-requirements-reports-applicants-and-advisors,data/raw/aamc/msar_reports/15_msar008-msar-interview-procedures.pdf,3,4,93.163,AR,Alice L. Walton School of Medicine,Alice L. Walton School of Medicine,"Interviews are two 30 minute one-on-one interviews. Interviewers are blinded to MCAT performance, academic background, and biographic information. The rest of the interview day is designed for applicants to learn about AWSOM and ask questions.",Invitations will be sent beginning late July/ early August. Interviews will begin in late August 2026 and continue until February 2027.,"The goal of the interview day at AWSOM is not only for us to get to know you, but also for you to get to know us and start picturing yourself as an AWSOM medical student. Interview day is organized to give select applicants a detailed introduction to the many exciting opportunities AWSOM offers medical students. By the end of the interview day, through engaging conversations with faculty and staff, you will understand what it will be like to be a medical student at AWSOM. Interviews are offered to select applicants by invitation. Additional information and instructions on selecting an interview day are sent via email.",N/A. All interviews will be conducted via Zoom.,All interviews will be conducted via Zoom.,
aamc_msar_interview_policies,AAMC MSAR Advisor Reports,https://students-residents.aamc.org/medical-school-admission-requirements/medical-school-admission-requirements-reports-applicants-and-advisors,data/raw/aamc/msar_reports/15_msar008-msar-interview-procedures.pdf,4,8,573.163,AR,University of Arkansas for Medical Sciences College of Medicine,University of Arkansas for Medical Sciences College of Medicine,"""Blind"" interviews on scheduled interview dates in September through January. Some interviews will be conducted on weekdays while other interview days will be on Saturdays.",Arkansas applicants must have a 500 or greater MCAT score and non-Arkansas residents a 505 or greater to be invited to submit a secondary application and be invited for a faculty interview.,"Most interviews are in- person, but we also offer a virtual interview day for applicants who cannot interview in person.",Most interviews are conducted on the UAMS Little Rock campus. Some interviews are conducted at the Northwest UAMS campus in Fayetteville.,"Most interviews are in-person, but we also offer a virtual interview day for applicants who cannot interview in- person.",
aamc_msar_interview_policies,AAMC MSAR Advisor Reports,https://students-residents.aamc.org/medical-school-admission-requirements/medical-school-admission-requirements-reports-applicants-and-advisors,data/raw/aamc/msar_reports/15_msar008-msar-interview-procedures.pdf,5,8,477.163,AZ,Arizona State University School of Medicine and Advanced Medical Engineering (SOMME),Arizona State University School of Medicine and Advanced Medical Engineering (SOMME),"Two virtual, traditional interviews held the same day.",July 2026,"Interview agendas will be provided when candidates confirm their interview date. The day will include an orientation, interviews, meetings, and presentations about the program, dean ’ s welcome, faculty panel, and offered support services.",All interviews are virtual via Zoom,All interviews are conducted virtually via video.,
aamc_msar_interview_policies,AAMC MSAR Advisor Reports,https://students-residents.aamc.org/medical-school-admission-requirements/medical-school-admission-requirements-reports-applicants-and-advisors,data/raw/aamc/msar_reports/15_msar008-msar-interview-procedures.pdf,6,8,354.163,AZ,University of Arizona College of Medicine,University of Arizona College of Medicine,First round of admissions interview: video-recorded response. Second round admissions interviews: virtual MMI format.,July 2026,"Interview day agendas are made available to applicants at the time that they are offered an interview invitation. The interview day consists of a welcome and virtual tour, the MMI interview, a presentation on the educational offerings, and meet and greet opportunities with Medical Students.",,First round of admissions interview: video- recorded response. Second round admissions interviews: virtual MMI format.,
aamc_msar_interview_policies,AAMC MSAR Advisor Reports,https://students-residents.aamc.org/medical-school-admission-requirements/medical-school-admission-requirements-reports-applicants-and-advisors,data/raw/aamc/msar_reports/15_msar008-msar-interview-procedures.pdf,7,8,266.154,AZ,University of Arizona College of Medicine - Phoenix,University of Arizona College of Medicine - Phoenix,"The Multiple Mini-Interview (MMI), a series of 5- stations lasting 7-minutes each, are administered by the College. MMIs provide additional information to the admissions committee regarding the applicants' qualifications.",mid-to-late July,More information regarding the interview day can be found at https://phoenixmed.arizona .edu/mmi,Unavailable.,Unavailable.,
aamc_msar_interview_policies,AAMC MSAR Advisor Reports,https://students-residents.aamc.org/medical-school-admission-requirements/medical-school-admission-requirements-reports-applicants-and-advisors,data/raw/aamc/msar_reports/15_msar008-msar-interview-procedures.pdf,8,8,161.154,CA,California Northstate University College of Medicine,California Northstate University College of Medicine,Holistic/Traditional/Dialogu e,August 2026,https://medicine.cnsu.edu/ admissions/interview.php,no,"Yes, but to be determined. Currently CNUCOM is using a virtual format for interviews however any updates to this will be announced prior to the start of interviews in September 2026.",
aamc_msar_interview_policies,AAMC MSAR Advisor Reports,https://students-residents.aamc.org/medical-school-admission-requirements/medical-school-admission-requirements-reports-applicants-and-advisors,data/raw/aamc/msar_reports/15_msar008-msar-interview-procedures.pdf,9,10,519.163,CA,California University of Science and Medicine- School of Medicine,California University of Science and Medicine- School of Medicine,The Video Assessment/Interview process which will consist of a multiple reviewer format versus a one-on- one interview.,Early August,"Students are offered an Video Assessment/Interview based on a holistic review of their entire application, which includes the Secondary Application sent to select applicants. Additionally, applicants can participate in the virtual Q&A session with faculty to review the CUSM curriculum and research opportunities at CUSM and be invited to participate in a Q&A with student ambassadors.",no,"Yes, the Video Assessment/Intervie w is online. Admitted students have the opportunity to attend one of two scheduled ""Visit in Person (VIP)"" events.",
aamc_msar_interview_policies,AAMC MSAR Advisor Reports,https://students-residents.aamc.org/medical-school-admission-requirements/medical-school-admission-requirements-reports-applicants-and-advisors,data/raw/aamc/msar_reports/15_msar008-msar-interview-procedures.pdf,10,10,414.163,CA,Charles R. Drew University of Medicine and Science College of Medicine,Charles R. Drew University of Medicine and Science College of Medicine,Virtual interviews with faculty,September 2026,"Based on a thorough and comparative evaluation of the AMCAS application, supplemental information, and letters of recommendation, the candidate receives a request for virtual interview sessions with CDU faculty. It will consist of two virtual interviews",Regional interviews are not available.,Yes,
aamc_msar_interview_policies,AAMC MSAR Advisor Reports,https://students-residents.aamc.org/medical-school-admission-requirements/medical-school-admission-requirements-reports-applicants-and-advisors,data/raw/aamc/msar_reports/15_msar008-msar-interview-procedures.pdf,11,10,273.163,CA,Kaiser Permanente Bernard J. Tyson School of Medicine,Kaiser Permanente Bernard J. Tyson School of Medicine,"We will utilize a hybrid model, consisting of Multiple Mini Interviews and a traditional interview.",July 2026,"We believe that the interview day is a critical part of our assessment and selection process, as it gives us an opportunity to get to know you better. It also provides you a better sense of who we are and allows you an opportunity to get your questions answered. We will utilize a hybrid model, consisting of the Multiple Mini Interview and a traditional interview.",no,Interviews will be virtual for the 2026 - 2027 cycle.,
aamc_msar_interview_policies,AAMC MSAR Advisor Reports,https://students-residents.aamc.org/medical-school-admission-requirements/medical-school-admission-requirements-reports-applicants-and-advisors,data/raw/aamc/msar_reports/15_msar008-msar-interview-procedures.pdf,12,10,176.154,CA,Keck School of Medicine of the University of Southern California,Keck School of Medicine of the University of Southern California,"All applicants selected for a virtual interview will participate in a welcome session, an interview with a faculty member, and an interview with a current student on the same day. Questions and answers sessions will also be provided to interviewees.",July,Provided to applicants upon being invited to interview.,Regional interviews are not available.,"Live, virtual interviews will be conducted.",
aamc_msar_interview_policies,AAMC MSAR Advisor Reports,https://students-residents.aamc.org/medical-school-admission-requirements/medical-school-admission-requirements-reports-applicants-and-advisors,data/raw/aamc/msar_reports/15_msar008-msar-interview-procedures.pdf,13,10,107.154,CA,Loma Linda University School of Medicine,Loma Linda University School of Medicine,"Two separate one-on-one interviews with a combination of clinical faculty, basic sciences faculty, residents, medical students, or administrators.",EDP in July,Applicants will participate in two separate one-on- one virtual interviews for 30-40 minutes each. Opportunity to view a virtual tour of campus is provided.,no,Yes,
aamc_msar_interview_policies,AAMC MSAR Advisor Reports,https://students-residents.aamc.org/medical-school-admission-requirements/medical-school-admission-requirements-reports-applicants-and-advisors,data/raw/aamc/msar_reports/15_msar008-msar-interview-procedures.pdf,14,12,573.163,CA,Stanford University School of Medicine,Stanford University School of Medicine,Hybrid MMI (Multiple Mini Interview and Traditional Interview),August,"In addition to candidate assessment, presentations include curriculum, academic programs, and community engagement opportunities. Candidates are provided the opportunity to engage with current students through coordinated social activities (virtually).",Interviews will be conducted virtually,Interviews will be conducted virtually,
aamc_msar_interview_policies,AAMC MSAR Advisor Reports,https://students-residents.aamc.org/medical-school-admission-requirements/medical-school-admission-requirements-reports-applicants-and-advisors,data/raw/aamc/msar_reports/15_msar008-msar-interview-procedures.pdf,15,12,486.163,CA,"University of California, Davis, School of Medicine","University of California, Davis, School of Medicine",Multiple Mini Interviews (MMI),July,"Interviews are held on Fridays (and potential other days of the week) beginning in August and ends March/April. The interview day consist of an orientation, the multiple mini interview, and session with medical students.",Regional interviews are not available.,"Yes, all interviews for the 2027 Admissions Cycle will be on a virtual platform.",
aamc_msar_interview_policies,AAMC MSAR Advisor Reports,https://students-residents.aamc.org/medical-school-admission-requirements/medical-school-admission-requirements-reports-applicants-and-advisors,data/raw/aamc/msar_reports/15_msar008-msar-interview-procedures.pdf,16,12,416.155,CA,"University of California, Irvine, School of Medicine","University of California, Irvine, School of Medicine","Individual interviews with a faculty member and a medical student, held virtually. Applicants will also be invited to complete a standardized interview through KIRA talent.",August 1,Specific information about the interview day is provided to all applicants selected to be interviewed.,Regional interviews are not available.,All interviews are conducted virtually via zoom.,
aamc_msar_interview_policies,AAMC MSAR Advisor Reports,https://students-residents.aamc.org/medical-school-admission-requirements/medical-school-admission-requirements-reports-applicants-and-advisors,data/raw/aamc/msar_reports/15_msar008-msar-interview-procedures.pdf,17,12,355.146,CA,"University of California, Los Angeles David Geffen School of Medicine","University of California, Los Angeles David Geffen School of Medicine",MD - Traditional Interviews (one-on-one open file) Prime-LA - Multiple Mini- Interviews (MMI) MSTP - Traditional Interviews,August 2026,An overview of admissions interviews is available at https://medschool.ucla.edu /education/md- education/admissions/revi ew-process,Regional interviews are not available.,Interviews will be conducted virtually.,
aamc_msar_interview_policies,AAMC MSAR Advisor Reports,https://students-residents.aamc.org/medical-school-admission-requirements/medical-school-admission-requirements-reports-applicants-and-advisors,data/raw/aamc/msar_reports/15_msar008-msar-interview-procedures.pdf,18,12,223.146,CA,"University of California, Riverside School of Medicine","University of California, Riverside School of Medicine","Interviews will be scheduled on selected weekdays, weeknights, and weekends from September 2026 through March 2027. They will be conducted in the Multiple Mini-Interview (MMI) format.",August 2026,"Upon invitation, applicants will receive a school overview and the opportunity to interact virtually with the UCRSOM community, including faculty, staff, and students. To ensure a smooth experience, applicants will be provided with comprehensive manuals and dedicated staff support to assist with MMI experience.",Regional interviews are not available.,Interviews will be done virtually utilizing Zoom and KIRA.,
aamc_msar_interview_policies,AAMC MSAR Advisor Reports,https://students-residents.aamc.org/medical-school-admission-requirements/medical-school-admission-requirements-reports-applicants-and-advisors,data/raw/aamc/msar_reports/15_msar008-msar-interview-procedures.pdf,19,12,118.146,CA,"University of California, San Diego School of Medicine","University of California, San Diego School of Medicine","The 4-year M.D. program, PRIME-HEq, PRIME-TIDE, and GHAC programs utilize Multiple Mini Interviews with faculty and 4th-year medical students. The MD-Phd program utilizes both one on one and Multiple Mini Interviews.",In August of the year preceding matriculation.,"All sessions will be run via Zoom video conferencing. Students receive a orientation at 8 AM in the morning. MMI interviews occur until noon. Applicants have a 1 hour Q & A session with current medical students, and then debrief with admissions staff.",Regional interviews are not available.,"For the 2026-2027 application cycle, UCSD plans to use only remote video interviews (via Zoom)",
aamc_msar_interview_policies,AAMC MSAR Advisor Reports,https://students-residents.aamc.org/medical-school-admission-requirements/medical-school-admission-requirements-reports-applicants-and-advisors,data/raw/aamc/msar_reports/15_msar008-msar-interview-procedures.pdf,20,12,49.145,CA,"University of California, San Francisco, School of Medicine","University of California, San Francisco, School of Medicine","Consists of two double- blind interviews, each lasting 45 minutes to one hour.","September 1, 2026",https://meded.ucsf.edu/pro spective-students/md- program-admissions/md- program-application- process? anchor=step4#section3506 -4,Interviews are conducted via zoom.,Interviews are conducted via zoom.,
aamc_msar_interview_policies,AAMC MSAR Advisor Reports,https://students-residents.aamc.org/medical-school-admission-requirements/medical-school-admission-requirements-reports-applicants-and-advisors,data/raw/aamc/msar_reports/15_msar008-msar-interview-procedures.pdf,21,14,644.155,CO,University of Colorado School of Medicine,University of Colorado School of Medicine,"Structured interviews with group and individual interviews, virtual.",August,,Regional interviews are not available.,Yes,
aamc_msar_interview_policies,AAMC MSAR Advisor Reports,https://students-residents.aamc.org/medical-school-admission-requirements/medical-school-admission-requirements-reports-applicants-and-advisors,data/raw/aamc/msar_reports/15_msar008-msar-interview-procedures.pdf,22,14,458.155,CT,Frank H. Netter MD School of Medicine at Quinnipiac University,Frank H. Netter MD School of Medicine at Quinnipiac University,Interviews will be conducted virtually via Zoom for the 2026-2027 application cycle. Interviewees can expect to spend approximately five hours online.,August,"Interviews will be conducted virtually via Zoom for the 2026-2027 application cycle. Interviewees can expect to spend approximately five hours online including participating in 2 one-on- one interviews and meeting with admissions staff, current students, and the Associate Dean for Admissions. Prior to the interview day, interviewees will receive a collection of documents and videos that highlight numerous aspects of the Netter academics and community.",no,Yes,
aamc_msar_interview_policies,AAMC MSAR Advisor Reports,https://students-residents.aamc.org/medical-school-admission-requirements/medical-school-admission-requirements-reports-applicants-and-advisors,data/raw/aamc/msar_reports/15_msar008-msar-interview-procedures.pdf,23,14,389.154,CT,University of Connecticut School of Medicine,University of Connecticut School of Medicine,One-on-one and group interview sessions,August 2026,"Interview day consists of one-on-one and group interview sessions, as well as an overview of the curriculum and financial aid, and an opportunity to ask questions.",Not available,All interviews are virtual.,
aamc_msar_interview_policies,AAMC MSAR Advisor Reports,https://students-residents.aamc.org/medical-school-admission-requirements/medical-school-admission-requirements-reports-applicants-and-advisors,data/raw/aamc/msar_reports/15_msar008-msar-interview-procedures.pdf,24,14,365.154,CT,Yale School of Medicine,Yale School of Medicine,one-on-one,August 2026,,Not available,All interviews are conducted online,
aamc_msar_interview_policies,AAMC MSAR Advisor Reports,https://students-residents.aamc.org/medical-school-admission-requirements/medical-school-admission-requirements-reports-applicants-and-advisors,data/raw/aamc/msar_reports/15_msar008-msar-interview-procedures.pdf,25,14,305.154,DC,George Washington University School of Medicine & Health Sciences,George Washington University School of Medicine & Health Sciences,Blind interviews (interviewer does not have access to interviewee's application file).,Interviews are offered on a rolling basis and we typically interview from August through March.,Provided directly to all students who have been invited to interview.,No regional interviews offered.,Yes. All interviews will be virtual until further notice.,
aamc_msar_interview_policies,AAMC MSAR Advisor Reports,https://students-residents.aamc.org/medical-school-admission-requirements/medical-school-admission-requirements-reports-applicants-and-advisors,data/raw/aamc/msar_reports/15_msar008-msar-interview-procedures.pdf,26,16,402.163,DC,Georgetown University School of Medicine,Georgetown University School of Medicine,Interviews are one-on-one and conducted virtually.,mid-July,"Invited candidates must attend a virtual presentation prior to the interview. These presentations are held on Mondays from mid-August- January, except holidays. Virtual interviews are scheduled Tuesday-Friday from September through February. Applicants receive one interview, conducted virtually, by a member of the basic science faculty, clinical faculty, or a selected fourth-year medical student. Interviews last approximately 45 minutes and provide the Committee on Admissions with information on the applicant ’ s non-cognitive skills. Candidates are encouraged to discuss their unique background, motivation, interests, and goals during the interview.",,,
aamc_msar_interview_policies,AAMC MSAR Advisor Reports,https://students-residents.aamc.org/medical-school-admission-requirements/medical-school-admission-requirements-reports-applicants-and-advisors,data/raw/aamc/msar_reports/15_msar008-msar-interview-procedures.pdf,27,16,351.163,DC,Howard University College of Medicine,Howard University College of Medicine,One-on-one interviews with admissions committee members.,"August 1, 2026","Interviews are typically held on Tuesdays and Wednesdays from September through April, from 8:30am to 2:30pm.",Regional interviews are not available.,"The HUCM plans to conduct virtual interviews for 26-27, however this could change.",
aamc_msar_interview_policies,AAMC MSAR Advisor Reports,https://students-residents.aamc.org/medical-school-admission-requirements/medical-school-admission-requirements-reports-applicants-and-advisors,data/raw/aamc/msar_reports/15_msar008-msar-interview-procedures.pdf,28,16,120.163,FL,Charles E. Schmidt College of Medicine at Florida Atlantic University,Charles E. Schmidt College of Medicine at Florida Atlantic University,Closed file Interview (Blinded Interviews),"Invitations are sent on a rolling basis. Starting in August, they are emailed; applicants should check their inbox regularly. If invited, applicants should promptly schedule their interviews.","Formal interview days are scheduled on Tuesdays and Thursdays (some Mondays) between August and March. Interview days begin with introductory presentations, interviews, current medical student panels, and video tours. Each applicant will have a situational-behavioral style format. A video tour of the simulation center and the teaching facilities is included. A ""What will happen next?"" presentation by the director of admissions will give applicants a timeline for when they hear back. Formal interview days begin at 9:00 am EST and end in the mid-afternoon, around 3 PM EST.",Not offered,SparkHire asynchronous interviews are used in addition to a live interview on Zoom.,
aamc_msar_interview_policies,AAMC MSAR Advisor Reports,https://students-residents.aamc.org/medical-school-admission-requirements/medical-school-admission-requirements-reports-applicants-and-advisors,data/raw/aamc/msar_reports/15_msar008-msar-interview-procedures.pdf,29,18,573.163,FL,Florida International University Herbert Wertheim College of Medicine,Florida International University Herbert Wertheim College of Medicine,"HWCOM uses the semi- blind interview format, in which the interviewer has access to selected information from the application. Each applicant has two separate one-on- one interviews. All interviews conducted on Zoom virtually.",August,All interviews for the 2026- 2027 cycle will be conducted virtually. For more information on the virtual interview process please visit: https://medicine.fiu.edu/ac ademics/doctor-of- medicine/admissions/appli cation-process-a- z/index.html,Regional interviews are not available.,Yes,
aamc_msar_interview_policies,AAMC MSAR Advisor Reports,https://students-residents.aamc.org/medical-school-admission-requirements/medical-school-admission-requirements-reports-applicants-and-advisors,data/raw/aamc/msar_reports/15_msar008-msar-interview-procedures.pdf,30,18,476.155,FL,Florida State University College of Medicine,Florida State University College of Medicine,"Applicants will participate in 2, 50-minute, 1-on-1 interviews with members of the Admissions Committee. Admissions committee members will have access to all components of the primary and secondary applications.",Late August,"In addition to the interviews, applicants will attend Q & A sessions with current MD students, Admissions Leadership and with a senior Administrator (Dean or Associate Dean).",Regional interviews are not available.,Case by case review,
aamc_msar_interview_policies,AAMC MSAR Advisor Reports,https://students-residents.aamc.org/medical-school-admission-requirements/medical-school-admission-requirements-reports-applicants-and-advisors,data/raw/aamc/msar_reports/15_msar008-msar-interview-procedures.pdf,31,18,416.155,FL,Nova Southeastern University Dr. Kiran C. Patel College of Allopathic Medicine,Nova Southeastern University Dr. Kiran C. Patel College of Allopathic Medicine,NSU MD requires candidates to participate in a Multiple-Mini Interview (MMI) format.,September 2027,Details regarding the specific logistics of the interview process will be provided once an applicant receives an offer to interview.,no,The platform for the MMIs is an on-line module.,
aamc_msar_interview_policies,AAMC MSAR Advisor Reports,https://students-residents.aamc.org/medical-school-admission-requirements/medical-school-admission-requirements-reports-applicants-and-advisors,data/raw/aamc/msar_reports/15_msar008-msar-interview-procedures.pdf,32,18,185.154,FL,University of Central Florida College of Medicine,University of Central Florida College of Medicine,"Two, partially closed, virtual interviews. Interviewers will not have access to academic institutions, grades, MCAT scores or letters . Interviewees will receive instructions prior to their interview date.",August 2026,"Once a student has participated in two Zoom- based interviews, they attend a mandatory three- hour virtual visit. The virtual visit will include: • Q&A with the COM Leadership • Overview of the curriculum • A student panel • Overview of the admissions committee decision process, timelines, and future communication and assistance Opportunities to tour the facilities will be available throughout the admission cycle. Dates will be provided when students are invited to interview.",Regional interviews are not available.,Interviews will be conducted via Zoom.,
aamc_msar_interview_policies,AAMC MSAR Advisor Reports,https://students-residents.aamc.org/medical-school-admission-requirements/medical-school-admission-requirements-reports-applicants-and-advisors,data/raw/aamc/msar_reports/15_msar008-msar-interview-procedures.pdf,33,18,116.154,FL,University of Florida College of Medicine,University of Florida College of Medicine,Two partially blind (MCAT and GPA withheld) one-on- one interviews with members of our interview committee.,July 2026,"Program consists of short presentations and sessions demonstrating the curriculum and student life in the morning, two interviews and a tour in the afternoon.",Regional interviews are not availabe.,Synchronous live interviews offered for 2027 interview cycle,
aamc_msar_interview_policies,AAMC MSAR Advisor Reports,https://students-residents.aamc.org/medical-school-admission-requirements/medical-school-admission-requirements-reports-applicants-and-advisors,data/raw/aamc/msar_reports/15_msar008-msar-interview-procedures.pdf,34,20,339.163,FL,University of Miami Leonard M. Miller School of Medicine,University of Miami Leonard M. Miller School of Medicine,"Two 50-minute interviews: One open-file, experiential, one closed-file, behavioral.",August 2026,"Evaluation interviews conducted virtually by members of the Admissions Committee is an integral part of our selection process. Interviews are conducted only at the request of the Office of Admissions and are generally held on selected Mondays and Fridays between the middle of September and the end of April. The Committee gives careful consideration to many factors when evaluating candidates for admission. Some of these factors are: Academic and behavioral preparedness to study medicine Breadth of life experiences Preparedness to serve diverse populations Demonstrated interest in and experiences in direct patient care, research, and health care delivery Interpersonal skill level Source and degree of motivation Maturity",N/A,"Interviews are being conducted virtually. Beginning in November, we will offer on-site tours each month for accepted candidates.",
aamc_msar_interview_policies,AAMC MSAR Advisor Reports,https://students-residents.aamc.org/medical-school-admission-requirements/medical-school-admission-requirements-reports-applicants-and-advisors,data/raw/aamc/msar_reports/15_msar008-msar-interview-procedures.pdf,35,20,171.163,FL,USF Health Morsani College of Medicine,USF Health Morsani College of Medicine,The MCOM program offers a semi-open file interview format.,"July 24, 2026","Interview day will consist of the interview only. Thereafter, interviewees will be invited to participate in online sessions to learn more about the curriculum, meet current medical students, as well as to interact with faculty & staff. Interview opportunities are intended to help the Medical Student Selection Committee reach a decision regarding the appropriateness of USF Health MCOM ’ s program for your particular needs and goals.",All interviews are offered virtually.,Yes,
aamc_msar_interview_policies,AAMC MSAR Advisor Reports,https://students-residents.aamc.org/medical-school-admission-requirements/medical-school-admission-requirements-reports-applicants-and-advisors,data/raw/aamc/msar_reports/15_msar008-msar-interview-procedures.pdf,36,22,384.163,GA,Emory University School of Medicine,Emory University School of Medicine,All 2026-27 interviews will be conducted remotely on the Zoom platform. All interview days will include both a Group Interview and a One-on-One interview.,Late August or Early September 2026,"Applicants who are selected for an interview will be notified by email. (Please be sure to keep your email address up to date in AMCAS.) The Interview Season will begin in September and end in February. The Interview Day will include a welcome session with the Dean and Associate Director of Admissions, two interviews (a group interview and a one-on-one interview), and the opportunity to speak with current medical students, faculty and Admissions staff. A meeting with a current Emory medical student is available upon request. Applicants to the MD/MPH and MD/MA in Bioethics Programs will also meet with a representative of the Rollins School of Public Health or the Emory Center for Ethics, respectively, on their Interview Day.",no,All 2026 - 27 interview days will be conducted remotely on the Zoom platform.,
aamc_msar_interview_policies,AAMC MSAR Advisor Reports,https://students-residents.aamc.org/medical-school-admission-requirements/medical-school-admission-requirements-reports-applicants-and-advisors,data/raw/aamc/msar_reports/15_msar008-msar-interview-procedures.pdf,37,22,207.163,GA,Medical College of Georgia at Augusta University,Medical College of Georgia at Augusta University,Multiple Mini-Interviews,Beginning in August of each application cycle.,"Each year, the Medical College of Georgia invites approximately 650 students to interview for admission into the matriculating class of 304 students. Students invited to interview will participate in a Multiple Mini-Interview (MMI) process, which allows for a consistent evaluation of all candidates. Interviews are by invitation only and are virtual. On interview day, students have the opportunity to interact with current students from both four-year campuses.",Interviews are generally held on Tuesdays and Thursdays from August through January.,,
aamc_msar_interview_policies,AAMC MSAR Advisor Reports,https://students-residents.aamc.org/medical-school-admission-requirements/medical-school-admission-requirements-reports-applicants-and-advisors,data/raw/aamc/msar_reports/15_msar008-msar-interview-procedures.pdf,38,22,92.154,GA,Mercer University School of Medicine,Mercer University School of Medicine,"One 45-minute interview with two interviewers, one of whom will be a member of the Admissions Committee. There will also be a subsequent one- hour group session for with three second-year medical students following the primary interview.",The second week of July for Early Decision applicants and late-August for Regular Pool applicants.,https://medicine.mercer.ed u/admissions/doctor-of- medicine/interview- invitees/,"Introduction, interviews, and group discussions are held on Tuesdays and Thursdays from approximately 10:00 to 12:15 pm. All interviews will be virtual (on Zoom) for the 2026-2027 Admissions Cycle.",All interviews will be conducted by video (on Zoom) for the 2026-2027 Admissions Cycle.,
aamc_msar_interview_policies,AAMC MSAR Advisor Reports,https://students-residents.aamc.org/medical-school-admission-requirements/medical-school-admission-requirements-reports-applicants-and-advisors,data/raw/aamc/msar_reports/15_msar008-msar-interview-procedures.pdf,39,24,483.163,GA,Morehouse School of Medicine,Morehouse School of Medicine,"In person at our main campus in Atlanta, Georgia.","July 24, 2026","The interview day starts at approximately 5:00 PM. Applicants are instructed to arrive to campus no later than 9:30 AM on the day of interview for check- in. On campus parking is free for interviewees. The day's itinerary includes two faculty interviews, an overview of our curriculum, dialogue with our student ambassadors, a tour of the main campus, and a tour of our teaching hospital (Grady Hospital). Lunch is provided. At this time, travel stipends/reimbursements are not available.",Available only for applicants who permanently reside in our More in Common Alliance regions. https://www.moreinc ommonalliance.org/o ur-work/clinical- training- sites/regional- training-site-progress,Not available as of the 2025 application cycle. All interviews will be conducted in person.,
aamc_msar_interview_policies,AAMC MSAR Advisor Reports,https://students-residents.aamc.org/medical-school-admission-requirements/medical-school-admission-requirements-reports-applicants-and-advisors,data/raw/aamc/msar_reports/15_msar008-msar-interview-procedures.pdf,40,24,324.163,GA,University of Georgia School of Medicine,University of Georgia School of Medicine,Interviews are virtual Multiple Mini Interviews.,"August 15, 2026","You will rotate through 6 multiple mini interview (MMI) stations. You will have a total of 8 minutes in the station with 2 minutes to read the prompt and 6 minutes to provide your response. You will have 2 minutes to transition to the next station. You will automatically be moved to your next interviewer. Interviewers consist of UGA faculty, campus partners, and community partners.",All interviews are virtual.,All interviews are virtual.,
aamc_msar_interview_policies,AAMC MSAR Advisor Reports,https://students-residents.aamc.org/medical-school-admission-requirements/medical-school-admission-requirements-reports-applicants-and-advisors,data/raw/aamc/msar_reports/15_msar008-msar-interview-procedures.pdf,41,24,282.163,HI,"University of Hawaii, John A. Burns School of Medicine","University of Hawaii, John A. Burns School of Medicine",One-on-one format,Invitations to interview may be sent as early as August 1.,Interviews are scheduled individually.,Regional interviews are not available.,All interviews will be conducted online.,
aamc_msar_interview_policies,AAMC MSAR Advisor Reports,https://students-residents.aamc.org/medical-school-admission-requirements/medical-school-admission-requirements-reports-applicants-and-advisors,data/raw/aamc/msar_reports/15_msar008-msar-interview-procedures.pdf,42,26,330.164,IA,University of Iowa Roy J. and Lucille A. Carver College of Medicine,University of Iowa Roy J. and Lucille A. Carver College of Medicine,Candidates are interviewed individually by two faculty members for 25 minutes. The interview day includes a case-based learning session facilitated by M4 students. Both virtual and in person interview formats are available.,Mid August,"Carver conducts ""closed file"" interviews - interviewers are faculty volunteers and want to get to know candidates ""off of paper"" completely! Do not let this scare you - candidates often tell us how nervous they were before the interview and feel very positive about it afterwards. We make great efforts to keep nerves low so candidates can perform at their very best on interview day. A previous interviewee wrote this about their Carver interview experience: ""I think the interview process was amazing! This was my first in -person interview experience, and it was a lot less stressful than I imagined."" We offer both in person and virtual interviews. Admissions committee members will not know the format candidates choose. For more information, see https://md.medicine.uiowa. edu/admissions/application -process/interview-faq",Regional interviews are not available.,Video interviews are not offered. Virtual interviews are offered.,
aamc_msar_interview_policies,AAMC MSAR Advisor Reports,https://students-residents.aamc.org/medical-school-admission-requirements/medical-school-admission-requirements-reports-applicants-and-advisors,data/raw/aamc/msar_reports/15_msar008-msar-interview-procedures.pdf,43,26,225.164,IL,Carle Illinois College of Medicine,Carle Illinois College of Medicine,,,"Carle Illinois College of Medicine does not conduct interviews. Our preliminary evaluations begin in July and are typically completed by the end of winter break. Finalist evaluation generally begins mid-fall, and offers do not typically go out until the following January.",,,
aamc_msar_interview_policies,AAMC MSAR Advisor Reports,https://students-residents.aamc.org/medical-school-admission-requirements/medical-school-admission-requirements-reports-applicants-and-advisors,data/raw/aamc/msar_reports/15_msar008-msar-interview-procedures.pdf,44,26,165.163,IL,Chicago Medical School at Rosalind Franklin University of Medicine & Science,Chicago Medical School at Rosalind Franklin University of Medicine & Science,The Chicago Medical School employs the multiple mini interview format-virtually.,The first interview invitations will be sent in sent August 2026 and we begin interviewing in September 2026.,Applicants who are invited to interview will receive a confirmation email and a detailed description of the interview day.,not available.,not available.,
aamc_msar_interview_policies,AAMC MSAR Advisor Reports,https://students-residents.aamc.org/medical-school-admission-requirements/medical-school-admission-requirements-reports-applicants-and-advisors,data/raw/aamc/msar_reports/15_msar008-msar-interview-procedures.pdf,45,28,330.163,IL,Loyola University Chicago Stritch School of Medicine,Loyola University Chicago Stritch School of Medicine,"For Cycle 2026, candidates can choose between in-person and virtual interviews. The admissions committee will conduct one full file and one partial file interview.","July 28, 2026","Candidates will select an in-person or virtual interview day when invited to interview. All interview days include a 45 -minute orientation, one full file and one partial file interview with members of our admissions committee, and a 30 -minute wrap- up/Q & A session. In- person interview days will begin at 9:00 AM (CST) and end by 3:30 PM. In- person interview days include lunch and panel discussions with students and staff and campus and hospital tours. Virtual interview days will begin at 11:00 AM (CST) and end by 3:30 PM. Virtual interview days include a virtual chat with current students and pre- recorded content on our program and curricular options. All invited candidates are expected to participate in virtual and in- person interviews throughout the entire interview day. We will include instructions and recommendations for virtual interview preparation in your invitation.",Regional candidates are encouraged to visit in person if possible.,In-person and virtual interviews are provided until further notice. VITA will not be used.,
aamc_msar_interview_policies,AAMC MSAR Advisor Reports,https://students-residents.aamc.org/medical-school-admission-requirements/medical-school-admission-requirements-reports-applicants-and-advisors,data/raw/aamc/msar_reports/15_msar008-msar-interview-procedures.pdf,46,28,225.163,IL,Northwestern University The Feinberg School of Medicine,Northwestern University The Feinberg School of Medicine,Combination of interviews with full-time faculty and a senior medical student.,August 2026,"The virtual interview day consists of an orientation, interviews with faculty members and senior medical students, along with conversations with our 1st and 2nd-year medical students. The details for the interview day will be provided when interview invitations are sent.",Not available,Cycle 2027 interviews will be conducted virtually.,
aamc_msar_interview_policies,AAMC MSAR Advisor Reports,https://students-residents.aamc.org/medical-school-admission-requirements/medical-school-admission-requirements-reports-applicants-and-advisors,data/raw/aamc/msar_reports/15_msar008-msar-interview-procedures.pdf,47,28,183.163,IL,Rush Medical College of Rush University Medical Center,Rush Medical College of Rush University Medical Center,RMC will host virtual interviews for the 2026- 2027 cycle.,"August 15, 2026",Applicants invited to interview will receive additional logistical information via email.,Regional interviews are not available.,RMC will host virtual interviews for the 2026-2027 cycle.,
aamc_msar_interview_policies,AAMC MSAR Advisor Reports,https://students-residents.aamc.org/medical-school-admission-requirements/medical-school-admission-requirements-reports-applicants-and-advisors,data/raw/aamc/msar_reports/15_msar008-msar-interview-procedures.pdf,48,28,123.162,IL,Southern Illinois University School of Medicine,Southern Illinois University School of Medicine,MD: two one-on-one interviews; MD/JD: three one-on-one interviews.,Late July/Early August,"Welcome Session with Director of Admissions; Two, one-on-one Interviews; Financial Aid Session; Tour with a current medical student.",MD: two one-on-one interviews; MD/JD: three one-on-one interviews.,"when needed yes, but currently in- person.",
aamc_msar_interview_policies,AAMC MSAR Advisor Reports,https://students-residents.aamc.org/medical-school-admission-requirements/medical-school-admission-requirements-reports-applicants-and-advisors,data/raw/aamc/msar_reports/15_msar008-msar-interview-procedures.pdf,49,28,45.162,IL,University of Chicago Division of the Biological Sciences The Pritzker School of Medicine,University of Chicago Division of the Biological Sciences The Pritzker School of Medicine,"Three one-on-one interviews via Zoom with a faculty, administrator, and medical student.",August,"Applicants will have three one-on-one interviews with a faculty member, a student, and a Pritzker administrator, along with informational sessions with faculty, staff, and current students.",Regional interviews not available,All interviews will be via video for the 2026-27 cycle.,
aamc_msar_interview_policies,AAMC MSAR Advisor Reports,https://students-residents.aamc.org/medical-school-admission-requirements/medical-school-admission-requirements-reports-applicants-and-advisors,data/raw/aamc/msar_reports/15_msar008-msar-interview-procedures.pdf,50,30,644.156,IL,University of Illinois College of Medicine,University of Illinois College of Medicine,Hybrid model that includes MMI and one-on-one interviews with faculty.,August,https://medicine.uic.edu/ad missions/interview-day/,Not available,All interviews are conducted via virtual platform.,
aamc_msar_interview_policies,AAMC MSAR Advisor Reports,https://students-residents.aamc.org/medical-school-admission-requirements/medical-school-admission-requirements-reports-applicants-and-advisors,data/raw/aamc/msar_reports/15_msar008-msar-interview-procedures.pdf,51,30,458.156,IN,Indiana University School of Medicine,Indiana University School of Medicine,Traditional interview format. One-on-one open file interview session with two members of the Admissions Committee.,August,"All 2026/27 MD applicant interviews will be conducted on online. Our interviews are held on Wednesdays, starting in late August through February. In addition to applicant interviews, there will be a financial aid presentation, a general informational session, and opportunities to meet current medical students. Applicants invited for an interview at Indiana University School of Medicine MD program will receive detailed interview information and instructions.",Interviews will be conducted online.,Interviews will be conducted online.,
aamc_msar_interview_policies,AAMC MSAR Advisor Reports,https://students-residents.aamc.org/medical-school-admission-requirements/medical-school-admission-requirements-reports-applicants-and-advisors,data/raw/aamc/msar_reports/15_msar008-msar-interview-procedures.pdf,52,30,245.155,KS,University of Kansas School of Medicine,University of Kansas School of Medicine,"Two individual 30-minute interviews, one open-file with a committee member. All interviews will take place virtually.",September 1,"All 2025-26 KU SOM interview days will take place virtually. Interviewees will receive access to a private site with interview day information: the admissions process and timelines, financial aid information, presentations from our Office of Student Engagement, and education deans. Additionally, interviewees will be invited to attend virtual Q&A sessions with current medical students. On-campus Second Look Days will be offered for all three campuses, and final dates will be sent to applicants who are interviewed.",Regional interviews are not available.,Video interviews are available.,
aamc_msar_interview_policies,AAMC MSAR Advisor Reports,https://students-residents.aamc.org/medical-school-admission-requirements/medical-school-admission-requirements-reports-applicants-and-advisors,data/raw/aamc/msar_reports/15_msar008-msar-interview-procedures.pdf,53,30,184.147,KY,University of Kentucky College of Medicine,University of Kentucky College of Medicine,Two individual interviews.,August,"Applicants will have two one on one interviews and a chance to eat lunch, tour, and talk with current students.","Yes, if the applicant selects a regional campus as their first choice campus on the supplemental application.",The University of Kentucky College of Medicine will be conducting all interviews in-person for the 2026 cycle.,
aamc_msar_interview_policies,AAMC MSAR Advisor Reports,https://students-residents.aamc.org/medical-school-admission-requirements/medical-school-admission-requirements-reports-applicants-and-advisors,data/raw/aamc/msar_reports/15_msar008-msar-interview-procedures.pdf,54,30,132.139,KY,University of Louisville School of Medicine,University of Louisville School of Medicine,Two one-on-one academically blinded interviews with members of our Admissions Committee.,Early August,https://medicine.louisville.e du/admission/md-program- admissions,Regional interviews are not available.,All interviews are facilitated virtually.,
aamc_msar_interview_policies,AAMC MSAR Advisor Reports,https://students-residents.aamc.org/medical-school-admission-requirements/medical-school-admission-requirements-reports-applicants-and-advisors,data/raw/aamc/msar_reports/15_msar008-msar-interview-procedures.pdf,55,30,89.130,LA,Louisiana State University School of Medicine in New Orleans,Louisiana State University School of Medicine in New Orleans,Three one-on-one interviews. Interviews will be through a virtual platform.,September 2026,Information is given to those who are invited to interview two weeks prior to appointment.,Regional interviews are not available.,All interviews will be conducted via a virtual platform.,
aamc_msar_interview_policies,AAMC MSAR Advisor Reports,https://students-residents.aamc.org/medical-school-admission-requirements/medical-school-admission-requirements-reports-applicants-and-advisors,data/raw/aamc/msar_reports/15_msar008-msar-interview-procedures.pdf,56,32,581.155,LA,Louisiana State University School of Medicine in Shreveport,Louisiana State University School of Medicine in Shreveport,"Two semi-blind, one-on- one interviews using structured and semi- structured question format. ""Semi-blind"" meaning interviewers will not have access to metrics, letters of recommendation, nor file updates prior to the interview.",09/10/2026,https://schoolofmedicine.ls uhs.edu/prospective- students/admissions/~boar d/som- admissions/post/the- interview,Regional interviews are not available.,All interviews are held via virtual meeting platform.,
aamc_msar_interview_policies,AAMC MSAR Advisor Reports,https://students-residents.aamc.org/medical-school-admission-requirements/medical-school-admission-requirements-reports-applicants-and-advisors,data/raw/aamc/msar_reports/15_msar008-msar-interview-procedures.pdf,57,32,520.147,LA,Tulane University School of Medicine,Tulane University School of Medicine,All interviews will be virtual for the upcoming cycle. The traditional interview format will include one-on- one interviews with faculty and current students.,July 2026,https://medicine.tulane.edu /education/undergraduate- medical-education-md- program/admissions/admis sions-process,Regional interviews are not available.,Yes,
aamc_msar_interview_policies,AAMC MSAR Advisor Reports,https://students-residents.aamc.org/medical-school-admission-requirements/medical-school-admission-requirements-reports-applicants-and-advisors,data/raw/aamc/msar_reports/15_msar008-msar-interview-procedures.pdf,58,32,415.147,MA,Boston University Aram V. Chobanian & Edward Avedisian School of Medicine,Boston University Aram V. Chobanian & Edward Avedisian School of Medicine,Interviews are required with at least one faculty member. These are by invitation only.,August,"We require three virtual activities which may be scheduled on the same or different days: an interactive orientation to the school with the Associate Dean of Admissions, an individual faculty interview and a student-run information session.",no,Interviews conducted via Zoom.,
aamc_msar_interview_policies,AAMC MSAR Advisor Reports,https://students-residents.aamc.org/medical-school-admission-requirements/medical-school-admission-requirements-reports-applicants-and-advisors,data/raw/aamc/msar_reports/15_msar008-msar-interview-procedures.pdf,59,32,337.146,MA,Harvard Medical School,Harvard Medical School,One-on-one; scheduled selectively.,Early September,Candidates who are invited to interview will receive an email from the Office of the Committee on Admissions regarding available interview dates as well as information about the day itself.,No.,Interviews will be conducted virtually for the 2027 cycle.,
aamc_msar_interview_policies,AAMC MSAR Advisor Reports,https://students-residents.aamc.org/medical-school-admission-requirements/medical-school-admission-requirements-reports-applicants-and-advisors,data/raw/aamc/msar_reports/15_msar008-msar-interview-procedures.pdf,60,32,160.146,MA,Tufts University School of Medicine,Tufts University School of Medicine,Interviews conducted September - March,August,"Interviews for the upcoming application cycle will be held virtually. The MD interview day includes presentations and Q&A sessions by various Deans and departments, a Student Panel, a virtual tour and two personal interviews. The Maine Track interview day involves an MMI Interview format and two personal interviews. All sessions and interviews will be hosted on Zoom. More information is provided to applicants invited to interview.",Regional interviews are not available.,Yes,
aamc_msar_interview_policies,AAMC MSAR Advisor Reports,https://students-residents.aamc.org/medical-school-admission-requirements/medical-school-admission-requirements-reports-applicants-and-advisors,data/raw/aamc/msar_reports/15_msar008-msar-interview-procedures.pdf,61,34,366.163,MA,University of Massachusetts T.H. Chan School of Medicine,University of Massachusetts T.H. Chan School of Medicine,Worcester (MD) interviews and the PURCH track interviews are virtual Multiple Mini Interviews (MMIs). MSTP (MD/PhD) and LEAD@Lahey track use the traditional interview format.,"August 1 . If August 1 is a holiday, or a weekend, invitations will be sent out the next business day.","Interviews are by invitation of the Admissions Committee only. Applicants will be able to select their preferred interview time via the PeopleSoft system following receipt of an interview invitation. PURCH Track, LEAD@Lahey track and MD/PhD applicants will select from a bundle of interview options as there are separate interviews for PURCH, LEAD@Lahey and MD/PhD applicants. If an MD/PhD applicant is also applying to the PURCH track, that applicant will be selecting a bundle with three separate interviews. Applicants will be provided access to orientation videos outlining the MMI, our admissions process, curriculum and financial aid prior to their interview date. Details and access to any virtual sessions will be accessible within PeopleSoft.","All interviews are virtual. PURCH track, LEAD@Lahey track and MSTP (MD/PhD) program interviews occur on separate days.",All interviews will be conducted virtually through the Zoom or similar technology.,
aamc_msar_interview_policies,AAMC MSAR Advisor Reports,https://students-residents.aamc.org/medical-school-admission-requirements/medical-school-admission-requirements-reports-applicants-and-advisors,data/raw/aamc/msar_reports/15_msar008-msar-interview-procedures.pdf,62,34,198.163,MD,Johns Hopkins University School of Medicine,Johns Hopkins University School of Medicine,Each MD or MD/MBA applicant receives two interviews. MD-PhD applicants receive 5 interviews.,We typically begin sending interview invitations in September.,Interviews will be conducted virtually and scheduled from September through March. Each MD candidate invited to interview will complete two interviews with a committee member (1 faculty and 1 student). We also provide an optional meet & greet with current Hopkins students every Wednesday evening before the interview day as well as a 4th year medical student panel during the lunch hour on the interview day.,no,"Yes, via Zoom",
aamc_msar_interview_policies,AAMC MSAR Advisor Reports,https://students-residents.aamc.org/medical-school-admission-requirements/medical-school-admission-requirements-reports-applicants-and-advisors,data/raw/aamc/msar_reports/15_msar008-msar-interview-procedures.pdf,63,34,102.163,MD,Uniformed Services University of the Health Sciences F. Edward Hebert School of Medicine,Uniformed Services University of the Health Sciences F. Edward Hebert School of Medicine,Each candidate for admission has two individual thirty-minute interviews. These interviews are conducted by our current medical students and active or retired military medical officers.,"Applications are reviewed as they are received, and the first interview invitations are sent in mid-late July. Interview invitations will continue to be offered through early December.",Applicants who are selected for an interview will be notified by email.,Regional interviews are not available.,All interviews for the MD and MD/PhD programs will be held virtually for the 2026-2027 cycle.,
aamc_msar_interview_policies,AAMC MSAR Advisor Reports,https://students-residents.aamc.org/medical-school-admission-requirements/medical-school-admission-requirements-reports-applicants-and-advisors,data/raw/aamc/msar_reports/15_msar008-msar-interview-procedures.pdf,64,36,411.164,MD,University of Maryland School of Medicine,University of Maryland School of Medicine,Two interviews are conducted in a one-on-one format by trained faculty and student interviewers. Interviews usually last about 45 minutes.,August 2026,"Our interview day format will be remote in order to keep our applicants and SOM community safe and to ensure equity in the admissions process. Applicants will receive a presentation from the Office of Financial Aid, an information session conducted by the Associate Dean or Assistant Dean for Admissions, and will meet current students during the lunch and a Q&A. We will host in-person campus visits for the 2026 cycle for accepted students, and we will welcome accepted students to our campus in the late winter of 2027 for a Second Look visit. For more information: https://www.medschool.um aryland.edu/admissions/Yo ur-Path-to-Medical-School/ (see Interview Day section)",We plan to continue remote interviews for the 2027 cycle.,We plan to continue remote interviews for the 2027 cycle.,
aamc_msar_interview_policies,AAMC MSAR Advisor Reports,https://students-residents.aamc.org/medical-school-admission-requirements/medical-school-admission-requirements-reports-applicants-and-advisors,data/raw/aamc/msar_reports/15_msar008-msar-interview-procedures.pdf,65,36,360.164,MI,Central Michigan University College of Medicine,Central Michigan University College of Medicine,"Multiple-Mini Interview (MMI), small and large group activities.",August of each application cycle.,https://www.cmich.edu/aca demics/colleges/college- of- medicine/education/md/ad missions/faq,no,All interviews are currently being conducted virtually.,
aamc_msar_interview_policies,AAMC MSAR Advisor Reports,https://students-residents.aamc.org/medical-school-admission-requirements/medical-school-admission-requirements-reports-applicants-and-advisors,data/raw/aamc/msar_reports/15_msar008-msar-interview-procedures.pdf,66,36,291.163,MI,Michigan State University College of Human Medicine,Michigan State University College of Human Medicine,A multiple mini-interview and 30-minute traditional one-on-one interview with a current medical student. All interviews are virtual.,Invitations begin in August. Interviews are conducted from September through February.,Interviews will be held virtually for the 2026-2027 academic year. Detailed information is communicated electronically to those offered an interview.,no,Yes,
aamc_msar_interview_policies,AAMC MSAR Advisor Reports,https://students-residents.aamc.org/medical-school-admission-requirements/medical-school-admission-requirements-reports-applicants-and-advisors,data/raw/aamc/msar_reports/15_msar008-msar-interview-procedures.pdf,67,36,69.163,MI,Oakland University William Beaumont School of Medicine,Oakland University William Beaumont School of Medicine,The interview process consists of three short- form interviews and one traditional 30-minute interview. Interviewers are blinded to applicants ’ academic records and MCAT results.,Late July/Early August 2026,"Interview day is organized to give select applicants a detailed introduction to the many unique and exciting opportunities OUWB offers medical students. We trust by day ’ s end, through engaging conversations with faculty, staff, and current students, you will have gained a comprehensive understanding of what it is like to be a medical student at OUWB. All interviews are offered by invitation only. Additional information and instructions on how to select an interview day are sent via email. Interview Days for the 2026-2027 cycle will be held virtually.",not available.,,
aamc_msar_interview_policies,AAMC MSAR Advisor Reports,https://students-residents.aamc.org/medical-school-admission-requirements/medical-school-admission-requirements-reports-applicants-and-advisors,data/raw/aamc/msar_reports/15_msar008-msar-interview-procedures.pdf,68,38,572.155,MI,University of Michigan Medical School,University of Michigan Medical School,"All interviews will be conducted virtually on Thursday afternoons, including both one-on-one interviews and multiple mini-interviews. On the same week as the interview, we require participation in a Monday night event with current UM med students.",We start sending interview invitations in August.,https://medschool.umich.e du/programs- admissions/md- program/md- admissions/interview-day,No.,Yes.,
aamc_msar_interview_policies,AAMC MSAR Advisor Reports,https://students-residents.aamc.org/medical-school-admission-requirements/medical-school-admission-requirements-reports-applicants-and-advisors,data/raw/aamc/msar_reports/15_msar008-msar-interview-procedures.pdf,69,38,431.155,MI,Wayne State University School of Medicine,Wayne State University School of Medicine,"Faculty/alumni interview, current student interview and MMI interviews. All Interviews will be virtual for 2027 entering class.",July 2026 with interviews beginning in August 2026.,"All interviews are conducted virtually and incorporate 3 different types of interviews, including a one-on-one faculty/alumni interview, a one-on-one medical student interview, and 5 MMI stations. Students will be provided with opportunities to take campus tours, and attend Q&A sessions and webinars with current medical students.",All interviews are virtual.,All Interviews for 2027 entering class will be virtual.,
aamc_msar_interview_policies,AAMC MSAR Advisor Reports,https://students-residents.aamc.org/medical-school-admission-requirements/medical-school-admission-requirements-reports-applicants-and-advisors,data/raw/aamc/msar_reports/15_msar008-msar-interview-procedures.pdf,70,38,182.155,MI,Western Michigan University Homer Stryker M.D. School of Medicine,Western Michigan University Homer Stryker M.D. School of Medicine,Interviews for the Class of 2031 beginning in June 2027 will be held virtually. Interview sessions will include a traditional one- on-one open file interview in addition to a group activity. More details will be provided in the interview invitation.,Interview invitations begin in August. Interviews are held from late September through mid March.,"Interviews will be held virtually beginning late September 2026 for the Class of 2031 . The goal of our Interview Day is not only for us to get to know you, but for you to get to know us and start picturing yourself as a WMed student. Applicants invited to interview will be given access to videos, links, and information to review before attending the session so the virtual time together can be used to answer specific questions and focus on your specific areas of interest. The virtual Interview Day will include plenty of time with current students and faculty. Learn more: https://wmed.edu/app",no,Interviews for the class beginning in June 2027 will be held virtually.,
aamc_msar_interview_policies,AAMC MSAR Advisor Reports,https://students-residents.aamc.org/medical-school-admission-requirements/medical-school-admission-requirements-reports-applicants-and-advisors,data/raw/aamc/msar_reports/15_msar008-msar-interview-procedures.pdf,71,40,258.163,MN,Mayo Clinic Alix School of Medicine,Mayo Clinic Alix School of Medicine,"Each interviewee will have two, virtual, one-on-one, partially blinded, 30-minute interviews with members of our admissions aommittee.",Invitations for interviews will begin being sent in August 2026.,"Depending on an applicant ’ s selection and rank of campus track in the secondary application, you could be invited to interview with any of our three campuses. Applicants who select more than one campus track option will only be invited to interview with one campus, taking into consideration the specific rank of preference. That interview will count for the other campus tracks that were selected. Applicants invited to interview with us will participate in: virtual welcome session, two, one-on-one, 30 -minute, virtual interviews, a virtual tour of campus, connecting with current students, and question-and-answer sessions. Applicants should be dressed in business professional attire for their interviews. Applicants will also be required to meet with one member of MCASOM's alumni network as part of our Alumni Visit Program. These conversations provide applicants with an opportunity to learn more about MCASOM, Mayo Clinic ’ s culture and values, and the experiences of our alumni.","Applicants will be eligible to interview with the Arizona, Florida, or Minnesota campus based on their secondary application campus track preference. We do not offer regional interviews off campus.","The interview format will be virtual, live video interviews.",
aamc_msar_interview_policies,AAMC MSAR Advisor Reports,https://students-residents.aamc.org/medical-school-admission-requirements/medical-school-admission-requirements-reports-applicants-and-advisors,data/raw/aamc/msar_reports/15_msar008-msar-interview-procedures.pdf,72,40,189.163,MN,University of Minnesota Medical School,University of Minnesota Medical School,Traditional interview format via Zoom.,We begin sending invitations to interview in August.,Additional information regarding the interview day experience will be sent directly to applicant upon being approved for an interview.,Regional interviews will follow the same interview format.,Asynchronous questions will be recorded and videos will be uploaded as part of our secondary supplemental.,
aamc_msar_interview_policies,AAMC MSAR Advisor Reports,https://students-residents.aamc.org/medical-school-admission-requirements/medical-school-admission-requirements-reports-applicants-and-advisors,data/raw/aamc/msar_reports/15_msar008-msar-interview-procedures.pdf,73,40,93.163,MO,Saint Louis University School of Medicine,Saint Louis University School of Medicine,A one-on-one interview with a faculty member on the Admissions Committee and a group interview with a current student.,August 2026,"The interview day consists of a video interview with a faculty member of the Admissions Committee, a group video interview with a current student and other applicant(s), a virtual tour of the Medical Center, and a panel with current students.",None,Interviews will be conducted virtually for the 2026-2027 application cycle.,
aamc_msar_interview_policies,AAMC MSAR Advisor Reports,https://students-residents.aamc.org/medical-school-admission-requirements/medical-school-admission-requirements-reports-applicants-and-advisors,data/raw/aamc/msar_reports/15_msar008-msar-interview-procedures.pdf,74,42,600.163,MO,University of Missouri- Columbia School of Medicine,University of Missouri- Columbia School of Medicine,"Two open file, one-on-one interviews by Admissions Committee members are required, as well attendance at various presentations (typical interview day is 3 hours).",Invites to interview will start going out late September and will continue to be sent out through February. We do rolling admissions interview offers.,https://medicine.missouri.e du/admissions/application- process,,All interviews will be virtual.,
aamc_msar_interview_policies,AAMC MSAR Advisor Reports,https://students-residents.aamc.org/medical-school-admission-requirements/medical-school-admission-requirements-reports-applicants-and-advisors,data/raw/aamc/msar_reports/15_msar008-msar-interview-procedures.pdf,75,42,504.163,MO,University of Missouri- Kansas City School of Medicine,University of Missouri- Kansas City School of Medicine,Multiple-Mini Interview,"THE B.A./M.D. PROGRAM: January, THE MD PROGRAM: August",Applicants selected for interview are required to attend an interview day; no phone interviews are permitted. Candidates will participate in an 11-station multiple-mini interview designed to assess non- cognitive attributes and experiences.,Regional interviews are not available.,All interviews are conducted in-person.,
aamc_msar_interview_policies,AAMC MSAR Advisor Reports,https://students-residents.aamc.org/medical-school-admission-requirements/medical-school-admission-requirements-reports-applicants-and-advisors,data/raw/aamc/msar_reports/15_msar008-msar-interview-procedures.pdf,76,42,471.163,MO,Washington University in St. Louis School of Medicine,Washington University in St. Louis School of Medicine,"Open, unstructured, one- on-one.",Mid to late August.,https://mdadmissions.wustl .edu/how-to-apply/the- interview-what-to-expect/,Regional interviews are not available.,Video interviews are the anticipated format for 2026-27.,
aamc_msar_interview_policies,AAMC MSAR Advisor Reports,https://students-residents.aamc.org/medical-school-admission-requirements/medical-school-admission-requirements-reports-applicants-and-advisors,data/raw/aamc/msar_reports/15_msar008-msar-interview-procedures.pdf,77,42,411.162,MS,University of Mississippi School of Medicine,University of Mississippi School of Medicine,Multiple Mini Interviews,late July,Students arrive by 7:30 A.M. on interview day. Interviews conclude by 1:00 P.M. and include lunch and a tour with current medical students.,Interviews are conducted in-person only.,No,
aamc_msar_interview_policies,AAMC MSAR Advisor Reports,https://students-residents.aamc.org/medical-school-admission-requirements/medical-school-admission-requirements-reports-applicants-and-advisors,data/raw/aamc/msar_reports/15_msar008-msar-interview-procedures.pdf,78,42,315.162,NC,Brody School of Medicine at East Carolina University,Brody School of Medicine at East Carolina University,Two one on one interviews by committee members.,July of the year prior to matriculation.,Interviews are conducted virtually. Multiple campus visit opportunities are available to applicants selected to interview. Campus visit days include a student panel and tour of the Brody School of Medicine and ECU Health Sciences Campus.,No.,All interviews are virtual video interviews.,
aamc_msar_interview_policies,AAMC MSAR Advisor Reports,https://students-residents.aamc.org/medical-school-admission-requirements/medical-school-admission-requirements-reports-applicants-and-advisors,data/raw/aamc/msar_reports/15_msar008-msar-interview-procedures.pdf,79,42,183.162,NC,Duke University School of Medicine,Duke University School of Medicine,Virtual Multiple Mini Interview (MMI),July 27,"Applicants will interact virtually with members of the DukeMed Community at orientation and will participate in the Multiple Mini Interview (MMI). Applicants will also meet and talk with current students about their experiences in the curriculum, living in Durham, their involvement in the school and community.",Regional interviews are no longer available,Yes,
aamc_msar_interview_policies,AAMC MSAR Advisor Reports,https://students-residents.aamc.org/medical-school-admission-requirements/medical-school-admission-requirements-reports-applicants-and-advisors,data/raw/aamc/msar_reports/15_msar008-msar-interview-procedures.pdf,80,42,140.154,NC,Methodist University Cape Fear Valley Health School of Medicine,Methodist University Cape Fear Valley Health School of Medicine,Candidates rotate between interview stations and are assessed on a variety of competencies.,August 2026,,A select number of in-person interviews will be available for the 2027 cycle.,The majority of interviews are conducted virtually via Zoom.,
aamc_msar_interview_policies,AAMC MSAR Advisor Reports,https://students-residents.aamc.org/medical-school-admission-requirements/medical-school-admission-requirements-reports-applicants-and-advisors,data/raw/aamc/msar_reports/15_msar008-msar-interview-procedures.pdf,81,42,71.153,NC,University of North Carolina at Chapel Hill School of Medicine,University of North Carolina at Chapel Hill School of Medicine,Interviews are conducted virtually on Zoom.,"Typically, interview invitations are sent starting in late July/August.","The interview day will consist of virtual interviews with representatives from the School of Medicine community, and the format will include traditional interviews.",Interviews are conducted virtually.,Interviews are conducted virtually on Zoom.,
aamc_msar_interview_policies,AAMC MSAR Advisor Reports,https://students-residents.aamc.org/medical-school-admission-requirements/medical-school-admission-requirements-reports-applicants-and-advisors,data/raw/aamc/msar_reports/15_msar008-msar-interview-procedures.pdf,82,44,483.163,NC,Wake Forest University School of Medicine,Wake Forest University School of Medicine,Multiple Mini Interviews (MMI) - Will be held virtually.,August 2026,"Applicants are invited to participate in the virtual MMI and a virtual information session. The MMI is completed prior to the information session. The virtual information session will include time with our Dean of Admissions, financial aid and small group sessions with students giving applicants an opportunity to learn more about our program. The virtual session also includes one small group question. The MMI and information session are both required for applicants invited to participate.",Regional interviews are not available.,WFUSM offers a virtual MMI.,
aamc_msar_interview_policies,AAMC MSAR Advisor Reports,https://students-residents.aamc.org/medical-school-admission-requirements/medical-school-admission-requirements-reports-applicants-and-advisors,data/raw/aamc/msar_reports/15_msar008-msar-interview-procedures.pdf,83,44,387.163,ND,University of North Dakota School of Medicine and Health Sciences,University of North Dakota School of Medicine and Health Sciences,"Interviews are conducted by a three-person team made up of admission committee members: an MD, a PhD and a medical student. One of the three members will take lead, but all three will ask questions.",We begin sending interview invites in October for ND applicants and November through December for all other applicants.,The interview day provides an important opportunity for applicants and members of the UND SMHS community to get to know each other. Current medical students conduct a Q & A on each interview day to answer applicant's questions.,"Interviews take place during specific Fridays and Saturdays in October, November, December and January.",All interviews will be conducted over Zoom.,
aamc_msar_interview_policies,AAMC MSAR Advisor Reports,https://students-residents.aamc.org/medical-school-admission-requirements/medical-school-admission-requirements-reports-applicants-and-advisors,data/raw/aamc/msar_reports/15_msar008-msar-interview-procedures.pdf,84,44,264.163,NE,Creighton University School of Medicine,Creighton University School of Medicine,All interviews will be conducted virtually with two open-file one-on-one interviews with a faculty/staff member and a current student during the week and a live Friday wrap up session. We will also host multiple in person admitted student days.,Early August,The Interview Program is designed for the Admissions Committee and applicants to learn about each other. Applicants will have multiple opportunities to meet with members of our community. We encourage applicants to bring questions about Creighton so that they can be answered.,All interviews will be conducted virtually.,All interviews will be conducted virtually.,
aamc_msar_interview_policies,AAMC MSAR Advisor Reports,https://students-residents.aamc.org/medical-school-admission-requirements/medical-school-admission-requirements-reports-applicants-and-advisors,data/raw/aamc/msar_reports/15_msar008-msar-interview-procedures.pdf,85,44,141.162,NE,University of Nebraska College of Medicine,University of Nebraska College of Medicine,By invitation only,July 2026,UNMC Interview day is a full day experience through Zoom. We host applicants virtually and have a range of group presentations and small group interactions throughout the day. Each applicant will be interviewed for thirty minutes. Fourth year medical students serve as ambassadors and answers questions.,no,All interviews will be conducted virtually,
aamc_msar_interview_policies,AAMC MSAR Advisor Reports,https://students-residents.aamc.org/medical-school-admission-requirements/medical-school-admission-requirements-reports-applicants-and-advisors,data/raw/aamc/msar_reports/15_msar008-msar-interview-procedures.pdf,86,46,411.165,NH,Geisel School of Medicine at Dartmouth,Geisel School of Medicine at Dartmouth,Our interview season begins in late August and continues through March. Interviews take place on Thursdays by invitation only and will be conducted virtually for the 2026-2027 admissions cycle.,August 2026,"The interview day is designed for us to get to know you, and for you to get to know us at Geisel. The day begins with a welcome from the Associate Dean of Admissions. This is followed by an information session with the admissions team, a brief welcome from the Office of Diversity, Inclusion, and Community Engagement team, and a 20 minute group exercise. In the afternoon, you will have two thirty-minute one-on- one interviews conducted by members of our admissions committee. The day will end with closing remarks from our Associate Dean. Opportunities to connect with our current students will occur separately from the scheduled interview day.",Regional interviews are not available.,Interviews will be conducted virtually for the 2026-2027 admissions cycle.,
aamc_msar_interview_policies,AAMC MSAR Advisor Reports,https://students-residents.aamc.org/medical-school-admission-requirements/medical-school-admission-requirements-reports-applicants-and-advisors,data/raw/aamc/msar_reports/15_msar008-msar-interview-procedures.pdf,87,48,267.163,NJ,Cooper Medical School of Rowan University,Cooper Medical School of Rowan University,"Held on Fridays. One Interview with two interviewers: one who is on the Admissions Committee and one who is blinded to application materials, in addition to casual encounters with CMSRU students.",July 2026,"Our interview day has been designed to provide each candidate the opportunity to engage with CMSRU faculty and students. Throughout the day applicants interact with current students, and the finale provides a comfortable, casual meet- and-greet so that candidates can ask questions in a low- pressure and open atmosphere. The interview day program includes: A virtual log-in and opportunity to meet the admissions staff. A live orientation and welcome with our Dean, Dr. Annette Reboli. A live question-and- answer session with the Office of Admissions leadership team. A live interview, lasting approximately 30 minutes. Live, informal meet-and- greet and question-and- answer sessions with our current students. Available in advance are recorded presentations about our innovative curriculum, student support services, our simulation center and our three-year primary care track. A virtual tour of our medical school building is also available.",Not available,Yes,
aamc_msar_interview_policies,AAMC MSAR Advisor Reports,https://students-residents.aamc.org/medical-school-admission-requirements/medical-school-admission-requirements-reports-applicants-and-advisors,data/raw/aamc/msar_reports/15_msar008-msar-interview-procedures.pdf,88,48,243.163,NJ,Hackensack Meridian School of Medicine,Hackensack Meridian School of Medicine,One on one,September 2026,Currently interviews are conducted virtually.,no,Yes,
aamc_msar_interview_policies,AAMC MSAR Advisor Reports,https://students-residents.aamc.org/medical-school-admission-requirements/medical-school-admission-requirements-reports-applicants-and-advisors,data/raw/aamc/msar_reports/15_msar008-msar-interview-procedures.pdf,89,50,384.163,NJ,Rutgers New Jersey Medical School,Rutgers New Jersey Medical School,"Early Decision interviews begin July 1 , 2025 Regular Decision interviews will begin in mid-August 2025","June 30, 2026","We offer a personalized virtual interview experience including a 45- 60 minute faculty interview as well as an optional 30 - minute interview with a medical student. We aim to assess an applicant's interpersonal and communication skills as well as their fit for our school, their motivation for medicine, and their validation for a career in patient centered medicine. Early Decision (ED): ED interviews will begin July 1 and will continue through early September. ED acceptances are on a rolling basis beginning in mid-July. Regular Decision (MD): Regular decision MD Interviews begin in mid- August 2025 and will continue through March 2026 . Acceptances are on a rolling basis beginning October 15 .",no,"All interviews are virtual, via Zoom.",
aamc_msar_interview_policies,AAMC MSAR Advisor Reports,https://students-residents.aamc.org/medical-school-admission-requirements/medical-school-admission-requirements-reports-applicants-and-advisors,data/raw/aamc/msar_reports/15_msar008-msar-interview-procedures.pdf,90,52,303.163,NJ,"Rutgers, Robert Wood Johnson Medical School","Rutgers, Robert Wood Johnson Medical School","RWJMS will use an MMI format for applicants in 2027. Those applying to MD/PHD, BA/MD, and approved early assurance will additionally participate in 1-on-1 interviews. In the 2028 cycle, all applicants will complete both interview formats.",Interview invitations are sent monthly from August through March.,"The Interview Day consists of: 1 . Comprehensive introduction to the MMI format and specifics about the admissions process from the admissions officers; Applicants get a first-hand experience of the supportive nature of education staff. 2 . Prior to the interview day, our Student Ambassadors offer an information session that includes topics on the curriculum, school culture, organizations, enrichment opportunities, and student life, followed by a Q&A. The student ambassadors share their insights with the applicants. 3 . A 45 -minutes Q&A with an education dean giving an up close and personal view of the accessibility and responsiveness of faculty, their perspectives about the learning environment of the school, advice on how to succeed in medical school and how faculty support students in achieving their professional goals 4 . A seven-station MMI conducted by both faculty and students, lasting approximately one hour and ten minutes.",RWJMS has not established a regional interview option.,"RWJMS is determining whether in-person interview options will be used. For applicants who are abroad or might have hardship, virtual will always be available.",
aamc_msar_interview_policies,AAMC MSAR Advisor Reports,https://students-residents.aamc.org/medical-school-admission-requirements/medical-school-admission-requirements-reports-applicants-and-advisors,data/raw/aamc/msar_reports/15_msar008-msar-interview-procedures.pdf,91,52,63.163,NM,University of New Mexico School of Medicine,University of New Mexico School of Medicine,Two one-on-one interviews conducted by Application Committee members.,The UNM School of Medicine typically begins sending interview invitations in mid-August.,"Interviews are granted by invitation only. The interview provides the medical school with an opportunity to learn more about an applicant ’ s maturity, motivation for the study of medicine, problem-solving skills, ability to relate to people, and ability to express their ideas in an organized manner. Interviewers will be interested in determining how applicants meet our mission and might contribute to both the learning environment, and to the unique health care needs in New Mexico. Interviews can last from 30 minutes to an hour, depending on the interviewer.",Regional interviews are not available.,All interviews will be conducted virtually via Zoom for the 2027 application cycle.,
aamc_msar_interview_policies,AAMC MSAR Advisor Reports,https://students-residents.aamc.org/medical-school-admission-requirements/medical-school-admission-requirements-reports-applicants-and-advisors,data/raw/aamc/msar_reports/15_msar008-msar-interview-procedures.pdf,92,54,537.163,NV,Kirk Kerkorian School of Medicine at UNLV,Kirk Kerkorian School of Medicine at UNLV,"Standardized interview, fully virtual, semi-closed file (qualitative information only - no quantitative)",August 1st,"Interview experiences are placed into a designated week chosen by the applicant upon invitation. There is a required asynchronous video component and then required virtual live sessions including small group, large group, and 1:1. Optional in-person building tours of the medical school are also available to interviewees throughout the cycle.",no,"Yes, required.",
aamc_msar_interview_policies,AAMC MSAR Advisor Reports,https://students-residents.aamc.org/medical-school-admission-requirements/medical-school-admission-requirements-reports-applicants-and-advisors,data/raw/aamc/msar_reports/15_msar008-msar-interview-procedures.pdf,93,54,396.163,NV,Roseman University College of Medicine,Roseman University College of Medicine,Applicants will participate in two 30-minute virtual interviews with faculty or senior staff leadership from the College of Medicine.,"August 1, 2026","Applicants will be notified via their admissions portal and email if invited to an interview. As part of the interview process, they will be required to attend a virtual pre-interview session before their virtual interviews, where they will learn more about the interview process, Roseman University, the College of Medicine, student services, and more.",N/A,All interviews are conducted virtually.,
aamc_msar_interview_policies,AAMC MSAR Advisor Reports,https://students-residents.aamc.org/medical-school-admission-requirements/medical-school-admission-requirements-reports-applicants-and-advisors,data/raw/aamc/msar_reports/15_msar008-msar-interview-procedures.pdf,94,54,345.163,NV,"University of Nevada, Reno School of Medicine","University of Nevada, Reno School of Medicine",In-person interview format.,August,"UNR Med has returned to a fully in-person interview format to take place in Reno, NV at the medical school.",no,Video interview is not available.,
aamc_msar_interview_policies,AAMC MSAR Advisor Reports,https://students-residents.aamc.org/medical-school-admission-requirements/medical-school-admission-requirements-reports-applicants-and-advisors,data/raw/aamc/msar_reports/15_msar008-msar-interview-procedures.pdf,95,54,258.162,NY,Albany Medical College,Albany Medical College,Virtual Multiple Mini Interview.,September,"We utilize a virtual Multiple Mini Interview. Along with their interviews, applicants will have a virtual orientation prior to interview, student panel, and welcome/curriculum overview from an advising dean.",All interviews are virtual.,All interviews are conducted virtually via video.,
aamc_msar_interview_policies,AAMC MSAR Advisor Reports,https://students-residents.aamc.org/medical-school-admission-requirements/medical-school-admission-requirements-reports-applicants-and-advisors,data/raw/aamc/msar_reports/15_msar008-msar-interview-procedures.pdf,96,54,170.154,NY,Albert Einstein College of Medicine,Albert Einstein College of Medicine,"Applicants invited for an interview will meet, virtually, with one member of the Admissions Committee. The interview usually lasts 30-60 minutes, and is conducted by a clinician or scientist from the committee.",August,Please see: https://einsteinmed.edu/ed ucation/md-program/md- admissions,Regional interviews are not available.,Yes,
aamc_msar_interview_policies,AAMC MSAR Advisor Reports,https://students-residents.aamc.org/medical-school-admission-requirements/medical-school-admission-requirements-reports-applicants-and-advisors,data/raw/aamc/msar_reports/15_msar008-msar-interview-procedures.pdf,97,54,110.154,NY,Columbia University Vagelos College of Physicians and Surgeons,Columbia University Vagelos College of Physicians and Surgeons,"Virtual, One-on-One",August,For information regarding the medical school interview day please visit: http://ps.columbia.edu/edu cation/admissions/intervie w-day,no,Yes,
aamc_msar_interview_policies,AAMC MSAR Advisor Reports,https://students-residents.aamc.org/medical-school-admission-requirements/medical-school-admission-requirements-reports-applicants-and-advisors,data/raw/aamc/msar_reports/15_msar008-msar-interview-procedures.pdf,98,56,573.165,NY,CUNY School of Medicine,CUNY School of Medicine,"All applicants invited to three interviews and meet with a current student, a member of the Admissions Committee, and a faculty or administrator interviewer. All interviews are held on campus.",mid-January,"Interviews are all face-to- face and take place on campus. The entire session lasts approximately 3 hours. During COVID, interviews take place virtually for 3 hours. Note: interview data reflect the undergraduate portion of the BS/MD program.",no,N/A,
aamc_msar_interview_policies,AAMC MSAR Advisor Reports,https://students-residents.aamc.org/medical-school-admission-requirements/medical-school-admission-requirements-reports-applicants-and-advisors,data/raw/aamc/msar_reports/15_msar008-msar-interview-procedures.pdf,99,56,414.164,NY,Donald and Barbara Zucker School of Medicine at Hofstra/Northwell,Donald and Barbara Zucker School of Medicine at Hofstra/Northwell,Multiple Mini Interview (MMI) format,Late summer,"The interview day is organized to introduce prospective students to the many exciting opportunities available at the Zucker School of Medicine at Hofstra/Northwell. By the day's end, our hope is that through meeting and interacting with faculty, students and administrators, applicants gain a comprehensive understanding of what it is like to be a student at the School of Medicine.",no,Interviews will be conducted virtually for the 2025-2026 cycle in the MMI format.,
aamc_msar_interview_policies,AAMC MSAR Advisor Reports,https://students-residents.aamc.org/medical-school-admission-requirements/medical-school-admission-requirements-reports-applicants-and-advisors,data/raw/aamc/msar_reports/15_msar008-msar-interview-procedures.pdf,100,56,336.164,NY,Icahn School of Medicine at Mount Sinai,Icahn School of Medicine at Mount Sinai,Two thirty-minute open file interviews with faculty and/or senior medical students.,August,"In addition to interviews, the day will include an opportunity to learn more about the community, curriculum and student experience at the Icahn School of Medicine at Mount Sinai.",Regional interviews are not available.,All interviews will be virtual for the 2027 application cycle.,
aamc_msar_interview_policies,AAMC MSAR Advisor Reports,https://students-residents.aamc.org/medical-school-admission-requirements/medical-school-admission-requirements-reports-applicants-and-advisors,data/raw/aamc/msar_reports/15_msar008-msar-interview-procedures.pdf,101,56,195.164,NY,Jacobs School of Medicine and Biomedical Sciences at the University at Buffalo,Jacobs School of Medicine and Biomedical Sciences at the University at Buffalo,Two one-on-one interviews.,Continuously from August 1st to March 31st.,We offer both in-person and virtual interviews to selected candidates. In person interviews held from 11 a.m. to 2 p.m. on Wednesdays from August to March. Virtual interviews have been held at the convenience of interviewers and applicants. *The Jacobs School has no preference as to whether an applicant chooses to interview in person or virtually.,Regional interviews are not available.,Yes. See information about interview day.,
aamc_msar_interview_policies,AAMC MSAR Advisor Reports,https://students-residents.aamc.org/medical-school-admission-requirements/medical-school-admission-requirements-reports-applicants-and-advisors,data/raw/aamc/msar_reports/15_msar008-msar-interview-procedures.pdf,102,56,54.163,NY,New York Medical College,New York Medical College,MMI format is used. https://www.nymc.edu/som /admissions--aid/,Early August,The NYMC School of Medicine interview day program has two goals. The first is to provide applicants an opportunity to gain first-hand information about the school and the NYMC community. The second is to allow representatives of the admissions committee to learn more about and interact with candidates through the multiple mini- interview process (MMI).,Regional interviews are not available.,All interviews are conducted virtually through a video platform.,
aamc_msar_interview_policies,AAMC MSAR Advisor Reports,https://students-residents.aamc.org/medical-school-admission-requirements/medical-school-admission-requirements-reports-applicants-and-advisors,data/raw/aamc/msar_reports/15_msar008-msar-interview-procedures.pdf,103,58,249.163,NY,NYU Grossman Long Island School of Medicine,NYU Grossman Long Island School of Medicine,Our interview format consists of two 70 -minute segments: ( 1 ) Multiple Mini Interview (MMI) circuit ( 2 ) Interactive team-based group activity,"Interview invitations for the 2027 application cycle will be sent beginning early-mid August, 2026. Interviews begin on September 1, 2026.","The goals of the NYUGLISOM interview program are two-fold: -To assess mission- aligned entering competencies and interpersonal and communication skills of applicants utilizing the MMI format and an interactive team-based group activity. -To provide applicants an opportunity to learn more about our medical education program directly from our academic leaders, faculty, and students. Details about the interview day as well as links to informational videos are sent to applicants approximately one week prior to their interview date. Also included are links to a live orientation conducted by the associate dean for admission and a separate, informal 'meet & greet' session hosted by our current students. These virtual events begin @ 5 either the week-of or prior- to the student's interview day. For more information: https://medli.nyu.edu/educ ation/md-degree/md- admissions/interview- process",Regional interviews are not available.,All interviews are conducted virtually. Applicants invited to interview receive detailed instructions about how to access the interview portal the week prior to their scheduled interview date.,
aamc_msar_interview_policies,AAMC MSAR Advisor Reports,https://students-residents.aamc.org/medical-school-admission-requirements/medical-school-admission-requirements-reports-applicants-and-advisors,data/raw/aamc/msar_reports/15_msar008-msar-interview-procedures.pdf,104,58,207.163,NY,NYU Grossman School of Medicine,NYU Grossman School of Medicine,Online/virtual MMI format,July,https://med.nyu.edu/educa tion/md-degree/md- admissions/multiple-mini- interview,Regional interviews are not available.,Online/virtual MMI format,
aamc_msar_interview_policies,AAMC MSAR Advisor Reports,https://students-residents.aamc.org/medical-school-admission-requirements/medical-school-admission-requirements-reports-applicants-and-advisors,data/raw/aamc/msar_reports/15_msar008-msar-interview-procedures.pdf,105,58,48.163,NY,Renaissance School of Medicine at Stony Brook University,Renaissance School of Medicine at Stony Brook University,Virtual Interviews,In August,"Applicants invited to interview will have 2 separate virtual interviews with a member of the Committee on Admissions. The Office of Admissions hosts virtual informational sessions for interviewed applicants on Wednesdays and Thursdays. The program includes a Medical Student Session and sessions with the Assistant Deans of Admissions, Diversity and Student Affairs and Financial Aid.",Regional interviews are not available.,Interviews are conducted via a virtual platform.,
aamc_msar_interview_policies,AAMC MSAR Advisor Reports,https://students-residents.aamc.org/medical-school-admission-requirements/medical-school-admission-requirements-reports-applicants-and-advisors,data/raw/aamc/msar_reports/15_msar008-msar-interview-procedures.pdf,106,60,483.163,NY,State University of New York Upstate Medical University Alan and Marlene Norton College of Medicine,State University of New York Upstate Medical University Alan and Marlene Norton College of Medicine,"Interviews are conducted virtually using an MMI interview format. Applicants will interview with students, faculty, administrators, or community physicians.",August,"Interviews are conducted on select Mondays, Tuesdays, and Wednesdays beginning in September and continue until early March. In addition to the interview sessions, applicants will participate in a Meet & Greet with admissions staff and current medical students. On-campus applicant events will be held in the Spring and applicants will have the opportunity to get a feel for the medical school, tour the facilities, learn more about the medical school offerings, and interact with faculty, students, and staff.",Not available,not available,
aamc_msar_interview_policies,AAMC MSAR Advisor Reports,https://students-residents.aamc.org/medical-school-admission-requirements/medical-school-admission-requirements-reports-applicants-and-advisors,data/raw/aamc/msar_reports/15_msar008-msar-interview-procedures.pdf,107,60,315.163,NY,SUNY Downstate Health Sciences University College of Medicine,SUNY Downstate Health Sciences University College of Medicine,"Interviews are conducted in-person/conducted virtually during the pandemic; extended by invitation only. Interviews are one-on-one, one hour in length with a faculty, and a 20-minute peer-to- peer conversation with a medical student.",August,"Information is provided to the applicant in their interview email invite. The interview day typically consists of an hour interview with a faculty member, along with an informational session, campus tour/virtual chat, and/or lunch with currently enrolled students. Additional information is available via https://www.downstate.edu /education-training/college- of- medicine/admissions/appli cation-review.html",no,Yes,
aamc_msar_interview_policies,AAMC MSAR Advisor Reports,https://students-residents.aamc.org/medical-school-admission-requirements/medical-school-admission-requirements-reports-applicants-and-advisors,data/raw/aamc/msar_reports/15_msar008-msar-interview-procedures.pdf,108,60,129.163,NY,University of Rochester School of Medicine and Dentistry,University of Rochester School of Medicine and Dentistry,"Two individual, conversational interviews and one 30 minute small group session.",August of the year prior to matriculation. Interview invitations are sent via email.,"Interviews for the 2026- 2027 admissions cycle will be virtual. Your interview day will consist of two individual interviews, and two group sessions. The group sessions include a live orientation with Dr. Christine Hay, Associate Dean for Admissions, and a group activity with a moderator. Regular student panels and virtual tours led by our medical students will be offered, but are not required. Invited applicants will receive an email with further interview day details.",Regional interviews are not available.,All interviews will be via Zoom.,
aamc_msar_interview_policies,AAMC MSAR Advisor Reports,https://students-residents.aamc.org/medical-school-admission-requirements/medical-school-admission-requirements-reports-applicants-and-advisors,data/raw/aamc/msar_reports/15_msar008-msar-interview-procedures.pdf,109,60,59.154,NY,Weill Cornell Medicine,Weill Cornell Medicine,Two virtual 30-minute interviews with admissions committee members provide an opportunity to discuss your life experiences and interest in medicine.,Late August,Information can be found on our website - https://teach.weill.cornell.e du/medical- education/admissions/sele ction-criteria-and- requirements,No regional interviews,All interviews are conducted virtually.,
aamc_msar_interview_policies,AAMC MSAR Advisor Reports,https://students-residents.aamc.org/medical-school-admission-requirements/medical-school-admission-requirements-reports-applicants-and-advisors,data/raw/aamc/msar_reports/15_msar008-msar-interview-procedures.pdf,110,64,555.163,OH,Ohio State University College of Medicine,Ohio State University College of Medicine,"1 on 1 interview, blinded to academic record (MCAT and grades)",August 2026,"The format of the 2026- 2027 interview season will be virtual. Informational sessions are in the morning and two individual interviews are held in the afternoon, one with a faculty admission committee member and one with a student, resident, or fellow admission committee member.",no,The format of the 2026-2027 interview season will be virtual.,
aamc_msar_interview_policies,AAMC MSAR Advisor Reports,https://students-residents.aamc.org/medical-school-admission-requirements/medical-school-admission-requirements-reports-applicants-and-advisors,data/raw/aamc/msar_reports/15_msar008-msar-interview-procedures.pdf,111,64,288.163,OH,The University of Toledo College of Medicine and Life Sciences,The University of Toledo College of Medicine and Life Sciences,"Multiple Mini Interview (MMI) format with faculty, senior staff, residents, community members and medical students.","July 30, 2026","For the 2026-2027 interview cycle, all of our interviews will be conducted as synchronous, virtual Multiple Mini Interviews (MMI). The interview experience will consist of informal gatherings with medical students from our COMLS Ambassadors, as well as virtual tours and presentations from other campus administrators. (Most of these experiences will occur outside of the interview day.) The interview visit day will include a presentation about our interview format and a 2-hour MMI session with eight interviewees. If you're invited for an interview, the email we send you will contain additional information, including technical requirements and access to the web-based platform.",Regional interviews are not available.,"Synchronous, online MMI will be conducted for all interviews during the 2026-2027 admissions cycle.",
aamc_msar_interview_policies,AAMC MSAR Advisor Reports,https://students-residents.aamc.org/medical-school-admission-requirements/medical-school-admission-requirements-reports-applicants-and-advisors,data/raw/aamc/msar_reports/15_msar008-msar-interview-procedures.pdf,112,64,75.163,OH,University of Cincinnati College of Medicine,University of Cincinnati College of Medicine,"Interviews will be conducted in a 2-part modality. Applicants will interview through Kira Talent (6 scenarios) and will receive an invitation for a 1:1 interview, as well.",Interview invitations are extended beginning in August. Interviews will occur August through February.,"Our redesigned interview approach combines technology and personal connection to thoroughly assess candidates while respecting their time. The process features a comprehensive six-station asynchronous virtual interview (through Kira Talent), followed by a focused one-on-one virtual meeting with a faculty member. This structured yet flexible format allows candidates to showcase their skills, experiences, and potential contributions to our institution while providing our faculty the opportunity to address specific questions and evaluate mission fit.",Applicants will interview virtually only.,Applicants will interview virtually only.,
aamc_msar_interview_policies,AAMC MSAR Advisor Reports,https://students-residents.aamc.org/medical-school-admission-requirements/medical-school-admission-requirements-reports-applicants-and-advisors,data/raw/aamc/msar_reports/15_msar008-msar-interview-procedures.pdf,113,66,618.163,OH,Wright State University Boonshoft School of Medicine,Wright State University Boonshoft School of Medicine,"Two, one-on-one virtual interviews, each lasting 45 -60 minutes.",Invitations for interviews are emailed beginning in August with interviews starting in late August.,https://medicine.wright.edu /admissions/interview-day,Regional interviews are not available.,All interview days are virtual.,
aamc_msar_interview_policies,AAMC MSAR Advisor Reports,https://students-residents.aamc.org/medical-school-admission-requirements/medical-school-admission-requirements-reports-applicants-and-advisors,data/raw/aamc/msar_reports/15_msar008-msar-interview-procedures.pdf,114,66,333.163,OK,University of Oklahoma College of Medicine,University of Oklahoma College of Medicine,"Applicants interview with members of the MD Admissions Interview Subcommittee, a group that includes faculty of the College of Medicine, practicing community physicians, and senior year medical students.",July 2026 - January 2027,"Applicants are scheduled for a 75 -minute virtual interview with members of the OU College of Medicine Admissions Interview Subcommittee. Interview day begins with a required online orientation session followed by preparation logistics of the interview experience. Applicants invited to interview are additionally invited to an on-campus, optional group tour, where they will hear details about both OU College of Medicine tracks, which includes the Tulsa campus School of Community Medicine. Applicants will also interact with current medical students, learn about interview day details, and tour the Oklahoma City comprehensive health campus. Tours are also available for the Tulsa SCM campus.",,All interviews are conducted virtually via zoom.,
aamc_msar_interview_policies,AAMC MSAR Advisor Reports,https://students-residents.aamc.org/medical-school-admission-requirements/medical-school-admission-requirements-reports-applicants-and-advisors,data/raw/aamc/msar_reports/15_msar008-msar-interview-procedures.pdf,115,66,255.163,OR,Oregon Health & Science University School of Medicine,Oregon Health & Science University School of Medicine,Multiple Mini Interview (MMI) Circuit as well as a one-on-one interview with a member of the Admissions Committee.,August through February,Details about the interview process for the 2026 application process will be posted on the OHSU UME Admissions website: https://www.ohsu.edu/scho ol-of-medicine/md- program/admissions,no,No. But interview process is entirely virtual.,
aamc_msar_interview_policies,AAMC MSAR Advisor Reports,https://students-residents.aamc.org/medical-school-admission-requirements/medical-school-admission-requirements-reports-applicants-and-advisors,data/raw/aamc/msar_reports/15_msar008-msar-interview-procedures.pdf,116,66,213.162,PA,Drexel University College of Medicine,Drexel University College of Medicine,MMI interview and group interview with student- closed-file,August,Drexel is using the MMI process and holding group interviews with a student which are closed file.,Regional interviews are not available.,Yes,
aamc_msar_interview_policies,AAMC MSAR Advisor Reports,https://students-residents.aamc.org/medical-school-admission-requirements/medical-school-admission-requirements-reports-applicants-and-advisors,data/raw/aamc/msar_reports/15_msar008-msar-interview-procedures.pdf,117,68,375.165,PA,Geisinger Commonwealth School of Medicine,Geisinger Commonwealth School of Medicine,Interviews will be conducted virtually and will follow the multiple mini interview format.,"August 1, 2026","The admissions interview is a critical piece of the application process. It provides the Admissions Committee with deeper insight into who you are as a candidate. Also, it gives the candidate a more in- depth look at the School of Medicine's Total Health Curriculum, which is built on the science of learning and uses an evidence- based approach to train skilled, compassionate physicians who provide individualized care of patients and promote health in their communities. After the Admissions Committee reviews the applications, selected applicants will receive an email invitation to interview at the School of Medicine. The Committee will consider the candidates' academic potential for success and alignment with the school's mission and values.",no,Yes,
aamc_msar_interview_policies,AAMC MSAR Advisor Reports,https://students-residents.aamc.org/medical-school-admission-requirements/medical-school-admission-requirements-reports-applicants-and-advisors,data/raw/aamc/msar_reports/15_msar008-msar-interview-procedures.pdf,118,70,339.163,PA,Lewis Katz School of Medicine at Temple University,Lewis Katz School of Medicine at Temple University,"Applicants have 3 interviews. A Primary Interview with a faculty member of the Admissions Committee, a Second Interview with a faculty member or a student member of the admissions committee, and an Interview with a member of the local community.",August 2026,"The interview day includes a welcome from an admissions office representative who provides an overview of the admissions process, medical curriculum, as well as the clinical, service learning and extracurricular opportunities. Candidates interviewing at each campus participate in three interviews. A primary interview with a physician or PhD faculty member who is on the Admissions Committee, a secondary/blind interview with a faculty member or a student member of the admissions committee who is blinded to the application materials, and a community interview with a member of the local community. The interview day also includes a virtual tour of the campus and an information session with current medical students where the applicant will be able to learn more about student life.",Candidates being considered for admission to the St. Luke ’ s or WellSpan Health regional campuses will interview with faculty from the regional campus.,"At this time, Katz plans to conduct all interviews in a virtual format for applicants in the 2027 application cycle.",
aamc_msar_interview_policies,AAMC MSAR Advisor Reports,https://students-residents.aamc.org/medical-school-admission-requirements/medical-school-admission-requirements-reports-applicants-and-advisors,data/raw/aamc/msar_reports/15_msar008-msar-interview-procedures.pdf,119,70,297.163,PA,Pennsylvania State University College of Medicine,Pennsylvania State University College of Medicine,Interviews may continue to be virtual in format.,August of the year previous to matriculation.,https://med.psu.edu/educa tion/degree-programs/md- doctor- medicine/apply/process,Regional interviews are not available.,Yes,
aamc_msar_interview_policies,AAMC MSAR Advisor Reports,https://students-residents.aamc.org/medical-school-admission-requirements/medical-school-admission-requirements-reports-applicants-and-advisors,data/raw/aamc/msar_reports/15_msar008-msar-interview-procedures.pdf,120,70,246.163,PA,Perelman School of Medicine at the University of Pennsylvania,Perelman School of Medicine at the University of Pennsylvania,Two individual interviews/faculty and student.,September,"Interview day activities include orientation, meeting students, financial aid discussion, and curriculum interaction.",Regional interviews are not available.,Yes,
aamc_msar_interview_policies,AAMC MSAR Advisor Reports,https://students-residents.aamc.org/medical-school-admission-requirements/medical-school-admission-requirements-reports-applicants-and-advisors,data/raw/aamc/msar_reports/15_msar008-msar-interview-procedures.pdf,121,70,185.154,PA,Sidney Kimmel Medical College at Thomas Jefferson University,Sidney Kimmel Medical College at Thomas Jefferson University,One-on-one interview with a faculty member (open file) and one-on-one interview with a student (closed file). Interviews are held in-person.,mid-July,"10AM-4PM, Wednesdays only",no,No,
aamc_msar_interview_policies,AAMC MSAR Advisor Reports,https://students-residents.aamc.org/medical-school-admission-requirements/medical-school-admission-requirements-reports-applicants-and-advisors,data/raw/aamc/msar_reports/15_msar008-msar-interview-procedures.pdf,122,70,134.154,PA,University of Pittsburgh School of Medicine,University of Pittsburgh School of Medicine,A virtual faculty interview and medical student interview are required.,Mid-July 2026,"Includes a virtual greeting, a virtual faculty interview, a virtual medical student interview, and a virtual closing session.",Regional interviews are not available.,All interviews are conducted virtually.,
aamc_msar_interview_policies,AAMC MSAR Advisor Reports,https://students-residents.aamc.org/medical-school-admission-requirements/medical-school-admission-requirements-reports-applicants-and-advisors,data/raw/aamc/msar_reports/15_msar008-msar-interview-procedures.pdf,123,72,429.163,PR,Ponce Health Sciences University School of Medicine,Ponce Health Sciences University School of Medicine,Multiple Mini-Interviews,September 2026,"Interviews are conducted virtually in the Multiple Mini Interview format to support a holistic admissions process and evaluate premedical competencies that align with PHSU- SOM ’ s mission to train ethical professionals who provide compassionate, culturally competent health care and generate high impact research to reduce health disparities in the populations we serve in Puerto Rico and the US. There are live and asynchronous interviews. Interviews will be conducted in Spanish and English for applicants applying to the Main Campus (Ponce) and in English only for applicants applying to the St. Louis Campus.",no,"Yes, interviews will be held live and asynchronously.",
aamc_msar_interview_policies,AAMC MSAR Advisor Reports,https://students-residents.aamc.org/medical-school-admission-requirements/medical-school-admission-requirements-reports-applicants-and-advisors,data/raw/aamc/msar_reports/15_msar008-msar-interview-procedures.pdf,124,72,359.155,PR,San Juan Bautista School of Medicine,San Juan Bautista School of Medicine,Four (4) in-person Multiple Mini Interview (MMI) stations and a one-to-one personal interview constitutes the San Juan Bautista format of interview.,"Interview invitations will be sent in October 2026, and interviews will begin in November 2026.","After the interview sessions , applicants are given the opportunity to visit the campus and to talk informally with students.",Regional interviews are available.,Remote (virtual) MMI interview can be offered under specific circumstances,
aamc_msar_interview_policies,AAMC MSAR Advisor Reports,https://students-residents.aamc.org/medical-school-admission-requirements/medical-school-admission-requirements-reports-applicants-and-advisors,data/raw/aamc/msar_reports/15_msar008-msar-interview-procedures.pdf,125,72,262.147,PR,Universidad Central del Caribe School of Medicine,Universidad Central del Caribe School of Medicine,The interviews of the program are in a Multiple Mini- Interview format through the Teams platform (MMI). The purpose of the interview is to collect information concerning the qualities of those applicants selected for an interview.,every October (subject to change),"Professional dress code, minimum of one hour in lenght",no,No,
aamc_msar_interview_policies,AAMC MSAR Advisor Reports,https://students-residents.aamc.org/medical-school-admission-requirements/medical-school-admission-requirements-reports-applicants-and-advisors,data/raw/aamc/msar_reports/15_msar008-msar-interview-procedures.pdf,126,72,175.146,PR,University of Puerto Rico School of Medicine,University of Puerto Rico School of Medicine,,"Interview invitations are sent by email or phone, beginning in the last two weeks of November.","It is required that interview candidates bring a portfolio that must include documents that evidence your participation in extracurricular activities (research, community service, leadership and scholarly activities).",Regional interviews are not available.,Virtual interviews will be accepted from November 1st to March 15.,
aamc_msar_interview_policies,AAMC MSAR Advisor Reports,https://students-residents.aamc.org/medical-school-admission-requirements/medical-school-admission-requirements-reports-applicants-and-advisors,data/raw/aamc/msar_reports/15_msar008-msar-interview-procedures.pdf,127,72,61.146,RI,The Warren Alpert Medical School of Brown University,The Warren Alpert Medical School of Brown University,Group session and two individual meetings.,August,"Thursdays and most Fridays between mid- September and February. The interview day program runs from 9:40am until 3:30pm and includes an orientation session, virtual tour led by a current student, student lunchtime panel, and two 30 minute one-on-one open file interviews.",Admissions interviews are conducted virtually.,Admissions interviews are conducted virtually.,
aamc_msar_interview_policies,AAMC MSAR Advisor Reports,https://students-residents.aamc.org/medical-school-admission-requirements/medical-school-admission-requirements-reports-applicants-and-advisors,data/raw/aamc/msar_reports/15_msar008-msar-interview-procedures.pdf,128,74,429.163,SC,Medical University of South Carolina College of Medicine,Medical University of South Carolina College of Medicine,"Virtual interviews include 3, one-on-one interviews with a variety of MUSC members (faculty, staff, students, alumni). Interviewees have the opportunity to connect with faculty and current medical students.",August,"MUSC College of Medicine is privileged to connect with a variety of academically gifted and uniquely talented applicants who share our pursuit of medical excellence, innovation and compassionate service. The purpose of the Interview Day is to help the Admissions Committee better understand who you are, what matters most to you and why you have chosen to become a physician. To learn more about the interview process and the Virtual Interview Day, please visit: http://medicine.musc.edu/p rograms/doctor- medicine/admissions/interv iew-process",Regional physicians (MUSC alumni) assist with virtual interviews.,Virtual interviews will be offered. Please visit the MUSC COM Interview Process for information: https://medicine.mus c.edu/programs/doct or- medicine/admissions /interview-process,
aamc_msar_interview_policies,AAMC MSAR Advisor Reports,https://students-residents.aamc.org/medical-school-admission-requirements/medical-school-admission-requirements-reports-applicants-and-advisors,data/raw/aamc/msar_reports/15_msar008-msar-interview-procedures.pdf,129,74,324.163,SC,University of South Carolina School of Medicine Columbia,University of South Carolina School of Medicine Columbia,Two 30-minute interviews.,August of the application year.,"In addition to two virtual 30 -minute interviews, applicants will have a virtual meeting with our student ambassadors to hear about the SOM and ask questions. There is also a question and answer session with a representative of the Office of Admissions.",no,All interviews will be virtual this year in our AMP application system.,
aamc_msar_interview_policies,AAMC MSAR Advisor Reports,https://students-residents.aamc.org/medical-school-admission-requirements/medical-school-admission-requirements-reports-applicants-and-advisors,data/raw/aamc/msar_reports/15_msar008-msar-interview-procedures.pdf,130,74,272.155,SC,University of South Carolina School of Medicine Greenville,University of South Carolina School of Medicine Greenville,One virtual traditional 50- minute interview with 2 members of the Admissions Evaluation Committee,August,https://sc.edu/study/colleg es_schools/medicine_gree nville/admissions/learn_ho w_to_apply/interview_day/,no,"Yes, all interviews are virtual",
aamc_msar_interview_policies,AAMC MSAR Advisor Reports,https://students-residents.aamc.org/medical-school-admission-requirements/medical-school-admission-requirements-reports-applicants-and-advisors,data/raw/aamc/msar_reports/15_msar008-msar-interview-procedures.pdf,131,74,185.154,SD,"University of South Dakota, Sanford School of Medicine","University of South Dakota, Sanford School of Medicine","Currently, one on one virtual interviews. Please check for updates.",Mid August to early September,Interview day will be virtual and consist of various presentations in the morning followed by one- on-one interviews in the afternoon. More information will be provided following interview invitation.,Not applicable.,All interviews are virtual.,
aamc_msar_interview_policies,AAMC MSAR Advisor Reports,https://students-residents.aamc.org/medical-school-admission-requirements/medical-school-admission-requirements-reports-applicants-and-advisors,data/raw/aamc/msar_reports/15_msar008-msar-interview-procedures.pdf,132,76,492.163,TN,East Tennessee State University James H. Quillen College of Medicine,East Tennessee State University James H. Quillen College of Medicine,"Two one-on-one, semi- structured interviews with admissions committee members.",Earliest invitations sent mid-late August.,"For the 2026-2027 application year, all interviews and informational sessions will be conducted virtually. Information and instructions regarding interviews will be provided to selected applicants. Applicants will first attend a virtual information session with admissions and financial services staff on a afternoon prior to the interview day. The interview day consists of two semi-structured interviews with members of the admissions committee.",Regional interviews are not available.,All interviews for the 2026-2027 application year will be virtual.,
aamc_msar_interview_policies,AAMC MSAR Advisor Reports,https://students-residents.aamc.org/medical-school-admission-requirements/medical-school-admission-requirements-reports-applicants-and-advisors,data/raw/aamc/msar_reports/15_msar008-msar-interview-procedures.pdf,133,76,395.155,TN,Meharry Medical College,Meharry Medical College,"Candidates have the opportunity to interview with members of the School of Medicine Admissions Committee which includes but is not limited to School of Medicine faculty, alumni, and current medical students.",July 1st,"Candidates have the opportunity to interview with members of the School of Medicine Admissions Committee which includes but is not limited to School of Medicine faculty, alumni, and current medical students.",not available.,Yes,
aamc_msar_interview_policies,AAMC MSAR Advisor Reports,https://students-residents.aamc.org/medical-school-admission-requirements/medical-school-admission-requirements-reports-applicants-and-advisors,data/raw/aamc/msar_reports/15_msar008-msar-interview-procedures.pdf,134,76,65.155,TN,"Thomas F. Frist, Jr. College of Medicine at Belmont University","Thomas F. Frist, Jr. College of Medicine at Belmont University",Two interviews are included - a traditional open file interview and a structured closed file interview. Each interview lasts 30 minutes. The rest of the interview session is designed for applicants to learn about FCoM and ask questions.,We anticipate our first interview invitations being sent in August.,"Candidates will be sent information to review and familiarize themselves with prior to the interview day. During the interview session, there will be plenty of time to ask questions and learn more about the topics important to you in selecting a medical school. Two interviews are conducted. One is a traditional open-file interview with a faculty member or member of the admissions committee lasting approximately 30 minutes. The second is a structured interview conducted by a member of the FCoM community that includes standard questions and the interviewer is blind to all application materials. This interview may feel similar to an MMI experience. As a newer school, the interview day is designed specifically to allow time for applicants to ask questions and learn more about areas of interest.",Regional interviews are not available. All interviews will be conducted virtually via Zoom. Accepted students will be invited to campus to visit.,FCoM will conduct virtual interviews for the 2027 admissions cycle. Applicants can expect information and instructions via email.,
aamc_msar_interview_policies,AAMC MSAR Advisor Reports,https://students-residents.aamc.org/medical-school-admission-requirements/medical-school-admission-requirements-reports-applicants-and-advisors,data/raw/aamc/msar_reports/15_msar008-msar-interview-procedures.pdf,135,78,590.155,TN,University of Tennessee Health Science Center College of Medicine,University of Tennessee Health Science Center College of Medicine,Two individual interviews with admissions committee members. One interview is academic in nature while the other focuses on the personal aspects of the applicant. Interviews last 30.,October,https://www.uthsc.edu/med icine/admissions/interview- day.php,The College of Medicine Committee on Admissions includes faculty from regional campuses. Candidates may be interviewed by one of those committee members.,The College of Medicine will continue to host interviews virtually throughout the entire 2027 admissions cycle.,
aamc_msar_interview_policies,AAMC MSAR Advisor Reports,https://students-residents.aamc.org/medical-school-admission-requirements/medical-school-admission-requirements-reports-applicants-and-advisors,data/raw/aamc/msar_reports/15_msar008-msar-interview-procedures.pdf,136,78,197.155,TN,Vanderbilt University School of Medicine,Vanderbilt University School of Medicine,"Two interviews are held.One interview is an open file (AMCAS and secondary) interview that lasts roughly 35 minutes.The other is a short, closed file interview that lasts roughly 20 minutes.Candidates spend the rest of the day learning more about us.",Invitations to interview for both the MD and MD/PhD programs are sent via email from August until January.,"For the 2026 cycle, Vanderbilt will conduct virtual interviews. Candidates are invited to an informal gathering with current students virtually. For the virtual interview day, VUSM utilizes a Zoom platform. For an hour before the interview, there is an informal conversation with a faculty member. After the candidates interview, a session on the curriculum is held. While interviewees are eating lunch, there is a student experience panel (no faculty or staff allowed). After that session is over, VUSM explains the admissions and financial aid process. There are also sessions throughout the cycle for interviewees to learn more about research. Interviewees are encouraged to reach out with any questions they might have about the area or school. The MD Ambassadors (https://medschool.vander bilt.edu/md/admissions/am bassadors/) are a wonderful way to get a current student's perspective. The MD/PhD interview allows candidates to interview with potential research mentors.",Regional interviews are not available.,VUSM will conduct Zoom interviews for this cycle. Emails regarding additional information sessions for candidates will be sent to interviewees as the cycle progresses.,
aamc_msar_interview_policies,AAMC MSAR Advisor Reports,https://students-residents.aamc.org/medical-school-admission-requirements/medical-school-admission-requirements-reports-applicants-and-advisors,data/raw/aamc/msar_reports/15_msar008-msar-interview-procedures.pdf,137,78,128.155,TX,Anne Burnett Marion School of Medicine at TCU,Anne Burnett Marion School of Medicine at TCU,The Burnett School of Medicine at TCU participates in the virtual Multiple Mini-Interview (MMI) format through the KIRA platform.,July 2026,Information about our interview day is given to applicants at the time they confirm their interview day.,no,The Burnett School of Medicine at TCU participates in the virtual Multiple Mini- Interview (MMI) format through the KIRA platform.,
aamc_msar_interview_policies,AAMC MSAR Advisor Reports,https://students-residents.aamc.org/medical-school-admission-requirements/medical-school-admission-requirements-reports-applicants-and-advisors,data/raw/aamc/msar_reports/15_msar008-msar-interview-procedures.pdf,138,80,393.163,TX,Baylor College of Medicine,Baylor College of Medicine,2 virtual traditional 30- minute interview by two faculty members or 1 faculty and 1 student/resident/fellow member of the Admissions Interviewing Subcommittee.,Interview invitations will be sent out from July 2026 to December 2027.,"Interview sessions will be held virtually via ZOOM. Each applicant will receive two 30 -minute virtual live traditional interviews with two faculty members or 1 faculty member and 1 student/resident/fellow member of the Admissions Interviewing Subcommittee. Interviews will be held Friday afternoons. The Admissions Deans will welcome the applicants and then turn it over to current BCM students who will explain the agenda for the day. The session will close with the Admissions Deans saying a few words, a live student panel for Q&A, and then an optional 'Life in Houston' live presentation. The Thursday evening before every interview session, a virtual student social will be held for all interviewees.",Interviews will be held virtually.,"Yes, all interviews will be held virtually.",
aamc_msar_interview_policies,AAMC MSAR Advisor Reports,https://students-residents.aamc.org/medical-school-admission-requirements/medical-school-admission-requirements-reports-applicants-and-advisors,data/raw/aamc/msar_reports/15_msar008-msar-interview-procedures.pdf,139,80,261.163,TX,McGovern Medical School at the University of Texas Health Science Center at Houston,McGovern Medical School at the University of Texas Health Science Center at Houston,"Two, 20-minute virtual interviews",July,"Applicants will have two, 20-minute interviews with a faculty member, resident, or MS4 student interviewer. Most interviews last around 20 minutes with the maximum allotted time of 30 minutes. Applicants are provided the opportunity to interact with faculty and current students throughout the day and learn about the curriculum.",,"Currently, all interviews are conducted virtually",
aamc_msar_interview_policies,AAMC MSAR Advisor Reports,https://students-residents.aamc.org/medical-school-admission-requirements/medical-school-admission-requirements-reports-applicants-and-advisors,data/raw/aamc/msar_reports/15_msar008-msar-interview-procedures.pdf,140,82,339.163,TX,Texas A&M University School of Medicine,Texas A&M University School of Medicine,"For the MD and EnMed programs, the format is the Multiple Mini Interview (MMI). Each applicant is given (six) 5-minute stations and one 15- minute personal interview assessing interpersonal skills and competencies across multiple categories.","Interview invitations sent approximately two-three weeks in advance of an interview session date. Interviews begin on July, 2026 and conclude approximately January, 2027.","An Interview Orientation is conducted on Monday from 10 am - 12:30 pm. The Interview Orientation include presentations, and medical student panels. The MMI Interview sessions are conducted via KIRA Platform beginning in late July and concluding in late January. The MMI sessions are conducted on Tuesday, Wednesday and Thursday. Applicants selected to interview for the MD/PhD program are conducted over two days. MD/PhD applicants interview virtually for the PhD program on Wednesdays. EnMed applicants interview are conducted in -person on Mondays on the Houston Methodist Hospital campus. Applicants will NOT be considered for interview until the primary and secondary applications and supplemental documents are completed AND submitted and the $60 application fee is received.","For the Regular MD program, interviews are conducted virtually via Kira Platform. All Engineering Medicine (EnMed) interviews are conducted in person at the Houston Methodist Hospital campus.",Interviews are conducted virtually via Kira Platform. Video interviews are not an option for EnMed.,
aamc_msar_interview_policies,AAMC MSAR Advisor Reports,https://students-residents.aamc.org/medical-school-admission-requirements/medical-school-admission-requirements-reports-applicants-and-advisors,data/raw/aamc/msar_reports/15_msar008-msar-interview-procedures.pdf,141,82,243.163,TX,Texas Tech University Health Sciences Center Paul L. Foster School of Medicine,Texas Tech University Health Sciences Center Paul L. Foster School of Medicine,Multiple Mini Interviews. Virtual interviews via zoom.,Early July,Our interview day begins at 8:30 a.m. MST with an orientation to the school and video tours of the Medical Education facilities. Interviews are conducted in the afternoon following a break for lunch and the day will conclude at 3:00pm MST.,no,Yes,
aamc_msar_interview_policies,AAMC MSAR Advisor Reports,https://students-residents.aamc.org/medical-school-admission-requirements/medical-school-admission-requirements-reports-applicants-and-advisors,data/raw/aamc/msar_reports/15_msar008-msar-interview-procedures.pdf,142,84,456.163,TX,Texas Tech University Health Sciences Center School of Medicine,Texas Tech University Health Sciences Center School of Medicine,"Two one-on-one twenty minute interviews with School of Medicine faculty, and/or 3rd or 4th year medical students. Faculty from some partnering dual/joint degree programs also interview for applicants applying to those programs.",mid-July,"Currently, all interviews and interview days are held virtually. TTUHSC School of Medicine does provide opportunities for applicants who have been invited to interview to come visit the campus on select Preview Days throughout the interview cycle. During the virtual interview day, applicants can expect to meet current students, watch videos and presentations about the school and program. After the interview day we invite applicants to come visit our campus in person through our exclusive Preview Day events.",Yes.,All interviews are held virtually.,
aamc_msar_interview_policies,AAMC MSAR Advisor Reports,https://students-residents.aamc.org/medical-school-admission-requirements/medical-school-admission-requirements-reports-applicants-and-advisors,data/raw/aamc/msar_reports/15_msar008-msar-interview-procedures.pdf,143,84,387.163,TX,The University of Texas at Tyler School of Medicine,The University of Texas at Tyler School of Medicine,All interviews will be conducted face-to-face on the campus of UT Tyler SOM.,June 2026,Interviews will be conducted in person. Interview day will involve two distinct interview types: multiple mini interviews and a group exercise.,All interviews are hosted on the campus of UT Tyler SOM.,No.,
aamc_msar_interview_policies,AAMC MSAR Advisor Reports,https://students-residents.aamc.org/medical-school-admission-requirements/medical-school-admission-requirements-reports-applicants-and-advisors,data/raw/aamc/msar_reports/15_msar008-msar-interview-procedures.pdf,144,84,174.163,TX,The University of Texas Health Science Center at San Antonio Joe R. and Teresa Lozano Long School of Medicine,The University of Texas Health Science Center at San Antonio Joe R. and Teresa Lozano Long School of Medicine,Two 30-minute (one-on- one) interviews by faculty (who have the entire application) as well as senior medical students (who have essays and experiences.) The interview setting is a friendly and conversational dialogue.,July 2026,"The Long School of Medicine Interview Day offers applicants an opportunity to interact with several faculty members and many students from all levels. It is an informative and welcoming day, prioritizing the reduction of applicants' stress. The applicant will learn about the modernized and progressive curriculum, the strong support systems, tour the campus virtually with student guides, and have many opportunities to get questions answered. It is a wonderful opportunity to experience the friendly, cooperative, and supportive environment of the school.",Regional interviews are not offered.,"The Interview Day and interviews are virtual, via a Zoom platform. In some circumstances, alternative modalities can be arranged to accommodate the applicant.",
aamc_msar_interview_policies,AAMC MSAR Advisor Reports,https://students-residents.aamc.org/medical-school-admission-requirements/medical-school-admission-requirements-reports-applicants-and-advisors,data/raw/aamc/msar_reports/15_msar008-msar-interview-procedures.pdf,145,84,87.162,TX,University of Houston Tilman J. Fertitta Family College of Medicine,University of Houston Tilman J. Fertitta Family College of Medicine,Virtual Interactive (Group) Interview Virtual Individual MMI,"August 1, 2026",All interviews will be virtual for EY27. On campus experiences will be de- coupled from Interactive and MMI sessions. Candidates will schedule their on campus dates after they have completed the virtual interviews.,N/A,Yes,
aamc_msar_interview_policies,AAMC MSAR Advisor Reports,https://students-residents.aamc.org/medical-school-admission-requirements/medical-school-admission-requirements-reports-applicants-and-advisors,data/raw/aamc/msar_reports/15_msar008-msar-interview-procedures.pdf,146,86,618.166,TX,University of Texas at Austin Dell Medical School,University of Texas at Austin Dell Medical School,Interviews employ innovation and traditional formats.,Interview invitations may be sent as early as June and will continue on a rolling basis,The interview process is designed to identify unique experiences and/or perspectives that the candidate can contribute to their class and community.,no,All interviews will be conducted virtually.,
aamc_msar_interview_policies,AAMC MSAR Advisor Reports,https://students-residents.aamc.org/medical-school-admission-requirements/medical-school-admission-requirements-reports-applicants-and-advisors,data/raw/aamc/msar_reports/15_msar008-msar-interview-procedures.pdf,147,86,216.166,TX,University of Texas Medical Branch John Sealy School of Medicine,University of Texas Medical Branch John Sealy School of Medicine,Multiple Mini Interviews via Kira Talent Platform. Additional information sent to candidates.,July 2026,"Applicants must be invited for a virtual interview to be considered for admission. Interviews are held on Tuesdays, Wednesdays, and Thursdays. Approximately 56 applicants are interviewed weekly utilizing a Multiple Mini Interview (MMI) format. The JSSOM MMI will consist of seven 7- minute interviews. Applicants receive 3 minutes to read a scenario before each interview. Interviewers consist of faculty, staff, residents, and students. During one of the interviews, applicants have an opportunity to sell themselves, discuss interest in JSSOM, and ask questions of our faculty. Each applicant is required to attend an Interview Orientation. Orientation takes place the Friday prior to the applicant's scheduled interview day. The virtual orientation includes a welcome, curriculum presentation, campus tour, and student panel discussion followed by multiple mini-interviews. The school also hosts in- person campus preview days (Dec-Jan) and a second look program called Spring Peek in March/April.",Regional interviews are not available.,Video interviews are the only option.,
aamc_msar_interview_policies,AAMC MSAR Advisor Reports,https://students-residents.aamc.org/medical-school-admission-requirements/medical-school-admission-requirements-reports-applicants-and-advisors,data/raw/aamc/msar_reports/15_msar008-msar-interview-procedures.pdf,148,88,303.163,TX,University of Texas Rio Grande Valley School of Medicine,University of Texas Rio Grande Valley School of Medicine,"For the entry year 2027, there will be two different interviewing methods. An in-person group interview will be conducted first, followed by two 30-minute interviews via Zoom on a set date.",July 2026,"Interview Process UTRGV School of Medicine conducts interviews both in person and online from August through January. Group interviews are in person on Fridays or Saturdays in Edinburg, while online interviews are Monday through Friday. Interview Invitations Applicants are invited via email upon recommendation by the Admissions Committee. The group interview is required before selecting online interview dates in the UTRGV portal. Interview Days For Entry Year 2027 , interviews consist of: In-person group interview (half-day, includes presentations on financial aid, curriculum, and more). Two online interviews via Zoom ( 30 minutes each). Applicants must attend the group interview to remain in consideration. Online interviews are self- scheduled by date only, with efforts to group them in the morning or afternoon.",https://www.utrgv.ed u/som/admissions/int erview- process/index.htm,https://www.utrgv.ed u/som/admissions/int erview- process/index.htm,
aamc_msar_interview_policies,AAMC MSAR Advisor Reports,https://students-residents.aamc.org/medical-school-admission-requirements/medical-school-admission-requirements-reports-applicants-and-advisors,data/raw/aamc/msar_reports/15_msar008-msar-interview-procedures.pdf,149,88,90.163,TX,University of Texas Southwestern Medical School,University of Texas Southwestern Medical School,"Online interviews for 2027 cycle; Traditional format with two 25-minute, back to back faculty interviews. Interview format is TBD for 2028 cycle.",July,"Interviews will be conducted beginning in August 2026 and will continue through mid January 2027. Interviews are held on Wednesdays and were conducted virtually for the 2026-27 cycle. The interview day consists of a virtual Medical School Overview presentation by an Associate Dean, student panel, and virtual campus tour video. Each candidate will be interviewed by two different faculty members in two 25-minute interviews. More information about the upcoming 2027-28 cycle will be posted in the Spring of 2027.",Regional interviews are not available.,Yes - Required for 2027 cycle. TBD for 2028 cycle.,
aamc_msar_interview_policies,AAMC MSAR Advisor Reports,https://students-residents.aamc.org/medical-school-admission-requirements/medical-school-admission-requirements-reports-applicants-and-advisors,data/raw/aamc/msar_reports/15_msar008-msar-interview-procedures.pdf,150,90,618.163,UT,Spencer Fox Eccles School of Medicine at the University of Utah,Spencer Fox Eccles School of Medicine at the University of Utah,In person interviews held at the Salt Lake City Medical Campus,August,Additional information regarding the interview day experience will be sent directly to each applicant upon being invited for an interview.,No regional interviews available,No video interview available,
aamc_msar_interview_policies,AAMC MSAR Advisor Reports,https://students-residents.aamc.org/medical-school-admission-requirements/medical-school-admission-requirements-reports-applicants-and-advisors,data/raw/aamc/msar_reports/15_msar008-msar-interview-procedures.pdf,151,90,585.163,VA,Eastern Virginia Medical School,Eastern Virginia Medical School,Panel interviews.,August,https://www.odu.edu/easte rn-virginia-medical- school/interview-day,N/A,"Yes, via ZOOM must have a working camera.",
aamc_msar_interview_policies,AAMC MSAR Advisor Reports,https://students-residents.aamc.org/medical-school-admission-requirements/medical-school-admission-requirements-reports-applicants-and-advisors,data/raw/aamc/msar_reports/15_msar008-msar-interview-procedures.pdf,152,90,507.163,VA,University of Virginia School of Medicine,University of Virginia School of Medicine,"Two one-on-one, half-hour interviews in a virtual format.","July 29, 2026",Two 30 minute interviews are conducted - either by 2 faculty members or by 1 faculty member and a 4th year medical student. All interviewers are members of the Admissions Committee.,Regional interviews are not available.,The live interview required is virtual.,
aamc_msar_interview_policies,AAMC MSAR Advisor Reports,https://students-residents.aamc.org/medical-school-admission-requirements/medical-school-admission-requirements-reports-applicants-and-advisors,data/raw/aamc/msar_reports/15_msar008-msar-interview-procedures.pdf,153,90,375.162,VA,Virginia Commonwealth University School of Medicine,Virginia Commonwealth University School of Medicine,Virtual Multiple-Mini Interview (MMI),late July,"VCU School of Medicine conducts interviews using a virtual Multiple Mini Interview format. Interviews are conducted on select Tuesdays, Wednesdays, and/or Thursdays from August until March. All information regarding the interview day will be available in the MedAdmit portal for applicants who are selected for interview.",Regional interviews are not available.,The MMI format is conducted virtually.,
aamc_msar_interview_policies,AAMC MSAR Advisor Reports,https://students-residents.aamc.org/medical-school-admission-requirements/medical-school-admission-requirements-reports-applicants-and-advisors,data/raw/aamc/msar_reports/15_msar008-msar-interview-procedures.pdf,154,90,351.162,VA,Virginia Tech Carilion School of Medicine,Virginia Tech Carilion School of Medicine,In-Person/MMI,Early August 2026,http://medicine.vtc.vt.edu/a dmissions/interview_day/,no,,
aamc_msar_interview_policies,AAMC MSAR Advisor Reports,https://students-residents.aamc.org/medical-school-admission-requirements/medical-school-admission-requirements-reports-applicants-and-advisors,data/raw/aamc/msar_reports/15_msar008-msar-interview-procedures.pdf,155,90,246.162,VT,"Robert Larner, M.D., College of Medicine at the University of Vermont","Robert Larner, M.D., College of Medicine at the University of Vermont","Multiple mini-interviews with faculty, community leaders, and students. Candidates will also participate in a groujp problem solving activity.",July 2026,"The Larner College of Medicine will be offering virtual interviews. We hope to convey the collaborative and supportive environment of our campus to you through a variety of pre-recorded webinars, live zoom sessions, and the interview day activities.",Regional interviews are not available. All interviews are conducted online.,Our interviews will be virtual for the 2026-2027 cycle.,
aamc_msar_interview_policies,AAMC MSAR Advisor Reports,https://students-residents.aamc.org/medical-school-admission-requirements/medical-school-admission-requirements-reports-applicants-and-advisors,data/raw/aamc/msar_reports/15_msar008-msar-interview-procedures.pdf,156,90,150.162,WA,University of Washington School of Medicine,University of Washington School of Medicine,A three-member panel interviews each applicant. More information available at: https://www.uwmedicine.or g/school-of- medicine/admissions/interv iew,Invitations will go out in the beginning of September. Applicants at regional sites can expect an invitation at least three weeks before the interview week for their state.,"Applicants will have an opportunity to learn more about the University of Washington School of Medicine during their interview week. Activities include meeting students, faculty, and administrators who are part of the diverse UWSOM community.",All interviews are virtual (video) interviews.,All interviews will be virtual (video) interviews.,
aamc_msar_interview_policies,AAMC MSAR Advisor Reports,https://students-residents.aamc.org/medical-school-admission-requirements/medical-school-admission-requirements-reports-applicants-and-advisors,data/raw/aamc/msar_reports/15_msar008-msar-interview-procedures.pdf,157,90,90.161,WA,Washington State University Elson S. Floyd College of Medicine,Washington State University Elson S. Floyd College of Medicine,Virtual Hybrid: 4 asynchronous interviews with a live moderator and 2 live virtual traditional structured interviews.,July 2026,"In addition to the interviews, the virtual interview day will include a student panel and detailed information about the admissions process.",All interviews are conducted virtually.,We conduct a virtual interview season.,
aamc_msar_interview_policies,AAMC MSAR Advisor Reports,https://students-residents.aamc.org/medical-school-admission-requirements/medical-school-admission-requirements-reports-applicants-and-advisors,data/raw/aamc/msar_reports/15_msar008-msar-interview-procedures.pdf,158,92,546.163,WI,Medical College of Wisconsin,Medical College of Wisconsin,"Varies by campus location: -MCW-Milwaukee: two 1-1 open file interviews with student and faculty interviewers. -MCW-Central Wisconsin and MCW-Green Bay: one open file interview with a large panel including community members, students, and faculty.",Interview invitations are extended for all campuses as early as July.,"When invited to interview, you will also receive additional information via your secondary application portal and through email communications. Please visit our website or contact our office for additional information. https://www.mcw.edu/educ ation/medical- school/prospective- students/admissions",Interview day programming and interviews will be conducted virtually using Zoom.,Interview day programming and interviews will be conducted virtually using Zoom.,
aamc_msar_interview_policies,AAMC MSAR Advisor Reports,https://students-residents.aamc.org/medical-school-admission-requirements/medical-school-admission-requirements-reports-applicants-and-advisors,data/raw/aamc/msar_reports/15_msar008-msar-interview-procedures.pdf,159,92,378.163,WI,University of Wisconsin School of Medicine and Public Health,University of Wisconsin School of Medicine and Public Health,"One-on-one faculty/alumni interviews are 30 minutes. Additionally, there is a small-group discussion/interview. Applicants invited for interview will receive additional, detailed agendas about the interview program.",Early September,"In addition to candidate assessment, applicants learn about our curriculum, student life, our facilities, research, and what life in Madison, WI is like. The interview day is also an opportunity for applicants to connect with current medical students in informal social opportunities. Please visit this website for further information: https://www.med.wisc.edu/ education/md- program/admissions/intervi ew-day/",Regional interviews are not available.,Interviews are virtual (via Zoom). All live sessions are interactive.,
aamc_msar_interview_policies,AAMC MSAR Advisor Reports,https://students-residents.aamc.org/medical-school-admission-requirements/medical-school-admission-requirements-reports-applicants-and-advisors,data/raw/aamc/msar_reports/15_msar008-msar-interview-procedures.pdf,160,94,267.163,WV,Marshall University Joan C. Edwards School of Medicine,Marshall University Joan C. Edwards School of Medicine,"Interviews are conversational and open‑file with one or two interviewers, typically last around 40-45 minutes.",Last week of August 2026,"PROBABLE INTERVIEW FORMAT FOR 2026 ENTERING CLASS • Applicants invited to interview participate in a live virtual interview conducted via a secure platform (e.g., Zoom/Teams) scheduled by the Admissions Office. You ’ ll enter a waiting room and then be placed into a breakout room with two interviewers. They alternate asking questions. The interview typically lasts around 40 - 45 minutes. After the interview portion, you return to the main session while the interviewers discuss your responses. Admissions staff then conclude with a brief wrap‑up and outline next steps. Applicants must attend a student session (virtual) within two weeks of the interview; a virtual faculty session is optional but recommended. Interview Requirements: All interviewees are required to complete and submit an Interview Agreement and provide a valid photo ID before the start of their interview.",All applicants who are selected for interviews will receive one live virtual interview.,Interviews are virtual via Zoom platform,
aamc_msar_interview_policies,AAMC MSAR Advisor Reports,https://students-residents.aamc.org/medical-school-admission-requirements/medical-school-admission-requirements-reports-applicants-and-advisors,data/raw/aamc/msar_reports/15_msar008-msar-interview-procedures.pdf,161,94,188.155,WV,West Virginia University School of Medicine,West Virginia University School of Medicine,Refer to our website for the most up-to-date information regarding our interview day: https://medicine.hsc.wvu.e du/md-admissions/,Interviews begin in September.,Refer to our website for the most up-to-date information regarding our interview day: https://medicine.hsc.wvu.e du/md-admissions/,Refer to our website for the most up-to- date information regarding our interview day: https://medicine.hsc. wvu.edu/md- admissions/,Refer to our website for the most up-to- date information regarding our interview day: https://medicine.hsc. wvu.edu/md- admissions/,
aamc_msar_interview_policies,AAMC MSAR Advisor Reports,https://students-residents.aamc.org/medical-school-admission-requirements/medical-school-admission-requirements-reports-applicants-and-advisors,data/raw/aamc/msar_reports/15_msar008-msar-interview-procedures.pdf,162,96,617.155,BC,University of British Columbia Faculty of Medicine,University of British Columbia Faculty of Medicine,Multiple Mini Interview (MMI): Applicants are presented with a series of scenarios designed to evaluate non-academic qualities.,Mid-December 2026,Please see our website: http://mdprogram.med.ubc. ca/admissions/interviews/,Regional interviews are currently not available- but subject to change as desired by the program,Yes- but subject to change as desired by the program,
aamc_msar_interview_policies,AAMC MSAR Advisor Reports,https://students-residents.aamc.org/medical-school-admission-requirements/medical-school-admission-requirements-reports-applicants-and-advisors,data/raw/aamc/msar_reports/15_msar008-msar-interview-procedures.pdf,163,96,556.147,MB,"Max Rady College of Medicine, Rady Faculty of Health Sciences, University of Manitoba","Max Rady College of Medicine, Rady Faculty of Health Sciences, University of Manitoba",Multi-Mini Interview (MMI) for Manitoba and Out-of- Province Applicant Pools; Panel Interviews for Canadian Indigenous Applicant Pool.,Early January 2027,https://umanitoba.ca/explor e/undergraduate- admissions/requirements/ medicine,Regional interviews are not available.,Currently video interview for MMI / In-person offered for Indigenous Applicant Pool,
aamc_msar_interview_policies,AAMC MSAR Advisor Reports,https://students-residents.aamc.org/medical-school-admission-requirements/medical-school-admission-requirements-reports-applicants-and-advisors,data/raw/aamc/msar_reports/15_msar008-msar-interview-procedures.pdf,164,96,496.147,NL,Memorial University of Newfoundland Faculty of Medicine,Memorial University of Newfoundland Faculty of Medicine,Virtual interview,Fall 2026,All interviews will be conducted online. Interviews format and interview dates for 2026 are not decided as of this writing,Regional interviews are not available.,Yes,
aamc_msar_interview_policies,AAMC MSAR Advisor Reports,https://students-residents.aamc.org/medical-school-admission-requirements/medical-school-admission-requirements-reports-applicants-and-advisors,data/raw/aamc/msar_reports/15_msar008-msar-interview-procedures.pdf,165,96,445.147,NS,Dalhousie University Faculty of Medicine,Dalhousie University Faculty of Medicine,Interview format is a virtual Multiple Mini Interview.,November 2026,https://medicine.dal.ca/dep artments/core- units/admissions/applicatio n-process/interview.html,Regional interviews are not available.,Interviews have been adapted to virtual format. Please monitor website for updates.,
aamc_msar_interview_policies,AAMC MSAR Advisor Reports,https://students-residents.aamc.org/medical-school-admission-requirements/medical-school-admission-requirements-reports-applicants-and-advisors,data/raw/aamc/msar_reports/15_msar008-msar-interview-procedures.pdf,166,96,349.146,ON,McMaster University Michael G. DeGroote School of Medicine,McMaster University Michael G. DeGroote School of Medicine,Multiple Mini-Interviews,mid-January,An invitation to interview package is sent to applicants with their results email - this provides specific information on what to expect on interview day and instructions on how to get set up on the Kira Talent Platform in advance.,Regional interviews are not available. All interviews are held virtually.,"Interviews are synchronous/live, held virtually",
aamc_msar_interview_policies,AAMC MSAR Advisor Reports,https://students-residents.aamc.org/medical-school-admission-requirements/medical-school-admission-requirements-reports-applicants-and-advisors,data/raw/aamc/msar_reports/15_msar008-msar-interview-procedures.pdf,167,96,217.146,ON,Northern Ontario School of Medicine,Northern Ontario School of Medicine,Interviews are an asynchronous online Multiple Mini Interviews (MMI) and a live virtual panel interview.,mid to late January,The MMI is completed online asynchronously. The MMI typically takes 66 minutes to complete. Candidates have two minutes to read a question and six minutes to record their responses. The panel interview will be completed on the days following the MMI. The Panel is a live virtual 20- minute 2-person panel interview.,Interviews are online and can be completed from any location that offers adequate bandwidth.,Yes,
aamc_msar_interview_policies,AAMC MSAR Advisor Reports,https://students-residents.aamc.org/medical-school-admission-requirements/medical-school-admission-requirements-reports-applicants-and-advisors,data/raw/aamc/msar_reports/15_msar008-msar-interview-procedures.pdf,168,98,474.163,ON,Queen's University Faculty of Health Sciences,Queen's University Faculty of Health Sciences,MMI (Multi Mini-Interview) and Panel Interview,Interview invitations sent to candidates typically starting in December,"The Queen ’ s School of Medicine uses a combined MMI and panel interview in the assessment of qualifying candidates. The goal of using the MMI is to more effectively assess non-cognitive qualities of an applicant, which could include but is not limited to empathy, critical thinking, ethical decision making, and communication skills. Selected candidates will be invited to the MMI portion. From the applicants who complete the MMI component, a select number of these candidates will then be invited for a panel interview.",Regional interviews are not available.,At this time interviews are completed virtually. This is reviewed annually.,
aamc_msar_interview_policies,AAMC MSAR Advisor Reports,https://students-residents.aamc.org/medical-school-admission-requirements/medical-school-admission-requirements-reports-applicants-and-advisors,data/raw/aamc/msar_reports/15_msar008-msar-interview-procedures.pdf,169,98,387.163,ON,The University of Western Ontario - Schulich School of Medicine & Dentistry,The University of Western Ontario - Schulich School of Medicine & Dentistry,"Synchronous, 3-person panel interview through Kira Talent.",end of January,Interview information will be provided to applicants about a week prior to their scheduled interview. This package contains important information about the interview day and access to the Kira Talent Platform.,Regional interviews are not available. All interviews are held virtually.,All interviews are virtual.,
aamc_msar_interview_policies,AAMC MSAR Advisor Reports,https://students-residents.aamc.org/medical-school-admission-requirements/medical-school-admission-requirements-reports-applicants-and-advisors,data/raw/aamc/msar_reports/15_msar008-msar-interview-procedures.pdf,170,98,354.163,ON,Toronto Metropolitan University School of Medicine,Toronto Metropolitan University School of Medicine,,,,,,
aamc_msar_interview_policies,AAMC MSAR Advisor Reports,https://students-residents.aamc.org/medical-school-admission-requirements/medical-school-admission-requirements-reports-applicants-and-advisors,data/raw/aamc/msar_reports/15_msar008-msar-interview-procedures.pdf,171,98,275.154,ON,University of Ottawa Faculty of Medicine,University of Ottawa Faculty of Medicine,"Semi-structured, 40- minute interviews. Panel of three interviewers; a faculty member, a member of the community (who can also be a physician) and a fourth-year medical student.",Last week of January,"On each interview days, our first and second year students offer virtual tours and presentations.",Regional interviews are not available.,"In 2026, the interviews were conducted virtually and to be reassessed the following cycle.",
aamc_msar_interview_policies,AAMC MSAR Advisor Reports,https://students-residents.aamc.org/medical-school-admission-requirements/medical-school-admission-requirements-reports-applicants-and-advisors,data/raw/aamc/msar_reports/15_msar008-msar-interview-procedures.pdf,172,98,179.154,ON,University of Toronto Temerty Faculty of Medicine,University of Toronto Temerty Faculty of Medicine,Virtual Modified Personal Interview (vMPI),January 2027,"The interview stage is the final stage of the admissions process. We invite approximately 750 applicants to attend an admissions interview on- line. For more information, please visit: https://applymd.utoronto.c a/interviewing",Regional interviews are not available.,Yes,
aamc_msar_interview_policies,AAMC MSAR Advisor Reports,https://students-residents.aamc.org/medical-school-admission-requirements/medical-school-admission-requirements-reports-applicants-and-advisors,data/raw/aamc/msar_reports/15_msar008-msar-interview-procedures.pdf,173,98,110.154,QC,Universite de Montreal Faculty of Medicine,Universite de Montreal Faculty of Medicine,Multiple Mini-Interviews (MMI),Beginning of April,Information can be found on our website: https://medecine.umontrea l.ca/etudes/etudes-en- medecine/doctorat-en- medecine/entrevue-de- selection/,"Yes, Multiple Mini- Interviews (MMI)",No,
aamc_msar_interview_policies,AAMC MSAR Advisor Reports,https://students-residents.aamc.org/medical-school-admission-requirements/medical-school-admission-requirements-reports-applicants-and-advisors,data/raw/aamc/msar_reports/15_msar008-msar-interview-procedures.pdf,174,100,546.163,SK,University of Saskatchewan College of Medicine,University of Saskatchewan College of Medicine,Multiple Mini Interview Panel Interview Conversation Circle,MMI - TBD Panel Interviews - TBD Conversation Circles - TBD,"For the MMI, in 2026, we interviewed 323 and we have invited 252 to attend our panel interviews and 15 attended our conversation circles for Indigenous applicants. We do not have an in- province/out-of-province stream. Applicants are invited to interview with consideration being given to their Saskatchewan connectedness index.",Regional interviews are not available.,MMI - Virtual synchronous interview Panel Interview - TBD Conversation Circle - TBD,
