source_key,source_name,source_url,pdf_file,source_row_number,stream_index,row_y,state,school_name_raw,school_name_clean,course,course_class,required_or_recommended,additional_info,credit_hours,lab,pass_fail,ap_credit,online_course,community_college,notes
aamc_msar_premed_course_requirements,AAMC MSAR Advisor Reports,https://students-residents.aamc.org/medical-school-admission-requirements/medical-school-admission-requirements-reports-applicants-and-advisors,data/raw/aamc/msar_reports/12_msar002-msar-premed-course-requirements.pdf,1,4,454.661,AL,Frederick P. Whiddon College of Medicine at the University of South Alabama,Frederick P. Whiddon College of Medicine at the University of South Alabama,Anthropology,BESS,Required,Anthropology or any of the Behavioral and Social Sciences courses will be accepted. Applicants should have 3 semester hours in the Social Sciences and 3 semester hours in the Behavioral Sciences.,6,,,,,,Lab and other checkbox-style fields may be symbol-rendered in the PDF and should be reviewed before use.
aamc_msar_premed_course_requirements,AAMC MSAR Advisor Reports,https://students-residents.aamc.org/medical-school-admission-requirements/medical-school-admission-requirements-reports-applicants-and-advisors,data/raw/aamc/msar_reports/12_msar002-msar-premed-course-requirements.pdf,2,4,337.661,AL,Frederick P. Whiddon College of Medicine at the University of South Alabama,Frederick P. Whiddon College of Medicine at the University of South Alabama,Biochemistry,CHEM,Recommended,Biochemistry may take the place of Organic Chemistry II.,,,,,,,Lab and other checkbox-style fields may be symbol-rendered in the PDF and should be reviewed before use.
aamc_msar_premed_course_requirements,AAMC MSAR Advisor Reports,https://students-residents.aamc.org/medical-school-admission-requirements/medical-school-admission-requirements-reports-applicants-and-advisors,data/raw/aamc/msar_reports/12_msar002-msar-premed-course-requirements.pdf,3,34,485.942,AL,Frederick P. Whiddon College of Medicine at the University of South Alabama,Frederick P. Whiddon College of Medicine at the University of South Alabama,Biology,BIOL,Required,,8,,,,,,Lab and other checkbox-style fields may be symbol-rendered in the PDF and should be reviewed before use.
aamc_msar_premed_course_requirements,AAMC MSAR Advisor Reports,https://students-residents.aamc.org/medical-school-admission-requirements/medical-school-admission-requirements-reports-applicants-and-advisors,data/raw/aamc/msar_reports/12_msar002-msar-premed-course-requirements.pdf,4,34,310.221,AL,Frederick P. Whiddon College of Medicine at the University of South Alabama,Frederick P. Whiddon College of Medicine at the University of South Alabama,Chemistry,CHEM,Required,General Chemistry,8,,,,,,Lab and other checkbox-style fields may be symbol-rendered in the PDF and should be reviewed before use.
aamc_msar_premed_course_requirements,AAMC MSAR Advisor Reports,https://students-residents.aamc.org/medical-school-admission-requirements/medical-school-admission-requirements-reports-applicants-and-advisors,data/raw/aamc/msar_reports/12_msar002-msar-premed-course-requirements.pdf,5,56,481.661,AL,Frederick P. Whiddon College of Medicine at the University of South Alabama,Frederick P. Whiddon College of Medicine at the University of South Alabama,Composition & Rhetoric,ENGL,Required,English Literature may be used in place of a portion or all of English Composition.,6,,,,,,Lab and other checkbox-style fields may be symbol-rendered in the PDF and should be reviewed before use.
aamc_msar_premed_course_requirements,AAMC MSAR Advisor Reports,https://students-residents.aamc.org/medical-school-admission-requirements/medical-school-admission-requirements-reports-applicants-and-advisors,data/raw/aamc/msar_reports/12_msar002-msar-premed-course-requirements.pdf,6,56,364.661,AL,Frederick P. Whiddon College of Medicine at the University of South Alabama,Frederick P. Whiddon College of Medicine at the University of South Alabama,Literature,ENGL,Required,English Composition may be used in place of a portion or all of English Literature.,6,,,,,,Lab and other checkbox-style fields may be symbol-rendered in the PDF and should be reviewed before use.
aamc_msar_premed_course_requirements,AAMC MSAR Advisor Reports,https://students-residents.aamc.org/medical-school-admission-requirements/medical-school-admission-requirements-reports-applicants-and-advisors,data/raw/aamc/msar_reports/12_msar002-msar-premed-course-requirements.pdf,7,56,251.940,AL,Frederick P. Whiddon College of Medicine at the University of South Alabama,Frederick P. Whiddon College of Medicine at the University of South Alabama,Mathematics,MATH,Required,Calculus is preferred.,6,,,,,,Lab and other checkbox-style fields may be symbol-rendered in the PDF and should be reviewed before use.
aamc_msar_premed_course_requirements,AAMC MSAR Advisor Reports,https://students-residents.aamc.org/medical-school-admission-requirements/medical-school-admission-requirements-reports-applicants-and-advisors,data/raw/aamc/msar_reports/12_msar002-msar-premed-course-requirements.pdf,8,56,139.220,AL,Frederick P. Whiddon College of Medicine at the University of South Alabama,Frederick P. Whiddon College of Medicine at the University of South Alabama,Physics,PHYS,Required,,8,,,,,,Lab and other checkbox-style fields may be symbol-rendered in the PDF and should be reviewed before use.
aamc_msar_premed_course_requirements,AAMC MSAR Advisor Reports,https://students-residents.aamc.org/medical-school-admission-requirements/medical-school-admission-requirements-reports-applicants-and-advisors,data/raw/aamc/msar_reports/12_msar002-msar-premed-course-requirements.pdf,9,98,328.941,AL,Frederick P. Whiddon College of Medicine at the University of South Alabama,Frederick P. Whiddon College of Medicine at the University of South Alabama,Statistics,MATH,Recommended,,,,,,,,Lab and other checkbox-style fields may be symbol-rendered in the PDF and should be reviewed before use.
aamc_msar_premed_course_requirements,AAMC MSAR Advisor Reports,https://students-residents.aamc.org/medical-school-admission-requirements/medical-school-admission-requirements-reports-applicants-and-advisors,data/raw/aamc/msar_reports/12_msar002-msar-premed-course-requirements.pdf,10,98,216.221,AL,University of Alabama at Birmingham Marnix E. Heersink School of Medicine,University of Alabama at Birmingham Marnix E. Heersink School of Medicine,Biochemistry,CHEM,Required,,3,,,,,,Lab and other checkbox-style fields may be symbol-rendered in the PDF and should be reviewed before use.
aamc_msar_premed_course_requirements,AAMC MSAR Advisor Reports,https://students-residents.aamc.org/medical-school-admission-requirements/medical-school-admission-requirements-reports-applicants-and-advisors,data/raw/aamc/msar_reports/12_msar002-msar-premed-course-requirements.pdf,11,98,85.220,AL,University of Alabama at Birmingham Marnix E. Heersink School of Medicine,University of Alabama at Birmingham Marnix E. Heersink School of Medicine,Biostatistics,MATH,Required,3 semester hours of biostatistics or statistics OR 6 semester hours of college math. Applicants awarded AP or CLEP credit for statistics or college mathematics are expected to complete a college level biostatistics course to meet the requirement.,3,,,,,,Lab and other checkbox-style fields may be symbol-rendered in the PDF and should be reviewed before use.
aamc_msar_premed_course_requirements,AAMC MSAR Advisor Reports,https://students-residents.aamc.org/medical-school-admission-requirements/medical-school-admission-requirements-reports-applicants-and-advisors,data/raw/aamc/msar_reports/12_msar002-msar-premed-course-requirements.pdf,12,150,485.942,AL,University of Alabama at Birmingham Marnix E. Heersink School of Medicine,University of Alabama at Birmingham Marnix E. Heersink School of Medicine,Physics,PHYS,Required,,8,,,,,,Lab and other checkbox-style fields may be symbol-rendered in the PDF and should be reviewed before use.
aamc_msar_premed_course_requirements,AAMC MSAR Advisor Reports,https://students-residents.aamc.org/medical-school-admission-requirements/medical-school-admission-requirements-reports-applicants-and-advisors,data/raw/aamc/msar_reports/12_msar002-msar-premed-course-requirements.pdf,13,242,454.661,AR,Alice L. Walton School of Medicine,Alice L. Walton School of Medicine,Molecular Biology,BIOL,Recommended,"We require 24 hours of math and science course work, but recommend biology course work with a lab component. It is anticipated that applicants will have completed some of the recommended upper division courses.",,,,,,,Lab and other checkbox-style fields may be symbol-rendered in the PDF and should be reviewed before use.
aamc_msar_premed_course_requirements,AAMC MSAR Advisor Reports,https://students-residents.aamc.org/medical-school-admission-requirements/medical-school-admission-requirements-reports-applicants-and-advisors,data/raw/aamc/msar_reports/12_msar002-msar-premed-course-requirements.pdf,14,374,485.942,AZ,Arizona State University School of Medicine and Advanced Medical Engineering (SOMME),Arizona State University School of Medicine and Advanced Medical Engineering (SOMME),Anatomy,BIOL,Recommended,,3,,,,,,Lab and other checkbox-style fields may be symbol-rendered in the PDF and should be reviewed before use.
aamc_msar_premed_course_requirements,AAMC MSAR Advisor Reports,https://students-residents.aamc.org/medical-school-admission-requirements/medical-school-admission-requirements-reports-applicants-and-advisors,data/raw/aamc/msar_reports/12_msar002-msar-premed-course-requirements.pdf,15,374,373.222,AZ,Arizona State University School of Medicine and Advanced Medical Engineering (SOMME),Arizona State University School of Medicine and Advanced Medical Engineering (SOMME),Biochemistry,CHEM,Recommended,,3,,,,,,Lab and other checkbox-style fields may be symbol-rendered in the PDF and should be reviewed before use.
aamc_msar_premed_course_requirements,AAMC MSAR Advisor Reports,https://students-residents.aamc.org/medical-school-admission-requirements/medical-school-admission-requirements-reports-applicants-and-advisors,data/raw/aamc/msar_reports/12_msar002-msar-premed-course-requirements.pdf,16,374,260.501,AZ,Arizona State University School of Medicine and Advanced Medical Engineering (SOMME),Arizona State University School of Medicine and Advanced Medical Engineering (SOMME),Biology,BIOL,Recommended,,3,,,,,,Lab and other checkbox-style fields may be symbol-rendered in the PDF and should be reviewed before use.
aamc_msar_premed_course_requirements,AAMC MSAR Advisor Reports,https://students-residents.aamc.org/medical-school-admission-requirements/medical-school-admission-requirements-reports-applicants-and-advisors,data/raw/aamc/msar_reports/12_msar002-msar-premed-course-requirements.pdf,17,374,147.781,AZ,Arizona State University School of Medicine and Advanced Medical Engineering (SOMME),Arizona State University School of Medicine and Advanced Medical Engineering (SOMME),Biostatistics,MATH,Recommended,,3,,,,,,Lab and other checkbox-style fields may be symbol-rendered in the PDF and should be reviewed before use.
aamc_msar_premed_course_requirements,AAMC MSAR Advisor Reports,https://students-residents.aamc.org/medical-school-admission-requirements/medical-school-admission-requirements-reports-applicants-and-advisors,data/raw/aamc/msar_reports/12_msar002-msar-premed-course-requirements.pdf,18,416,485.942,AZ,Arizona State University School of Medicine and Advanced Medical Engineering (SOMME),Arizona State University School of Medicine and Advanced Medical Engineering (SOMME),Chemistry,CHEM,Recommended,,3,,,,,,Lab and other checkbox-style fields may be symbol-rendered in the PDF and should be reviewed before use.
aamc_msar_premed_course_requirements,AAMC MSAR Advisor Reports,https://students-residents.aamc.org/medical-school-admission-requirements/medical-school-admission-requirements-reports-applicants-and-advisors,data/raw/aamc/msar_reports/12_msar002-msar-premed-course-requirements.pdf,19,416,373.221,AZ,Arizona State University School of Medicine and Advanced Medical Engineering (SOMME),Arizona State University School of Medicine and Advanced Medical Engineering (SOMME),Genetics,BIOL,Recommended,,3,,,,,,Lab and other checkbox-style fields may be symbol-rendered in the PDF and should be reviewed before use.
aamc_msar_premed_course_requirements,AAMC MSAR Advisor Reports,https://students-residents.aamc.org/medical-school-admission-requirements/medical-school-admission-requirements-reports-applicants-and-advisors,data/raw/aamc/msar_reports/12_msar002-msar-premed-course-requirements.pdf,20,416,260.501,AZ,Arizona State University School of Medicine and Advanced Medical Engineering (SOMME),Arizona State University School of Medicine and Advanced Medical Engineering (SOMME),Human Anatomy,BIOL,Recommended,,2,,,,,,Lab and other checkbox-style fields may be symbol-rendered in the PDF and should be reviewed before use.
aamc_msar_premed_course_requirements,AAMC MSAR Advisor Reports,https://students-residents.aamc.org/medical-school-admission-requirements/medical-school-admission-requirements-reports-applicants-and-advisors,data/raw/aamc/msar_reports/12_msar002-msar-premed-course-requirements.pdf,21,416,147.781,AZ,Arizona State University School of Medicine and Advanced Medical Engineering (SOMME),Arizona State University School of Medicine and Advanced Medical Engineering (SOMME),Mathematics,MATH,Recommended,,3,,,,,,Lab and other checkbox-style fields may be symbol-rendered in the PDF and should be reviewed before use.
aamc_msar_premed_course_requirements,AAMC MSAR Advisor Reports,https://students-residents.aamc.org/medical-school-admission-requirements/medical-school-admission-requirements-reports-applicants-and-advisors,data/raw/aamc/msar_reports/12_msar002-msar-premed-course-requirements.pdf,22,458,485.942,AZ,Arizona State University School of Medicine and Advanced Medical Engineering (SOMME),Arizona State University School of Medicine and Advanced Medical Engineering (SOMME),Organic Chemistry,CHEM,Recommended,,3,,,,,,Lab and other checkbox-style fields may be symbol-rendered in the PDF and should be reviewed before use.
aamc_msar_premed_course_requirements,AAMC MSAR Advisor Reports,https://students-residents.aamc.org/medical-school-admission-requirements/medical-school-admission-requirements-reports-applicants-and-advisors,data/raw/aamc/msar_reports/12_msar002-msar-premed-course-requirements.pdf,23,458,373.222,AZ,Arizona State University School of Medicine and Advanced Medical Engineering (SOMME),Arizona State University School of Medicine and Advanced Medical Engineering (SOMME),Physics,PHYS,Recommended,,3,,,,,,Lab and other checkbox-style fields may be symbol-rendered in the PDF and should be reviewed before use.
aamc_msar_premed_course_requirements,AAMC MSAR Advisor Reports,https://students-residents.aamc.org/medical-school-admission-requirements/medical-school-admission-requirements-reports-applicants-and-advisors,data/raw/aamc/msar_reports/12_msar002-msar-premed-course-requirements.pdf,24,458,260.501,AZ,Arizona State University School of Medicine and Advanced Medical Engineering (SOMME),Arizona State University School of Medicine and Advanced Medical Engineering (SOMME),Physiology,BIOL,Recommended,,3,,,,,,Lab and other checkbox-style fields may be symbol-rendered in the PDF and should be reviewed before use.
aamc_msar_premed_course_requirements,AAMC MSAR Advisor Reports,https://students-residents.aamc.org/medical-school-admission-requirements/medical-school-admission-requirements-reports-applicants-and-advisors,data/raw/aamc/msar_reports/12_msar002-msar-premed-course-requirements.pdf,25,458,147.781,AZ,Arizona State University School of Medicine and Advanced Medical Engineering (SOMME),Arizona State University School of Medicine and Advanced Medical Engineering (SOMME),Statistics,MATH,Recommended,,3,,,,,,Lab and other checkbox-style fields may be symbol-rendered in the PDF and should be reviewed before use.
aamc_msar_premed_course_requirements,AAMC MSAR Advisor Reports,https://students-residents.aamc.org/medical-school-admission-requirements/medical-school-admission-requirements-reports-applicants-and-advisors,data/raw/aamc/msar_reports/12_msar002-msar-premed-course-requirements.pdf,26,500,481.661,AZ,University of Arizona College of Medicine,University of Arizona College of Medicine,Anatomy,BIOL,Required,Physiology/ Anatomy course 2 semesters or 3 quarters,,,,,,,Lab and other checkbox-style fields may be symbol-rendered in the PDF and should be reviewed before use.
aamc_msar_premed_course_requirements,AAMC MSAR Advisor Reports,https://students-residents.aamc.org/medical-school-admission-requirements/medical-school-admission-requirements-reports-applicants-and-advisors,data/raw/aamc/msar_reports/12_msar002-msar-premed-course-requirements.pdf,27,500,440.661,AZ,University of Arizona College of Medicine,University of Arizona College of Medicine,Biochemistry,CHEM,Required,Biochemistry (or 1 semester Biochemistry/1 semester of Genetics),,,,,,,Lab and other checkbox-style fields may be symbol-rendered in the PDF and should be reviewed before use.
aamc_msar_premed_course_requirements,AAMC MSAR Advisor Reports,https://students-residents.aamc.org/medical-school-admission-requirements/medical-school-admission-requirements-reports-applicants-and-advisors,data/raw/aamc/msar_reports/12_msar002-msar-premed-course-requirements.pdf,28,500,332.660,AZ,University of Arizona College of Medicine,University of Arizona College of Medicine,Biology,BIOL,Required,"Upper-division of any two from different disciplines of the following: Molecular Biology, Cell Biology, Histology, Microbiology, Pharmacology, Pathology, or Immunobiology OR can use 1 semester of any Genetics course if taken 2 semesters of Biochemistry (includes lower division)",,,,,,,Lab and other checkbox-style fields may be symbol-rendered in the PDF and should be reviewed before use.
aamc_msar_premed_course_requirements,AAMC MSAR Advisor Reports,https://students-residents.aamc.org/medical-school-admission-requirements/medical-school-admission-requirements-reports-applicants-and-advisors,data/raw/aamc/msar_reports/12_msar002-msar-premed-course-requirements.pdf,29,500,291.660,AZ,University of Arizona College of Medicine,University of Arizona College of Medicine,Composition & Rhetoric,ENGL,Required,English (or other writing intensive course) 2 semesters or 3 quarters,,,,,,,Lab and other checkbox-style fields may be symbol-rendered in the PDF and should be reviewed before use.
aamc_msar_premed_course_requirements,AAMC MSAR Advisor Reports,https://students-residents.aamc.org/medical-school-admission-requirements/medical-school-admission-requirements-reports-applicants-and-advisors,data/raw/aamc/msar_reports/12_msar002-msar-premed-course-requirements.pdf,30,500,241.660,AZ,University of Arizona College of Medicine,University of Arizona College of Medicine,Psychology,BESS,Required,"Social & Behavioral Sciences (e.g. Psychology, Sociology, Public Health) 1 semester or 2 quarters",,,,,,,Lab and other checkbox-style fields may be symbol-rendered in the PDF and should be reviewed before use.
aamc_msar_premed_course_requirements,AAMC MSAR Advisor Reports,https://students-residents.aamc.org/medical-school-admission-requirements/medical-school-admission-requirements-reports-applicants-and-advisors,data/raw/aamc/msar_reports/12_msar002-msar-premed-course-requirements.pdf,31,500,204.940,AZ,University of Arizona College of Medicine,University of Arizona College of Medicine,Statistics,MATH,Required,Statistics (Biostatistics recommended),,,,,,,Lab and other checkbox-style fields may be symbol-rendered in the PDF and should be reviewed before use.
aamc_msar_premed_course_requirements,AAMC MSAR Advisor Reports,https://students-residents.aamc.org/medical-school-admission-requirements/medical-school-admission-requirements-reports-applicants-and-advisors,data/raw/aamc/msar_reports/12_msar002-msar-premed-course-requirements.pdf,32,500,168.220,AZ,University of Arizona College of Medicine - Phoenix,University of Arizona College of Medicine - Phoenix,Biochemistry,CHEM,Required,,2,,,,,,Lab and other checkbox-style fields may be symbol-rendered in the PDF and should be reviewed before use.
aamc_msar_premed_course_requirements,AAMC MSAR Advisor Reports,https://students-residents.aamc.org/medical-school-admission-requirements/medical-school-admission-requirements-reports-applicants-and-advisors,data/raw/aamc/msar_reports/12_msar002-msar-premed-course-requirements.pdf,33,612,485.942,CA,California Northstate University College of Medicine,California Northstate University College of Medicine,Anatomy,BIOL,Recommended,,,,,,,,Lab and other checkbox-style fields may be symbol-rendered in the PDF and should be reviewed before use.
aamc_msar_premed_course_requirements,AAMC MSAR Advisor Reports,https://students-residents.aamc.org/medical-school-admission-requirements/medical-school-admission-requirements-reports-applicants-and-advisors,data/raw/aamc/msar_reports/12_msar002-msar-premed-course-requirements.pdf,34,834,485.942,CA,Charles R. Drew University of Medicine and Science College of Medicine,Charles R. Drew University of Medicine and Science College of Medicine,Organic Chemistry,CHEM,Required,,6,,,,,,Lab and other checkbox-style fields may be symbol-rendered in the PDF and should be reviewed before use.
aamc_msar_premed_course_requirements,AAMC MSAR Advisor Reports,https://students-residents.aamc.org/medical-school-admission-requirements/medical-school-admission-requirements-reports-applicants-and-advisors,data/raw/aamc/msar_reports/12_msar002-msar-premed-course-requirements.pdf,35,896,472.661,CA,Kaiser Permanente Bernard J. Tyson School of Medicine,Kaiser Permanente Bernard J. Tyson School of Medicine,Chemistry,CHEM,Required,KPSOM accepts all courses listed under the Chemistry section of the AMCAS Course Classifications Guide,,,,,,,Lab and other checkbox-style fields may be symbol-rendered in the PDF and should be reviewed before use.
aamc_msar_premed_course_requirements,AAMC MSAR Advisor Reports,https://students-residents.aamc.org/medical-school-admission-requirements/medical-school-admission-requirements-reports-applicants-and-advisors,data/raw/aamc/msar_reports/12_msar002-msar-premed-course-requirements.pdf,36,896,274.661,CA,Kaiser Permanente Bernard J. Tyson School of Medicine,Kaiser Permanente Bernard J. Tyson School of Medicine,Composition & Rhetoric,ENGL,Required,KPSOM accepts all courses listed under the English Language and Literature (ENGL) section of the AMCAS Course Classifications Guide.,,,,,,,Lab and other checkbox-style fields may be symbol-rendered in the PDF and should be reviewed before use.
aamc_msar_premed_course_requirements,AAMC MSAR Advisor Reports,https://students-residents.aamc.org/medical-school-admission-requirements/medical-school-admission-requirements-reports-applicants-and-advisors,data/raw/aamc/msar_reports/12_msar002-msar-premed-course-requirements.pdf,37,896,85.660,CA,Kaiser Permanente Bernard J. Tyson School of Medicine,Kaiser Permanente Bernard J. Tyson School of Medicine,Physics,PHYS,Required,KPSOM accepts all courses listed under the Biology section of the AMCAS Course Classifications Guide,,,,,,,Lab and other checkbox-style fields may be symbol-rendered in the PDF and should be reviewed before use.
aamc_msar_premed_course_requirements,AAMC MSAR Advisor Reports,https://students-residents.aamc.org/medical-school-admission-requirements/medical-school-admission-requirements-reports-applicants-and-advisors,data/raw/aamc/msar_reports/12_msar002-msar-premed-course-requirements.pdf,38,928,315.661,CA,Kaiser Permanente Bernard J. Tyson School of Medicine,Kaiser Permanente Bernard J. Tyson School of Medicine,Sociology,BESS,Required,KPSOM accepts all courses listed under the Behavioral and Social Sciences section of the AMCAS Course Classifications Guide,,,,,,,Lab and other checkbox-style fields may be symbol-rendered in the PDF and should be reviewed before use.
aamc_msar_premed_course_requirements,AAMC MSAR Advisor Reports,https://students-residents.aamc.org/medical-school-admission-requirements/medical-school-admission-requirements-reports-applicants-and-advisors,data/raw/aamc/msar_reports/12_msar002-msar-premed-course-requirements.pdf,39,928,139.941,CA,Kaiser Permanente Bernard J. Tyson School of Medicine,Kaiser Permanente Bernard J. Tyson School of Medicine,Statistics,MATH,Recommended,,,,,,,,Lab and other checkbox-style fields may be symbol-rendered in the PDF and should be reviewed before use.
aamc_msar_premed_course_requirements,AAMC MSAR Advisor Reports,https://students-residents.aamc.org/medical-school-admission-requirements/medical-school-admission-requirements-reports-applicants-and-advisors,data/raw/aamc/msar_reports/12_msar002-msar-premed-course-requirements.pdf,40,950,306.660,CA,Keck School of Medicine of the University of Southern California,Keck School of Medicine of the University of Southern California,Statistics,MATH,Recommended,,,,,,,,Lab and other checkbox-style fields may be symbol-rendered in the PDF and should be reviewed before use.
aamc_msar_premed_course_requirements,AAMC MSAR Advisor Reports,https://students-residents.aamc.org/medical-school-admission-requirements/medical-school-admission-requirements-reports-applicants-and-advisors,data/raw/aamc/msar_reports/12_msar002-msar-premed-course-requirements.pdf,41,1042,472.661,CA,"University of California, Davis, School of Medicine","University of California, Davis, School of Medicine",Biochemistry,CHEM,Required,Organic Chemistry (full year) or a combination of Organic Chemistry & Biochemistry to meet the minimum credit hour requirement.,8,,,,,,Lab and other checkbox-style fields may be symbol-rendered in the PDF and should be reviewed before use.
aamc_msar_premed_course_requirements,AAMC MSAR Advisor Reports,https://students-residents.aamc.org/medical-school-admission-requirements/medical-school-admission-requirements-reports-applicants-and-advisors,data/raw/aamc/msar_reports/12_msar002-msar-premed-course-requirements.pdf,42,1042,341.941,CA,"University of California, Davis, School of Medicine","University of California, Davis, School of Medicine",Biology,BIOL,Required,General Biology coursework,8,,,,,,Lab and other checkbox-style fields may be symbol-rendered in the PDF and should be reviewed before use.
aamc_msar_premed_course_requirements,AAMC MSAR Advisor Reports,https://students-residents.aamc.org/medical-school-admission-requirements/medical-school-admission-requirements-reports-applicants-and-advisors,data/raw/aamc/msar_reports/12_msar002-msar-premed-course-requirements.pdf,43,1042,211.221,CA,"University of California, Davis, School of Medicine","University of California, Davis, School of Medicine",Chemistry,CHEM,Required,General chemistry coursework,8,,,,,,Lab and other checkbox-style fields may be symbol-rendered in the PDF and should be reviewed before use.
aamc_msar_premed_course_requirements,AAMC MSAR Advisor Reports,https://students-residents.aamc.org/medical-school-admission-requirements/medical-school-admission-requirements-reports-applicants-and-advisors,data/raw/aamc/msar_reports/12_msar002-msar-premed-course-requirements.pdf,44,1042,80.500,CA,"University of California, Davis, School of Medicine","University of California, Davis, School of Medicine",Physics,PHYS,Required,General Physics coursework,8,,,,,,Lab and other checkbox-style fields may be symbol-rendered in the PDF and should be reviewed before use.
aamc_msar_premed_course_requirements,AAMC MSAR Advisor Reports,https://students-residents.aamc.org/medical-school-admission-requirements/medical-school-admission-requirements-reports-applicants-and-advisors,data/raw/aamc/msar_reports/12_msar002-msar-premed-course-requirements.pdf,45,1084,373.941,CA,"University of California, Irvine, School of Medicine","University of California, Irvine, School of Medicine",Anatomy,BIOL,Recommended,,,,,,,,Lab and other checkbox-style fields may be symbol-rendered in the PDF and should be reviewed before use.
aamc_msar_premed_course_requirements,AAMC MSAR Advisor Reports,https://students-residents.aamc.org/medical-school-admission-requirements/medical-school-admission-requirements-reports-applicants-and-advisors,data/raw/aamc/msar_reports/12_msar002-msar-premed-course-requirements.pdf,46,1196,485.942,CA,"University of California, Los Angeles David Geffen School of Medicine","University of California, Los Angeles David Geffen School of Medicine",Anthropology,BESS,Recommended,,,,,,,,Lab and other checkbox-style fields may be symbol-rendered in the PDF and should be reviewed before use.
aamc_msar_premed_course_requirements,AAMC MSAR Advisor Reports,https://students-residents.aamc.org/medical-school-admission-requirements/medical-school-admission-requirements-reports-applicants-and-advisors,data/raw/aamc/msar_reports/12_msar002-msar-premed-course-requirements.pdf,47,1196,400.221,CA,"University of California, Los Angeles David Geffen School of Medicine","University of California, Los Angeles David Geffen School of Medicine",Applied Mathematics,MATH,Recommended,,,,,,,,Lab and other checkbox-style fields may be symbol-rendered in the PDF and should be reviewed before use.
aamc_msar_premed_course_requirements,AAMC MSAR Advisor Reports,https://students-residents.aamc.org/medical-school-admission-requirements/medical-school-admission-requirements-reports-applicants-and-advisors,data/raw/aamc/msar_reports/12_msar002-msar-premed-course-requirements.pdf,48,1196,314.501,CA,"University of California, Los Angeles David Geffen School of Medicine","University of California, Los Angeles David Geffen School of Medicine",Biochemistry,CHEM,Recommended,,,,,,,,Lab and other checkbox-style fields may be symbol-rendered in the PDF and should be reviewed before use.
aamc_msar_premed_course_requirements,AAMC MSAR Advisor Reports,https://students-residents.aamc.org/medical-school-admission-requirements/medical-school-admission-requirements-reports-applicants-and-advisors,data/raw/aamc/msar_reports/12_msar002-msar-premed-course-requirements.pdf,49,1196,228.781,CA,"University of California, Los Angeles David Geffen School of Medicine","University of California, Los Angeles David Geffen School of Medicine",Biostatistics,MATH,Recommended,,,,,,,,Lab and other checkbox-style fields may be symbol-rendered in the PDF and should be reviewed before use.
aamc_msar_premed_course_requirements,AAMC MSAR Advisor Reports,https://students-residents.aamc.org/medical-school-admission-requirements/medical-school-admission-requirements-reports-applicants-and-advisors,data/raw/aamc/msar_reports/12_msar002-msar-premed-course-requirements.pdf,50,1196,143.060,CA,"University of California, Los Angeles David Geffen School of Medicine","University of California, Los Angeles David Geffen School of Medicine",Cell Biology,BIOL,Recommended,,,,,,,,Lab and other checkbox-style fields may be symbol-rendered in the PDF and should be reviewed before use.
aamc_msar_premed_course_requirements,AAMC MSAR Advisor Reports,https://students-residents.aamc.org/medical-school-admission-requirements/medical-school-admission-requirements-reports-applicants-and-advisors,data/raw/aamc/msar_reports/12_msar002-msar-premed-course-requirements.pdf,51,1196,48.340,CA,"University of California, Los Angeles David Geffen School of Medicine","University of California, Los Angeles David Geffen School of Medicine",Chemistry,CHEM,Recommended,,,,,,,,Lab and other checkbox-style fields may be symbol-rendered in the PDF and should be reviewed before use.
aamc_msar_premed_course_requirements,AAMC MSAR Advisor Reports,https://students-residents.aamc.org/medical-school-admission-requirements/medical-school-admission-requirements-reports-applicants-and-advisors,data/raw/aamc/msar_reports/12_msar002-msar-premed-course-requirements.pdf,52,1258,418.941,CA,"University of California, Los Angeles David Geffen School of Medicine","University of California, Los Angeles David Geffen School of Medicine",Economics,BESS,Recommended,,,,,,,,Lab and other checkbox-style fields may be symbol-rendered in the PDF and should be reviewed before use.
aamc_msar_premed_course_requirements,AAMC MSAR Advisor Reports,https://students-residents.aamc.org/medical-school-admission-requirements/medical-school-admission-requirements-reports-applicants-and-advisors,data/raw/aamc/msar_reports/12_msar002-msar-premed-course-requirements.pdf,53,1258,333.220,CA,"University of California, Los Angeles David Geffen School of Medicine","University of California, Los Angeles David Geffen School of Medicine",Genetics,BIOL,Recommended,,,,,,,,Lab and other checkbox-style fields may be symbol-rendered in the PDF and should be reviewed before use.
aamc_msar_premed_course_requirements,AAMC MSAR Advisor Reports,https://students-residents.aamc.org/medical-school-admission-requirements/medical-school-admission-requirements-reports-applicants-and-advisors,data/raw/aamc/msar_reports/12_msar002-msar-premed-course-requirements.pdf,54,1258,247.500,CA,"University of California, Los Angeles David Geffen School of Medicine","University of California, Los Angeles David Geffen School of Medicine",Molecular Biology,BIOL,Recommended,,,,,,,,Lab and other checkbox-style fields may be symbol-rendered in the PDF and should be reviewed before use.
aamc_msar_premed_course_requirements,AAMC MSAR Advisor Reports,https://students-residents.aamc.org/medical-school-admission-requirements/medical-school-admission-requirements-reports-applicants-and-advisors,data/raw/aamc/msar_reports/12_msar002-msar-premed-course-requirements.pdf,55,1258,161.780,CA,"University of California, Los Angeles David Geffen School of Medicine","University of California, Los Angeles David Geffen School of Medicine",Physics,PHYS,Recommended,,,,,,,,Lab and other checkbox-style fields may be symbol-rendered in the PDF and should be reviewed before use.
aamc_msar_premed_course_requirements,AAMC MSAR Advisor Reports,https://students-residents.aamc.org/medical-school-admission-requirements/medical-school-admission-requirements-reports-applicants-and-advisors,data/raw/aamc/msar_reports/12_msar002-msar-premed-course-requirements.pdf,56,1300,485.942,CA,"University of California, Los Angeles David Geffen School of Medicine","University of California, Los Angeles David Geffen School of Medicine",Physiology,BIOL,Recommended,,,,,,,,Lab and other checkbox-style fields may be symbol-rendered in the PDF and should be reviewed before use.
aamc_msar_premed_course_requirements,AAMC MSAR Advisor Reports,https://students-residents.aamc.org/medical-school-admission-requirements/medical-school-admission-requirements-reports-applicants-and-advisors,data/raw/aamc/msar_reports/12_msar002-msar-premed-course-requirements.pdf,57,1300,400.221,CA,"University of California, Los Angeles David Geffen School of Medicine","University of California, Los Angeles David Geffen School of Medicine",Psychology,BESS,Recommended,,,,,,,,Lab and other checkbox-style fields may be symbol-rendered in the PDF and should be reviewed before use.
aamc_msar_premed_course_requirements,AAMC MSAR Advisor Reports,https://students-residents.aamc.org/medical-school-admission-requirements/medical-school-admission-requirements-reports-applicants-and-advisors,data/raw/aamc/msar_reports/12_msar002-msar-premed-course-requirements.pdf,58,1300,314.501,CA,"University of California, Los Angeles David Geffen School of Medicine","University of California, Los Angeles David Geffen School of Medicine",Sociology,BESS,Recommended,,,,,,,,Lab and other checkbox-style fields may be symbol-rendered in the PDF and should be reviewed before use.
aamc_msar_premed_course_requirements,AAMC MSAR Advisor Reports,https://students-residents.aamc.org/medical-school-admission-requirements/medical-school-admission-requirements-reports-applicants-and-advisors,data/raw/aamc/msar_reports/12_msar002-msar-premed-course-requirements.pdf,59,1300,228.781,CA,"University of California, Los Angeles David Geffen School of Medicine","University of California, Los Angeles David Geffen School of Medicine",Statistics,MATH,Recommended,,,,,,,,Lab and other checkbox-style fields may be symbol-rendered in the PDF and should be reviewed before use.
aamc_msar_premed_course_requirements,AAMC MSAR Advisor Reports,https://students-residents.aamc.org/medical-school-admission-requirements/medical-school-admission-requirements-reports-applicants-and-advisors,data/raw/aamc/msar_reports/12_msar002-msar-premed-course-requirements.pdf,60,1342,409.661,CA,"University of California, Riverside School of Medicine","University of California, Riverside School of Medicine",Biology,BIOL,Required,"Eligible coursework must focus on human or cellular biology (e.g., General, Cell, Molecular, and Developmental Biology, Genetics, or Human Anatomy). We do not accept any Biology courses that focus on Environmental Science, Ecology, Evolution, Plant Biology, and behavioral based Biology courses. Included credit hours are based on semester hours. Lab hours will count towards total semester hours, however, labs are optional.",8,,,,,,Lab and other checkbox-style fields may be symbol-rendered in the PDF and should be reviewed before use.
aamc_msar_premed_course_requirements,AAMC MSAR Advisor Reports,https://students-residents.aamc.org/medical-school-admission-requirements/medical-school-admission-requirements-reports-applicants-and-advisors,data/raw/aamc/msar_reports/12_msar002-msar-premed-course-requirements.pdf,61,1342,193.661,CA,"University of California, Riverside School of Medicine","University of California, Riverside School of Medicine",Chemistry,CHEM,Required,"Eligible courses to fulfill the requirement, must include General Chemistry, Organic Chemistry, and Biochemsitry. Included credit hours are based on semester hours. Lab hours will count towards total semester hours, however, labs are optional.",16,,,,,,Lab and other checkbox-style fields may be symbol-rendered in the PDF and should be reviewed before use.
aamc_msar_premed_course_requirements,AAMC MSAR Advisor Reports,https://students-residents.aamc.org/medical-school-admission-requirements/medical-school-admission-requirements-reports-applicants-and-advisors,data/raw/aamc/msar_reports/12_msar002-msar-premed-course-requirements.pdf,62,1364,454.661,CA,"University of California, Riverside School of Medicine","University of California, Riverside School of Medicine",Mathematics,MATH,Required,"Eligible courses to fulfill the requirement is Calculus and/or Statistics. Included credit hours are based on semester hours. Lab hours will count towards total semester hours, however, labs are optional.",8,,,,,,Lab and other checkbox-style fields may be symbol-rendered in the PDF and should be reviewed before use.
aamc_msar_premed_course_requirements,AAMC MSAR Advisor Reports,https://students-residents.aamc.org/medical-school-admission-requirements/medical-school-admission-requirements-reports-applicants-and-advisors,data/raw/aamc/msar_reports/12_msar002-msar-premed-course-requirements.pdf,63,1364,247.660,CA,"University of California, Riverside School of Medicine","University of California, Riverside School of Medicine",Physics,PHYS,Required,"Eligible coursework includes a standard general physics sequence or any advanced physics courses beyond the introductory level. Included credit hours are based on semester hours. Lab hours will count towards total semester hours, however, labs are optional.",8,,,,,,Lab and other checkbox-style fields may be symbol-rendered in the PDF and should be reviewed before use.
aamc_msar_premed_course_requirements,AAMC MSAR Advisor Reports,https://students-residents.aamc.org/medical-school-admission-requirements/medical-school-admission-requirements-reports-applicants-and-advisors,data/raw/aamc/msar_reports/12_msar002-msar-premed-course-requirements.pdf,64,1386,485.942,CA,"University of California, San Diego School of Medicine","University of California, San Diego School of Medicine",Biochemistry,CHEM,Recommended,,,,,,,,Lab and other checkbox-style fields may be symbol-rendered in the PDF and should be reviewed before use.
aamc_msar_premed_course_requirements,AAMC MSAR Advisor Reports,https://students-residents.aamc.org/medical-school-admission-requirements/medical-school-admission-requirements-reports-applicants-and-advisors,data/raw/aamc/msar_reports/12_msar002-msar-premed-course-requirements.pdf,65,1386,355.221,CA,"University of California, San Diego School of Medicine","University of California, San Diego School of Medicine",Biology,BIOL,Recommended,,,,,,,,Lab and other checkbox-style fields may be symbol-rendered in the PDF and should be reviewed before use.
aamc_msar_premed_course_requirements,AAMC MSAR Advisor Reports,https://students-residents.aamc.org/medical-school-admission-requirements/medical-school-admission-requirements-reports-applicants-and-advisors,data/raw/aamc/msar_reports/12_msar002-msar-premed-course-requirements.pdf,66,1386,224.501,CA,"University of California, San Diego School of Medicine","University of California, San Diego School of Medicine",Chemistry,CHEM,Recommended,,,,,,,,Lab and other checkbox-style fields may be symbol-rendered in the PDF and should be reviewed before use.
aamc_msar_premed_course_requirements,AAMC MSAR Advisor Reports,https://students-residents.aamc.org/medical-school-admission-requirements/medical-school-admission-requirements-reports-applicants-and-advisors,data/raw/aamc/msar_reports/12_msar002-msar-premed-course-requirements.pdf,67,1386,93.781,CA,"University of California, San Diego School of Medicine","University of California, San Diego School of Medicine",Mathematics,MATH,Recommended,,,,,,,,Lab and other checkbox-style fields may be symbol-rendered in the PDF and should be reviewed before use.
aamc_msar_premed_course_requirements,AAMC MSAR Advisor Reports,https://students-residents.aamc.org/medical-school-admission-requirements/medical-school-admission-requirements-reports-applicants-and-advisors,data/raw/aamc/msar_reports/12_msar002-msar-premed-course-requirements.pdf,68,1428,373.941,CA,"University of California, San Diego School of Medicine","University of California, San Diego School of Medicine",Physics,PHYS,Recommended,,,,,,,,Lab and other checkbox-style fields may be symbol-rendered in the PDF and should be reviewed before use.
aamc_msar_premed_course_requirements,AAMC MSAR Advisor Reports,https://students-residents.aamc.org/medical-school-admission-requirements/medical-school-admission-requirements-reports-applicants-and-advisors,data/raw/aamc/msar_reports/12_msar002-msar-premed-course-requirements.pdf,69,1428,243.221,CA,"University of California, San Diego School of Medicine","University of California, San Diego School of Medicine",Statistics,MATH,Recommended,,,,,,,,Lab and other checkbox-style fields may be symbol-rendered in the PDF and should be reviewed before use.
aamc_msar_premed_course_requirements,AAMC MSAR Advisor Reports,https://students-residents.aamc.org/medical-school-admission-requirements/medical-school-admission-requirements-reports-applicants-and-advisors,data/raw/aamc/msar_reports/12_msar002-msar-premed-course-requirements.pdf,70,1428,108.220,CA,"University of California, San Francisco, School of Medicine","University of California, San Francisco, School of Medicine",Biochemistry,CHEM,Required,One (1) semester or quarter of colleve-level Biochemistry.,,,,,,,Lab and other checkbox-style fields may be symbol-rendered in the PDF and should be reviewed before use.
aamc_msar_premed_course_requirements,AAMC MSAR Advisor Reports,https://students-residents.aamc.org/medical-school-admission-requirements/medical-school-admission-requirements-reports-applicants-and-advisors,data/raw/aamc/msar_reports/12_msar002-msar-premed-course-requirements.pdf,71,1480,481.663,CA,"University of California, San Francisco, School of Medicine","University of California, San Francisco, School of Medicine",Inorganic Chemistry,CHEM,Recommended,One (1) semester or two (2) quarters of college- level Inorganic Chemistry.,,,,,,,Lab and other checkbox-style fields may be symbol-rendered in the PDF and should be reviewed before use.
aamc_msar_premed_course_requirements,AAMC MSAR Advisor Reports,https://students-residents.aamc.org/medical-school-admission-requirements/medical-school-admission-requirements-reports-applicants-and-advisors,data/raw/aamc/msar_reports/12_msar002-msar-premed-course-requirements.pdf,72,1532,445.661,CT,Frank H. Netter MD School of Medicine at Quinnipiac University,Frank H. Netter MD School of Medicine at Quinnipiac University,Chemistry,CHEM,Required,"THREE courses of Chemistry, including one of Organic Chemistry, are required. Courses may each be one semester/trimester/quarter based on the calendar of the institution. Because different institutions use different credit hours, no specific credit hours will be listed below.",,,,,,,Lab and other checkbox-style fields may be symbol-rendered in the PDF and should be reviewed before use.
aamc_msar_premed_course_requirements,AAMC MSAR Advisor Reports,https://students-residents.aamc.org/medical-school-admission-requirements/medical-school-admission-requirements-reports-applicants-and-advisors,data/raw/aamc/msar_reports/12_msar002-msar-premed-course-requirements.pdf,73,1532,265.661,CT,Frank H. Netter MD School of Medicine at Quinnipiac University,Frank H. Netter MD School of Medicine at Quinnipiac University,Composition & Rhetoric,ENGL,Required,"TWO writing-based courses are required. Courses typically come through Humanities or Social Science departments. Courses may each be one semester/trimester/quarter based on the calendar of the institution. Because different institutions use different credit hours, no specific credit hours will be listed below. If courses are not delivered though an English department, syllabuses for courses should be added to the applicant's Secondary Application portal.",,,,,,,Lab and other checkbox-style fields may be symbol-rendered in the PDF and should be reviewed before use.
aamc_msar_premed_course_requirements,AAMC MSAR Advisor Reports,https://students-residents.aamc.org/medical-school-admission-requirements/medical-school-admission-requirements-reports-applicants-and-advisors,data/raw/aamc/msar_reports/12_msar002-msar-premed-course-requirements.pdf,74,1532,121.660,CT,Frank H. Netter MD School of Medicine at Quinnipiac University,Frank H. Netter MD School of Medicine at Quinnipiac University,Mathematics,MATH,Required,"TWO courses of either Mathematics, Statistics, or Biostatistics are required. Courses may each be one semester/trimester/quarter based on the calendar of the institution. Because different institutions use different credit hours, no specific credit hours will be listed below.",,,,,,,Lab and other checkbox-style fields may be symbol-rendered in the PDF and should be reviewed before use.
aamc_msar_premed_course_requirements,AAMC MSAR Advisor Reports,https://students-residents.aamc.org/medical-school-admission-requirements/medical-school-admission-requirements-reports-applicants-and-advisors,data/raw/aamc/msar_reports/12_msar002-msar-premed-course-requirements.pdf,75,1564,445.661,CT,Frank H. Netter MD School of Medicine at Quinnipiac University,Frank H. Netter MD School of Medicine at Quinnipiac University,Physics,PHYS,Required,"TWO courses of Physics are required. Courses may each be one semester/trimester/quarter based on the calendar of the institution. Because different institutions use different credit hours, no specific credit hours will be listed below.",,,,,,,Lab and other checkbox-style fields may be symbol-rendered in the PDF and should be reviewed before use.
aamc_msar_premed_course_requirements,AAMC MSAR Advisor Reports,https://students-residents.aamc.org/medical-school-admission-requirements/medical-school-admission-requirements-reports-applicants-and-advisors,data/raw/aamc/msar_reports/12_msar002-msar-premed-course-requirements.pdf,76,1564,337.661,CT,University of Connecticut School of Medicine,University of Connecticut School of Medicine,Biology,BIOL,Required,"Biology or Zoology, 1 year of college credit with lab.",0,,,,,,Lab and other checkbox-style fields may be symbol-rendered in the PDF and should be reviewed before use.
aamc_msar_premed_course_requirements,AAMC MSAR Advisor Reports,https://students-residents.aamc.org/medical-school-admission-requirements/medical-school-admission-requirements-reports-applicants-and-advisors,data/raw/aamc/msar_reports/12_msar002-msar-premed-course-requirements.pdf,77,1564,283.660,CT,University of Connecticut School of Medicine,University of Connecticut School of Medicine,Chemistry,CHEM,Required,2 years of college credit with lab with at least 1 semester being Organic Chemistry,,,,,,,Lab and other checkbox-style fields may be symbol-rendered in the PDF and should be reviewed before use.
aamc_msar_premed_course_requirements,AAMC MSAR Advisor Reports,https://students-residents.aamc.org/medical-school-admission-requirements/medical-school-admission-requirements-reports-applicants-and-advisors,data/raw/aamc/msar_reports/12_msar002-msar-premed-course-requirements.pdf,78,1564,229.660,CT,University of Connecticut School of Medicine,University of Connecticut School of Medicine,Literature,ENGL,Required,1 year of college credit - courses in composition and literature are strongly recommended,,,,,,,Lab and other checkbox-style fields may be symbol-rendered in the PDF and should be reviewed before use.
aamc_msar_premed_course_requirements,AAMC MSAR Advisor Reports,https://students-residents.aamc.org/medical-school-admission-requirements/medical-school-admission-requirements-reports-applicants-and-advisors,data/raw/aamc/msar_reports/12_msar002-msar-premed-course-requirements.pdf,79,1564,179.939,CT,University of Connecticut School of Medicine,University of Connecticut School of Medicine,Physics,PHYS,Required,1 year of college credit with lab,,,,,,,Lab and other checkbox-style fields may be symbol-rendered in the PDF and should be reviewed before use.
aamc_msar_premed_course_requirements,AAMC MSAR Advisor Reports,https://students-residents.aamc.org/medical-school-admission-requirements/medical-school-admission-requirements-reports-applicants-and-advisors,data/raw/aamc/msar_reports/12_msar002-msar-premed-course-requirements.pdf,80,1616,436.663,CT,Yale School of Medicine,Yale School of Medicine,Biology,BIOL,Required,All applicants must complete a full year of general biology or zoology with a lab (2 semesters). We will accept advanced or higher- level biology courses (such as Genetics or Cell Biology) toward this requirement. Preparation in biology should emphasize human biology and principles of systems biology.,,,,,,,Lab and other checkbox-style fields may be symbol-rendered in the PDF and should be reviewed before use.
aamc_msar_premed_course_requirements,AAMC MSAR Advisor Reports,https://students-residents.aamc.org/medical-school-admission-requirements/medical-school-admission-requirements-reports-applicants-and-advisors,data/raw/aamc/msar_reports/12_msar002-msar-premed-course-requirements.pdf,81,1616,220.662,CT,Yale School of Medicine,Yale School of Medicine,Biostatistics,MATH,Recommended,"In the 2026-27 application year, all applicants are recommended (but not required) to complete a half year of biostatistics. Preparation in biostatistics should address quantitative reasoning and statistical analysis, especially in biological, medical, or public health contexts. Students should reflect the ability to analyze and interpret data, evaluate probability and hypotheses, and apply mathematical principles to explain natural phenomena. In the 2027-28 application year, all applicants are required to complete a half year of biostatistics ( 1 semester).",,,,,,,Lab and other checkbox-style fields may be symbol-rendered in the PDF and should be reviewed before use.
aamc_msar_premed_course_requirements,AAMC MSAR Advisor Reports,https://students-residents.aamc.org/medical-school-admission-requirements/medical-school-admission-requirements-reports-applicants-and-advisors,data/raw/aamc/msar_reports/12_msar002-msar-premed-course-requirements.pdf,82,1616,49.662,CT,Yale School of Medicine,Yale School of Medicine,Chemistry,CHEM,Required,"All applicants must complete a full year of general chemistry with lab (2 semesters), one semester of organic chemistry with lab and one semester of biochemistry (lab recommended, but not required). Preparation in chemistry should include exposure to general chemistry, organic chemistry, and biochemistry in a sequence that provides the foundation for the study of biologically relevant chemistry.",,,,,,,Lab and other checkbox-style fields may be symbol-rendered in the PDF and should be reviewed before use.
aamc_msar_premed_course_requirements,AAMC MSAR Advisor Reports,https://students-residents.aamc.org/medical-school-admission-requirements/medical-school-admission-requirements-reports-applicants-and-advisors,data/raw/aamc/msar_reports/12_msar002-msar-premed-course-requirements.pdf,83,1648,351.661,CT,Yale School of Medicine,Yale School of Medicine,Physics,PHYS,Required,"All applicants must complete a full year of general physics with lab (2 semesters). Preparation in physics should focus on biologically relevant areas of mechanics, kinetics, thermodynamics, the properties of matter (quantum theory) and wave theory, electricity and magnetism, and optics.",,,,,,,Lab and other checkbox-style fields may be symbol-rendered in the PDF and should be reviewed before use.
aamc_msar_premed_course_requirements,AAMC MSAR Advisor Reports,https://students-residents.aamc.org/medical-school-admission-requirements/medical-school-admission-requirements-reports-applicants-and-advisors,data/raw/aamc/msar_reports/12_msar002-msar-premed-course-requirements.pdf,84,1648,247.941,DC,George Washington University School of Medicine & Health Sciences,George Washington University School of Medicine & Health Sciences,Biochemistry,CHEM,Required,,4,,,,,,Lab and other checkbox-style fields may be symbol-rendered in the PDF and should be reviewed before use.
aamc_msar_premed_course_requirements,AAMC MSAR Advisor Reports,https://students-residents.aamc.org/medical-school-admission-requirements/medical-school-admission-requirements-reports-applicants-and-advisors,data/raw/aamc/msar_reports/12_msar002-msar-premed-course-requirements.pdf,85,1750,485.942,DC,Georgetown University School of Medicine,Georgetown University School of Medicine,Mathematics,MATH,Required,College Algebra level or higher,3,,,,,,Lab and other checkbox-style fields may be symbol-rendered in the PDF and should be reviewed before use.
aamc_msar_premed_course_requirements,AAMC MSAR Advisor Reports,https://students-residents.aamc.org/medical-school-admission-requirements/medical-school-admission-requirements-reports-applicants-and-advisors,data/raw/aamc/msar_reports/12_msar002-msar-premed-course-requirements.pdf,86,1912,485.943,FL,Charles E. Schmidt College of Medicine at Florida Atlantic University,Charles E. Schmidt College of Medicine at Florida Atlantic University,Physical Chemistry,CHEM,Required,General Chemistry 1 & 2,8,,,,,,Lab and other checkbox-style fields may be symbol-rendered in the PDF and should be reviewed before use.
aamc_msar_premed_course_requirements,AAMC MSAR Advisor Reports,https://students-residents.aamc.org/medical-school-admission-requirements/medical-school-admission-requirements-reports-applicants-and-advisors,data/raw/aamc/msar_reports/12_msar002-msar-premed-course-requirements.pdf,87,1912,301.223,FL,Charles E. Schmidt College of Medicine at Florida Atlantic University,Charles E. Schmidt College of Medicine at Florida Atlantic University,Physics,PHYS,Required,,8,,,,,,Lab and other checkbox-style fields may be symbol-rendered in the PDF and should be reviewed before use.
aamc_msar_premed_course_requirements,AAMC MSAR Advisor Reports,https://students-residents.aamc.org/medical-school-admission-requirements/medical-school-admission-requirements-reports-applicants-and-advisors,data/raw/aamc/msar_reports/12_msar002-msar-premed-course-requirements.pdf,88,1912,143.502,FL,Charles E. Schmidt College of Medicine at Florida Atlantic University,Charles E. Schmidt College of Medicine at Florida Atlantic University,Psychology,BESS,Recommended,,3,,,,,,Lab and other checkbox-style fields may be symbol-rendered in the PDF and should be reviewed before use.
aamc_msar_premed_course_requirements,AAMC MSAR Advisor Reports,https://students-residents.aamc.org/medical-school-admission-requirements/medical-school-admission-requirements-reports-applicants-and-advisors,data/raw/aamc/msar_reports/12_msar002-msar-premed-course-requirements.pdf,89,1984,481.661,FL,Florida International University Herbert Wertheim College of Medicine,Florida International University Herbert Wertheim College of Medicine,Mathematics,MATH,Required,2 semesters satisfied by any Mathematics or Statistics Courses,6,,,,,,Lab and other checkbox-style fields may be symbol-rendered in the PDF and should be reviewed before use.
aamc_msar_premed_course_requirements,AAMC MSAR Advisor Reports,https://students-residents.aamc.org/medical-school-admission-requirements/medical-school-admission-requirements-reports-applicants-and-advisors,data/raw/aamc/msar_reports/12_msar002-msar-premed-course-requirements.pdf,90,2046,382.943,FL,Florida State University College of Medicine,Florida State University College of Medicine,Composition & Rhetoric,ENGL,Required,,6,,,,,,Lab and other checkbox-style fields may be symbol-rendered in the PDF and should be reviewed before use.
aamc_msar_premed_course_requirements,AAMC MSAR Advisor Reports,https://students-residents.aamc.org/medical-school-admission-requirements/medical-school-admission-requirements-reports-applicants-and-advisors,data/raw/aamc/msar_reports/12_msar002-msar-premed-course-requirements.pdf,91,2046,261.222,FL,Florida State University College of Medicine,Florida State University College of Medicine,Genetics,BIOL,Recommended,,3,,,,,,Lab and other checkbox-style fields may be symbol-rendered in the PDF and should be reviewed before use.
aamc_msar_premed_course_requirements,AAMC MSAR Advisor Reports,https://students-residents.aamc.org/medical-school-admission-requirements/medical-school-admission-requirements-reports-applicants-and-advisors,data/raw/aamc/msar_reports/12_msar002-msar-premed-course-requirements.pdf,92,2110,485.942,FL,Nova Southeastern University Dr. Kiran C. Patel College of Allopathic Medicine,Nova Southeastern University Dr. Kiran C. Patel College of Allopathic Medicine,Biochemistry,CHEM,Required,Biochemistry: 1 semester with or without lab,,,,,,,Lab and other checkbox-style fields may be symbol-rendered in the PDF and should be reviewed before use.
aamc_msar_premed_course_requirements,AAMC MSAR Advisor Reports,https://students-residents.aamc.org/medical-school-admission-requirements/medical-school-admission-requirements-reports-applicants-and-advisors,data/raw/aamc/msar_reports/12_msar002-msar-premed-course-requirements.pdf,93,2110,368.941,FL,Nova Southeastern University Dr. Kiran C. Patel College of Allopathic Medicine,Nova Southeastern University Dr. Kiran C. Patel College of Allopathic Medicine,Biology,BIOL,Required,Introduction to Biology: 2 semesters (or equivalent) with lab,,,,,,,Lab and other checkbox-style fields may be symbol-rendered in the PDF and should be reviewed before use.
aamc_msar_premed_course_requirements,AAMC MSAR Advisor Reports,https://students-residents.aamc.org/medical-school-admission-requirements/medical-school-admission-requirements-reports-applicants-and-advisors,data/raw/aamc/msar_reports/12_msar002-msar-premed-course-requirements.pdf,94,2110,233.940,FL,Nova Southeastern University Dr. Kiran C. Patel College of Allopathic Medicine,Nova Southeastern University Dr. Kiran C. Patel College of Allopathic Medicine,Chemistry,CHEM,Required,General Chemistry: 2 semesters (or equivalent) with lab Organic Chemistry: 2 semesters (or equivalent) with lab,,,,,,,Lab and other checkbox-style fields may be symbol-rendered in the PDF and should be reviewed before use.
aamc_msar_premed_course_requirements,AAMC MSAR Advisor Reports,https://students-residents.aamc.org/medical-school-admission-requirements/medical-school-admission-requirements-reports-applicants-and-advisors,data/raw/aamc/msar_reports/12_msar002-msar-premed-course-requirements.pdf,95,2142,472.663,FL,Nova Southeastern University Dr. Kiran C. Patel College of Allopathic Medicine,Nova Southeastern University Dr. Kiran C. Patel College of Allopathic Medicine,Mathematics,MATH,Required,Mathematics (college level): 1 semester (or equivalent). Calculus is not required. Statistics is acceptable.,,,,,,,Lab and other checkbox-style fields may be symbol-rendered in the PDF and should be reviewed before use.
aamc_msar_premed_course_requirements,AAMC MSAR Advisor Reports,https://students-residents.aamc.org/medical-school-admission-requirements/medical-school-admission-requirements-reports-applicants-and-advisors,data/raw/aamc/msar_reports/12_msar002-msar-premed-course-requirements.pdf,96,2142,355.662,FL,Nova Southeastern University Dr. Kiran C. Patel College of Allopathic Medicine,Nova Southeastern University Dr. Kiran C. Patel College of Allopathic Medicine,Physics,PHYS,Required,General Physics: 2 semesters (or equivalent) with or without lab,,,,,,,Lab and other checkbox-style fields may be symbol-rendered in the PDF and should be reviewed before use.
aamc_msar_premed_course_requirements,AAMC MSAR Advisor Reports,https://students-residents.aamc.org/medical-school-admission-requirements/medical-school-admission-requirements-reports-applicants-and-advisors,data/raw/aamc/msar_reports/12_msar002-msar-premed-course-requirements.pdf,97,2142,242.942,FL,University of Central Florida College of Medicine,University of Central Florida College of Medicine,Anatomy,BIOL,Recommended,,,,,,,,Lab and other checkbox-style fields may be symbol-rendered in the PDF and should be reviewed before use.
aamc_msar_premed_course_requirements,AAMC MSAR Advisor Reports,https://students-residents.aamc.org/medical-school-admission-requirements/medical-school-admission-requirements-reports-applicants-and-advisors,data/raw/aamc/msar_reports/12_msar002-msar-premed-course-requirements.pdf,98,2264,485.942,FL,University of Central Florida College of Medicine,University of Central Florida College of Medicine,Organic Chemistry,CHEM,Required,,4,,,,,,Lab and other checkbox-style fields may be symbol-rendered in the PDF and should be reviewed before use.
aamc_msar_premed_course_requirements,AAMC MSAR Advisor Reports,https://students-residents.aamc.org/medical-school-admission-requirements/medical-school-admission-requirements-reports-applicants-and-advisors,data/raw/aamc/msar_reports/12_msar002-msar-premed-course-requirements.pdf,99,2346,463.661,FL,University of Florida College of Medicine,University of Florida College of Medicine,Chemistry,CHEM,Required,"General Chemistry I and II with Labs or equivalent accelerated course or sequence approved by the undergraduate institution for a premedical, biology or chemistry track.",8,,,,,,Lab and other checkbox-style fields may be symbol-rendered in the PDF and should be reviewed before use.
aamc_msar_premed_course_requirements,AAMC MSAR Advisor Reports,https://students-residents.aamc.org/medical-school-admission-requirements/medical-school-admission-requirements-reports-applicants-and-advisors,data/raw/aamc/msar_reports/12_msar002-msar-premed-course-requirements.pdf,100,2346,256.661,FL,University of Florida College of Medicine,University of Florida College of Medicine,Physics,PHYS,Required,"General Physics I and II with Labs or equivalent accelerated course or sequence approved by the undergraduate institution to meet the physics requirement of a premedical track, or of a biology, chemistry, physics or engineering major.",8,,,,,,Lab and other checkbox-style fields may be symbol-rendered in the PDF and should be reviewed before use.
aamc_msar_premed_course_requirements,AAMC MSAR Advisor Reports,https://students-residents.aamc.org/medical-school-admission-requirements/medical-school-admission-requirements-reports-applicants-and-advisors,data/raw/aamc/msar_reports/12_msar002-msar-premed-course-requirements.pdf,101,2368,472.663,FL,University of Miami Leonard M. Miller School of Medicine,University of Miami Leonard M. Miller School of Medicine,Biochemistry,CHEM,Required,"Biochemistry +/- Lab. This means a biochemistry course is required, but a biochemistry lab is only recommended.",,,,,,,Lab and other checkbox-style fields may be symbol-rendered in the PDF and should be reviewed before use.
aamc_msar_premed_course_requirements,AAMC MSAR Advisor Reports,https://students-residents.aamc.org/medical-school-admission-requirements/medical-school-admission-requirements-reports-applicants-and-advisors,data/raw/aamc/msar_reports/12_msar002-msar-premed-course-requirements.pdf,102,2368,377.942,FL,University of Miami Leonard M. Miller School of Medicine,University of Miami Leonard M. Miller School of Medicine,Biology,BIOL,Required,Biology + Lab: 2 semesters/3 quarters,,,,,,,Lab and other checkbox-style fields may be symbol-rendered in the PDF and should be reviewed before use.
aamc_msar_premed_course_requirements,AAMC MSAR Advisor Reports,https://students-residents.aamc.org/medical-school-admission-requirements/medical-school-admission-requirements-reports-applicants-and-advisors,data/raw/aamc/msar_reports/12_msar002-msar-premed-course-requirements.pdf,103,2368,269.942,FL,University of Miami Leonard M. Miller School of Medicine,University of Miami Leonard M. Miller School of Medicine,Chemistry,CHEM,Required,Chemistry + Lab: 2 Semesters/ 3 Quarters & Organic Chemistry + Lab: 2 Semesters/ 3 Quarters,,,,,,,Lab and other checkbox-style fields may be symbol-rendered in the PDF and should be reviewed before use.
aamc_msar_premed_course_requirements,AAMC MSAR Advisor Reports,https://students-residents.aamc.org/medical-school-admission-requirements/medical-school-admission-requirements-reports-applicants-and-advisors,data/raw/aamc/msar_reports/12_msar002-msar-premed-course-requirements.pdf,104,2368,175.222,FL,University of Miami Leonard M. Miller School of Medicine,University of Miami Leonard M. Miller School of Medicine,Composition & Rhetoric,ENGL,Required,English: 2 Semesters/3 Quarters,,,,,,,Lab and other checkbox-style fields may be symbol-rendered in the PDF and should be reviewed before use.
aamc_msar_premed_course_requirements,AAMC MSAR Advisor Reports,https://students-residents.aamc.org/medical-school-admission-requirements/medical-school-admission-requirements-reports-applicants-and-advisors,data/raw/aamc/msar_reports/12_msar002-msar-premed-course-requirements.pdf,105,2420,463.661,FL,University of Miami Leonard M. Miller School of Medicine,University of Miami Leonard M. Miller School of Medicine,Psychology,BESS,Required,"Required: 2 Semesters/3 Quarters of Behavioral Science. Behavioral science may include such courses as anthropology, economics, family studies, psychology, and sociology.",,,,,,,Lab and other checkbox-style fields may be symbol-rendered in the PDF and should be reviewed before use.
aamc_msar_premed_course_requirements,AAMC MSAR Advisor Reports,https://students-residents.aamc.org/medical-school-admission-requirements/medical-school-admission-requirements-reports-applicants-and-advisors,data/raw/aamc/msar_reports/12_msar002-msar-premed-course-requirements.pdf,106,2420,368.941,FL,USF Health Morsani College of Medicine,USF Health Morsani College of Medicine,Biochemistry,CHEM,Required,,3,,,,,,Lab and other checkbox-style fields may be symbol-rendered in the PDF and should be reviewed before use.
aamc_msar_premed_course_requirements,AAMC MSAR Advisor Reports,https://students-residents.aamc.org/medical-school-admission-requirements/medical-school-admission-requirements-reports-applicants-and-advisors,data/raw/aamc/msar_reports/12_msar002-msar-premed-course-requirements.pdf,107,2420,292.221,FL,USF Health Morsani College of Medicine,USF Health Morsani College of Medicine,Biology,BIOL,Required,,8,,,,,,Lab and other checkbox-style fields may be symbol-rendered in the PDF and should be reviewed before use.
aamc_msar_premed_course_requirements,AAMC MSAR Advisor Reports,https://students-residents.aamc.org/medical-school-admission-requirements/medical-school-admission-requirements-reports-applicants-and-advisors,data/raw/aamc/msar_reports/12_msar002-msar-premed-course-requirements.pdf,108,2420,215.500,FL,USF Health Morsani College of Medicine,USF Health Morsani College of Medicine,Genetics,BIOL,Recommended,,,,,,,,Lab and other checkbox-style fields may be symbol-rendered in the PDF and should be reviewed before use.
aamc_msar_premed_course_requirements,AAMC MSAR Advisor Reports,https://students-residents.aamc.org/medical-school-admission-requirements/medical-school-admission-requirements-reports-applicants-and-advisors,data/raw/aamc/msar_reports/12_msar002-msar-premed-course-requirements.pdf,109,2420,138.780,FL,USF Health Morsani College of Medicine,USF Health Morsani College of Medicine,Mathematics,MATH,Required,,6,,,,,,Lab and other checkbox-style fields may be symbol-rendered in the PDF and should be reviewed before use.
aamc_msar_premed_course_requirements,AAMC MSAR Advisor Reports,https://students-residents.aamc.org/medical-school-admission-requirements/medical-school-admission-requirements-reports-applicants-and-advisors,data/raw/aamc/msar_reports/12_msar002-msar-premed-course-requirements.pdf,110,2472,485.942,FL,USF Health Morsani College of Medicine,USF Health Morsani College of Medicine,Physics,PHYS,Required,,8,,,,,,Lab and other checkbox-style fields may be symbol-rendered in the PDF and should be reviewed before use.
aamc_msar_premed_course_requirements,AAMC MSAR Advisor Reports,https://students-residents.aamc.org/medical-school-admission-requirements/medical-school-admission-requirements-reports-applicants-and-advisors,data/raw/aamc/msar_reports/12_msar002-msar-premed-course-requirements.pdf,111,2472,409.221,FL,USF Health Morsani College of Medicine,USF Health Morsani College of Medicine,Psychology,BESS,Recommended,,,,,,,,Lab and other checkbox-style fields may be symbol-rendered in the PDF and should be reviewed before use.
aamc_msar_premed_course_requirements,AAMC MSAR Advisor Reports,https://students-residents.aamc.org/medical-school-admission-requirements/medical-school-admission-requirements-reports-applicants-and-advisors,data/raw/aamc/msar_reports/12_msar002-msar-premed-course-requirements.pdf,112,2472,332.501,FL,USF Health Morsani College of Medicine,USF Health Morsani College of Medicine,Zoology,BIOL,Recommended,,,,,,,,Lab and other checkbox-style fields may be symbol-rendered in the PDF and should be reviewed before use.
aamc_msar_premed_course_requirements,AAMC MSAR Advisor Reports,https://students-residents.aamc.org/medical-school-admission-requirements/medical-school-admission-requirements-reports-applicants-and-advisors,data/raw/aamc/msar_reports/12_msar002-msar-premed-course-requirements.pdf,113,2472,255.781,GA,Emory University School of Medicine,Emory University School of Medicine,Biology,BIOL,Required,Two semesters of Biology with lab,8,,,,,,Lab and other checkbox-style fields may be symbol-rendered in the PDF and should be reviewed before use.
aamc_msar_premed_course_requirements,AAMC MSAR Advisor Reports,https://students-residents.aamc.org/medical-school-admission-requirements/medical-school-admission-requirements-reports-applicants-and-advisors,data/raw/aamc/msar_reports/12_msar002-msar-premed-course-requirements.pdf,114,2544,409.663,GA,Medical College of Georgia at Augusta University,Medical College of Georgia at Augusta University,Chemistry,CHEM,Required,"One academic year of Chemistry during college. Of the year, one semester must be Organic Chemistry and one semester must be Biochemistry. AP credit may NOT be used to place out of this requirement. Online coursework is acceptable from a regionally accredited institution. It must appear on the official transcript. Letter grades are preferred but pass/fail is acceptable if the coursework was completed at a regionally accredited institution.",,,,,,,Lab and other checkbox-style fields may be symbol-rendered in the PDF and should be reviewed before use.
aamc_msar_premed_course_requirements,AAMC MSAR Advisor Reports,https://students-residents.aamc.org/medical-school-admission-requirements/medical-school-admission-requirements-reports-applicants-and-advisors,data/raw/aamc/msar_reports/12_msar002-msar-premed-course-requirements.pdf,115,2586,485.942,GA,Mercer University School of Medicine,Mercer University School of Medicine,Biochemistry,CHEM,Recommended,,,,,,,,Lab and other checkbox-style fields may be symbol-rendered in the PDF and should be reviewed before use.
aamc_msar_premed_course_requirements,AAMC MSAR Advisor Reports,https://students-residents.aamc.org/medical-school-admission-requirements/medical-school-admission-requirements-reports-applicants-and-advisors,data/raw/aamc/msar_reports/12_msar002-msar-premed-course-requirements.pdf,116,2586,264.941,GA,Mercer University School of Medicine,Mercer University School of Medicine,Chemistry,CHEM,Required,"8 hrs of General, Oragnic, and Inorganic Chemistry with lab. Those with AP credits must have taken advanced courses with lab in the same domain in college. Online laboratory credits accepted only if taken during the COVID- 19 interruption. As for Organic Chemistry, those with AP credits must have taken advance courses with lab, such as Biochemistry. Biochem with lab may substitute for second organic semester. Online labs accepted only if taken during the COVID-19 interruption.",8,,,,,,Lab and other checkbox-style fields may be symbol-rendered in the PDF and should be reviewed before use.
aamc_msar_premed_course_requirements,AAMC MSAR Advisor Reports,https://students-residents.aamc.org/medical-school-admission-requirements/medical-school-admission-requirements-reports-applicants-and-advisors,data/raw/aamc/msar_reports/12_msar002-msar-premed-course-requirements.pdf,117,2688,481.661,GA,Morehouse School of Medicine,Morehouse School of Medicine,Genetics,BIOL,Recommended,A minimum of 3 semester hours or 5 quarter hours. Laboratory component is not required,3,,,,,,Lab and other checkbox-style fields may be symbol-rendered in the PDF and should be reviewed before use.
aamc_msar_premed_course_requirements,AAMC MSAR Advisor Reports,https://students-residents.aamc.org/medical-school-admission-requirements/medical-school-admission-requirements-reports-applicants-and-advisors,data/raw/aamc/msar_reports/12_msar002-msar-premed-course-requirements.pdf,118,2870,427.663,HI,"University of Hawaii, John A. Burns School of Medicine","University of Hawaii, John A. Burns School of Medicine",Biochemistry,CHEM,Required,"One course in biochemistry coursework (no lab required): Function and composition of biological substances and their metabolic transformation in animals, plants, microorganisms. Molecular basis of living processes in bacteria, plants, and animals; emphasis on metabolism of carbohydrates, lipids, proteins, and nucleic acids.",,,,,,,Lab and other checkbox-style fields may be symbol-rendered in the PDF and should be reviewed before use.
aamc_msar_premed_course_requirements,AAMC MSAR Advisor Reports,https://students-residents.aamc.org/medical-school-admission-requirements/medical-school-admission-requirements-reports-applicants-and-advisors,data/raw/aamc/msar_reports/12_msar002-msar-premed-course-requirements.pdf,119,2870,220.662,HI,"University of Hawaii, John A. Burns School of Medicine","University of Hawaii, John A. Burns School of Medicine",Biology,BIOL,Required,"One academic year of biology coursework with lab: Introductory biology for all life science majors. Cell structure and chemistry; growth, reproduction, genetics, evolution, viruses, bacteria, and simple eukaryotes. Must also include Anatomy, physiology, and systematics of plants and animals; behavior; ecosystems, populations, and communities.",,,,,,,Lab and other checkbox-style fields may be symbol-rendered in the PDF and should be reviewed before use.
aamc_msar_premed_course_requirements,AAMC MSAR Advisor Reports,https://students-residents.aamc.org/medical-school-admission-requirements/medical-school-admission-requirements-reports-applicants-and-advisors,data/raw/aamc/msar_reports/12_msar002-msar-premed-course-requirements.pdf,120,2892,391.661,HI,"University of Hawaii, John A. Burns School of Medicine","University of Hawaii, John A. Burns School of Medicine",Chemistry,CHEM,Required,"One academic year of general chemistry coursework with lab: Basic principles of chemistry, including stoichiometry. Introduction to solution phase chemistry. Gas phase chemistry. Thermodynamics, including enthalpies of formation and reaction. Atomic structure, periodic trends, chemical bonding, molecular structure. One academic year of organic chemistry coursework with lab: Molecular structure, stereochemistry, spectroscopy, mechanisms, reactions, and synthesis of organic compounds",,,,,,,Lab and other checkbox-style fields may be symbol-rendered in the PDF and should be reviewed before use.
aamc_msar_premed_course_requirements,AAMC MSAR Advisor Reports,https://students-residents.aamc.org/medical-school-admission-requirements/medical-school-admission-requirements-reports-applicants-and-advisors,data/raw/aamc/msar_reports/12_msar002-msar-premed-course-requirements.pdf,121,2892,184.661,HI,"University of Hawaii, John A. Burns School of Medicine","University of Hawaii, John A. Burns School of Medicine",Physics,PHYS,Required,"One academic year of physics with lab: Non- calculus physics. Mechanics, wave motion, heat. Introduction to experimental analysis, physical observation and measurement, experiments on conservation laws, fluid friction, oscillations. Must also include electricity, magnetism, optics, modern physics, electric and magnetic fields, DC and AC circuitry.",,,,,,,Lab and other checkbox-style fields may be symbol-rendered in the PDF and should be reviewed before use.
aamc_msar_premed_course_requirements,AAMC MSAR Advisor Reports,https://students-residents.aamc.org/medical-school-admission-requirements/medical-school-admission-requirements-reports-applicants-and-advisors,data/raw/aamc/msar_reports/12_msar002-msar-premed-course-requirements.pdf,122,2914,454.661,IA,University of Iowa Roy J. and Lucille A. Carver College of Medicine,University of Iowa Roy J. and Lucille A. Carver College of Medicine,Biochemistry,CHEM,,"1 course that includes a comprehensive review of molecular structures and biochemistry of carbohydrates, nucleic acids and proteins, central metabolic pathways, enzyme functions, and metabolism of carbon based molecules.",,,,,,,Lab and other checkbox-style fields may be symbol-rendered in the PDF and should be reviewed before use.
aamc_msar_premed_course_requirements,AAMC MSAR Advisor Reports,https://students-residents.aamc.org/medical-school-admission-requirements/medical-school-admission-requirements-reports-applicants-and-advisors,data/raw/aamc/msar_reports/12_msar002-msar-premed-course-requirements.pdf,123,2996,427.659,IL,Carle Illinois College of Medicine,Carle Illinois College of Medicine,Biology,BIOL,Recommended,"The Biology and Advanced Biology competencies may be met through coursework: - Biology: two semesters or equivalent with lab - Advanced Biology: one semester or equivalent Both of these competencies may be used for one or two of the required 9 of 11 competencies, but neither are required in and of themselves.",,,,,,,Lab and other checkbox-style fields may be symbol-rendered in the PDF and should be reviewed before use.
aamc_msar_premed_course_requirements,AAMC MSAR Advisor Reports,https://students-residents.aamc.org/medical-school-admission-requirements/medical-school-admission-requirements-reports-applicants-and-advisors,data/raw/aamc/msar_reports/12_msar002-msar-premed-course-requirements.pdf,124,2996,292.658,IL,Carle Illinois College of Medicine,Carle Illinois College of Medicine,Chemistry,CHEM,Recommended,The Chemistry competency is demonstrated through three semesters or equivalent of general and/or organic chemistry with labs. Chemistry competency may be one of the nine out of 11 competencies required but is not required in and of itself.,,,,,,,Lab and other checkbox-style fields may be symbol-rendered in the PDF and should be reviewed before use.
aamc_msar_premed_course_requirements,AAMC MSAR Advisor Reports,https://students-residents.aamc.org/medical-school-admission-requirements/medical-school-admission-requirements-reports-applicants-and-advisors,data/raw/aamc/msar_reports/12_msar002-msar-premed-course-requirements.pdf,125,3018,274.661,IL,Carle Illinois College of Medicine,Carle Illinois College of Medicine,Mathematics,MATH,Recommended,"There are FOUR competencies related to mathematics: - Calculus: two semesters or equivalent, with the higher-level course being equivalent to UIUC's MATH 231 (Calculus II) - Multivariate Calculus: one semester or equivalent, with course content comparable to UIUC's MATH 241 (Calculus III) - Differential Equations: one semester or equivalent, with course content comparable to UIUC's MATH 285 (Intro to Differential Equations) - Linear Algebra: one semester or equivalent, with course content comparable to UIUC's MATH 415 (Applied Linear Algebra) or MATH 257 (Linear Algebra with Computational Applications) One or more of these may be used to meet the required 9 of 11 competencies, but none are required in and of themselves.",,,,,,,Lab and other checkbox-style fields may be symbol-rendered in the PDF and should be reviewed before use.
aamc_msar_premed_course_requirements,AAMC MSAR Advisor Reports,https://students-residents.aamc.org/medical-school-admission-requirements/medical-school-admission-requirements-reports-applicants-and-advisors,data/raw/aamc/msar_reports/12_msar002-msar-premed-course-requirements.pdf,126,3018,148.661,IL,Carle Illinois College of Medicine,Carle Illinois College of Medicine,Physics,PHYS,Recommended,The Physics competency is met through two semesters or equivalent of physics coursework with lab. Physics competency may be one of the nine out of 11 competencies required but is not required in and of itself.,,,,,,,Lab and other checkbox-style fields may be symbol-rendered in the PDF and should be reviewed before use.
aamc_msar_premed_course_requirements,AAMC MSAR Advisor Reports,https://students-residents.aamc.org/medical-school-admission-requirements/medical-school-admission-requirements-reports-applicants-and-advisors,data/raw/aamc/msar_reports/12_msar002-msar-premed-course-requirements.pdf,127,3040,427.661,IL,Carle Illinois College of Medicine,Carle Illinois College of Medicine,Sociology,BESS,Recommended,"The Humanities/Social Science competency may be met through one semester or equivalent of coursework in any humanities or social science discipline, with no preference for a particular subject. The Humanities/Social Science competency may be one of the nine out of 11 competencies required but is not required in and of itself.",,,,,,,Lab and other checkbox-style fields may be symbol-rendered in the PDF and should be reviewed before use.
aamc_msar_premed_course_requirements,AAMC MSAR Advisor Reports,https://students-residents.aamc.org/medical-school-admission-requirements/medical-school-admission-requirements-reports-applicants-and-advisors,data/raw/aamc/msar_reports/12_msar002-msar-premed-course-requirements.pdf,128,3040,301.661,IL,Carle Illinois College of Medicine,Carle Illinois College of Medicine,Statistics,MATH,Recommended,The Statistics competency may be met through one semester or equivalent of Statistics coursework. The Statistics competency may be used as one of the required 9 of 11 competencies but is not required in and of itself.,,,,,,,Lab and other checkbox-style fields may be symbol-rendered in the PDF and should be reviewed before use.
aamc_msar_premed_course_requirements,AAMC MSAR Advisor Reports,https://students-residents.aamc.org/medical-school-admission-requirements/medical-school-admission-requirements-reports-applicants-and-advisors,data/raw/aamc/msar_reports/12_msar002-msar-premed-course-requirements.pdf,129,3040,202.660,IL,Chicago Medical School at Rosalind Franklin University of Medicine & Science,Chicago Medical School at Rosalind Franklin University of Medicine & Science,Biology,BIOL,Required,One year Introductory Biology with accompanying laboratory,8,,,,,,Lab and other checkbox-style fields may be symbol-rendered in the PDF and should be reviewed before use.
aamc_msar_premed_course_requirements,AAMC MSAR Advisor Reports,https://students-residents.aamc.org/medical-school-admission-requirements/medical-school-admission-requirements-reports-applicants-and-advisors,data/raw/aamc/msar_reports/12_msar002-msar-premed-course-requirements.pdf,130,3122,454.659,IL,Loyola University Chicago Stritch School of Medicine,Loyola University Chicago Stritch School of Medicine,Biology,BIOL,Required,"At least 8 credits in biology-based discipline with at least 1 lab course credit in biology-based course. Courses utilized often for this requirement are General Biology I and II, Biochemistry I, or upper level biology courses.",9,,,,,,Lab and other checkbox-style fields may be symbol-rendered in the PDF and should be reviewed before use.
aamc_msar_premed_course_requirements,AAMC MSAR Advisor Reports,https://students-residents.aamc.org/medical-school-admission-requirements/medical-school-admission-requirements-reports-applicants-and-advisors,data/raw/aamc/msar_reports/12_msar002-msar-premed-course-requirements.pdf,131,3122,265.658,IL,Loyola University Chicago Stritch School of Medicine,Loyola University Chicago Stritch School of Medicine,Chemistry,CHEM,Required,"At least 8 credits in a chemistry-based discipline/course AND at least 3 credits of Organic Chemistry (2 sequences of O-Chem are strongly recommended). This includes at least 1 lab course credit in chemistry based course. Courses that satisfy this requirement are often coded as General Chemistry I & II, Organic Chemistry I & II, or upper level chemistry courses.",12,,,,,,Lab and other checkbox-style fields may be symbol-rendered in the PDF and should be reviewed before use.
aamc_msar_premed_course_requirements,AAMC MSAR Advisor Reports,https://students-residents.aamc.org/medical-school-admission-requirements/medical-school-admission-requirements-reports-applicants-and-advisors,data/raw/aamc/msar_reports/12_msar002-msar-premed-course-requirements.pdf,132,3122,143.938,IL,Loyola University Chicago Stritch School of Medicine,Loyola University Chicago Stritch School of Medicine,Physics,PHYS,Recommended,,,,,,,,Lab and other checkbox-style fields may be symbol-rendered in the PDF and should be reviewed before use.
aamc_msar_premed_course_requirements,AAMC MSAR Advisor Reports,https://students-residents.aamc.org/medical-school-admission-requirements/medical-school-admission-requirements-reports-applicants-and-advisors,data/raw/aamc/msar_reports/12_msar002-msar-premed-course-requirements.pdf,133,3174,485.942,IL,Northwestern University The Feinberg School of Medicine,Northwestern University The Feinberg School of Medicine,Biology,BIOL,Required,,8,,,,,,Lab and other checkbox-style fields may be symbol-rendered in the PDF and should be reviewed before use.
aamc_msar_premed_course_requirements,AAMC MSAR Advisor Reports,https://students-residents.aamc.org/medical-school-admission-requirements/medical-school-admission-requirements-reports-applicants-and-advisors,data/raw/aamc/msar_reports/12_msar002-msar-premed-course-requirements.pdf,134,3174,310.221,IL,Northwestern University The Feinberg School of Medicine,Northwestern University The Feinberg School of Medicine,Chemistry,CHEM,Required,,8,,,,,,Lab and other checkbox-style fields may be symbol-rendered in the PDF and should be reviewed before use.
aamc_msar_premed_course_requirements,AAMC MSAR Advisor Reports,https://students-residents.aamc.org/medical-school-admission-requirements/medical-school-admission-requirements-reports-applicants-and-advisors,data/raw/aamc/msar_reports/12_msar002-msar-premed-course-requirements.pdf,135,3174,134.501,IL,Northwestern University The Feinberg School of Medicine,Northwestern University The Feinberg School of Medicine,Composition & Rhetoric,ENGL,Recommended,,,,,,,,Lab and other checkbox-style fields may be symbol-rendered in the PDF and should be reviewed before use.
aamc_msar_premed_course_requirements,AAMC MSAR Advisor Reports,https://students-residents.aamc.org/medical-school-admission-requirements/medical-school-admission-requirements-reports-applicants-and-advisors,data/raw/aamc/msar_reports/12_msar002-msar-premed-course-requirements.pdf,136,3236,328.941,IL,Northwestern University The Feinberg School of Medicine,Northwestern University The Feinberg School of Medicine,Psychology,BESS,Recommended,,,,,,,,Lab and other checkbox-style fields may be symbol-rendered in the PDF and should be reviewed before use.
aamc_msar_premed_course_requirements,AAMC MSAR Advisor Reports,https://students-residents.aamc.org/medical-school-admission-requirements/medical-school-admission-requirements-reports-applicants-and-advisors,data/raw/aamc/msar_reports/12_msar002-msar-premed-course-requirements.pdf,137,3278,436.659,IL,Rush Medical College of Rush University Medical Center,Rush Medical College of Rush University Medical Center,Biology,BIOL,Required,"One academic YEAR of Biology is required, with one COURSE being Cell Biology or a related course with a primary focus on cellular biology (course title does not need to be specifically 'Cell Biology'). Additionally, one academic YEAR of lab work in Biology AND/OR Chemistry is required.",,,,,,,Lab and other checkbox-style fields may be symbol-rendered in the PDF and should be reviewed before use.
aamc_msar_premed_course_requirements,AAMC MSAR Advisor Reports,https://students-residents.aamc.org/medical-school-admission-requirements/medical-school-admission-requirements-reports-applicants-and-advisors,data/raw/aamc/msar_reports/12_msar002-msar-premed-course-requirements.pdf,138,3278,274.658,IL,Rush Medical College of Rush University Medical Center,Rush Medical College of Rush University Medical Center,Cell Biology,BIOL,Required,One COURSE of Cell Biology or a related course with a primary focus on cellular biology (course title does not need to be specifically 'Cell Biology') is required. The course should focus on the study of the structure and function of the cell.,,,,,,,Lab and other checkbox-style fields may be symbol-rendered in the PDF and should be reviewed before use.
aamc_msar_premed_course_requirements,AAMC MSAR Advisor Reports,https://students-residents.aamc.org/medical-school-admission-requirements/medical-school-admission-requirements-reports-applicants-and-advisors,data/raw/aamc/msar_reports/12_msar002-msar-premed-course-requirements.pdf,139,3278,112.657,IL,Rush Medical College of Rush University Medical Center,Rush Medical College of Rush University Medical Center,Chemistry,CHEM,Required,"One academic YEAR of Chemistry is required, with one COURSE being Biochemistry. One COURSE of Organic Chemistry is recommended. Additionally, one academic YEAR of lab work in Chemistry AND/OR Biology is required.",,,,,,,Lab and other checkbox-style fields may be symbol-rendered in the PDF and should be reviewed before use.
aamc_msar_premed_course_requirements,AAMC MSAR Advisor Reports,https://students-residents.aamc.org/medical-school-admission-requirements/medical-school-admission-requirements-reports-applicants-and-advisors,data/raw/aamc/msar_reports/12_msar002-msar-premed-course-requirements.pdf,140,3310,378.661,IL,Rush Medical College of Rush University Medical Center,Rush Medical College of Rush University Medical Center,Composition & Rhetoric,ENGL,Required,One academic YEAR of English Composition is required.,,,,,,,Lab and other checkbox-style fields may be symbol-rendered in the PDF and should be reviewed before use.
aamc_msar_premed_course_requirements,AAMC MSAR Advisor Reports,https://students-residents.aamc.org/medical-school-admission-requirements/medical-school-admission-requirements-reports-applicants-and-advisors,data/raw/aamc/msar_reports/12_msar002-msar-premed-course-requirements.pdf,141,3372,485.942,IL,Southern Illinois University School of Medicine,Southern Illinois University School of Medicine,Genetics,BIOL,Recommended,Recommended not required,,,,,,,Lab and other checkbox-style fields may be symbol-rendered in the PDF and should be reviewed before use.
aamc_msar_premed_course_requirements,AAMC MSAR Advisor Reports,https://students-residents.aamc.org/medical-school-admission-requirements/medical-school-admission-requirements-reports-applicants-and-advisors,data/raw/aamc/msar_reports/12_msar002-msar-premed-course-requirements.pdf,142,3372,409.221,IL,Southern Illinois University School of Medicine,Southern Illinois University School of Medicine,Molecular Biology,BIOL,Recommended,Recommended not required,,,,,,,Lab and other checkbox-style fields may be symbol-rendered in the PDF and should be reviewed before use.
aamc_msar_premed_course_requirements,AAMC MSAR Advisor Reports,https://students-residents.aamc.org/medical-school-admission-requirements/medical-school-admission-requirements-reports-applicants-and-advisors,data/raw/aamc/msar_reports/12_msar002-msar-premed-course-requirements.pdf,143,3372,332.501,IL,Southern Illinois University School of Medicine,Southern Illinois University School of Medicine,Physics,PHYS,Recommended,,,,,,,,Lab and other checkbox-style fields may be symbol-rendered in the PDF and should be reviewed before use.
aamc_msar_premed_course_requirements,AAMC MSAR Advisor Reports,https://students-residents.aamc.org/medical-school-admission-requirements/medical-school-admission-requirements-reports-applicants-and-advisors,data/raw/aamc/msar_reports/12_msar002-msar-premed-course-requirements.pdf,144,3372,255.781,IL,Southern Illinois University School of Medicine,Southern Illinois University School of Medicine,Physiology,BIOL,Recommended,Recommended not required,,,,,,,Lab and other checkbox-style fields may be symbol-rendered in the PDF and should be reviewed before use.
aamc_msar_premed_course_requirements,AAMC MSAR Advisor Reports,https://students-residents.aamc.org/medical-school-admission-requirements/medical-school-admission-requirements-reports-applicants-and-advisors,data/raw/aamc/msar_reports/12_msar002-msar-premed-course-requirements.pdf,145,3372,179.060,IL,Southern Illinois University School of Medicine,Southern Illinois University School of Medicine,Statistics,MATH,Recommended,,,,,,,,Lab and other checkbox-style fields may be symbol-rendered in the PDF and should be reviewed before use.
aamc_msar_premed_course_requirements,AAMC MSAR Advisor Reports,https://students-residents.aamc.org/medical-school-admission-requirements/medical-school-admission-requirements-reports-applicants-and-advisors,data/raw/aamc/msar_reports/12_msar002-msar-premed-course-requirements.pdf,146,3424,418.659,IL,University of Chicago Division of the Biological Sciences The Pritzker School of Medicine,University of Chicago Division of the Biological Sciences The Pritzker School of Medicine,Biochemistry,CHEM,Required,"Applicants must have a familiarity with biochemistry, which in turn requires a background in general and organic chemistry. Applicants will typically satisfy this requirement after completing one semester of organic chemistry and one semester of biochemistry, or a year-long integrated organic/biochemistry course, including one semester of lab.",,,,,,,Lab and other checkbox-style fields may be symbol-rendered in the PDF and should be reviewed before use.
aamc_msar_premed_course_requirements,AAMC MSAR Advisor Reports,https://students-residents.aamc.org/medical-school-admission-requirements/medical-school-admission-requirements-reports-applicants-and-advisors,data/raw/aamc/msar_reports/12_msar002-msar-premed-course-requirements.pdf,147,3424,247.658,IL,University of Chicago Division of the Biological Sciences The Pritzker School of Medicine,University of Chicago Division of the Biological Sciences The Pritzker School of Medicine,Biology,BIOL,Required,"Required Biology Competencies: Gene expression, Cell Structure & Organization, Metabolism, Membrane Receptors, Signal Transduction & Signaling Pathways, Reproduction, Differentiation, Basic Physiology, Immunology The Biology Competencies will typically be satisfied through a one-year college biology course with lab. Advanced biology coursework will also satisfy these requirements where an applicant has tested out of first-year college biology.",,,,,,,Lab and other checkbox-style fields may be symbol-rendered in the PDF and should be reviewed before use.
aamc_msar_premed_course_requirements,AAMC MSAR Advisor Reports,https://students-residents.aamc.org/medical-school-admission-requirements/medical-school-admission-requirements-reports-applicants-and-advisors,data/raw/aamc/msar_reports/12_msar002-msar-premed-course-requirements.pdf,148,3424,103.657,IL,University of Chicago Division of the Biological Sciences The Pritzker School of Medicine,University of Chicago Division of the Biological Sciences The Pritzker School of Medicine,Mathematics,MATH,Required,"Required Mathematics Competencies: The ability to organize, analyze, and evaluate data is vital to medical and scientific education and investigation. The Mathematics Competencies will typically be satisfied through a college course in statistics or biomathematics. Coursework integrating biology, statistics and epidemiology with an emphasis on data analysis is encouraged.",,,,,,,Lab and other checkbox-style fields may be symbol-rendered in the PDF and should be reviewed before use.
aamc_msar_premed_course_requirements,AAMC MSAR Advisor Reports,https://students-residents.aamc.org/medical-school-admission-requirements/medical-school-admission-requirements-reports-applicants-and-advisors,data/raw/aamc/msar_reports/12_msar002-msar-premed-course-requirements.pdf,149,3456,400.661,IL,University of Chicago Division of the Biological Sciences The Pritzker School of Medicine,University of Chicago Division of the Biological Sciences The Pritzker School of Medicine,Physics,PHYS,Required,"Required Physics Competencies: Mechanics, Electricity, Magnetism, Optics, Thermodynamics, Quantum Theory, Nuclear Theory The Physics Competencies will typically be satisfied through a one-year college physics with lab sequence. Interdisciplinary courses with biological relevance are encouraged when available. Advanced placement may also satisfy these competencies.",,,,,,,Lab and other checkbox-style fields may be symbol-rendered in the PDF and should be reviewed before use.
aamc_msar_premed_course_requirements,AAMC MSAR Advisor Reports,https://students-residents.aamc.org/medical-school-admission-requirements/medical-school-admission-requirements-reports-applicants-and-advisors,data/raw/aamc/msar_reports/12_msar002-msar-premed-course-requirements.pdf,150,3456,328.661,IL,University of Illinois College of Medicine,University of Illinois College of Medicine,Biochemistry,CHEM,Required,Biochemistry must be completed at a 4-year- science-degree-granding institution.,3,,,,,,Lab and other checkbox-style fields may be symbol-rendered in the PDF and should be reviewed before use.
aamc_msar_premed_course_requirements,AAMC MSAR Advisor Reports,https://students-residents.aamc.org/medical-school-admission-requirements/medical-school-admission-requirements-reports-applicants-and-advisors,data/raw/aamc/msar_reports/12_msar002-msar-premed-course-requirements.pdf,151,3456,193.660,IL,University of Illinois College of Medicine,University of Illinois College of Medicine,Biology,BIOL,Required,Two courses of general biology with laboratory (AP credit accepted). One course of advanced-level biology (minimum 3 credit hours) is required in addition to the two courses of general biology. Advanced-level biology courses must be completed at a 4 -year- science-degree-granting institution.,8,,,,,,Lab and other checkbox-style fields may be symbol-rendered in the PDF and should be reviewed before use.
aamc_msar_premed_course_requirements,AAMC MSAR Advisor Reports,https://students-residents.aamc.org/medical-school-admission-requirements/medical-school-admission-requirements-reports-applicants-and-advisors,data/raw/aamc/msar_reports/12_msar002-msar-premed-course-requirements.pdf,152,3488,436.661,IL,University of Illinois College of Medicine,University of Illinois College of Medicine,Chemistry,CHEM,Required,Two courses of general chemistry (or equivalent) with laboratory ( 8 credit hours) Two courses of organic chemistry with laboratory ( 8 credit hours) are also required. The second course of organic chemistry may be waived if it is not required by your institution as a prerequisite for biochemistry.,16,,,,,,Lab and other checkbox-style fields may be symbol-rendered in the PDF and should be reviewed before use.
aamc_msar_premed_course_requirements,AAMC MSAR Advisor Reports,https://students-residents.aamc.org/medical-school-admission-requirements/medical-school-admission-requirements-reports-applicants-and-advisors,data/raw/aamc/msar_reports/12_msar002-msar-premed-course-requirements.pdf,153,3488,350.941,IL,University of Illinois College of Medicine,University of Illinois College of Medicine,Physics,PHYS,Required,Two courses of general physics with laboratory.,8,,,,,,Lab and other checkbox-style fields may be symbol-rendered in the PDF and should be reviewed before use.
aamc_msar_premed_course_requirements,AAMC MSAR Advisor Reports,https://students-residents.aamc.org/medical-school-admission-requirements/medical-school-admission-requirements-reports-applicants-and-advisors,data/raw/aamc/msar_reports/12_msar002-msar-premed-course-requirements.pdf,154,3488,224.940,IL,University of Illinois College of Medicine,University of Illinois College of Medicine,Sociology,BESS,Required,"Applicants must complete three courses in Behavioral/Social Sciences. This requirement can be met by Psychology, Ethics, Economics, Gender Studies, Sociology, etc. Please contact us directly if there is a question regarding meeting this requirement.",9,,,,,,Lab and other checkbox-style fields may be symbol-rendered in the PDF and should be reviewed before use.
aamc_msar_premed_course_requirements,AAMC MSAR Advisor Reports,https://students-residents.aamc.org/medical-school-admission-requirements/medical-school-admission-requirements-reports-applicants-and-advisors,data/raw/aamc/msar_reports/12_msar002-msar-premed-course-requirements.pdf,155,3520,485.939,IN,Indiana University School of Medicine,Indiana University School of Medicine,Biochemistry,CHEM,Required,,3,,,,,,Lab and other checkbox-style fields may be symbol-rendered in the PDF and should be reviewed before use.
aamc_msar_premed_course_requirements,AAMC MSAR Advisor Reports,https://students-residents.aamc.org/medical-school-admission-requirements/medical-school-admission-requirements-reports-applicants-and-advisors,data/raw/aamc/msar_reports/12_msar002-msar-premed-course-requirements.pdf,156,3520,337.219,IN,Indiana University School of Medicine,Indiana University School of Medicine,Biology,BIOL,Required,,8,,,,,,Lab and other checkbox-style fields may be symbol-rendered in the PDF and should be reviewed before use.
aamc_msar_premed_course_requirements,AAMC MSAR Advisor Reports,https://students-residents.aamc.org/medical-school-admission-requirements/medical-school-admission-requirements-reports-applicants-and-advisors,data/raw/aamc/msar_reports/12_msar002-msar-premed-course-requirements.pdf,157,3520,188.498,IN,Indiana University School of Medicine,Indiana University School of Medicine,Chemistry,CHEM,Required,,8,,,,,,Lab and other checkbox-style fields may be symbol-rendered in the PDF and should be reviewed before use.
aamc_msar_premed_course_requirements,AAMC MSAR Advisor Reports,https://students-residents.aamc.org/medical-school-admission-requirements/medical-school-admission-requirements-reports-applicants-and-advisors,data/raw/aamc/msar_reports/12_msar002-msar-premed-course-requirements.pdf,158,3552,485.942,IN,Indiana University School of Medicine,Indiana University School of Medicine,Physical Chemistry,CHEM,Required,Organic chemistry,8,,,,,,Lab and other checkbox-style fields may be symbol-rendered in the PDF and should be reviewed before use.
aamc_msar_premed_course_requirements,AAMC MSAR Advisor Reports,https://students-residents.aamc.org/medical-school-admission-requirements/medical-school-admission-requirements-reports-applicants-and-advisors,data/raw/aamc/msar_reports/12_msar002-msar-premed-course-requirements.pdf,159,3552,337.221,IN,Indiana University School of Medicine,Indiana University School of Medicine,Physics,PHYS,Required,,8,,,,,,Lab and other checkbox-style fields may be symbol-rendered in the PDF and should be reviewed before use.
aamc_msar_premed_course_requirements,AAMC MSAR Advisor Reports,https://students-residents.aamc.org/medical-school-admission-requirements/medical-school-admission-requirements-reports-applicants-and-advisors,data/raw/aamc/msar_reports/12_msar002-msar-premed-course-requirements.pdf,160,3552,188.501,IN,Indiana University School of Medicine,Indiana University School of Medicine,Psychology,BESS,Required,,3,,,,,,Lab and other checkbox-style fields may be symbol-rendered in the PDF and should be reviewed before use.
aamc_msar_premed_course_requirements,AAMC MSAR Advisor Reports,https://students-residents.aamc.org/medical-school-admission-requirements/medical-school-admission-requirements-reports-applicants-and-advisors,data/raw/aamc/msar_reports/12_msar002-msar-premed-course-requirements.pdf,161,3634,472.661,KS,University of Kansas School of Medicine,University of Kansas School of Medicine,Composition & Rhetoric,ENGL,Required,2 semesters of English composition or writing- intensive courses (sufficient credit for bachelor's degree),6,,,,,,Lab and other checkbox-style fields may be symbol-rendered in the PDF and should be reviewed before use.
aamc_msar_premed_course_requirements,AAMC MSAR Advisor Reports,https://students-residents.aamc.org/medical-school-admission-requirements/medical-school-admission-requirements-reports-applicants-and-advisors,data/raw/aamc/msar_reports/12_msar002-msar-premed-course-requirements.pdf,162,3726,485.939,KY,University of Kentucky College of Medicine,University of Kentucky College of Medicine,Physics,PHYS,Required,,6,,,,,,Lab and other checkbox-style fields may be symbol-rendered in the PDF and should be reviewed before use.
aamc_msar_premed_course_requirements,AAMC MSAR Advisor Reports,https://students-residents.aamc.org/medical-school-admission-requirements/medical-school-admission-requirements-reports-applicants-and-advisors,data/raw/aamc/msar_reports/12_msar002-msar-premed-course-requirements.pdf,163,3726,436.219,KY,University of Kentucky College of Medicine,University of Kentucky College of Medicine,Physiology,BIOL,Recommended,,,,,,,,Lab and other checkbox-style fields may be symbol-rendered in the PDF and should be reviewed before use.
aamc_msar_premed_course_requirements,AAMC MSAR Advisor Reports,https://students-residents.aamc.org/medical-school-admission-requirements/medical-school-admission-requirements-reports-applicants-and-advisors,data/raw/aamc/msar_reports/12_msar002-msar-premed-course-requirements.pdf,164,3726,395.498,KY,University of Kentucky College of Medicine,University of Kentucky College of Medicine,Psychology,BESS,Recommended,,,,,,,,Lab and other checkbox-style fields may be symbol-rendered in the PDF and should be reviewed before use.
aamc_msar_premed_course_requirements,AAMC MSAR Advisor Reports,https://students-residents.aamc.org/medical-school-admission-requirements/medical-school-admission-requirements-reports-applicants-and-advisors,data/raw/aamc/msar_reports/12_msar002-msar-premed-course-requirements.pdf,165,3726,323.498,KY,University of Louisville School of Medicine,University of Louisville School of Medicine,Biochemistry,CHEM,Required,requirement is met by a one semester Biochemistry course.,3,,,,,,Lab and other checkbox-style fields may be symbol-rendered in the PDF and should be reviewed before use.
aamc_msar_premed_course_requirements,AAMC MSAR Advisor Reports,https://students-residents.aamc.org/medical-school-admission-requirements/medical-school-admission-requirements-reports-applicants-and-advisors,data/raw/aamc/msar_reports/12_msar002-msar-premed-course-requirements.pdf,166,3808,454.661,KY,University of Louisville School of Medicine,University of Louisville School of Medicine,Physics,PHYS,Required,"requirement is met by a one-year sequence in general physics with labs, including mechanics, electricity, heat, light and sound. Specialized courses in sub-disciplines cannot be substituted for any part of this requirement.",8,,,,,,Lab and other checkbox-style fields may be symbol-rendered in the PDF and should be reviewed before use.
aamc_msar_premed_course_requirements,AAMC MSAR Advisor Reports,https://students-residents.aamc.org/medical-school-admission-requirements/medical-school-admission-requirements-reports-applicants-and-advisors,data/raw/aamc/msar_reports/12_msar002-msar-premed-course-requirements.pdf,167,3870,481.661,LA,Louisiana State University School of Medicine in New Orleans,Louisiana State University School of Medicine in New Orleans,Physics,PHYS,Required,General Physics 1 and 2 with corresponding labs,8,,,,,,Lab and other checkbox-style fields may be symbol-rendered in the PDF and should be reviewed before use.
aamc_msar_premed_course_requirements,AAMC MSAR Advisor Reports,https://students-residents.aamc.org/medical-school-admission-requirements/medical-school-admission-requirements-reports-applicants-and-advisors,data/raw/aamc/msar_reports/12_msar002-msar-premed-course-requirements.pdf,168,3870,382.661,LA,Louisiana State University School of Medicine in New Orleans,Louisiana State University School of Medicine in New Orleans,Statistics,MATH,Required,General Statistics or Calculus. This has to be a in Math. Statistics courses in Psychology will not qualify.,3,,,,,,Lab and other checkbox-style fields may be symbol-rendered in the PDF and should be reviewed before use.
aamc_msar_premed_course_requirements,AAMC MSAR Advisor Reports,https://students-residents.aamc.org/medical-school-admission-requirements/medical-school-admission-requirements-reports-applicants-and-advisors,data/raw/aamc/msar_reports/12_msar002-msar-premed-course-requirements.pdf,169,3912,485.942,LA,Louisiana State University School of Medicine in Shreveport,Louisiana State University School of Medicine in Shreveport,Biostatistics,MATH,Recommended,,,,,,,,Lab and other checkbox-style fields may be symbol-rendered in the PDF and should be reviewed before use.
aamc_msar_premed_course_requirements,AAMC MSAR Advisor Reports,https://students-residents.aamc.org/medical-school-admission-requirements/medical-school-admission-requirements-reports-applicants-and-advisors,data/raw/aamc/msar_reports/12_msar002-msar-premed-course-requirements.pdf,170,3912,328.221,LA,Louisiana State University School of Medicine in Shreveport,Louisiana State University School of Medicine in Shreveport,Cell Biology,BIOL,Recommended,,,,,,,,Lab and other checkbox-style fields may be symbol-rendered in the PDF and should be reviewed before use.
aamc_msar_premed_course_requirements,AAMC MSAR Advisor Reports,https://students-residents.aamc.org/medical-school-admission-requirements/medical-school-admission-requirements-reports-applicants-and-advisors,data/raw/aamc/msar_reports/12_msar002-msar-premed-course-requirements.pdf,171,3934,485.939,LA,Louisiana State University School of Medicine in Shreveport,Louisiana State University School of Medicine in Shreveport,Chemistry,CHEM,Required,,9,,,,,,Lab and other checkbox-style fields may be symbol-rendered in the PDF and should be reviewed before use.
aamc_msar_premed_course_requirements,AAMC MSAR Advisor Reports,https://students-residents.aamc.org/medical-school-admission-requirements/medical-school-admission-requirements-reports-applicants-and-advisors,data/raw/aamc/msar_reports/12_msar002-msar-premed-course-requirements.pdf,172,3934,328.219,LA,Louisiana State University School of Medicine in Shreveport,Louisiana State University School of Medicine in Shreveport,Genetics,BIOL,Recommended,,,,,,,,Lab and other checkbox-style fields may be symbol-rendered in the PDF and should be reviewed before use.
aamc_msar_premed_course_requirements,AAMC MSAR Advisor Reports,https://students-residents.aamc.org/medical-school-admission-requirements/medical-school-admission-requirements-reports-applicants-and-advisors,data/raw/aamc/msar_reports/12_msar002-msar-premed-course-requirements.pdf,173,3956,485.942,LA,Louisiana State University School of Medicine in Shreveport,Louisiana State University School of Medicine in Shreveport,Histology,BIOL,Recommended,,,,,,,,Lab and other checkbox-style fields may be symbol-rendered in the PDF and should be reviewed before use.
aamc_msar_premed_course_requirements,AAMC MSAR Advisor Reports,https://students-residents.aamc.org/medical-school-admission-requirements/medical-school-admission-requirements-reports-applicants-and-advisors,data/raw/aamc/msar_reports/12_msar002-msar-premed-course-requirements.pdf,174,3956,328.221,LA,Louisiana State University School of Medicine in Shreveport,Louisiana State University School of Medicine in Shreveport,Immunology,BIOL,Recommended,,,,,,,,Lab and other checkbox-style fields may be symbol-rendered in the PDF and should be reviewed before use.
aamc_msar_premed_course_requirements,AAMC MSAR Advisor Reports,https://students-residents.aamc.org/medical-school-admission-requirements/medical-school-admission-requirements-reports-applicants-and-advisors,data/raw/aamc/msar_reports/12_msar002-msar-premed-course-requirements.pdf,175,3978,472.661,LA,Louisiana State University School of Medicine in Shreveport,Louisiana State University School of Medicine in Shreveport,Literature,ENGL,Required,"All coursework, not just Literature, taught by the English department will satisfy the English requirement.",6,,,,,,Lab and other checkbox-style fields may be symbol-rendered in the PDF and should be reviewed before use.
aamc_msar_premed_course_requirements,AAMC MSAR Advisor Reports,https://students-residents.aamc.org/medical-school-admission-requirements/medical-school-admission-requirements-reports-applicants-and-advisors,data/raw/aamc/msar_reports/12_msar002-msar-premed-course-requirements.pdf,176,3978,314.941,LA,Louisiana State University School of Medicine in Shreveport,Louisiana State University School of Medicine in Shreveport,Microbiology,BIOL,Recommended,,,,,,,,Lab and other checkbox-style fields may be symbol-rendered in the PDF and should be reviewed before use.
aamc_msar_premed_course_requirements,AAMC MSAR Advisor Reports,https://students-residents.aamc.org/medical-school-admission-requirements/medical-school-admission-requirements-reports-applicants-and-advisors,data/raw/aamc/msar_reports/12_msar002-msar-premed-course-requirements.pdf,177,4000,485.939,LA,Louisiana State University School of Medicine in Shreveport,Louisiana State University School of Medicine in Shreveport,Molecular Biology,BIOL,Recommended,,,,,,,,Lab and other checkbox-style fields may be symbol-rendered in the PDF and should be reviewed before use.
aamc_msar_premed_course_requirements,AAMC MSAR Advisor Reports,https://students-residents.aamc.org/medical-school-admission-requirements/medical-school-admission-requirements-reports-applicants-and-advisors,data/raw/aamc/msar_reports/12_msar002-msar-premed-course-requirements.pdf,178,4000,328.219,LA,Louisiana State University School of Medicine in Shreveport,Louisiana State University School of Medicine in Shreveport,Neuroscience,BIOL,Recommended,,,,,,,,Lab and other checkbox-style fields may be symbol-rendered in the PDF and should be reviewed before use.
aamc_msar_premed_course_requirements,AAMC MSAR Advisor Reports,https://students-residents.aamc.org/medical-school-admission-requirements/medical-school-admission-requirements-reports-applicants-and-advisors,data/raw/aamc/msar_reports/12_msar002-msar-premed-course-requirements.pdf,179,4022,506.102,LA,Louisiana State University School of Medicine in Shreveport,Louisiana State University School of Medicine in Shreveport,Physics,PHYS,Recommended,,,,,,,,Lab and other checkbox-style fields may be symbol-rendered in the PDF and should be reviewed before use.
aamc_msar_premed_course_requirements,AAMC MSAR Advisor Reports,https://students-residents.aamc.org/medical-school-admission-requirements/medical-school-admission-requirements-reports-applicants-and-advisors,data/raw/aamc/msar_reports/12_msar002-msar-premed-course-requirements.pdf,180,4022,348.381,LA,Louisiana State University School of Medicine in Shreveport,Louisiana State University School of Medicine in Shreveport,Physiology,BIOL,Recommended,,,,,,,,Lab and other checkbox-style fields may be symbol-rendered in the PDF and should be reviewed before use.
aamc_msar_premed_course_requirements,AAMC MSAR Advisor Reports,https://students-residents.aamc.org/medical-school-admission-requirements/medical-school-admission-requirements-reports-applicants-and-advisors,data/raw/aamc/msar_reports/12_msar002-msar-premed-course-requirements.pdf,181,4022,190.661,LA,Louisiana State University School of Medicine in Shreveport,Louisiana State University School of Medicine in Shreveport,Statistics,MATH,Recommended,,,,,,,,Lab and other checkbox-style fields may be symbol-rendered in the PDF and should be reviewed before use.
aamc_msar_premed_course_requirements,AAMC MSAR Advisor Reports,https://students-residents.aamc.org/medical-school-admission-requirements/medical-school-admission-requirements-reports-applicants-and-advisors,data/raw/aamc/msar_reports/12_msar002-msar-premed-course-requirements.pdf,182,4054,485.942,LA,Tulane University School of Medicine,Tulane University School of Medicine,Biochemistry,CHEM,Recommended,,,,,,,,Lab and other checkbox-style fields may be symbol-rendered in the PDF and should be reviewed before use.
aamc_msar_premed_course_requirements,AAMC MSAR Advisor Reports,https://students-residents.aamc.org/medical-school-admission-requirements/medical-school-admission-requirements-reports-applicants-and-advisors,data/raw/aamc/msar_reports/12_msar002-msar-premed-course-requirements.pdf,183,4186,485.939,MA,Boston University Aram V. Chobanian & Edward Avedisian School of Medicine,Boston University Aram V. Chobanian & Edward Avedisian School of Medicine,Chemistry,CHEM,Required,,,,,,,,Lab and other checkbox-style fields may be symbol-rendered in the PDF and should be reviewed before use.
aamc_msar_premed_course_requirements,AAMC MSAR Advisor Reports,https://students-residents.aamc.org/medical-school-admission-requirements/medical-school-admission-requirements-reports-applicants-and-advisors,data/raw/aamc/msar_reports/12_msar002-msar-premed-course-requirements.pdf,184,4186,395.938,MA,Boston University Aram V. Chobanian & Edward Avedisian School of Medicine,Boston University Aram V. Chobanian & Edward Avedisian School of Medicine,Composition & Rhetoric,ENGL,Required,Any writing intensive course(s) can be counted towards the English requirement.,,,,,,,Lab and other checkbox-style fields may be symbol-rendered in the PDF and should be reviewed before use.
aamc_msar_premed_course_requirements,AAMC MSAR Advisor Reports,https://students-residents.aamc.org/medical-school-admission-requirements/medical-school-admission-requirements-reports-applicants-and-advisors,data/raw/aamc/msar_reports/12_msar002-msar-premed-course-requirements.pdf,185,4186,310.218,MA,Boston University Aram V. Chobanian & Edward Avedisian School of Medicine,Boston University Aram V. Chobanian & Edward Avedisian School of Medicine,Molecular Biology,BIOL,Recommended,,,,,,,,Lab and other checkbox-style fields may be symbol-rendered in the PDF and should be reviewed before use.
aamc_msar_premed_course_requirements,AAMC MSAR Advisor Reports,https://students-residents.aamc.org/medical-school-admission-requirements/medical-school-admission-requirements-reports-applicants-and-advisors,data/raw/aamc/msar_reports/12_msar002-msar-premed-course-requirements.pdf,186,4186,224.498,MA,Boston University Aram V. Chobanian & Edward Avedisian School of Medicine,Boston University Aram V. Chobanian & Edward Avedisian School of Medicine,Physical Chemistry,CHEM,Recommended,,,,,,,,Lab and other checkbox-style fields may be symbol-rendered in the PDF and should be reviewed before use.
aamc_msar_premed_course_requirements,AAMC MSAR Advisor Reports,https://students-residents.aamc.org/medical-school-admission-requirements/medical-school-admission-requirements-reports-applicants-and-advisors,data/raw/aamc/msar_reports/12_msar002-msar-premed-course-requirements.pdf,187,4186,138.777,MA,Boston University Aram V. Chobanian & Edward Avedisian School of Medicine,Boston University Aram V. Chobanian & Edward Avedisian School of Medicine,Physics,PHYS,Required,,,,,,,,Lab and other checkbox-style fields may be symbol-rendered in the PDF and should be reviewed before use.
aamc_msar_premed_course_requirements,AAMC MSAR Advisor Reports,https://students-residents.aamc.org/medical-school-admission-requirements/medical-school-admission-requirements-reports-applicants-and-advisors,data/raw/aamc/msar_reports/12_msar002-msar-premed-course-requirements.pdf,188,4186,53.057,MA,Boston University Aram V. Chobanian & Edward Avedisian School of Medicine,Boston University Aram V. Chobanian & Edward Avedisian School of Medicine,Psychology,BESS,Recommended,,,,,,,,Lab and other checkbox-style fields may be symbol-rendered in the PDF and should be reviewed before use.
aamc_msar_premed_course_requirements,AAMC MSAR Advisor Reports,https://students-residents.aamc.org/medical-school-admission-requirements/medical-school-admission-requirements-reports-applicants-and-advisors,data/raw/aamc/msar_reports/12_msar002-msar-premed-course-requirements.pdf,189,4248,409.941,MA,Boston University Aram V. Chobanian & Edward Avedisian School of Medicine,Boston University Aram V. Chobanian & Edward Avedisian School of Medicine,Sociology,BESS,Recommended,,,,,,,,Lab and other checkbox-style fields may be symbol-rendered in the PDF and should be reviewed before use.
aamc_msar_premed_course_requirements,AAMC MSAR Advisor Reports,https://students-residents.aamc.org/medical-school-admission-requirements/medical-school-admission-requirements-reports-applicants-and-advisors,data/raw/aamc/msar_reports/12_msar002-msar-premed-course-requirements.pdf,190,4248,315.221,MA,Boston University Aram V. Chobanian & Edward Avedisian School of Medicine,Boston University Aram V. Chobanian & Edward Avedisian School of Medicine,Zoology,BIOL,Recommended,,,,,,,,Lab and other checkbox-style fields may be symbol-rendered in the PDF and should be reviewed before use.
aamc_msar_premed_course_requirements,AAMC MSAR Advisor Reports,https://students-residents.aamc.org/medical-school-admission-requirements/medical-school-admission-requirements-reports-applicants-and-advisors,data/raw/aamc/msar_reports/12_msar002-msar-premed-course-requirements.pdf,191,4270,409.661,MA,Harvard Medical School,Harvard Medical School,Biology,BIOL,Required,"One year with lab experience (one semester of lab experience should be with corresponding coursework; however, second semester lab may be fulfilled by independent laboratory based research) is required. Should include cellular and molecular aspects AP credits cannot be used; however, if students have earned college credit for biology through AP coursework, upper level courses in biology will satisfy this requirement.",,,,,,,Lab and other checkbox-style fields may be symbol-rendered in the PDF and should be reviewed before use.
aamc_msar_premed_course_requirements,AAMC MSAR Advisor Reports,https://students-residents.aamc.org/medical-school-admission-requirements/medical-school-admission-requirements-reports-applicants-and-advisors,data/raw/aamc/msar_reports/12_msar002-msar-premed-course-requirements.pdf,192,4282,445.659,MA,Harvard Medical School,Harvard Medical School,Chemistry,CHEM,Required,"Two years of chemistry (four courses) including inorganic chemistry, organic chemistry, and biochemistry are required. Lab experience required AP credits that enable you to take a higher-level course will satisfy one semester of inorganic chemistry",,,,,,,Lab and other checkbox-style fields may be symbol-rendered in the PDF and should be reviewed before use.
aamc_msar_premed_course_requirements,AAMC MSAR Advisor Reports,https://students-residents.aamc.org/medical-school-admission-requirements/medical-school-admission-requirements-reports-applicants-and-advisors,data/raw/aamc/msar_reports/12_msar002-msar-premed-course-requirements.pdf,193,4282,238.658,MA,Harvard Medical School,Harvard Medical School,Composition & Rhetoric,ENGL,Required,One year is required. AP credits cannot be used Writing intensive courses are preferred Humanities or social science courses involving substantial expository writing will satisfy this requirement,,,,,,,Lab and other checkbox-style fields may be symbol-rendered in the PDF and should be reviewed before use.
aamc_msar_premed_course_requirements,AAMC MSAR Advisor Reports,https://students-residents.aamc.org/medical-school-admission-requirements/medical-school-admission-requirements-reports-applicants-and-advisors,data/raw/aamc/msar_reports/12_msar002-msar-premed-course-requirements.pdf,194,4304,400.661,MA,Harvard Medical School,Harvard Medical School,Mathematics,MATH,Recommended,"Pathways- Encouraged to complete one year of coursework in mathematics, including one semester each of calculus and statistics (preferably biostatistics) HST - Coursework that includes upper-level mathematics (typically to include differential equations and/or linear algebra)* is strongly encouraged, although evidence of comparable engagement with analytic and computational tools through other activities will be considered. Statistics (preferably biostatistics) is also encouraged",,,,,,,Lab and other checkbox-style fields may be symbol-rendered in the PDF and should be reviewed before use.
aamc_msar_premed_course_requirements,AAMC MSAR Advisor Reports,https://students-residents.aamc.org/medical-school-admission-requirements/medical-school-admission-requirements-reports-applicants-and-advisors,data/raw/aamc/msar_reports/12_msar002-msar-premed-course-requirements.pdf,195,4316,427.661,MA,Harvard Medical School,Harvard Medical School,Physics,PHYS,Required,One year is required. Lab experience is desirable but not required Pathways- AP credits that enable you to take an upper-level course will meet one semester HST- One year of physics must be taken at the college level. Candidates are strongly encouraged to meet this prerequisite with at least one year in calculus-based physics*,,,,,,,Lab and other checkbox-style fields may be symbol-rendered in the PDF and should be reviewed before use.
aamc_msar_premed_course_requirements,AAMC MSAR Advisor Reports,https://students-residents.aamc.org/medical-school-admission-requirements/medical-school-admission-requirements-reports-applicants-and-advisors,data/raw/aamc/msar_reports/12_msar002-msar-premed-course-requirements.pdf,196,4316,229.661,MA,Harvard Medical School,Harvard Medical School,Psychology,BESS,Recommended,"All applicants are encouraged to complete coursework in the behavioral sciences. Courses in the fields of psychology, sociology, as well as other disciplines, are suggested.",,,,,,,Lab and other checkbox-style fields may be symbol-rendered in the PDF and should be reviewed before use.
aamc_msar_premed_course_requirements,AAMC MSAR Advisor Reports,https://students-residents.aamc.org/medical-school-admission-requirements/medical-school-admission-requirements-reports-applicants-and-advisors,data/raw/aamc/msar_reports/12_msar002-msar-premed-course-requirements.pdf,197,4338,391.659,MA,Tufts University School of Medicine,Tufts University School of Medicine,Biology,BIOL,Required,"Full year of introductory or advanced biology coursework. Any courses offered by the biology department for science majors are acceptable. Note: Competency in Mendelian genetics as well as cell and molecular biology is required. This is usually acquired in introductory biology courses. Upper level courses in genetics and/or cell and molecular biology are helpful but not required. (Note: Coursework that fulfills the biology prerequisite requirement may also be used to fulfill the competency requirement, if applicable.)",6,,,,,,Lab and other checkbox-style fields may be symbol-rendered in the PDF and should be reviewed before use.
aamc_msar_premed_course_requirements,AAMC MSAR Advisor Reports,https://students-residents.aamc.org/medical-school-admission-requirements/medical-school-admission-requirements-reports-applicants-and-advisors,data/raw/aamc/msar_reports/12_msar002-msar-premed-course-requirements.pdf,198,4338,148.658,MA,Tufts University School of Medicine,Tufts University School of Medicine,Chemistry,CHEM,Required,"Two years of chemistry coursework that includes at least one semester course in general chemistry and one semester course in organic chemistry. A semester course in biochemistry is highly recommended and may count towards the two year total. Examples (in semesters): 2 general + 2 organic, or 2 general + 1 organic + 1 biochemistry, or 1 general + 2 organic + 1 biochemistry",12,,,,,,Lab and other checkbox-style fields may be symbol-rendered in the PDF and should be reviewed before use.
aamc_msar_premed_course_requirements,AAMC MSAR Advisor Reports,https://students-residents.aamc.org/medical-school-admission-requirements/medical-school-admission-requirements-reports-applicants-and-advisors,data/raw/aamc/msar_reports/12_msar002-msar-premed-course-requirements.pdf,199,4360,243.661,MA,Tufts University School of Medicine,Tufts University School of Medicine,Physics,PHYS,Required,"A semester of physics coursework. Any course offered by the physics department for science majors is acceptable. AP credit will not count for your physics requirement. However, the requirement can be satisfied by completing a course where physics was a prerequisite or completing an advanced course that incorporates physics (e.g. physical chemistry or engineering course). You should document this information with an explanation on your secondary application.",3,,,,,,Lab and other checkbox-style fields may be symbol-rendered in the PDF and should be reviewed before use.
aamc_msar_premed_course_requirements,AAMC MSAR Advisor Reports,https://students-residents.aamc.org/medical-school-admission-requirements/medical-school-admission-requirements-reports-applicants-and-advisors,data/raw/aamc/msar_reports/12_msar002-msar-premed-course-requirements.pdf,200,4372,454.661,MA,Tufts University School of Medicine,Tufts University School of Medicine,Statistics,MATH,Required,"Competency in the basic concepts of statistics. May be acquired through an introductory course in statistics, as a topic in a science or social science course, or through experience with a research project.",3,,,,,,Lab and other checkbox-style fields may be symbol-rendered in the PDF and should be reviewed before use.
aamc_msar_premed_course_requirements,AAMC MSAR Advisor Reports,https://students-residents.aamc.org/medical-school-admission-requirements/medical-school-admission-requirements-reports-applicants-and-advisors,data/raw/aamc/msar_reports/12_msar002-msar-premed-course-requirements.pdf,201,4372,247.661,MA,University of Massachusetts T.H. Chan School of Medicine,University of Massachusetts T.H. Chan School of Medicine,Biochemistry,CHEM,Required,Online and pass/fail accepted as a result of pandemic. Please explain in Secondary application. Please refer to our website for further details regarding course descriptions and requirements.,3,,,,,,Lab and other checkbox-style fields may be symbol-rendered in the PDF and should be reviewed before use.
aamc_msar_premed_course_requirements,AAMC MSAR Advisor Reports,https://students-residents.aamc.org/medical-school-admission-requirements/medical-school-admission-requirements-reports-applicants-and-advisors,data/raw/aamc/msar_reports/12_msar002-msar-premed-course-requirements.pdf,202,4424,454.659,MA,University of Massachusetts T.H. Chan School of Medicine,University of Massachusetts T.H. Chan School of Medicine,Physics,PHYS,Required,Online and pass/fail accepted as a result of pandemic. Please explain in Secondary application. Please refer to our website for further details regarding course descriptions and requirements.,8,,,,,,Lab and other checkbox-style fields may be symbol-rendered in the PDF and should be reviewed before use.
aamc_msar_premed_course_requirements,AAMC MSAR Advisor Reports,https://students-residents.aamc.org/medical-school-admission-requirements/medical-school-admission-requirements-reports-applicants-and-advisors,data/raw/aamc/msar_reports/12_msar002-msar-premed-course-requirements.pdf,203,4486,427.661,MD,Johns Hopkins University School of Medicine,Johns Hopkins University School of Medicine,Chemistry,CHEM,Required,"If using AP or IB credit, an additional semester in advanced chemistry is required. Acceptable advanced chemistry courses include the following: a second semester of organic chemistry; a second semester of biochemistry; analytical chemistry (quantitative or qualitative); physical chemistry, applied chemical equilibrium and reactivity, etc.",8,,,,,,Lab and other checkbox-style fields may be symbol-rendered in the PDF and should be reviewed before use.
aamc_msar_premed_course_requirements,AAMC MSAR Advisor Reports,https://students-residents.aamc.org/medical-school-admission-requirements/medical-school-admission-requirements-reports-applicants-and-advisors,data/raw/aamc/msar_reports/12_msar002-msar-premed-course-requirements.pdf,204,4528,485.942,MD,Uniformed Services University of the Health Sciences F. Edward Hebert School of Medicine,Uniformed Services University of the Health Sciences F. Edward Hebert School of Medicine,Biochemistry,CHEM,Recommended,,4,,,,,,Lab and other checkbox-style fields may be symbol-rendered in the PDF and should be reviewed before use.
aamc_msar_premed_course_requirements,AAMC MSAR Advisor Reports,https://students-residents.aamc.org/medical-school-admission-requirements/medical-school-admission-requirements-reports-applicants-and-advisors,data/raw/aamc/msar_reports/12_msar002-msar-premed-course-requirements.pdf,205,4640,485.939,MD,University of Maryland School of Medicine,University of Maryland School of Medicine,Genetics,BIOL,Recommended,one semester,,,,,,,Lab and other checkbox-style fields may be symbol-rendered in the PDF and should be reviewed before use.
aamc_msar_premed_course_requirements,AAMC MSAR Advisor Reports,https://students-residents.aamc.org/medical-school-admission-requirements/medical-school-admission-requirements-reports-applicants-and-advisors,data/raw/aamc/msar_reports/12_msar002-msar-premed-course-requirements.pdf,206,4640,436.219,MD,University of Maryland School of Medicine,University of Maryland School of Medicine,Immunology,BIOL,Recommended,one semester,,,,,,,Lab and other checkbox-style fields may be symbol-rendered in the PDF and should be reviewed before use.
aamc_msar_premed_course_requirements,AAMC MSAR Advisor Reports,https://students-residents.aamc.org/medical-school-admission-requirements/medical-school-admission-requirements-reports-applicants-and-advisors,data/raw/aamc/msar_reports/12_msar002-msar-premed-course-requirements.pdf,207,4640,386.498,MD,University of Maryland School of Medicine,University of Maryland School of Medicine,Microbiology,BIOL,Recommended,one semester,,,,,,,Lab and other checkbox-style fields may be symbol-rendered in the PDF and should be reviewed before use.
aamc_msar_premed_course_requirements,AAMC MSAR Advisor Reports,https://students-residents.aamc.org/medical-school-admission-requirements/medical-school-admission-requirements-reports-applicants-and-advisors,data/raw/aamc/msar_reports/12_msar002-msar-premed-course-requirements.pdf,208,4640,336.778,MD,University of Maryland School of Medicine,University of Maryland School of Medicine,Physics,PHYS,Required,Physical Sciences - one year with labs,,,,,,,Lab and other checkbox-style fields may be symbol-rendered in the PDF and should be reviewed before use.
aamc_msar_premed_course_requirements,AAMC MSAR Advisor Reports,https://students-residents.aamc.org/medical-school-admission-requirements/medical-school-admission-requirements-reports-applicants-and-advisors,data/raw/aamc/msar_reports/12_msar002-msar-premed-course-requirements.pdf,209,4640,287.058,MD,University of Maryland School of Medicine,University of Maryland School of Medicine,Physiology,BIOL,Recommended,one semester,,,,,,,Lab and other checkbox-style fields may be symbol-rendered in the PDF and should be reviewed before use.
aamc_msar_premed_course_requirements,AAMC MSAR Advisor Reports,https://students-residents.aamc.org/medical-school-admission-requirements/medical-school-admission-requirements-reports-applicants-and-advisors,data/raw/aamc/msar_reports/12_msar002-msar-premed-course-requirements.pdf,210,4640,215.057,MI,Central Michigan University College of Medicine,Central Michigan University College of Medicine,Biology,BIOL,Required,"Two semesters of biological science courses with laboratory sections. Courses such as anatomy, biology, genetics, physiology, and microbiology fulfill this requirement.",6,,,,,,Lab and other checkbox-style fields may be symbol-rendered in the PDF and should be reviewed before use.
aamc_msar_premed_course_requirements,AAMC MSAR Advisor Reports,https://students-residents.aamc.org/medical-school-admission-requirements/medical-school-admission-requirements-reports-applicants-and-advisors,data/raw/aamc/msar_reports/12_msar002-msar-premed-course-requirements.pdf,211,4640,107.057,MI,Central Michigan University College of Medicine,Central Michigan University College of Medicine,Chemistry,CHEM,Required,Two semesters of organic chemistry with at least one laboratory OR one semester of organic chemistry and one semester of biochemistry with at least one laboratory section.,6,,,,,,Lab and other checkbox-style fields may be symbol-rendered in the PDF and should be reviewed before use.
aamc_msar_premed_course_requirements,AAMC MSAR Advisor Reports,https://students-residents.aamc.org/medical-school-admission-requirements/medical-school-admission-requirements-reports-applicants-and-advisors,data/raw/aamc/msar_reports/12_msar002-msar-premed-course-requirements.pdf,212,4712,472.661,MI,Michigan State University College of Human Medicine,Michigan State University College of Human Medicine,Anthropology,BESS,Recommended,"Courses could be from any of the following: Anthropology, Economics, History, Political Science, Psychology, or Sociology (1 semester)",,,,,,,Lab and other checkbox-style fields may be symbol-rendered in the PDF and should be reviewed before use.
aamc_msar_premed_course_requirements,AAMC MSAR Advisor Reports,https://students-residents.aamc.org/medical-school-admission-requirements/medical-school-admission-requirements-reports-applicants-and-advisors,data/raw/aamc/msar_reports/12_msar002-msar-premed-course-requirements.pdf,213,4712,413.941,MI,Michigan State University College of Human Medicine,Michigan State University College of Human Medicine,Biochemistry,CHEM,Required,Biochemistry (1 semester),,,,,,,Lab and other checkbox-style fields may be symbol-rendered in the PDF and should be reviewed before use.
aamc_msar_premed_course_requirements,AAMC MSAR Advisor Reports,https://students-residents.aamc.org/medical-school-admission-requirements/medical-school-admission-requirements-reports-applicants-and-advisors,data/raw/aamc/msar_reports/12_msar002-msar-premed-course-requirements.pdf,214,4712,355.221,MI,Michigan State University College of Human Medicine,Michigan State University College of Human Medicine,Biology,BIOL,Required,Biology with lab (1 year),,,,,,,Lab and other checkbox-style fields may be symbol-rendered in the PDF and should be reviewed before use.
aamc_msar_premed_course_requirements,AAMC MSAR Advisor Reports,https://students-residents.aamc.org/medical-school-admission-requirements/medical-school-admission-requirements-reports-applicants-and-advisors,data/raw/aamc/msar_reports/12_msar002-msar-premed-course-requirements.pdf,215,4712,193.220,MI,Michigan State University College of Human Medicine,Michigan State University College of Human Medicine,Cell Biology,BIOL,Required,"1 semester of upper level (defined as 300-400 level, junior-senior level coursework. Examples include coursework in (but not limited to): Anatomy Advanced Cell Biology Embryology Genetics Immunology Microbiology Molecular Biology Neuroscience Physiology Zoology",,,,,,,Lab and other checkbox-style fields may be symbol-rendered in the PDF and should be reviewed before use.
aamc_msar_premed_course_requirements,AAMC MSAR Advisor Reports,https://students-residents.aamc.org/medical-school-admission-requirements/medical-school-admission-requirements-reports-applicants-and-advisors,data/raw/aamc/msar_reports/12_msar002-msar-premed-course-requirements.pdf,216,4712,134.500,MI,Michigan State University College of Human Medicine,Michigan State University College of Human Medicine,Chemistry,CHEM,Required,Organic Chemistry with lab (1 year),,,,,,,Lab and other checkbox-style fields may be symbol-rendered in the PDF and should be reviewed before use.
aamc_msar_premed_course_requirements,AAMC MSAR Advisor Reports,https://students-residents.aamc.org/medical-school-admission-requirements/medical-school-admission-requirements-reports-applicants-and-advisors,data/raw/aamc/msar_reports/12_msar002-msar-premed-course-requirements.pdf,217,4764,485.942,MI,Michigan State University College of Human Medicine,Michigan State University College of Human Medicine,Physical Chemistry,CHEM,Required,General Chemistry with lab (1 year),,,,,,,Lab and other checkbox-style fields may be symbol-rendered in the PDF and should be reviewed before use.
aamc_msar_premed_course_requirements,AAMC MSAR Advisor Reports,https://students-residents.aamc.org/medical-school-admission-requirements/medical-school-admission-requirements-reports-applicants-and-advisors,data/raw/aamc/msar_reports/12_msar002-msar-premed-course-requirements.pdf,218,4764,427.221,MI,Michigan State University College of Human Medicine,Michigan State University College of Human Medicine,Physics,PHYS,Required,Introductory Physics with lab (1 year),,,,,,,Lab and other checkbox-style fields may be symbol-rendered in the PDF and should be reviewed before use.
aamc_msar_premed_course_requirements,AAMC MSAR Advisor Reports,https://students-residents.aamc.org/medical-school-admission-requirements/medical-school-admission-requirements-reports-applicants-and-advisors,data/raw/aamc/msar_reports/12_msar002-msar-premed-course-requirements.pdf,219,4764,368.501,MI,Michigan State University College of Human Medicine,Michigan State University College of Human Medicine,Statistics,MATH,Required,College Algebra or Statistics (1 semester),,,,,,,Lab and other checkbox-style fields may be symbol-rendered in the PDF and should be reviewed before use.
aamc_msar_premed_course_requirements,AAMC MSAR Advisor Reports,https://students-residents.aamc.org/medical-school-admission-requirements/medical-school-admission-requirements-reports-applicants-and-advisors,data/raw/aamc/msar_reports/12_msar002-msar-premed-course-requirements.pdf,220,4764,309.781,MI,Oakland University William Beaumont School of Medicine,Oakland University William Beaumont School of Medicine,Biochemistry,CHEM,Required,,3,,,,,,Lab and other checkbox-style fields may be symbol-rendered in the PDF and should be reviewed before use.
aamc_msar_premed_course_requirements,AAMC MSAR Advisor Reports,https://students-residents.aamc.org/medical-school-admission-requirements/medical-school-admission-requirements-reports-applicants-and-advisors,data/raw/aamc/msar_reports/12_msar002-msar-premed-course-requirements.pdf,221,4764,190.620,MI,University of Michigan Medical School,University of Michigan Medical School,Biochemistry,CHEM,Recommended,,,,,,,,Lab and other checkbox-style fields may be symbol-rendered in the PDF and should be reviewed before use.
aamc_msar_premed_course_requirements,AAMC MSAR Advisor Reports,https://students-residents.aamc.org/medical-school-admission-requirements/medical-school-admission-requirements-reports-applicants-and-advisors,data/raw/aamc/msar_reports/12_msar002-msar-premed-course-requirements.pdf,222,4916,485.939,MI,University of Michigan Medical School,University of Michigan Medical School,Microbiology,BIOL,Recommended,,,,,,,,Lab and other checkbox-style fields may be symbol-rendered in the PDF and should be reviewed before use.
aamc_msar_premed_course_requirements,AAMC MSAR Advisor Reports,https://students-residents.aamc.org/medical-school-admission-requirements/medical-school-admission-requirements-reports-applicants-and-advisors,data/raw/aamc/msar_reports/12_msar002-msar-premed-course-requirements.pdf,223,4998,445.661,MI,Wayne State University School of Medicine,Wayne State University School of Medicine,Chemistry,CHEM,Required,"Two (2) semesters of General/Inorganic Chemistry (at least 6 credits) and Two (2) semesters of Organic Chemistry (at least 6 credits). Plus one semester of General or Inorganic Chemistry lab, and one semester of Organic Chemistry lab.",12,,,,,,Lab and other checkbox-style fields may be symbol-rendered in the PDF and should be reviewed before use.
aamc_msar_premed_course_requirements,AAMC MSAR Advisor Reports,https://students-residents.aamc.org/medical-school-admission-requirements/medical-school-admission-requirements-reports-applicants-and-advisors,data/raw/aamc/msar_reports/12_msar002-msar-premed-course-requirements.pdf,224,4998,301.661,MI,Wayne State University School of Medicine,Wayne State University School of Medicine,Composition & Rhetoric,ENGL,Required,One (1) semester of English Writing (at least 3 credits).,3,,,,,,Lab and other checkbox-style fields may be symbol-rendered in the PDF and should be reviewed before use.
aamc_msar_premed_course_requirements,AAMC MSAR Advisor Reports,https://students-residents.aamc.org/medical-school-admission-requirements/medical-school-admission-requirements-reports-applicants-and-advisors,data/raw/aamc/msar_reports/12_msar002-msar-premed-course-requirements.pdf,225,4998,157.660,MI,Wayne State University School of Medicine,Wayne State University School of Medicine,Mathematics,MATH,Required,One (1) semester of College Mathematics (at least 3 credits).,3,,,,,,Lab and other checkbox-style fields may be symbol-rendered in the PDF and should be reviewed before use.
aamc_msar_premed_course_requirements,AAMC MSAR Advisor Reports,https://students-residents.aamc.org/medical-school-admission-requirements/medical-school-admission-requirements-reports-applicants-and-advisors,data/raw/aamc/msar_reports/12_msar002-msar-premed-course-requirements.pdf,226,5030,360.661,MI,Wayne State University School of Medicine,Wayne State University School of Medicine,Physics,PHYS,Required,Two (2) semesters of Physics (at least 6 credits). Plus recommended (not required) lab.,6,,,,,,Lab and other checkbox-style fields may be symbol-rendered in the PDF and should be reviewed before use.
aamc_msar_premed_course_requirements,AAMC MSAR Advisor Reports,https://students-residents.aamc.org/medical-school-admission-requirements/medical-school-admission-requirements-reports-applicants-and-advisors,data/raw/aamc/msar_reports/12_msar002-msar-premed-course-requirements.pdf,227,5030,220.941,MI,Western Michigan University Homer Stryker M.D. School of Medicine,Western Michigan University Homer Stryker M.D. School of Medicine,Anatomy,BIOL,Recommended,,3,,,,,,Lab and other checkbox-style fields may be symbol-rendered in the PDF and should be reviewed before use.
aamc_msar_premed_course_requirements,AAMC MSAR Advisor Reports,https://students-residents.aamc.org/medical-school-admission-requirements/medical-school-admission-requirements-reports-applicants-and-advisors,data/raw/aamc/msar_reports/12_msar002-msar-premed-course-requirements.pdf,228,5142,485.939,MI,Western Michigan University Homer Stryker M.D. School of Medicine,Western Michigan University Homer Stryker M.D. School of Medicine,Psychology,BESS,Recommended,,3,,,,,,Lab and other checkbox-style fields may be symbol-rendered in the PDF and should be reviewed before use.
aamc_msar_premed_course_requirements,AAMC MSAR Advisor Reports,https://students-residents.aamc.org/medical-school-admission-requirements/medical-school-admission-requirements-reports-applicants-and-advisors,data/raw/aamc/msar_reports/12_msar002-msar-premed-course-requirements.pdf,229,5142,51.896,MO,University of Missouri-Columbia School of Medicine,University of Missouri-Columbia School of Medicine,Biology,BIOL,,"Any biologic sciences course (e.g., biology, genetics, cell biology, animal physiology, molecular biology, histology).",6,,,,,,Lab and other checkbox-style fields may be symbol-rendered in the PDF and should be reviewed before use.
aamc_msar_premed_course_requirements,AAMC MSAR Advisor Reports,https://students-residents.aamc.org/medical-school-admission-requirements/medical-school-admission-requirements-reports-applicants-and-advisors,data/raw/aamc/msar_reports/12_msar002-msar-premed-course-requirements.pdf,230,5284,481.661,MO,University of Missouri-Columbia School of Medicine,University of Missouri-Columbia School of Medicine,Chemistry,CHEM,,"General Chemistry I, General Chemistry II, Organic Chemistry I, and Organic Chemistry II.",12,,,,,,Lab and other checkbox-style fields may be symbol-rendered in the PDF and should be reviewed before use.
aamc_msar_premed_course_requirements,AAMC MSAR Advisor Reports,https://students-residents.aamc.org/medical-school-admission-requirements/medical-school-admission-requirements-reports-applicants-and-advisors,data/raw/aamc/msar_reports/12_msar002-msar-premed-course-requirements.pdf,231,5456,472.661,MS,University of Mississippi School of Medicine,University of Mississippi School of Medicine,Sociology,BESS,Recommended,,3,,,,,,Lab and other checkbox-style fields may be symbol-rendered in the PDF and should be reviewed before use.
aamc_msar_premed_course_requirements,AAMC MSAR Advisor Reports,https://students-residents.aamc.org/medical-school-admission-requirements/medical-school-admission-requirements-reports-applicants-and-advisors,data/raw/aamc/msar_reports/12_msar002-msar-premed-course-requirements.pdf,232,5688,485.947,NC,Methodist University Cape Fear Valley Health School of Medicine,Methodist University Cape Fear Valley Health School of Medicine,Immunology,BIOL,Recommended,,,,,,,,Lab and other checkbox-style fields may be symbol-rendered in the PDF and should be reviewed before use.
aamc_msar_premed_course_requirements,AAMC MSAR Advisor Reports,https://students-residents.aamc.org/medical-school-admission-requirements/medical-school-admission-requirements-reports-applicants-and-advisors,data/raw/aamc/msar_reports/12_msar002-msar-premed-course-requirements.pdf,233,5840,472.661,NC,University of North Carolina at Chapel Hill School of Medicine,University of North Carolina at Chapel Hill School of Medicine,Immunology,BIOL,Recommended,Visit website for specific information. https://www.med.unc.edu/admit/requirements/ac ademic-requirements/,,,,,,,Lab and other checkbox-style fields may be symbol-rendered in the PDF and should be reviewed before use.
aamc_msar_premed_course_requirements,AAMC MSAR Advisor Reports,https://students-residents.aamc.org/medical-school-admission-requirements/medical-school-admission-requirements-reports-applicants-and-advisors,data/raw/aamc/msar_reports/12_msar002-msar-premed-course-requirements.pdf,234,6052,485.942,ND,University of North Dakota School of Medicine and Health Sciences,University of North Dakota School of Medicine and Health Sciences,Mathematics,MATH,Recommended,,,,,,,,Lab and other checkbox-style fields may be symbol-rendered in the PDF and should be reviewed before use.
aamc_msar_premed_course_requirements,AAMC MSAR Advisor Reports,https://students-residents.aamc.org/medical-school-admission-requirements/medical-school-admission-requirements-reports-applicants-and-advisors,data/raw/aamc/msar_reports/12_msar002-msar-premed-course-requirements.pdf,235,6134,481.667,NE,University of Nebraska College of Medicine,University of Nebraska College of Medicine,Biology,BIOL,Required,Two semesters of general biology or physiology with laboratory will meet this requirement.,8,,,,,,Lab and other checkbox-style fields may be symbol-rendered in the PDF and should be reviewed before use.
aamc_msar_premed_course_requirements,AAMC MSAR Advisor Reports,https://students-residents.aamc.org/medical-school-admission-requirements/medical-school-admission-requirements-reports-applicants-and-advisors,data/raw/aamc/msar_reports/12_msar002-msar-premed-course-requirements.pdf,236,6134,292.666,NE,University of Nebraska College of Medicine,University of Nebraska College of Medicine,Chemistry,CHEM,Required,Two semesters of general or inorganic chemistry with laboratory (8-10 hours). Two semesters of organic chemistry with laboratory (8-10 hours).,16,,,,,,Lab and other checkbox-style fields may be symbol-rendered in the PDF and should be reviewed before use.
aamc_msar_premed_course_requirements,AAMC MSAR Advisor Reports,https://students-residents.aamc.org/medical-school-admission-requirements/medical-school-admission-requirements-reports-applicants-and-advisors,data/raw/aamc/msar_reports/12_msar002-msar-premed-course-requirements.pdf,237,6134,125.946,NE,University of Nebraska College of Medicine,University of Nebraska College of Medicine,Genetics,BIOL,Required,,3,,,,,,Lab and other checkbox-style fields may be symbol-rendered in the PDF and should be reviewed before use.
aamc_msar_premed_course_requirements,AAMC MSAR Advisor Reports,https://students-residents.aamc.org/medical-school-admission-requirements/medical-school-admission-requirements-reports-applicants-and-advisors,data/raw/aamc/msar_reports/12_msar002-msar-premed-course-requirements.pdf,238,6166,333.661,NE,University of Nebraska College of Medicine,University of Nebraska College of Medicine,Literature,ENGL,Required,Literature or Composition & Rhetoric to meet requirement,3,,,,,,Lab and other checkbox-style fields may be symbol-rendered in the PDF and should be reviewed before use.
aamc_msar_premed_course_requirements,AAMC MSAR Advisor Reports,https://students-residents.aamc.org/medical-school-admission-requirements/medical-school-admission-requirements-reports-applicants-and-advisors,data/raw/aamc/msar_reports/12_msar002-msar-premed-course-requirements.pdf,239,6178,481.661,NE,University of Nebraska College of Medicine,University of Nebraska College of Medicine,Physics,PHYS,Required,Two semesters in physics with laboratory will meet this requirement.,8,,,,,,Lab and other checkbox-style fields may be symbol-rendered in the PDF and should be reviewed before use.
aamc_msar_premed_course_requirements,AAMC MSAR Advisor Reports,https://students-residents.aamc.org/medical-school-admission-requirements/medical-school-admission-requirements-reports-applicants-and-advisors,data/raw/aamc/msar_reports/12_msar002-msar-premed-course-requirements.pdf,240,6178,310.661,NE,University of Nebraska College of Medicine,University of Nebraska College of Medicine,Statistics,MATH,Required,This requirement must include material through introductory calculus OR a course in statistics.,3,,,,,,Lab and other checkbox-style fields may be symbol-rendered in the PDF and should be reviewed before use.
aamc_msar_premed_course_requirements,AAMC MSAR Advisor Reports,https://students-residents.aamc.org/medical-school-admission-requirements/medical-school-admission-requirements-reports-applicants-and-advisors,data/raw/aamc/msar_reports/12_msar002-msar-premed-course-requirements.pdf,241,6200,445.667,NH,Geisel School of Medicine at Dartmouth,Geisel School of Medicine at Dartmouth,Biochemistry,CHEM,Required,"We require one semester (3 credit hours or equivalent) of biochemistry. If you are in a trimester or quarter system, one trimester or quarter of biochemistry is sufficient as long as you have two full years of chemistry coursework including organic chemistry and biochemistry.",3,,,,,,Lab and other checkbox-style fields may be symbol-rendered in the PDF and should be reviewed before use.
aamc_msar_premed_course_requirements,AAMC MSAR Advisor Reports,https://students-residents.aamc.org/medical-school-admission-requirements/medical-school-admission-requirements-reports-applicants-and-advisors,data/raw/aamc/msar_reports/12_msar002-msar-premed-course-requirements.pdf,242,6200,238.666,NH,Geisel School of Medicine at Dartmouth,Geisel School of Medicine at Dartmouth,Biology,BIOL,Required,One year ( 8 credit hours or equivalent) of biology coursework. Any completed biology coursework from general biology to advanced biology coursework may be used to meet this requirement. We adjust our credit hour requirement to reflect how your school awards credits. Please list credit hours as they appear on your transcript. We expect completion of any lab section offered in conjunction with your biology coursework.,8,,,,,,Lab and other checkbox-style fields may be symbol-rendered in the PDF and should be reviewed before use.
aamc_msar_premed_course_requirements,AAMC MSAR Advisor Reports,https://students-residents.aamc.org/medical-school-admission-requirements/medical-school-admission-requirements-reports-applicants-and-advisors,data/raw/aamc/msar_reports/12_msar002-msar-premed-course-requirements.pdf,243,6222,337.661,NH,Geisel School of Medicine at Dartmouth,Geisel School of Medicine at Dartmouth,Chemistry,CHEM,Required,"One and a half years ( 12 credit hours or equivalent) of chemistry coursework. One semester ( 4 credit hours or equivalent) of this must be organic chemistry. For the other one year ( 8 credit hours or equivalent) you can use any chemistry courses you have completed from general chemistry to advanced chemistry coursework. This is in addition to the required biochemistry course. For students on a quarter or trimester system, one quarter or trimester will meet the requirement if you have 16 credit hours (or equivalent) of chemistry coursework overall. We adjust our credit hour requirement to reflect how your school awards credits. Please list credit hours as they appear on your transcript. We expect completion of any lab section offered in conjunction with your chemistry coursework.",12,,,,,,Lab and other checkbox-style fields may be symbol-rendered in the PDF and should be reviewed before use.
aamc_msar_premed_course_requirements,AAMC MSAR Advisor Reports,https://students-residents.aamc.org/medical-school-admission-requirements/medical-school-admission-requirements-reports-applicants-and-advisors,data/raw/aamc/msar_reports/12_msar002-msar-premed-course-requirements.pdf,244,6222,166.661,NH,Geisel School of Medicine at Dartmouth,Geisel School of Medicine at Dartmouth,Mathematics,MATH,Required,"One half-year (3 credit hours or equivalent) of college-level mathematics, including either calculus or statistics. We adjust our credit hour requirement to reflect how your school awards credits. Please list credit hours as they appear on your transcript.",3,,,,,,Lab and other checkbox-style fields may be symbol-rendered in the PDF and should be reviewed before use.
aamc_msar_premed_course_requirements,AAMC MSAR Advisor Reports,https://students-residents.aamc.org/medical-school-admission-requirements/medical-school-admission-requirements-reports-applicants-and-advisors,data/raw/aamc/msar_reports/12_msar002-msar-premed-course-requirements.pdf,245,6244,409.661,NH,Geisel School of Medicine at Dartmouth,Geisel School of Medicine at Dartmouth,Physics,PHYS,Required,One year ( 8 credit hours or equivalent) of physics coursework. Any completed physics coursework may be used to meet this requirement. We adjust our credit hour requirement to reflect how your school awards credits. Please list credit hours as they appear on your transcript. We expect completion of any lab section offered in conjunction with your physics coursework.,8,,,,,,Lab and other checkbox-style fields may be symbol-rendered in the PDF and should be reviewed before use.
aamc_msar_premed_course_requirements,AAMC MSAR Advisor Reports,https://students-residents.aamc.org/medical-school-admission-requirements/medical-school-admission-requirements-reports-applicants-and-advisors,data/raw/aamc/msar_reports/12_msar002-msar-premed-course-requirements.pdf,246,6244,278.941,NJ,Cooper Medical School of Rowan University,Cooper Medical School of Rowan University,Biochemistry,CHEM,Recommended,,,,,,,,Lab and other checkbox-style fields may be symbol-rendered in the PDF and should be reviewed before use.
aamc_msar_premed_course_requirements,AAMC MSAR Advisor Reports,https://students-residents.aamc.org/medical-school-admission-requirements/medical-school-admission-requirements-reports-applicants-and-advisors,data/raw/aamc/msar_reports/12_msar002-msar-premed-course-requirements.pdf,247,6346,463.667,NJ,Hackensack Meridian School of Medicine,Hackensack Meridian School of Medicine,Botany,BIOL,Recommended,"Two semesters of courses with laboratory (select from the following options): Organic Chemistry, Biochemistry, Physics, Anatomy/Physiology, Zoology, Botany",3,,,,,,Lab and other checkbox-style fields may be symbol-rendered in the PDF and should be reviewed before use.
aamc_msar_premed_course_requirements,AAMC MSAR Advisor Reports,https://students-residents.aamc.org/medical-school-admission-requirements/medical-school-admission-requirements-reports-applicants-and-advisors,data/raw/aamc/msar_reports/12_msar002-msar-premed-course-requirements.pdf,248,6468,481.661,NJ,Rutgers New Jersey Medical School,Rutgers New Jersey Medical School,Chemistry,CHEM,Required,Two semesters of General Chemistry and one semester of Organic Chemistry I,9,,,,,,Lab and other checkbox-style fields may be symbol-rendered in the PDF and should be reviewed before use.
aamc_msar_premed_course_requirements,AAMC MSAR Advisor Reports,https://students-residents.aamc.org/medical-school-admission-requirements/medical-school-admission-requirements-reports-applicants-and-advisors,data/raw/aamc/msar_reports/12_msar002-msar-premed-course-requirements.pdf,249,6468,377.941,NJ,Rutgers New Jersey Medical School,Rutgers New Jersey Medical School,Creative Writing,ENGL,Required,,3,,,,,,Lab and other checkbox-style fields may be symbol-rendered in the PDF and should be reviewed before use.
aamc_msar_premed_course_requirements,AAMC MSAR Advisor Reports,https://students-residents.aamc.org/medical-school-admission-requirements/medical-school-admission-requirements-reports-applicants-and-advisors,data/raw/aamc/msar_reports/12_msar002-msar-premed-course-requirements.pdf,250,6468,282.501,NJ,Rutgers New Jersey Medical School,Rutgers New Jersey Medical School,Physical Chemistry,CHEM,Required,Organic chemistry,3,,,,,,Lab and other checkbox-style fields may be symbol-rendered in the PDF and should be reviewed before use.
aamc_msar_premed_course_requirements,AAMC MSAR Advisor Reports,https://students-residents.aamc.org/medical-school-admission-requirements/medical-school-admission-requirements-reports-applicants-and-advisors,data/raw/aamc/msar_reports/12_msar002-msar-premed-course-requirements.pdf,251,6468,187.060,NJ,Rutgers New Jersey Medical School,Rutgers New Jersey Medical School,Psychology,BESS,Recommended,Psychology and/or Sociology,,,,,,,Lab and other checkbox-style fields may be symbol-rendered in the PDF and should be reviewed before use.
aamc_msar_premed_course_requirements,AAMC MSAR Advisor Reports,https://students-residents.aamc.org/medical-school-admission-requirements/medical-school-admission-requirements-reports-applicants-and-advisors,data/raw/aamc/msar_reports/12_msar002-msar-premed-course-requirements.pdf,252,6602,472.667,NM,University of New Mexico School of Medicine,University of New Mexico School of Medicine,Biochemistry,CHEM,Required,Applicants must take one semester or two quarters of Biochemistry. Course must be at the 300 or 400 level.,3,,,,,,Lab and other checkbox-style fields may be symbol-rendered in the PDF and should be reviewed before use.
aamc_msar_premed_course_requirements,AAMC MSAR Advisor Reports,https://students-residents.aamc.org/medical-school-admission-requirements/medical-school-admission-requirements-reports-applicants-and-advisors,data/raw/aamc/msar_reports/12_msar002-msar-premed-course-requirements.pdf,253,6602,247.666,NM,University of New Mexico School of Medicine,University of New Mexico School of Medicine,Biology,BIOL,Required,"Applicants must take two semesters or three quarters of human-based Biology courses with a corresponding lab. Examples include, but are not limited to, Cell and Molecular Biology, Genetics, Microbiology, and Anatomy and Physiology.",8,,,,,,Lab and other checkbox-style fields may be symbol-rendered in the PDF and should be reviewed before use.
aamc_msar_premed_course_requirements,AAMC MSAR Advisor Reports,https://students-residents.aamc.org/medical-school-admission-requirements/medical-school-admission-requirements-reports-applicants-and-advisors,data/raw/aamc/msar_reports/12_msar002-msar-premed-course-requirements.pdf,254,6602,49.666,NM,University of New Mexico School of Medicine,University of New Mexico School of Medicine,Chemistry,CHEM,Required,Applicants must take two semesters or three quarters of General Chemistry 1 and 2 with a corresponding lab.,8,,,,,,Lab and other checkbox-style fields may be symbol-rendered in the PDF and should be reviewed before use.
aamc_msar_premed_course_requirements,AAMC MSAR Advisor Reports,https://students-residents.aamc.org/medical-school-admission-requirements/medical-school-admission-requirements-reports-applicants-and-advisors,data/raw/aamc/msar_reports/12_msar002-msar-premed-course-requirements.pdf,255,6634,306.661,NM,University of New Mexico School of Medicine,University of New Mexico School of Medicine,Organic Chemistry,CHEM,Required,Applicants must take two semesters or three quarters of Organic Chemistry 1 and 2 with a corresponding lab.,8,,,,,,Lab and other checkbox-style fields may be symbol-rendered in the PDF and should be reviewed before use.
aamc_msar_premed_course_requirements,AAMC MSAR Advisor Reports,https://students-residents.aamc.org/medical-school-admission-requirements/medical-school-admission-requirements-reports-applicants-and-advisors,data/raw/aamc/msar_reports/12_msar002-msar-premed-course-requirements.pdf,256,6634,108.660,NM,University of New Mexico School of Medicine,University of New Mexico School of Medicine,Physics,PHYS,Required,Applicants must take two semesters or three quarters of General Physics 1 and 2. Algebra or Calculus-based Physics is preferred.,6,,,,,,Lab and other checkbox-style fields may be symbol-rendered in the PDF and should be reviewed before use.
aamc_msar_premed_course_requirements,AAMC MSAR Advisor Reports,https://students-residents.aamc.org/medical-school-admission-requirements/medical-school-admission-requirements-reports-applicants-and-advisors,data/raw/aamc/msar_reports/12_msar002-msar-premed-course-requirements.pdf,257,6656,319.941,NM,University of New Mexico School of Medicine,University of New Mexico School of Medicine,Psychology,BESS,Recommended,,3,,,,,,Lab and other checkbox-style fields may be symbol-rendered in the PDF and should be reviewed before use.
aamc_msar_premed_course_requirements,AAMC MSAR Advisor Reports,https://students-residents.aamc.org/medical-school-admission-requirements/medical-school-admission-requirements-reports-applicants-and-advisors,data/raw/aamc/msar_reports/12_msar002-msar-premed-course-requirements.pdf,258,6780,481.661,NV,"University of Nevada, Reno School of Medicine","University of Nevada, Reno School of Medicine",Biology,BIOL,Required,2 Credits must be labs and 6 must be Upper Division,15,,,,,,Lab and other checkbox-style fields may be symbol-rendered in the PDF and should be reviewed before use.
aamc_msar_premed_course_requirements,AAMC MSAR Advisor Reports,https://students-residents.aamc.org/medical-school-admission-requirements/medical-school-admission-requirements-reports-applicants-and-advisors,data/raw/aamc/msar_reports/12_msar002-msar-premed-course-requirements.pdf,259,6780,368.941,NV,"University of Nevada, Reno School of Medicine","University of Nevada, Reno School of Medicine",Chemistry,CHEM,Required,2 Credits must be upper division,8,,,,,,Lab and other checkbox-style fields may be symbol-rendered in the PDF and should be reviewed before use.
aamc_msar_premed_course_requirements,AAMC MSAR Advisor Reports,https://students-residents.aamc.org/medical-school-admission-requirements/medical-school-admission-requirements-reports-applicants-and-advisors,data/raw/aamc/msar_reports/12_msar002-msar-premed-course-requirements.pdf,260,6780,256.221,NV,"University of Nevada, Reno School of Medicine","University of Nevada, Reno School of Medicine",Physical Chemistry,CHEM,Required,"8 Credits Organic Chemistry, 2 must be Labs",8,,,,,,Lab and other checkbox-style fields may be symbol-rendered in the PDF and should be reviewed before use.
aamc_msar_premed_course_requirements,AAMC MSAR Advisor Reports,https://students-residents.aamc.org/medical-school-admission-requirements/medical-school-admission-requirements-reports-applicants-and-advisors,data/raw/aamc/msar_reports/12_msar002-msar-premed-course-requirements.pdf,261,6780,143.500,NV,"University of Nevada, Reno School of Medicine","University of Nevada, Reno School of Medicine",Physics,PHYS,Required,2 Credits,8,,,,,,Lab and other checkbox-style fields may be symbol-rendered in the PDF and should be reviewed before use.
aamc_msar_premed_course_requirements,AAMC MSAR Advisor Reports,https://students-residents.aamc.org/medical-school-admission-requirements/medical-school-admission-requirements-reports-applicants-and-advisors,data/raw/aamc/msar_reports/12_msar002-msar-premed-course-requirements.pdf,262,6822,485.942,NV,"University of Nevada, Reno School of Medicine","University of Nevada, Reno School of Medicine",Psychology,BESS,Required,Psychology or Sociology,3,,,,,,Lab and other checkbox-style fields may be symbol-rendered in the PDF and should be reviewed before use.
aamc_msar_premed_course_requirements,AAMC MSAR Advisor Reports,https://students-residents.aamc.org/medical-school-admission-requirements/medical-school-admission-requirements-reports-applicants-and-advisors,data/raw/aamc/msar_reports/12_msar002-msar-premed-course-requirements.pdf,263,6822,314.941,NY,Albany Medical College,Albany Medical College,Biology,BIOL,Required,"Albany Medical College requires successful completion of two semesters of Biology with related laboratory experience. Examples of biology courses include molecular biology, genetics, cell biology/cell physiology, neuroscience, virology, and anatomy, although applicants are not required to take courses with these specific titles",8,,,,,,Lab and other checkbox-style fields may be symbol-rendered in the PDF and should be reviewed before use.
aamc_msar_premed_course_requirements,AAMC MSAR Advisor Reports,https://students-residents.aamc.org/medical-school-admission-requirements/medical-school-admission-requirements-reports-applicants-and-advisors,data/raw/aamc/msar_reports/12_msar002-msar-premed-course-requirements.pdf,264,6844,319.667,NY,Albany Medical College,Albany Medical College,Chemistry,CHEM,Required,"Albany Medical College requires successful completion of two semesters of Inorganic Chemistry AND two semesters of Organic Chemistry with related laboratory experience in each course. Inorganic Chemistry: Examples of inorganic chemistry courses include introductory inorganic chemistry, structure and bonding, principles of chemistry, solid state chemistry, physical chemistry, and chemical synthesis. Organic Chemistry: The organic chemistry requirement can be fulfilled with either two semesters of organic chemistry with related lab or one semester of organic chemistry and one semester of biochemistry (taken through the chemistry department) with related lab.",16,,,,,,Lab and other checkbox-style fields may be symbol-rendered in the PDF and should be reviewed before use.
aamc_msar_premed_course_requirements,AAMC MSAR Advisor Reports,https://students-residents.aamc.org/medical-school-admission-requirements/medical-school-admission-requirements-reports-applicants-and-advisors,data/raw/aamc/msar_reports/12_msar002-msar-premed-course-requirements.pdf,265,6844,211.666,NY,Albany Medical College,Albany Medical College,Physics,PHYS,Required,Albany Medical College requires successful completion of two semesters of Physics with related laboratory experience.,8,,,,,,Lab and other checkbox-style fields may be symbol-rendered in the PDF and should be reviewed before use.
aamc_msar_premed_course_requirements,AAMC MSAR Advisor Reports,https://students-residents.aamc.org/medical-school-admission-requirements/medical-school-admission-requirements-reports-applicants-and-advisors,data/raw/aamc/msar_reports/12_msar002-msar-premed-course-requirements.pdf,266,6866,485.942,NY,Albert Einstein College of Medicine,Albert Einstein College of Medicine,Biochemistry,CHEM,Recommended,,3,,,,,,Lab and other checkbox-style fields may be symbol-rendered in the PDF and should be reviewed before use.
aamc_msar_premed_course_requirements,AAMC MSAR Advisor Reports,https://students-residents.aamc.org/medical-school-admission-requirements/medical-school-admission-requirements-reports-applicants-and-advisors,data/raw/aamc/msar_reports/12_msar002-msar-premed-course-requirements.pdf,267,6866,355.221,NY,Albert Einstein College of Medicine,Albert Einstein College of Medicine,Biology,BIOL,Required,,8,,,,,,Lab and other checkbox-style fields may be symbol-rendered in the PDF and should be reviewed before use.
aamc_msar_premed_course_requirements,AAMC MSAR Advisor Reports,https://students-residents.aamc.org/medical-school-admission-requirements/medical-school-admission-requirements-reports-applicants-and-advisors,data/raw/aamc/msar_reports/12_msar002-msar-premed-course-requirements.pdf,268,6866,224.501,NY,Albert Einstein College of Medicine,Albert Einstein College of Medicine,Cell Biology,BIOL,Required,,4,,,,,,Lab and other checkbox-style fields may be symbol-rendered in the PDF and should be reviewed before use.
aamc_msar_premed_course_requirements,AAMC MSAR Advisor Reports,https://students-residents.aamc.org/medical-school-admission-requirements/medical-school-admission-requirements-reports-applicants-and-advisors,data/raw/aamc/msar_reports/12_msar002-msar-premed-course-requirements.pdf,269,6866,93.781,NY,Albert Einstein College of Medicine,Albert Einstein College of Medicine,Chemistry,CHEM,Required,One year of basic chemistry.,8,,,,,,Lab and other checkbox-style fields may be symbol-rendered in the PDF and should be reviewed before use.
aamc_msar_premed_course_requirements,AAMC MSAR Advisor Reports,https://students-residents.aamc.org/medical-school-admission-requirements/medical-school-admission-requirements-reports-applicants-and-advisors,data/raw/aamc/msar_reports/12_msar002-msar-premed-course-requirements.pdf,270,6908,373.941,NY,Albert Einstein College of Medicine,Albert Einstein College of Medicine,Genetics,BIOL,Recommended,,3,,,,,,Lab and other checkbox-style fields may be symbol-rendered in the PDF and should be reviewed before use.
aamc_msar_premed_course_requirements,AAMC MSAR Advisor Reports,https://students-residents.aamc.org/medical-school-admission-requirements/medical-school-admission-requirements-reports-applicants-and-advisors,data/raw/aamc/msar_reports/12_msar002-msar-premed-course-requirements.pdf,271,6908,238.941,NY,Albert Einstein College of Medicine,Albert Einstein College of Medicine,Literature,ENGL,Required,One year of English as selected by the applicant.,6,,,,,,Lab and other checkbox-style fields may be symbol-rendered in the PDF and should be reviewed before use.
aamc_msar_premed_course_requirements,AAMC MSAR Advisor Reports,https://students-residents.aamc.org/medical-school-admission-requirements/medical-school-admission-requirements-reports-applicants-and-advisors,data/raw/aamc/msar_reports/12_msar002-msar-premed-course-requirements.pdf,272,6908,157.940,NY,Albert Einstein College of Medicine,Albert Einstein College of Medicine,Mathematics,MATH,Required,One year of mathematics. Computer Science or Statistics may be substituted unless application is made to the MD/PhD program in which case calculus is required.,6,,,,,,Lab and other checkbox-style fields may be symbol-rendered in the PDF and should be reviewed before use.
aamc_msar_premed_course_requirements,AAMC MSAR Advisor Reports,https://students-residents.aamc.org/medical-school-admission-requirements/medical-school-admission-requirements-reports-applicants-and-advisors,data/raw/aamc/msar_reports/12_msar002-msar-premed-course-requirements.pdf,273,6940,485.947,NY,Albert Einstein College of Medicine,Albert Einstein College of Medicine,Physics,PHYS,Required,One year of basic physics,8,,,,,,Lab and other checkbox-style fields may be symbol-rendered in the PDF and should be reviewed before use.
aamc_msar_premed_course_requirements,AAMC MSAR Advisor Reports,https://students-residents.aamc.org/medical-school-admission-requirements/medical-school-admission-requirements-reports-applicants-and-advisors,data/raw/aamc/msar_reports/12_msar002-msar-premed-course-requirements.pdf,274,6940,350.947,NY,Albert Einstein College of Medicine,Albert Einstein College of Medicine,Psychology,BESS,Recommended,Any course work in the behavioral and social sciences is acceptable.,6,,,,,,Lab and other checkbox-style fields may be symbol-rendered in the PDF and should be reviewed before use.
aamc_msar_premed_course_requirements,AAMC MSAR Advisor Reports,https://students-residents.aamc.org/medical-school-admission-requirements/medical-school-admission-requirements-reports-applicants-and-advisors,data/raw/aamc/msar_reports/12_msar002-msar-premed-course-requirements.pdf,275,6972,436.661,NY,Columbia University Vagelos College of Physicians and Surgeons,Columbia University Vagelos College of Physicians and Surgeons,Biology,BIOL,Required,"One year of Biology with labs. For applicants whose undergraduate college accepted Advanced Placement (AP) credit to satisfy the requirement, we require one year of advanced study. This additional year must include at least one semester of the lab and two semesters are recommended.",,,,,,,Lab and other checkbox-style fields may be symbol-rendered in the PDF and should be reviewed before use.
aamc_msar_premed_course_requirements,AAMC MSAR Advisor Reports,https://students-residents.aamc.org/medical-school-admission-requirements/medical-school-admission-requirements-reports-applicants-and-advisors,data/raw/aamc/msar_reports/12_msar002-msar-premed-course-requirements.pdf,276,6972,238.661,NY,Columbia University Vagelos College of Physicians and Surgeons,Columbia University Vagelos College of Physicians and Surgeons,Chemistry,CHEM,Required,"One year of general chemistry with lab. For applicants whose undergraduate college accepted Advanced Placement (AP) credit to satisfy the requirement in introductory-level Chemistry, no additional upper-level Chemistry is required beyond Organic Chemistry.",,,,,,,Lab and other checkbox-style fields may be symbol-rendered in the PDF and should be reviewed before use.
aamc_msar_premed_course_requirements,AAMC MSAR Advisor Reports,https://students-residents.aamc.org/medical-school-admission-requirements/medical-school-admission-requirements-reports-applicants-and-advisors,data/raw/aamc/msar_reports/12_msar002-msar-premed-course-requirements.pdf,277,6972,76.660,NY,Columbia University Vagelos College of Physicians and Surgeons,Columbia University Vagelos College of Physicians and Surgeons,Literature,ENGL,Required,One year of English or other writing-intensive courses.,,,,,,,Lab and other checkbox-style fields may be symbol-rendered in the PDF and should be reviewed before use.
aamc_msar_premed_course_requirements,AAMC MSAR Advisor Reports,https://students-residents.aamc.org/medical-school-admission-requirements/medical-school-admission-requirements-reports-applicants-and-advisors,data/raw/aamc/msar_reports/12_msar002-msar-premed-course-requirements.pdf,278,7026,485.947,NY,Donald and Barbara Zucker School of Medicine at Hofstra/Northwell,Donald and Barbara Zucker School of Medicine at Hofstra/Northwell,Biochemistry,CHEM,Recommended,,4,,,,,,Lab and other checkbox-style fields may be symbol-rendered in the PDF and should be reviewed before use.
aamc_msar_premed_course_requirements,AAMC MSAR Advisor Reports,https://students-residents.aamc.org/medical-school-admission-requirements/medical-school-admission-requirements-reports-applicants-and-advisors,data/raw/aamc/msar_reports/12_msar002-msar-premed-course-requirements.pdf,279,7026,301.227,NY,Donald and Barbara Zucker School of Medicine at Hofstra/Northwell,Donald and Barbara Zucker School of Medicine at Hofstra/Northwell,Biology,BIOL,Recommended,,8,,,,,,Lab and other checkbox-style fields may be symbol-rendered in the PDF and should be reviewed before use.
aamc_msar_premed_course_requirements,AAMC MSAR Advisor Reports,https://students-residents.aamc.org/medical-school-admission-requirements/medical-school-admission-requirements-reports-applicants-and-advisors,data/raw/aamc/msar_reports/12_msar002-msar-premed-course-requirements.pdf,280,7026,116.506,NY,Donald and Barbara Zucker School of Medicine at Hofstra/Northwell,Donald and Barbara Zucker School of Medicine at Hofstra/Northwell,Calculus,MATH,Recommended,,3,,,,,,Lab and other checkbox-style fields may be symbol-rendered in the PDF and should be reviewed before use.
aamc_msar_premed_course_requirements,AAMC MSAR Advisor Reports,https://students-residents.aamc.org/medical-school-admission-requirements/medical-school-admission-requirements-reports-applicants-and-advisors,data/raw/aamc/msar_reports/12_msar002-msar-premed-course-requirements.pdf,281,7068,319.941,NY,Donald and Barbara Zucker School of Medicine at Hofstra/Northwell,Donald and Barbara Zucker School of Medicine at Hofstra/Northwell,Composition & Rhetoric,ENGL,Recommended,,6,,,,,,Lab and other checkbox-style fields may be symbol-rendered in the PDF and should be reviewed before use.
aamc_msar_premed_course_requirements,AAMC MSAR Advisor Reports,https://students-residents.aamc.org/medical-school-admission-requirements/medical-school-admission-requirements-reports-applicants-and-advisors,data/raw/aamc/msar_reports/12_msar002-msar-premed-course-requirements.pdf,282,7068,116.501,NY,Donald and Barbara Zucker School of Medicine at Hofstra/Northwell,Donald and Barbara Zucker School of Medicine at Hofstra/Northwell,Inorganic Chemistry,CHEM,Recommended,,8,,,,,,Lab and other checkbox-style fields may be symbol-rendered in the PDF and should be reviewed before use.
aamc_msar_premed_course_requirements,AAMC MSAR Advisor Reports,https://students-residents.aamc.org/medical-school-admission-requirements/medical-school-admission-requirements-reports-applicants-and-advisors,data/raw/aamc/msar_reports/12_msar002-msar-premed-course-requirements.pdf,283,7100,319.941,NY,Donald and Barbara Zucker School of Medicine at Hofstra/Northwell,Donald and Barbara Zucker School of Medicine at Hofstra/Northwell,Mathematics,MATH,Recommended,,3,,,,,,Lab and other checkbox-style fields may be symbol-rendered in the PDF and should be reviewed before use.
aamc_msar_premed_course_requirements,AAMC MSAR Advisor Reports,https://students-residents.aamc.org/medical-school-admission-requirements/medical-school-admission-requirements-reports-applicants-and-advisors,data/raw/aamc/msar_reports/12_msar002-msar-premed-course-requirements.pdf,284,7100,116.501,NY,Donald and Barbara Zucker School of Medicine at Hofstra/Northwell,Donald and Barbara Zucker School of Medicine at Hofstra/Northwell,Physics,PHYS,Recommended,,8,,,,,,Lab and other checkbox-style fields may be symbol-rendered in the PDF and should be reviewed before use.
aamc_msar_premed_course_requirements,AAMC MSAR Advisor Reports,https://students-residents.aamc.org/medical-school-admission-requirements/medical-school-admission-requirements-reports-applicants-and-advisors,data/raw/aamc/msar_reports/12_msar002-msar-premed-course-requirements.pdf,285,7132,319.947,NY,Donald and Barbara Zucker School of Medicine at Hofstra/Northwell,Donald and Barbara Zucker School of Medicine at Hofstra/Northwell,Psychology,BESS,Recommended,,,,,,,,Lab and other checkbox-style fields may be symbol-rendered in the PDF and should be reviewed before use.
aamc_msar_premed_course_requirements,AAMC MSAR Advisor Reports,https://students-residents.aamc.org/medical-school-admission-requirements/medical-school-admission-requirements-reports-applicants-and-advisors,data/raw/aamc/msar_reports/12_msar002-msar-premed-course-requirements.pdf,286,7174,485.942,NY,Icahn School of Medicine at Mount Sinai,Icahn School of Medicine at Mount Sinai,Biochemistry,CHEM,Required,One semester required.,,,,,,,Lab and other checkbox-style fields may be symbol-rendered in the PDF and should be reviewed before use.
aamc_msar_premed_course_requirements,AAMC MSAR Advisor Reports,https://students-residents.aamc.org/medical-school-admission-requirements/medical-school-admission-requirements-reports-applicants-and-advisors,data/raw/aamc/msar_reports/12_msar002-msar-premed-course-requirements.pdf,287,7174,310.221,NY,Icahn School of Medicine at Mount Sinai,Icahn School of Medicine at Mount Sinai,Biology,BIOL,Required,One academic year required.,,,,,,,Lab and other checkbox-style fields may be symbol-rendered in the PDF and should be reviewed before use.
aamc_msar_premed_course_requirements,AAMC MSAR Advisor Reports,https://students-residents.aamc.org/medical-school-admission-requirements/medical-school-admission-requirements-reports-applicants-and-advisors,data/raw/aamc/msar_reports/12_msar002-msar-premed-course-requirements.pdf,288,7174,121.221,NY,Icahn School of Medicine at Mount Sinai,Icahn School of Medicine at Mount Sinai,Chemistry,CHEM,Required,One academic year of General Chemistry required along with a semester of Organic Chemistry and a semester of Biochemistry.,,,,,,,Lab and other checkbox-style fields may be symbol-rendered in the PDF and should be reviewed before use.
aamc_msar_premed_course_requirements,AAMC MSAR Advisor Reports,https://students-residents.aamc.org/medical-school-admission-requirements/medical-school-admission-requirements-reports-applicants-and-advisors,data/raw/aamc/msar_reports/12_msar002-msar-premed-course-requirements.pdf,289,7206,324.661,NY,Icahn School of Medicine at Mount Sinai,Icahn School of Medicine at Mount Sinai,Composition & Rhetoric,ENGL,Required,One academic year of English intensive writing courses,,,,,,,Lab and other checkbox-style fields may be symbol-rendered in the PDF and should be reviewed before use.
aamc_msar_premed_course_requirements,AAMC MSAR Advisor Reports,https://students-residents.aamc.org/medical-school-admission-requirements/medical-school-admission-requirements-reports-applicants-and-advisors,data/raw/aamc/msar_reports/12_msar002-msar-premed-course-requirements.pdf,290,7206,144.660,NY,Icahn School of Medicine at Mount Sinai,Icahn School of Medicine at Mount Sinai,Physics,PHYS,Required,One semester. Can be satisfied with score of 5 on AP exam.,,,,,,,Lab and other checkbox-style fields may be symbol-rendered in the PDF and should be reviewed before use.
aamc_msar_premed_course_requirements,AAMC MSAR Advisor Reports,https://students-residents.aamc.org/medical-school-admission-requirements/medical-school-admission-requirements-reports-applicants-and-advisors,data/raw/aamc/msar_reports/12_msar002-msar-premed-course-requirements.pdf,291,7228,279.667,NY,Icahn School of Medicine at Mount Sinai,Icahn School of Medicine at Mount Sinai,Sociology,BESS,Recommended,"Applicants are encouraged to complete coursework which provide exposure to social determinants of health and disparities in health care outcomes. Coursework examples include sociology, public health, political science, global health, bioethics, urban studies, history, and economics.",,,,,,,Lab and other checkbox-style fields may be symbol-rendered in the PDF and should be reviewed before use.
aamc_msar_premed_course_requirements,AAMC MSAR Advisor Reports,https://students-residents.aamc.org/medical-school-admission-requirements/medical-school-admission-requirements-reports-applicants-and-advisors,data/raw/aamc/msar_reports/12_msar002-msar-premed-course-requirements.pdf,292,7228,85.226,NY,Jacobs School of Medicine and Biomedical Sciences at the University at Buffalo,Jacobs School of Medicine and Biomedical Sciences at the University at Buffalo,Biology,BIOL,Required,2 Semesters of Biology (lab in both semesters),8,,,,,,Lab and other checkbox-style fields may be symbol-rendered in the PDF and should be reviewed before use.
aamc_msar_premed_course_requirements,AAMC MSAR Advisor Reports,https://students-residents.aamc.org/medical-school-admission-requirements/medical-school-admission-requirements-reports-applicants-and-advisors,data/raw/aamc/msar_reports/12_msar002-msar-premed-course-requirements.pdf,293,7260,445.661,NY,Jacobs School of Medicine and Biomedical Sciences at the University at Buffalo,Jacobs School of Medicine and Biomedical Sciences at the University at Buffalo,Chemistry,CHEM,Required,"General Chemistry I & II and Organic Chemistry I & II (lab in both semesters or one lab that is 2 credits or more). Please note, Biochemistry does not substitute for Organic Chemistry.",16,,,,,,Lab and other checkbox-style fields may be symbol-rendered in the PDF and should be reviewed before use.
aamc_msar_premed_course_requirements,AAMC MSAR Advisor Reports,https://students-residents.aamc.org/medical-school-admission-requirements/medical-school-admission-requirements-reports-applicants-and-advisors,data/raw/aamc/msar_reports/12_msar002-msar-premed-course-requirements.pdf,294,7260,382.661,NY,Jacobs School of Medicine and Biomedical Sciences at the University at Buffalo,Jacobs School of Medicine and Biomedical Sciences at the University at Buffalo,Literature,ENGL,Required,2 Semesters of any English or Writing Intensive Course,6,,,,,,Lab and other checkbox-style fields may be symbol-rendered in the PDF and should be reviewed before use.
aamc_msar_premed_course_requirements,AAMC MSAR Advisor Reports,https://students-residents.aamc.org/medical-school-admission-requirements/medical-school-admission-requirements-reports-applicants-and-advisors,data/raw/aamc/msar_reports/12_msar002-msar-premed-course-requirements.pdf,295,7260,323.940,NY,Jacobs School of Medicine and Biomedical Sciences at the University at Buffalo,Jacobs School of Medicine and Biomedical Sciences at the University at Buffalo,Physics,PHYS,Required,2 Semesters of Physics (lab optional),6,,,,,,Lab and other checkbox-style fields may be symbol-rendered in the PDF and should be reviewed before use.
aamc_msar_premed_course_requirements,AAMC MSAR Advisor Reports,https://students-residents.aamc.org/medical-school-admission-requirements/medical-school-admission-requirements-reports-applicants-and-advisors,data/raw/aamc/msar_reports/12_msar002-msar-premed-course-requirements.pdf,296,7260,265.220,NY,New York Medical College,New York Medical College,Biochemistry,CHEM,Required,1 semester with or without lab (or equivalent),4,,,,,,Lab and other checkbox-style fields may be symbol-rendered in the PDF and should be reviewed before use.
aamc_msar_premed_course_requirements,AAMC MSAR Advisor Reports,https://students-residents.aamc.org/medical-school-admission-requirements/medical-school-admission-requirements-reports-applicants-and-advisors,data/raw/aamc/msar_reports/12_msar002-msar-premed-course-requirements.pdf,297,7392,485.942,NY,NYU Grossman Long Island School of Medicine,NYU Grossman Long Island School of Medicine,Creative Writing,ENGL,Recommended,,,,,,,,Lab and other checkbox-style fields may be symbol-rendered in the PDF and should be reviewed before use.
aamc_msar_premed_course_requirements,AAMC MSAR Advisor Reports,https://students-residents.aamc.org/medical-school-admission-requirements/medical-school-admission-requirements-reports-applicants-and-advisors,data/raw/aamc/msar_reports/12_msar002-msar-premed-course-requirements.pdf,298,7614,485.947,NY,State University of New York Upstate Medical University Alan and Marlene Norton College of Medicine,State University of New York Upstate Medical University Alan and Marlene Norton College of Medicine,Anatomy,BIOL,Recommended,,,,,,,,Lab and other checkbox-style fields may be symbol-rendered in the PDF and should be reviewed before use.
aamc_msar_premed_course_requirements,AAMC MSAR Advisor Reports,https://students-residents.aamc.org/medical-school-admission-requirements/medical-school-admission-requirements-reports-applicants-and-advisors,data/raw/aamc/msar_reports/12_msar002-msar-premed-course-requirements.pdf,299,7614,273.507,NY,State University of New York Upstate Medical University Alan and Marlene Norton College of Medicine,State University of New York Upstate Medical University Alan and Marlene Norton College of Medicine,Biology,BIOL,Required,,6,,,,,,Lab and other checkbox-style fields may be symbol-rendered in the PDF and should be reviewed before use.
aamc_msar_premed_course_requirements,AAMC MSAR Advisor Reports,https://students-residents.aamc.org/medical-school-admission-requirements/medical-school-admission-requirements-reports-applicants-and-advisors,data/raw/aamc/msar_reports/12_msar002-msar-premed-course-requirements.pdf,300,7614,79.786,NY,State University of New York Upstate Medical University Alan and Marlene Norton College of Medicine,State University of New York Upstate Medical University Alan and Marlene Norton College of Medicine,Composition & Rhetoric,ENGL,Required,,3,,,,,,Lab and other checkbox-style fields may be symbol-rendered in the PDF and should be reviewed before use.
aamc_msar_premed_course_requirements,AAMC MSAR Advisor Reports,https://students-residents.aamc.org/medical-school-admission-requirements/medical-school-admission-requirements-reports-applicants-and-advisors,data/raw/aamc/msar_reports/12_msar002-msar-premed-course-requirements.pdf,301,7666,310.941,NY,State University of New York Upstate Medical University Alan and Marlene Norton College of Medicine,State University of New York Upstate Medical University Alan and Marlene Norton College of Medicine,Literature,ENGL,Required,,3,,,,,,Lab and other checkbox-style fields may be symbol-rendered in the PDF and should be reviewed before use.
aamc_msar_premed_course_requirements,AAMC MSAR Advisor Reports,https://students-residents.aamc.org/medical-school-admission-requirements/medical-school-admission-requirements-reports-applicants-and-advisors,data/raw/aamc/msar_reports/12_msar002-msar-premed-course-requirements.pdf,302,7666,98.501,NY,State University of New York Upstate Medical University Alan and Marlene Norton College of Medicine,State University of New York Upstate Medical University Alan and Marlene Norton College of Medicine,Physics,PHYS,Required,,6,,,,,,Lab and other checkbox-style fields may be symbol-rendered in the PDF and should be reviewed before use.
aamc_msar_premed_course_requirements,AAMC MSAR Advisor Reports,https://students-residents.aamc.org/medical-school-admission-requirements/medical-school-admission-requirements-reports-applicants-and-advisors,data/raw/aamc/msar_reports/12_msar002-msar-premed-course-requirements.pdf,303,7698,310.941,NY,State University of New York Upstate Medical University Alan and Marlene Norton College of Medicine,State University of New York Upstate Medical University Alan and Marlene Norton College of Medicine,Physiology,BIOL,Recommended,,,,,,,,Lab and other checkbox-style fields may be symbol-rendered in the PDF and should be reviewed before use.
aamc_msar_premed_course_requirements,AAMC MSAR Advisor Reports,https://students-residents.aamc.org/medical-school-admission-requirements/medical-school-admission-requirements-reports-applicants-and-advisors,data/raw/aamc/msar_reports/12_msar002-msar-premed-course-requirements.pdf,304,7720,485.947,NY,SUNY Downstate Health Sciences University College of Medicine,SUNY Downstate Health Sciences University College of Medicine,Biology,BIOL,Required,General Biology or Zoology including labs,8,,,,,,Lab and other checkbox-style fields may be symbol-rendered in the PDF and should be reviewed before use.
aamc_msar_premed_course_requirements,AAMC MSAR Advisor Reports,https://students-residents.aamc.org/medical-school-admission-requirements/medical-school-admission-requirements-reports-applicants-and-advisors,data/raw/aamc/msar_reports/12_msar002-msar-premed-course-requirements.pdf,305,7720,197.947,NY,SUNY Downstate Health Sciences University College of Medicine,SUNY Downstate Health Sciences University College of Medicine,Chemistry,CHEM,Required,"General or Inorganic Chemistry 1 & 2 including labs* ( 8 credits) & Organic Chemistry 1 & 2 including labs ( 8 credits) *If your college/university offers an intensive one-semester general or inorganic chemistry course with lab for qualified students, and considers this equivalent to the traditional two- semester course, you may use this to satisfy our requirement for general chemistry. However, you should also take a higher level chemistry course, preferably Biochemistry. In addition, you should indicate in the prerequisite section on the Supplemental Application that the one-semester course is an advanced general or inorganic chemistry course, and upload a copy of the catalog description or a letter from the Department of Chemistry verifying this to your admissions portal. Remember to include your name and AMCAS ID on any communication with us.",16,,,,,,Lab and other checkbox-style fields may be symbol-rendered in the PDF and should be reviewed before use.
aamc_msar_premed_course_requirements,AAMC MSAR Advisor Reports,https://students-residents.aamc.org/medical-school-admission-requirements/medical-school-admission-requirements-reports-applicants-and-advisors,data/raw/aamc/msar_reports/12_msar002-msar-premed-course-requirements.pdf,306,7742,382.661,NY,SUNY Downstate Health Sciences University College of Medicine,SUNY Downstate Health Sciences University College of Medicine,Composition & Rhetoric,ENGL,Required,"In general, the Committee does not accept English courses taken abroad to fulfill the English admission requirement. Courses which have the English department prefix are accepted to fulfill the English requirement. If you have an interdisciplinary course or if your college or university accepts other courses to fulfill writing or English requirements, if accepted, please upload a scanned letter from your college stating this information to your admissions portal. Remember to include your name and AMCAS ID on any communication with us.",6,,,,,,Lab and other checkbox-style fields may be symbol-rendered in the PDF and should be reviewed before use.
aamc_msar_premed_course_requirements,AAMC MSAR Advisor Reports,https://students-residents.aamc.org/medical-school-admission-requirements/medical-school-admission-requirements-reports-applicants-and-advisors,data/raw/aamc/msar_reports/12_msar002-msar-premed-course-requirements.pdf,307,7742,237.941,NY,University of Rochester School of Medicine and Dentistry,University of Rochester School of Medicine and Dentistry,Biochemistry,CHEM,Required,"Lab is optional, but preferred. We understand that at some institutions, the lab portion is not available to non-majors.",,,,,,,Lab and other checkbox-style fields may be symbol-rendered in the PDF and should be reviewed before use.
aamc_msar_premed_course_requirements,AAMC MSAR Advisor Reports,https://students-residents.aamc.org/medical-school-admission-requirements/medical-school-admission-requirements-reports-applicants-and-advisors,data/raw/aamc/msar_reports/12_msar002-msar-premed-course-requirements.pdf,308,7834,463.667,NY,Weill Cornell Medicine,Weill Cornell Medicine,Biology,BIOL,Required,Two semesters of biology coursework and one semester of biology lab or equivalent lab experience with analysis and interpretation of data.,,,,,,,Lab and other checkbox-style fields may be symbol-rendered in the PDF and should be reviewed before use.
aamc_msar_premed_course_requirements,AAMC MSAR Advisor Reports,https://students-residents.aamc.org/medical-school-admission-requirements/medical-school-admission-requirements-reports-applicants-and-advisors,data/raw/aamc/msar_reports/12_msar002-msar-premed-course-requirements.pdf,309,7906,481.661,OH,Case Western Reserve University School of Medicine,Case Western Reserve University School of Medicine,Chemistry,CHEM,Required,"Any general chemistry course with labs (require 1 year total), and can also be fulfilled via AP.",6,,,,,,Lab and other checkbox-style fields may be symbol-rendered in the PDF and should be reviewed before use.
aamc_msar_premed_course_requirements,AAMC MSAR Advisor Reports,https://students-residents.aamc.org/medical-school-admission-requirements/medical-school-admission-requirements-reports-applicants-and-advisors,data/raw/aamc/msar_reports/12_msar002-msar-premed-course-requirements.pdf,310,7906,427.661,OH,Case Western Reserve University School of Medicine,Case Western Reserve University School of Medicine,Creative Writing,ENGL,Required,"Any English, literature, or writing class will fulfill this requirement (it is very flexible).",3,,,,,,Lab and other checkbox-style fields may be symbol-rendered in the PDF and should be reviewed before use.
aamc_msar_premed_course_requirements,AAMC MSAR Advisor Reports,https://students-residents.aamc.org/medical-school-admission-requirements/medical-school-admission-requirements-reports-applicants-and-advisors,data/raw/aamc/msar_reports/12_msar002-msar-premed-course-requirements.pdf,311,7906,345.940,OH,Case Western Reserve University School of Medicine,Case Western Reserve University School of Medicine,Physical Chemistry,CHEM,Required,"Any chemistry course with lab beyond general chemistry will suffice. For example, organic chemistry or any other type of chemistry course",3,,,,,,Lab and other checkbox-style fields may be symbol-rendered in the PDF and should be reviewed before use.
aamc_msar_premed_course_requirements,AAMC MSAR Advisor Reports,https://students-residents.aamc.org/medical-school-admission-requirements/medical-school-admission-requirements-reports-applicants-and-advisors,data/raw/aamc/msar_reports/12_msar002-msar-premed-course-requirements.pdf,312,7906,296.220,OH,Northeast Ohio Medical University,Northeast Ohio Medical University,Biology,BIOL,Required,Two semesters of biology,6,,,,,,Lab and other checkbox-style fields may be symbol-rendered in the PDF and should be reviewed before use.
aamc_msar_premed_course_requirements,AAMC MSAR Advisor Reports,https://students-residents.aamc.org/medical-school-admission-requirements/medical-school-admission-requirements-reports-applicants-and-advisors,data/raw/aamc/msar_reports/12_msar002-msar-premed-course-requirements.pdf,313,7906,179.219,OH,Northeast Ohio Medical University,Northeast Ohio Medical University,Chemistry,CHEM,Required,"Organic Chemistry I & lab, Organic Chemistry II, Biochemistry (one semester, biochemistry lab not required)",10,,,,,,Lab and other checkbox-style fields may be symbol-rendered in the PDF and should be reviewed before use.
aamc_msar_premed_course_requirements,AAMC MSAR Advisor Reports,https://students-residents.aamc.org/medical-school-admission-requirements/medical-school-admission-requirements-reports-applicants-and-advisors,data/raw/aamc/msar_reports/12_msar002-msar-premed-course-requirements.pdf,314,7968,485.942,OH,Northeast Ohio Medical University,Northeast Ohio Medical University,Physics,PHYS,Required,Two semesters of Physics,6,,,,,,Lab and other checkbox-style fields may be symbol-rendered in the PDF and should be reviewed before use.
aamc_msar_premed_course_requirements,AAMC MSAR Advisor Reports,https://students-residents.aamc.org/medical-school-admission-requirements/medical-school-admission-requirements-reports-applicants-and-advisors,data/raw/aamc/msar_reports/12_msar002-msar-premed-course-requirements.pdf,315,7968,386.941,OH,Ohio State University College of Medicine,Ohio State University College of Medicine,Anatomy,BIOL,Recommended,One semester/quarter course in anatomy recommended.,,,,,,,Lab and other checkbox-style fields may be symbol-rendered in the PDF and should be reviewed before use.
aamc_msar_premed_course_requirements,AAMC MSAR Advisor Reports,https://students-residents.aamc.org/medical-school-admission-requirements/medical-school-admission-requirements-reports-applicants-and-advisors,data/raw/aamc/msar_reports/12_msar002-msar-premed-course-requirements.pdf,316,7968,310.221,OH,Ohio State University College of Medicine,Ohio State University College of Medicine,Anthropology,BESS,Recommended,,,,,,,,Lab and other checkbox-style fields may be symbol-rendered in the PDF and should be reviewed before use.
aamc_msar_premed_course_requirements,AAMC MSAR Advisor Reports,https://students-residents.aamc.org/medical-school-admission-requirements/medical-school-admission-requirements-reports-applicants-and-advisors,data/raw/aamc/msar_reports/12_msar002-msar-premed-course-requirements.pdf,317,7968,229.220,OH,Ohio State University College of Medicine,Ohio State University College of Medicine,Biochemistry,CHEM,Required,One semester/quarter course in biochemistry required.,3,,,,,,Lab and other checkbox-style fields may be symbol-rendered in the PDF and should be reviewed before use.
aamc_msar_premed_course_requirements,AAMC MSAR Advisor Reports,https://students-residents.aamc.org/medical-school-admission-requirements/medical-school-admission-requirements-reports-applicants-and-advisors,data/raw/aamc/msar_reports/12_msar002-msar-premed-course-requirements.pdf,318,7968,152.500,OH,Ohio State University College of Medicine,Ohio State University College of Medicine,Biology,BIOL,Required,Two semesters or three quarters required.,3,,,,,,Lab and other checkbox-style fields may be symbol-rendered in the PDF and should be reviewed before use.
aamc_msar_premed_course_requirements,AAMC MSAR Advisor Reports,https://students-residents.aamc.org/medical-school-admission-requirements/medical-school-admission-requirements-reports-applicants-and-advisors,data/raw/aamc/msar_reports/12_msar002-msar-premed-course-requirements.pdf,319,8020,463.667,OH,Ohio State University College of Medicine,Ohio State University College of Medicine,Chemistry,CHEM,Required,Two semesters or three quarters that consists of a general chemistry series including laboratory work incorporating quantitative and qualitative analysis is required.,8,,,,,,Lab and other checkbox-style fields may be symbol-rendered in the PDF and should be reviewed before use.
aamc_msar_premed_course_requirements,AAMC MSAR Advisor Reports,https://students-residents.aamc.org/medical-school-admission-requirements/medical-school-admission-requirements-reports-applicants-and-advisors,data/raw/aamc/msar_reports/12_msar002-msar-premed-course-requirements.pdf,320,8020,364.666,OH,Ohio State University College of Medicine,Ohio State University College of Medicine,Composition & Rhetoric,ENGL,Recommended,"Courses that emphasize written and verbal communication. Applicants are required to demonstrate spoken, auditory, reading and writing proficiency in the English language.",,,,,,,Lab and other checkbox-style fields may be symbol-rendered in the PDF and should be reviewed before use.
aamc_msar_premed_course_requirements,AAMC MSAR Advisor Reports,https://students-residents.aamc.org/medical-school-admission-requirements/medical-school-admission-requirements-reports-applicants-and-advisors,data/raw/aamc/msar_reports/12_msar002-msar-premed-course-requirements.pdf,321,8020,287.946,OH,Ohio State University College of Medicine,Ohio State University College of Medicine,Economics,BESS,Recommended,,,,,,,,Lab and other checkbox-style fields may be symbol-rendered in the PDF and should be reviewed before use.
aamc_msar_premed_course_requirements,AAMC MSAR Advisor Reports,https://students-residents.aamc.org/medical-school-admission-requirements/medical-school-admission-requirements-reports-applicants-and-advisors,data/raw/aamc/msar_reports/12_msar002-msar-premed-course-requirements.pdf,322,8020,197.945,OH,Ohio State University College of Medicine,Ohio State University College of Medicine,Literature,ENGL,Recommended,"Other courses in humanities are also recommended, such as courses in art, music, drama, literature and languages",,,,,,,Lab and other checkbox-style fields may be symbol-rendered in the PDF and should be reviewed before use.
aamc_msar_premed_course_requirements,AAMC MSAR Advisor Reports,https://students-residents.aamc.org/medical-school-admission-requirements/medical-school-admission-requirements-reports-applicants-and-advisors,data/raw/aamc/msar_reports/12_msar002-msar-premed-course-requirements.pdf,323,8020,107.945,OH,Ohio State University College of Medicine,Ohio State University College of Medicine,Organic Chemistry,CHEM,Required,Two semesters or three quarters of an organic chemistry series that includes one year of a lab experience or equivalent.,10,,,,,,Lab and other checkbox-style fields may be symbol-rendered in the PDF and should be reviewed before use.
aamc_msar_premed_course_requirements,AAMC MSAR Advisor Reports,https://students-residents.aamc.org/medical-school-admission-requirements/medical-school-admission-requirements-reports-applicants-and-advisors,data/raw/aamc/msar_reports/12_msar002-msar-premed-course-requirements.pdf,324,8072,481.661,OH,Ohio State University College of Medicine,Ohio State University College of Medicine,Physics,PHYS,Required,Two semesters or three quarters with a laboratory experience is required.,8,,,,,,Lab and other checkbox-style fields may be symbol-rendered in the PDF and should be reviewed before use.
aamc_msar_premed_course_requirements,AAMC MSAR Advisor Reports,https://students-residents.aamc.org/medical-school-admission-requirements/medical-school-admission-requirements-reports-applicants-and-advisors,data/raw/aamc/msar_reports/12_msar002-msar-premed-course-requirements.pdf,325,8072,404.941,OH,Ohio State University College of Medicine,Ohio State University College of Medicine,Psychology,BESS,Recommended,,,,,,,,Lab and other checkbox-style fields may be symbol-rendered in the PDF and should be reviewed before use.
aamc_msar_premed_course_requirements,AAMC MSAR Advisor Reports,https://students-residents.aamc.org/medical-school-admission-requirements/medical-school-admission-requirements-reports-applicants-and-advisors,data/raw/aamc/msar_reports/12_msar002-msar-premed-course-requirements.pdf,326,8072,328.221,OH,Ohio State University College of Medicine,Ohio State University College of Medicine,Sociology,BESS,Recommended,,,,,,,,Lab and other checkbox-style fields may be symbol-rendered in the PDF and should be reviewed before use.
aamc_msar_premed_course_requirements,AAMC MSAR Advisor Reports,https://students-residents.aamc.org/medical-school-admission-requirements/medical-school-admission-requirements-reports-applicants-and-advisors,data/raw/aamc/msar_reports/12_msar002-msar-premed-course-requirements.pdf,327,8072,251.500,OH,The University of Toledo College of Medicine and Life Sciences,The University of Toledo College of Medicine and Life Sciences,Anatomy,BIOL,Recommended,RECOMMENDED: Anatomy coursework,,,,,,,Lab and other checkbox-style fields may be symbol-rendered in the PDF and should be reviewed before use.
aamc_msar_premed_course_requirements,AAMC MSAR Advisor Reports,https://students-residents.aamc.org/medical-school-admission-requirements/medical-school-admission-requirements-reports-applicants-and-advisors,data/raw/aamc/msar_reports/12_msar002-msar-premed-course-requirements.pdf,328,8144,481.661,OH,The University of Toledo College of Medicine and Life Sciences,The University of Toledo College of Medicine and Life Sciences,Chemistry,CHEM,Required,REQUIRED: One year of Organic Chemistry with Labs,,,,,,,Lab and other checkbox-style fields may be symbol-rendered in the PDF and should be reviewed before use.
aamc_msar_premed_course_requirements,AAMC MSAR Advisor Reports,https://students-residents.aamc.org/medical-school-admission-requirements/medical-school-admission-requirements-reports-applicants-and-advisors,data/raw/aamc/msar_reports/12_msar002-msar-premed-course-requirements.pdf,329,8144,278.941,OH,The University of Toledo College of Medicine and Life Sciences,The University of Toledo College of Medicine and Life Sciences,Composition & Rhetoric,ENGL,Recommended,RECOMMENDED: English Coursework,,,,,,,Lab and other checkbox-style fields may be symbol-rendered in the PDF and should be reviewed before use.
aamc_msar_premed_course_requirements,AAMC MSAR Advisor Reports,https://students-residents.aamc.org/medical-school-admission-requirements/medical-school-admission-requirements-reports-applicants-and-advisors,data/raw/aamc/msar_reports/12_msar002-msar-premed-course-requirements.pdf,330,8286,472.667,OH,University of Cincinnati College of Medicine,University of Cincinnati College of Medicine,Psychology,BESS,Recommended,,,,,,,,Lab and other checkbox-style fields may be symbol-rendered in the PDF and should be reviewed before use.
aamc_msar_premed_course_requirements,AAMC MSAR Advisor Reports,https://students-residents.aamc.org/medical-school-admission-requirements/medical-school-admission-requirements-reports-applicants-and-advisors,data/raw/aamc/msar_reports/12_msar002-msar-premed-course-requirements.pdf,331,8328,243.661,OH,Wright State University Boonshoft School of Medicine,Wright State University Boonshoft School of Medicine,Composition & Rhetoric,ENGL,Required,Two semesters or 3 quarters of college English are required. Other courses that are designated writing intensive or Writing Across the Curriculum (WAC) in a university publication or on your academic transcript are also accepted. If you wish to use additional courses that you have taken that meet this criteria please contact our office at som-admissions@wright.edu after completing your secondary application to provide documentation or a link to the university catalog that notes this designation. Syllabi are not accepted.,6,,,,,,Lab and other checkbox-style fields may be symbol-rendered in the PDF and should be reviewed before use.
aamc_msar_premed_course_requirements,AAMC MSAR Advisor Reports,https://students-residents.aamc.org/medical-school-admission-requirements/medical-school-admission-requirements-reports-applicants-and-advisors,data/raw/aamc/msar_reports/12_msar002-msar-premed-course-requirements.pdf,332,8328,72.660,OH,Wright State University Boonshoft School of Medicine,Wright State University Boonshoft School of Medicine,Mathematics,MATH,Required,Two semesters or three quarters of college mathematics are required.,6,,,,,,Lab and other checkbox-style fields may be symbol-rendered in the PDF and should be reviewed before use.
aamc_msar_premed_course_requirements,AAMC MSAR Advisor Reports,https://students-residents.aamc.org/medical-school-admission-requirements/medical-school-admission-requirements-reports-applicants-and-advisors,data/raw/aamc/msar_reports/12_msar002-msar-premed-course-requirements.pdf,333,8350,315.661,OH,Wright State University Boonshoft School of Medicine,Wright State University Boonshoft School of Medicine,Physics,PHYS,Required,Two semesters or three quarters of College Physics with labs are required. Online lectures are acceptable. Labs must be taken in person.,8,,,,,,Lab and other checkbox-style fields may be symbol-rendered in the PDF and should be reviewed before use.
aamc_msar_premed_course_requirements,AAMC MSAR Advisor Reports,https://students-residents.aamc.org/medical-school-admission-requirements/medical-school-admission-requirements-reports-applicants-and-advisors,data/raw/aamc/msar_reports/12_msar002-msar-premed-course-requirements.pdf,334,8350,148.941,OK,University of Oklahoma College of Medicine,University of Oklahoma College of Medicine,Biochemistry,CHEM,Recommended,,3,,,,,,Lab and other checkbox-style fields may be symbol-rendered in the PDF and should be reviewed before use.
aamc_msar_premed_course_requirements,AAMC MSAR Advisor Reports,https://students-residents.aamc.org/medical-school-admission-requirements/medical-school-admission-requirements-reports-applicants-and-advisors,data/raw/aamc/msar_reports/12_msar002-msar-premed-course-requirements.pdf,335,8382,485.947,OK,University of Oklahoma College of Medicine,University of Oklahoma College of Medicine,Physics,PHYS,Recommended,We recommend two semesters.,6,,,,,,Lab and other checkbox-style fields may be symbol-rendered in the PDF and should be reviewed before use.
aamc_msar_premed_course_requirements,AAMC MSAR Advisor Reports,https://students-residents.aamc.org/medical-school-admission-requirements/medical-school-admission-requirements-reports-applicants-and-advisors,data/raw/aamc/msar_reports/12_msar002-msar-premed-course-requirements.pdf,336,8382,391.227,OK,University of Oklahoma College of Medicine,University of Oklahoma College of Medicine,Psychology,BESS,Recommended,,9,,,,,,Lab and other checkbox-style fields may be symbol-rendered in the PDF and should be reviewed before use.
aamc_msar_premed_course_requirements,AAMC MSAR Advisor Reports,https://students-residents.aamc.org/medical-school-admission-requirements/medical-school-admission-requirements-reports-applicants-and-advisors,data/raw/aamc/msar_reports/12_msar002-msar-premed-course-requirements.pdf,337,8382,241.787,OR,Oregon Health & Science University School of Medicine,Oregon Health & Science University School of Medicine,Human Anatomy,BIOL,Recommended,,,,,,,,Lab and other checkbox-style fields may be symbol-rendered in the PDF and should be reviewed before use.
aamc_msar_premed_course_requirements,AAMC MSAR Advisor Reports,https://students-residents.aamc.org/medical-school-admission-requirements/medical-school-admission-requirements-reports-applicants-and-advisors,data/raw/aamc/msar_reports/12_msar002-msar-premed-course-requirements.pdf,338,8454,427.661,PA,Drexel University College of Medicine,Drexel University College of Medicine,Chemistry,CHEM,Recommended,"Chemistry - with an emphasis on an integrated sequence that leads to the mastery of biologically relevant general chemistry, organic chemistry, and biochemistry. This competency may be met with two years of chemistry through the level of college biochemistry. Many possible course selections may be used for this recommendation.",,,,,,,Lab and other checkbox-style fields may be symbol-rendered in the PDF and should be reviewed before use.
aamc_msar_premed_course_requirements,AAMC MSAR Advisor Reports,https://students-residents.aamc.org/medical-school-admission-requirements/medical-school-admission-requirements-reports-applicants-and-advisors,data/raw/aamc/msar_reports/12_msar002-msar-premed-course-requirements.pdf,339,8546,485.942,PA,Geisinger Commonwealth School of Medicine,Geisinger Commonwealth School of Medicine,Chemistry,CHEM,Required,2 semesters each of general chemsitry with lab,8,,,,,,Lab and other checkbox-style fields may be symbol-rendered in the PDF and should be reviewed before use.
aamc_msar_premed_course_requirements,AAMC MSAR Advisor Reports,https://students-residents.aamc.org/medical-school-admission-requirements/medical-school-admission-requirements-reports-applicants-and-advisors,data/raw/aamc/msar_reports/12_msar002-msar-premed-course-requirements.pdf,340,8598,485.947,PA,Lewis Katz School of Medicine at Temple University,Lewis Katz School of Medicine at Temple University,Biology,BIOL,Recommended,Biology 1 and 2,8,,,,,,Lab and other checkbox-style fields may be symbol-rendered in the PDF and should be reviewed before use.
aamc_msar_premed_course_requirements,AAMC MSAR Advisor Reports,https://students-residents.aamc.org/medical-school-admission-requirements/medical-school-admission-requirements-reports-applicants-and-advisors,data/raw/aamc/msar_reports/12_msar002-msar-premed-course-requirements.pdf,341,8598,296.947,PA,Lewis Katz School of Medicine at Temple University,Lewis Katz School of Medicine at Temple University,Chemistry,CHEM,Recommended,General Chemistry 1 and 2 AND Organic Chemistry 1 and 2,16,,,,,,Lab and other checkbox-style fields may be symbol-rendered in the PDF and should be reviewed before use.
aamc_msar_premed_course_requirements,AAMC MSAR Advisor Reports,https://students-residents.aamc.org/medical-school-admission-requirements/medical-school-admission-requirements-reports-applicants-and-advisors,data/raw/aamc/msar_reports/12_msar002-msar-premed-course-requirements.pdf,342,8598,112.226,PA,Lewis Katz School of Medicine at Temple University,Lewis Katz School of Medicine at Temple University,Physics,PHYS,Recommended,Physics 1 and 2,8,,,,,,Lab and other checkbox-style fields may be symbol-rendered in the PDF and should be reviewed before use.
aamc_msar_premed_course_requirements,AAMC MSAR Advisor Reports,https://students-residents.aamc.org/medical-school-admission-requirements/medical-school-admission-requirements-reports-applicants-and-advisors,data/raw/aamc/msar_reports/12_msar002-msar-premed-course-requirements.pdf,343,8630,319.941,PA,Lewis Katz School of Medicine at Temple University,Lewis Katz School of Medicine at Temple University,Psychology,BESS,Recommended,,3,,,,,,Lab and other checkbox-style fields may be symbol-rendered in the PDF and should be reviewed before use.
aamc_msar_premed_course_requirements,AAMC MSAR Advisor Reports,https://students-residents.aamc.org/medical-school-admission-requirements/medical-school-admission-requirements-reports-applicants-and-advisors,data/raw/aamc/msar_reports/12_msar002-msar-premed-course-requirements.pdf,344,8630,135.221,PA,Lewis Katz School of Medicine at Temple University,Lewis Katz School of Medicine at Temple University,Sociology,BESS,Recommended,,3,,,,,,Lab and other checkbox-style fields may be symbol-rendered in the PDF and should be reviewed before use.
aamc_msar_premed_course_requirements,AAMC MSAR Advisor Reports,https://students-residents.aamc.org/medical-school-admission-requirements/medical-school-admission-requirements-reports-applicants-and-advisors,data/raw/aamc/msar_reports/12_msar002-msar-premed-course-requirements.pdf,345,8652,315.661,PA,Pennsylvania State University College of Medicine,Pennsylvania State University College of Medicine,Anatomy,BIOL,Recommended,Human anatomy with lab or equivalent (1 year/2 semesters),,,,,,,Lab and other checkbox-style fields may be symbol-rendered in the PDF and should be reviewed before use.
aamc_msar_premed_course_requirements,AAMC MSAR Advisor Reports,https://students-residents.aamc.org/medical-school-admission-requirements/medical-school-admission-requirements-reports-applicants-and-advisors,data/raw/aamc/msar_reports/12_msar002-msar-premed-course-requirements.pdf,346,8652,274.941,PA,Pennsylvania State University College of Medicine,Pennsylvania State University College of Medicine,Biochemistry,CHEM,Required,Biochemistry (1 semester),,,,,,,Lab and other checkbox-style fields may be symbol-rendered in the PDF and should be reviewed before use.
aamc_msar_premed_course_requirements,AAMC MSAR Advisor Reports,https://students-residents.aamc.org/medical-school-admission-requirements/medical-school-admission-requirements-reports-applicants-and-advisors,data/raw/aamc/msar_reports/12_msar002-msar-premed-course-requirements.pdf,347,8652,234.220,PA,Pennsylvania State University College of Medicine,Pennsylvania State University College of Medicine,Biology,BIOL,Required,General biology with lab (1 year/2 semesters),,,,,,,Lab and other checkbox-style fields may be symbol-rendered in the PDF and should be reviewed before use.
aamc_msar_premed_course_requirements,AAMC MSAR Advisor Reports,https://students-residents.aamc.org/medical-school-admission-requirements/medical-school-admission-requirements-reports-applicants-and-advisors,data/raw/aamc/msar_reports/12_msar002-msar-premed-course-requirements.pdf,348,8652,189.220,PA,Pennsylvania State University College of Medicine,Pennsylvania State University College of Medicine,Chemistry,CHEM,Required,General/inorganic chemistry with lab (1 year/2 semesters),,,,,,,Lab and other checkbox-style fields may be symbol-rendered in the PDF and should be reviewed before use.
aamc_msar_premed_course_requirements,AAMC MSAR Advisor Reports,https://students-residents.aamc.org/medical-school-admission-requirements/medical-school-admission-requirements-reports-applicants-and-advisors,data/raw/aamc/msar_reports/12_msar002-msar-premed-course-requirements.pdf,349,8652,148.500,PA,Pennsylvania State University College of Medicine,Pennsylvania State University College of Medicine,Microbiology,BIOL,Recommended,Microbiology (1 semester),,,,,,,Lab and other checkbox-style fields may be symbol-rendered in the PDF and should be reviewed before use.
aamc_msar_premed_course_requirements,AAMC MSAR Advisor Reports,https://students-residents.aamc.org/medical-school-admission-requirements/medical-school-admission-requirements-reports-applicants-and-advisors,data/raw/aamc/msar_reports/12_msar002-msar-premed-course-requirements.pdf,350,8652,107.779,PA,Pennsylvania State University College of Medicine,Pennsylvania State University College of Medicine,Physical Chemistry,CHEM,Required,Organic chemistry with lab (1 year/2 semesters),,,,,,,Lab and other checkbox-style fields may be symbol-rendered in the PDF and should be reviewed before use.
aamc_msar_premed_course_requirements,AAMC MSAR Advisor Reports,https://students-residents.aamc.org/medical-school-admission-requirements/medical-school-admission-requirements-reports-applicants-and-advisors,data/raw/aamc/msar_reports/12_msar002-msar-premed-course-requirements.pdf,351,8652,67.059,PA,Pennsylvania State University College of Medicine,Pennsylvania State University College of Medicine,Physics,PHYS,Required,Physics with lab (1 year/2 semesters),,,,,,,Lab and other checkbox-style fields may be symbol-rendered in the PDF and should be reviewed before use.
aamc_msar_premed_course_requirements,AAMC MSAR Advisor Reports,https://students-residents.aamc.org/medical-school-admission-requirements/medical-school-admission-requirements-reports-applicants-and-advisors,data/raw/aamc/msar_reports/12_msar002-msar-premed-course-requirements.pdf,352,8724,481.667,PA,Pennsylvania State University College of Medicine,Pennsylvania State University College of Medicine,Physiology,BIOL,Recommended,Physiology with lab or equivalent (1 year/2 semesters),,,,,,,Lab and other checkbox-style fields may be symbol-rendered in the PDF and should be reviewed before use.
aamc_msar_premed_course_requirements,AAMC MSAR Advisor Reports,https://students-residents.aamc.org/medical-school-admission-requirements/medical-school-admission-requirements-reports-applicants-and-advisors,data/raw/aamc/msar_reports/12_msar002-msar-premed-course-requirements.pdf,353,8724,431.947,PA,Pennsylvania State University College of Medicine,Pennsylvania State University College of Medicine,Statistics,MATH,Recommended,Statistics course (1 semester),,,,,,,Lab and other checkbox-style fields may be symbol-rendered in the PDF and should be reviewed before use.
aamc_msar_premed_course_requirements,AAMC MSAR Advisor Reports,https://students-residents.aamc.org/medical-school-admission-requirements/medical-school-admission-requirements-reports-applicants-and-advisors,data/raw/aamc/msar_reports/12_msar002-msar-premed-course-requirements.pdf,354,8724,391.226,PA,Perelman School of Medicine at the University of Pennsylvania,Perelman School of Medicine at the University of Pennsylvania,Anatomy,BIOL,Recommended,,,,,,,,Lab and other checkbox-style fields may be symbol-rendered in the PDF and should be reviewed before use.
aamc_msar_premed_course_requirements,AAMC MSAR Advisor Reports,https://students-residents.aamc.org/medical-school-admission-requirements/medical-school-admission-requirements-reports-applicants-and-advisors,data/raw/aamc/msar_reports/12_msar002-msar-premed-course-requirements.pdf,355,8724,278.506,PA,Perelman School of Medicine at the University of Pennsylvania,Perelman School of Medicine at the University of Pennsylvania,Anthropology,BESS,Recommended,,,,,,,,Lab and other checkbox-style fields may be symbol-rendered in the PDF and should be reviewed before use.
aamc_msar_premed_course_requirements,AAMC MSAR Advisor Reports,https://students-residents.aamc.org/medical-school-admission-requirements/medical-school-admission-requirements-reports-applicants-and-advisors,data/raw/aamc/msar_reports/12_msar002-msar-premed-course-requirements.pdf,356,8724,165.786,PA,Perelman School of Medicine at the University of Pennsylvania,Perelman School of Medicine at the University of Pennsylvania,Biochemistry,CHEM,Recommended,,,,,,,,Lab and other checkbox-style fields may be symbol-rendered in the PDF and should be reviewed before use.
aamc_msar_premed_course_requirements,AAMC MSAR Advisor Reports,https://students-residents.aamc.org/medical-school-admission-requirements/medical-school-admission-requirements-reports-applicants-and-advisors,data/raw/aamc/msar_reports/12_msar002-msar-premed-course-requirements.pdf,357,8776,485.942,PA,Perelman School of Medicine at the University of Pennsylvania,Perelman School of Medicine at the University of Pennsylvania,Biology,BIOL,Recommended,,,,,,,,Lab and other checkbox-style fields may be symbol-rendered in the PDF and should be reviewed before use.
aamc_msar_premed_course_requirements,AAMC MSAR Advisor Reports,https://students-residents.aamc.org/medical-school-admission-requirements/medical-school-admission-requirements-reports-applicants-and-advisors,data/raw/aamc/msar_reports/12_msar002-msar-premed-course-requirements.pdf,358,8776,373.221,PA,Perelman School of Medicine at the University of Pennsylvania,Perelman School of Medicine at the University of Pennsylvania,Chemistry,CHEM,Recommended,,,,,,,,Lab and other checkbox-style fields may be symbol-rendered in the PDF and should be reviewed before use.
aamc_msar_premed_course_requirements,AAMC MSAR Advisor Reports,https://students-residents.aamc.org/medical-school-admission-requirements/medical-school-admission-requirements-reports-applicants-and-advisors,data/raw/aamc/msar_reports/12_msar002-msar-premed-course-requirements.pdf,359,8776,260.501,PA,Perelman School of Medicine at the University of Pennsylvania,Perelman School of Medicine at the University of Pennsylvania,Composition & Rhetoric,ENGL,Recommended,,,,,,,,Lab and other checkbox-style fields may be symbol-rendered in the PDF and should be reviewed before use.
aamc_msar_premed_course_requirements,AAMC MSAR Advisor Reports,https://students-residents.aamc.org/medical-school-admission-requirements/medical-school-admission-requirements-reports-applicants-and-advisors,data/raw/aamc/msar_reports/12_msar002-msar-premed-course-requirements.pdf,360,8776,147.781,PA,Perelman School of Medicine at the University of Pennsylvania,Perelman School of Medicine at the University of Pennsylvania,Creative Writing,ENGL,Recommended,,,,,,,,Lab and other checkbox-style fields may be symbol-rendered in the PDF and should be reviewed before use.
aamc_msar_premed_course_requirements,AAMC MSAR Advisor Reports,https://students-residents.aamc.org/medical-school-admission-requirements/medical-school-admission-requirements-reports-applicants-and-advisors,data/raw/aamc/msar_reports/12_msar002-msar-premed-course-requirements.pdf,361,8818,485.942,PA,Perelman School of Medicine at the University of Pennsylvania,Perelman School of Medicine at the University of Pennsylvania,Economics,BESS,Recommended,,,,,,,,Lab and other checkbox-style fields may be symbol-rendered in the PDF and should be reviewed before use.
aamc_msar_premed_course_requirements,AAMC MSAR Advisor Reports,https://students-residents.aamc.org/medical-school-admission-requirements/medical-school-admission-requirements-reports-applicants-and-advisors,data/raw/aamc/msar_reports/12_msar002-msar-premed-course-requirements.pdf,362,8818,373.221,PA,Perelman School of Medicine at the University of Pennsylvania,Perelman School of Medicine at the University of Pennsylvania,Family Studies,BESS,Recommended,,,,,,,,Lab and other checkbox-style fields may be symbol-rendered in the PDF and should be reviewed before use.
aamc_msar_premed_course_requirements,AAMC MSAR Advisor Reports,https://students-residents.aamc.org/medical-school-admission-requirements/medical-school-admission-requirements-reports-applicants-and-advisors,data/raw/aamc/msar_reports/12_msar002-msar-premed-course-requirements.pdf,363,8818,260.501,PA,Perelman School of Medicine at the University of Pennsylvania,Perelman School of Medicine at the University of Pennsylvania,Genetics,BIOL,Recommended,,,,,,,,Lab and other checkbox-style fields may be symbol-rendered in the PDF and should be reviewed before use.
aamc_msar_premed_course_requirements,AAMC MSAR Advisor Reports,https://students-residents.aamc.org/medical-school-admission-requirements/medical-school-admission-requirements-reports-applicants-and-advisors,data/raw/aamc/msar_reports/12_msar002-msar-premed-course-requirements.pdf,364,8818,147.781,PA,Perelman School of Medicine at the University of Pennsylvania,Perelman School of Medicine at the University of Pennsylvania,Literature,ENGL,Recommended,,,,,,,,Lab and other checkbox-style fields may be symbol-rendered in the PDF and should be reviewed before use.
aamc_msar_premed_course_requirements,AAMC MSAR Advisor Reports,https://students-residents.aamc.org/medical-school-admission-requirements/medical-school-admission-requirements-reports-applicants-and-advisors,data/raw/aamc/msar_reports/12_msar002-msar-premed-course-requirements.pdf,365,8860,485.947,PA,Perelman School of Medicine at the University of Pennsylvania,Perelman School of Medicine at the University of Pennsylvania,Mathematics,MATH,Recommended,,,,,,,,Lab and other checkbox-style fields may be symbol-rendered in the PDF and should be reviewed before use.
aamc_msar_premed_course_requirements,AAMC MSAR Advisor Reports,https://students-residents.aamc.org/medical-school-admission-requirements/medical-school-admission-requirements-reports-applicants-and-advisors,data/raw/aamc/msar_reports/12_msar002-msar-premed-course-requirements.pdf,366,8860,373.227,PA,Perelman School of Medicine at the University of Pennsylvania,Perelman School of Medicine at the University of Pennsylvania,Physical Chemistry,CHEM,Recommended,,,,,,,,Lab and other checkbox-style fields may be symbol-rendered in the PDF and should be reviewed before use.
aamc_msar_premed_course_requirements,AAMC MSAR Advisor Reports,https://students-residents.aamc.org/medical-school-admission-requirements/medical-school-admission-requirements-reports-applicants-and-advisors,data/raw/aamc/msar_reports/12_msar002-msar-premed-course-requirements.pdf,367,8860,260.507,PA,Perelman School of Medicine at the University of Pennsylvania,Perelman School of Medicine at the University of Pennsylvania,Physics,PHYS,Recommended,,,,,,,,Lab and other checkbox-style fields may be symbol-rendered in the PDF and should be reviewed before use.
aamc_msar_premed_course_requirements,AAMC MSAR Advisor Reports,https://students-residents.aamc.org/medical-school-admission-requirements/medical-school-admission-requirements-reports-applicants-and-advisors,data/raw/aamc/msar_reports/12_msar002-msar-premed-course-requirements.pdf,368,8860,147.786,PA,Perelman School of Medicine at the University of Pennsylvania,Perelman School of Medicine at the University of Pennsylvania,Psychology,BESS,Recommended,,,,,,,,Lab and other checkbox-style fields may be symbol-rendered in the PDF and should be reviewed before use.
aamc_msar_premed_course_requirements,AAMC MSAR Advisor Reports,https://students-residents.aamc.org/medical-school-admission-requirements/medical-school-admission-requirements-reports-applicants-and-advisors,data/raw/aamc/msar_reports/12_msar002-msar-premed-course-requirements.pdf,369,8902,485.942,PA,Perelman School of Medicine at the University of Pennsylvania,Perelman School of Medicine at the University of Pennsylvania,Sociology,BESS,Recommended,,,,,,,,Lab and other checkbox-style fields may be symbol-rendered in the PDF and should be reviewed before use.
aamc_msar_premed_course_requirements,AAMC MSAR Advisor Reports,https://students-residents.aamc.org/medical-school-admission-requirements/medical-school-admission-requirements-reports-applicants-and-advisors,data/raw/aamc/msar_reports/12_msar002-msar-premed-course-requirements.pdf,370,8902,373.221,PA,Perelman School of Medicine at the University of Pennsylvania,Perelman School of Medicine at the University of Pennsylvania,Statistics,MATH,Recommended,,,,,,,,Lab and other checkbox-style fields may be symbol-rendered in the PDF and should be reviewed before use.
aamc_msar_premed_course_requirements,AAMC MSAR Advisor Reports,https://students-residents.aamc.org/medical-school-admission-requirements/medical-school-admission-requirements-reports-applicants-and-advisors,data/raw/aamc/msar_reports/12_msar002-msar-premed-course-requirements.pdf,371,8902,260.501,PA,Sidney Kimmel Medical College at Thomas Jefferson University,Sidney Kimmel Medical College at Thomas Jefferson University,Biochemistry,CHEM,Recommended,,,,,,,,Lab and other checkbox-style fields may be symbol-rendered in the PDF and should be reviewed before use.
aamc_msar_premed_course_requirements,AAMC MSAR Advisor Reports,https://students-residents.aamc.org/medical-school-admission-requirements/medical-school-admission-requirements-reports-applicants-and-advisors,data/raw/aamc/msar_reports/12_msar002-msar-premed-course-requirements.pdf,372,8902,183.781,PA,Sidney Kimmel Medical College at Thomas Jefferson University,Sidney Kimmel Medical College at Thomas Jefferson University,Biology,BIOL,Recommended,,,,,,,,Lab and other checkbox-style fields may be symbol-rendered in the PDF and should be reviewed before use.
aamc_msar_premed_course_requirements,AAMC MSAR Advisor Reports,https://students-residents.aamc.org/medical-school-admission-requirements/medical-school-admission-requirements-reports-applicants-and-advisors,data/raw/aamc/msar_reports/12_msar002-msar-premed-course-requirements.pdf,373,8902,107.060,PA,Sidney Kimmel Medical College at Thomas Jefferson University,Sidney Kimmel Medical College at Thomas Jefferson University,Chemistry,CHEM,Recommended,,,,,,,,Lab and other checkbox-style fields may be symbol-rendered in the PDF and should be reviewed before use.
aamc_msar_premed_course_requirements,AAMC MSAR Advisor Reports,https://students-residents.aamc.org/medical-school-admission-requirements/medical-school-admission-requirements-reports-applicants-and-advisors,data/raw/aamc/msar_reports/12_msar002-msar-premed-course-requirements.pdf,374,8954,485.942,PA,Sidney Kimmel Medical College at Thomas Jefferson University,Sidney Kimmel Medical College at Thomas Jefferson University,Physical Chemistry,CHEM,Recommended,,,,,,,,Lab and other checkbox-style fields may be symbol-rendered in the PDF and should be reviewed before use.
aamc_msar_premed_course_requirements,AAMC MSAR Advisor Reports,https://students-residents.aamc.org/medical-school-admission-requirements/medical-school-admission-requirements-reports-applicants-and-advisors,data/raw/aamc/msar_reports/12_msar002-msar-premed-course-requirements.pdf,375,8954,409.221,PA,Sidney Kimmel Medical College at Thomas Jefferson University,Sidney Kimmel Medical College at Thomas Jefferson University,Physics,PHYS,Recommended,,,,,,,,Lab and other checkbox-style fields may be symbol-rendered in the PDF and should be reviewed before use.
aamc_msar_premed_course_requirements,AAMC MSAR Advisor Reports,https://students-residents.aamc.org/medical-school-admission-requirements/medical-school-admission-requirements-reports-applicants-and-advisors,data/raw/aamc/msar_reports/12_msar002-msar-premed-course-requirements.pdf,376,8954,332.501,PA,Sidney Kimmel Medical College at Thomas Jefferson University,Sidney Kimmel Medical College at Thomas Jefferson University,Statistics,MATH,Recommended,,,,,,,,Lab and other checkbox-style fields may be symbol-rendered in the PDF and should be reviewed before use.
aamc_msar_premed_course_requirements,AAMC MSAR Advisor Reports,https://students-residents.aamc.org/medical-school-admission-requirements/medical-school-admission-requirements-reports-applicants-and-advisors,data/raw/aamc/msar_reports/12_msar002-msar-premed-course-requirements.pdf,377,8954,255.781,PA,University of Pittsburgh School of Medicine,University of Pittsburgh School of Medicine,Biochemistry,CHEM,Required,one half year (in addition to organic chemistry),,,,,,,Lab and other checkbox-style fields may be symbol-rendered in the PDF and should be reviewed before use.
aamc_msar_premed_course_requirements,AAMC MSAR Advisor Reports,https://students-residents.aamc.org/medical-school-admission-requirements/medical-school-admission-requirements-reports-applicants-and-advisors,data/raw/aamc/msar_reports/12_msar002-msar-premed-course-requirements.pdf,378,9066,485.947,PA,University of Pittsburgh School of Medicine,University of Pittsburgh School of Medicine,Psychology,BESS,Recommended,one half year.,,,,,,,Lab and other checkbox-style fields may be symbol-rendered in the PDF and should be reviewed before use.
aamc_msar_premed_course_requirements,AAMC MSAR Advisor Reports,https://students-residents.aamc.org/medical-school-admission-requirements/medical-school-admission-requirements-reports-applicants-and-advisors,data/raw/aamc/msar_reports/12_msar002-msar-premed-course-requirements.pdf,379,9098,481.661,PR,Ponce Health Sciences University School of Medicine,Ponce Health Sciences University School of Medicine,Chemistry,CHEM,Required,General Chemistry (8 credits) and Organic Chemistry (8 credits),16,,,,,,Lab and other checkbox-style fields may be symbol-rendered in the PDF and should be reviewed before use.
aamc_msar_premed_course_requirements,AAMC MSAR Advisor Reports,https://students-residents.aamc.org/medical-school-admission-requirements/medical-school-admission-requirements-reports-applicants-and-advisors,data/raw/aamc/msar_reports/12_msar002-msar-premed-course-requirements.pdf,380,9098,247.661,PR,Ponce Health Sciences University School of Medicine,Ponce Health Sciences University School of Medicine,Creative Writing,ENGL,Required,"The English requisites are direct language classes (grammar or literature). For the English courses, classes from other departments described as “ intensive writing ” may be considered as substitutes.",3,,,,,,Lab and other checkbox-style fields may be symbol-rendered in the PDF and should be reviewed before use.
aamc_msar_premed_course_requirements,AAMC MSAR Advisor Reports,https://students-residents.aamc.org/medical-school-admission-requirements/medical-school-admission-requirements-reports-applicants-and-advisors,data/raw/aamc/msar_reports/12_msar002-msar-premed-course-requirements.pdf,381,9130,485.942,PR,Ponce Health Sciences University School of Medicine,Ponce Health Sciences University School of Medicine,Physics,PHYS,Required,General Physics,8,,,,,,Lab and other checkbox-style fields may be symbol-rendered in the PDF and should be reviewed before use.
aamc_msar_premed_course_requirements,AAMC MSAR Advisor Reports,https://students-residents.aamc.org/medical-school-admission-requirements/medical-school-admission-requirements-reports-applicants-and-advisors,data/raw/aamc/msar_reports/12_msar002-msar-premed-course-requirements.pdf,382,9130,269.941,PR,Ponce Health Sciences University School of Medicine,Ponce Health Sciences University School of Medicine,Psychology,BESS,Required,"Courses in any of the following fields are accepted: Anthropology, Psychology, Sociology, Political Science, or Economics.",6,,,,,,Lab and other checkbox-style fields may be symbol-rendered in the PDF and should be reviewed before use.
aamc_msar_premed_course_requirements,AAMC MSAR Advisor Reports,https://students-residents.aamc.org/medical-school-admission-requirements/medical-school-admission-requirements-reports-applicants-and-advisors,data/raw/aamc/msar_reports/12_msar002-msar-premed-course-requirements.pdf,383,9232,485.947,PR,Universidad Central del Caribe School of Medicine,Universidad Central del Caribe School of Medicine,Anatomy,BIOL,Recommended,,,,,,,,Lab and other checkbox-style fields may be symbol-rendered in the PDF and should be reviewed before use.
aamc_msar_premed_course_requirements,AAMC MSAR Advisor Reports,https://students-residents.aamc.org/medical-school-admission-requirements/medical-school-admission-requirements-reports-applicants-and-advisors,data/raw/aamc/msar_reports/12_msar002-msar-premed-course-requirements.pdf,384,9444,485.942,RI,The Warren Alpert Medical School of Brown University,The Warren Alpert Medical School of Brown University,Biochemistry,CHEM,Required,One course in Biochemistry with lab is required.,,,,,,,Lab and other checkbox-style fields may be symbol-rendered in the PDF and should be reviewed before use.
aamc_msar_premed_course_requirements,AAMC MSAR Advisor Reports,https://students-residents.aamc.org/medical-school-admission-requirements/medical-school-admission-requirements-reports-applicants-and-advisors,data/raw/aamc/msar_reports/12_msar002-msar-premed-course-requirements.pdf,385,9444,331.940,RI,The Warren Alpert Medical School of Brown University,The Warren Alpert Medical School of Brown University,Composition & Rhetoric,ENGL,Recommended,"While there is no specific course requirement, strong writing skills are expected. Courses that involve substantial expository writing (e.g., English, philosophy, history) can enhance writing skills.",,,,,,,Lab and other checkbox-style fields may be symbol-rendered in the PDF and should be reviewed before use.
aamc_msar_premed_course_requirements,AAMC MSAR Advisor Reports,https://students-residents.aamc.org/medical-school-admission-requirements/medical-school-admission-requirements-reports-applicants-and-advisors,data/raw/aamc/msar_reports/12_msar002-msar-premed-course-requirements.pdf,386,9444,195.939,SC,Medical University of South Carolina College of Medicine,Medical University of South Carolina College of Medicine,Anatomy,BIOL,Recommended,"Online courses from an accredited college/university may be acceptable. However, formal in-person classroom instruction is preferred.",,,,,,,Lab and other checkbox-style fields may be symbol-rendered in the PDF and should be reviewed before use.
aamc_msar_premed_course_requirements,AAMC MSAR Advisor Reports,https://students-residents.aamc.org/medical-school-admission-requirements/medical-school-admission-requirements-reports-applicants-and-advisors,data/raw/aamc/msar_reports/12_msar002-msar-premed-course-requirements.pdf,387,9516,485.942,SC,Medical University of South Carolina College of Medicine,Medical University of South Carolina College of Medicine,Biochemistry,CHEM,Recommended,,,,,,,,Lab and other checkbox-style fields may be symbol-rendered in the PDF and should be reviewed before use.
aamc_msar_premed_course_requirements,AAMC MSAR Advisor Reports,https://students-residents.aamc.org/medical-school-admission-requirements/medical-school-admission-requirements-reports-applicants-and-advisors,data/raw/aamc/msar_reports/12_msar002-msar-premed-course-requirements.pdf,388,9516,355.221,SC,Medical University of South Carolina College of Medicine,Medical University of South Carolina College of Medicine,Biology,BIOL,Recommended,,,,,,,,Lab and other checkbox-style fields may be symbol-rendered in the PDF and should be reviewed before use.
aamc_msar_premed_course_requirements,AAMC MSAR Advisor Reports,https://students-residents.aamc.org/medical-school-admission-requirements/medical-school-admission-requirements-reports-applicants-and-advisors,data/raw/aamc/msar_reports/12_msar002-msar-premed-course-requirements.pdf,389,9516,224.501,SC,Medical University of South Carolina College of Medicine,Medical University of South Carolina College of Medicine,Calculus,MATH,Recommended,,,,,,,,Lab and other checkbox-style fields may be symbol-rendered in the PDF and should be reviewed before use.
aamc_msar_premed_course_requirements,AAMC MSAR Advisor Reports,https://students-residents.aamc.org/medical-school-admission-requirements/medical-school-admission-requirements-reports-applicants-and-advisors,data/raw/aamc/msar_reports/12_msar002-msar-premed-course-requirements.pdf,390,9516,93.781,SC,Medical University of South Carolina College of Medicine,Medical University of South Carolina College of Medicine,Cell Biology,BIOL,Recommended,,,,,,,,Lab and other checkbox-style fields may be symbol-rendered in the PDF and should be reviewed before use.
aamc_msar_premed_course_requirements,AAMC MSAR Advisor Reports,https://students-residents.aamc.org/medical-school-admission-requirements/medical-school-admission-requirements-reports-applicants-and-advisors,data/raw/aamc/msar_reports/12_msar002-msar-premed-course-requirements.pdf,391,9558,373.947,SC,Medical University of South Carolina College of Medicine,Medical University of South Carolina College of Medicine,Genetics,BIOL,Recommended,,,,,,,,Lab and other checkbox-style fields may be symbol-rendered in the PDF and should be reviewed before use.
aamc_msar_premed_course_requirements,AAMC MSAR Advisor Reports,https://students-residents.aamc.org/medical-school-admission-requirements/medical-school-admission-requirements-reports-applicants-and-advisors,data/raw/aamc/msar_reports/12_msar002-msar-premed-course-requirements.pdf,392,9558,243.227,SC,Medical University of South Carolina College of Medicine,Medical University of South Carolina College of Medicine,Inorganic Chemistry,CHEM,Recommended,,,,,,,,Lab and other checkbox-style fields may be symbol-rendered in the PDF and should be reviewed before use.
aamc_msar_premed_course_requirements,AAMC MSAR Advisor Reports,https://students-residents.aamc.org/medical-school-admission-requirements/medical-school-admission-requirements-reports-applicants-and-advisors,data/raw/aamc/msar_reports/12_msar002-msar-premed-course-requirements.pdf,393,9580,485.942,SC,Medical University of South Carolina College of Medicine,Medical University of South Carolina College of Medicine,Mathematics,MATH,Recommended,,,,,,,,Lab and other checkbox-style fields may be symbol-rendered in the PDF and should be reviewed before use.
aamc_msar_premed_course_requirements,AAMC MSAR Advisor Reports,https://students-residents.aamc.org/medical-school-admission-requirements/medical-school-admission-requirements-reports-applicants-and-advisors,data/raw/aamc/msar_reports/12_msar002-msar-premed-course-requirements.pdf,394,9580,355.221,SC,Medical University of South Carolina College of Medicine,Medical University of South Carolina College of Medicine,Organic Chemistry,CHEM,Recommended,,,,,,,,Lab and other checkbox-style fields may be symbol-rendered in the PDF and should be reviewed before use.
aamc_msar_premed_course_requirements,AAMC MSAR Advisor Reports,https://students-residents.aamc.org/medical-school-admission-requirements/medical-school-admission-requirements-reports-applicants-and-advisors,data/raw/aamc/msar_reports/12_msar002-msar-premed-course-requirements.pdf,395,9580,224.501,SC,Medical University of South Carolina College of Medicine,Medical University of South Carolina College of Medicine,Physics,PHYS,Recommended,,,,,,,,Lab and other checkbox-style fields may be symbol-rendered in the PDF and should be reviewed before use.
aamc_msar_premed_course_requirements,AAMC MSAR Advisor Reports,https://students-residents.aamc.org/medical-school-admission-requirements/medical-school-admission-requirements-reports-applicants-and-advisors,data/raw/aamc/msar_reports/12_msar002-msar-premed-course-requirements.pdf,396,9580,71.500,SC,Medical University of South Carolina College of Medicine,Medical University of South Carolina College of Medicine,Psychology,BESS,Recommended,"Online courses from an accredited college/university may be acceptable. However, formal in-person classroom instruction is preferred.",,,,,,,Lab and other checkbox-style fields may be symbol-rendered in the PDF and should be reviewed before use.
aamc_msar_premed_course_requirements,AAMC MSAR Advisor Reports,https://students-residents.aamc.org/medical-school-admission-requirements/medical-school-admission-requirements-reports-applicants-and-advisors,data/raw/aamc/msar_reports/12_msar002-msar-premed-course-requirements.pdf,397,9632,373.941,SC,University of South Carolina School of Medicine Columbia,University of South Carolina School of Medicine Columbia,Biochemistry,CHEM,Recommended,Biochemistry - at least one semester,,,,,,,Lab and other checkbox-style fields may be symbol-rendered in the PDF and should be reviewed before use.
aamc_msar_premed_course_requirements,AAMC MSAR Advisor Reports,https://students-residents.aamc.org/medical-school-admission-requirements/medical-school-admission-requirements-reports-applicants-and-advisors,data/raw/aamc/msar_reports/12_msar002-msar-premed-course-requirements.pdf,398,9694,427.667,SC,University of South Carolina School of Medicine Greenville,University of South Carolina School of Medicine Greenville,Chemistry,CHEM,Required,"General inorganic chemistry with lab + Organic chemistry with lab We do not require a second semester of organic chemistry with lab. However, you may need to take a second semester to meet your undergraduate institution ’ s perquisite requirements for biochemistry.",12,,,,,,Lab and other checkbox-style fields may be symbol-rendered in the PDF and should be reviewed before use.
aamc_msar_premed_course_requirements,AAMC MSAR Advisor Reports,https://students-residents.aamc.org/medical-school-admission-requirements/medical-school-admission-requirements-reports-applicants-and-advisors,data/raw/aamc/msar_reports/12_msar002-msar-premed-course-requirements.pdf,399,9694,296.227,SC,University of South Carolina School of Medicine Greenville,University of South Carolina School of Medicine Greenville,Physics,PHYS,Required,,4,,,,,,Lab and other checkbox-style fields may be symbol-rendered in the PDF and should be reviewed before use.
aamc_msar_premed_course_requirements,AAMC MSAR Advisor Reports,https://students-residents.aamc.org/medical-school-admission-requirements/medical-school-admission-requirements-reports-applicants-and-advisors,data/raw/aamc/msar_reports/12_msar002-msar-premed-course-requirements.pdf,400,9694,164.786,SD,"University of South Dakota, Sanford School of Medicine","University of South Dakota, Sanford School of Medicine",Biochemistry,CHEM,Required,,3,,,,,,Lab and other checkbox-style fields may be symbol-rendered in the PDF and should be reviewed before use.
aamc_msar_premed_course_requirements,AAMC MSAR Advisor Reports,https://students-residents.aamc.org/medical-school-admission-requirements/medical-school-admission-requirements-reports-applicants-and-advisors,data/raw/aamc/msar_reports/12_msar002-msar-premed-course-requirements.pdf,401,9746,463.661,SD,"University of South Dakota, Sanford School of Medicine","University of South Dakota, Sanford School of Medicine",Biology,BIOL,Required,"Two semesters of General/Introductory Biology or combination with other upper level Biology courses such as Cell Biology, Molecular Biology etc.",8,,,,,,Lab and other checkbox-style fields may be symbol-rendered in the PDF and should be reviewed before use.
aamc_msar_premed_course_requirements,AAMC MSAR Advisor Reports,https://students-residents.aamc.org/medical-school-admission-requirements/medical-school-admission-requirements-reports-applicants-and-advisors,data/raw/aamc/msar_reports/12_msar002-msar-premed-course-requirements.pdf,402,9746,355.661,SD,"University of South Dakota, Sanford School of Medicine","University of South Dakota, Sanford School of Medicine",Chemistry,CHEM,Required,General Chemistry I and II & an Organic Chemistry course with lab.,12,,,,,,Lab and other checkbox-style fields may be symbol-rendered in the PDF and should be reviewed before use.
aamc_msar_premed_course_requirements,AAMC MSAR Advisor Reports,https://students-residents.aamc.org/medical-school-admission-requirements/medical-school-admission-requirements-reports-applicants-and-advisors,data/raw/aamc/msar_reports/12_msar002-msar-premed-course-requirements.pdf,403,9746,251.940,SD,"University of South Dakota, Sanford School of Medicine","University of South Dakota, Sanford School of Medicine",Composition & Rhetoric,ENGL,Recommended,,,,,,,,Lab and other checkbox-style fields may be symbol-rendered in the PDF and should be reviewed before use.
aamc_msar_premed_course_requirements,AAMC MSAR Advisor Reports,https://students-residents.aamc.org/medical-school-admission-requirements/medical-school-admission-requirements-reports-applicants-and-advisors,data/raw/aamc/msar_reports/12_msar002-msar-premed-course-requirements.pdf,404,9746,148.220,SD,"University of South Dakota, Sanford School of Medicine","University of South Dakota, Sanford School of Medicine",Genetics,BIOL,Recommended,,3,,,,,,Lab and other checkbox-style fields may be symbol-rendered in the PDF and should be reviewed before use.
aamc_msar_premed_course_requirements,AAMC MSAR Advisor Reports,https://students-residents.aamc.org/medical-school-admission-requirements/medical-school-admission-requirements-reports-applicants-and-advisors,data/raw/aamc/msar_reports/12_msar002-msar-premed-course-requirements.pdf,405,9746,44.500,SD,"University of South Dakota, Sanford School of Medicine","University of South Dakota, Sanford School of Medicine",Mathematics,MATH,Required,College Algebra level or higher.,3,,,,,,Lab and other checkbox-style fields may be symbol-rendered in the PDF and should be reviewed before use.
aamc_msar_premed_course_requirements,AAMC MSAR Advisor Reports,https://students-residents.aamc.org/medical-school-admission-requirements/medical-school-admission-requirements-reports-applicants-and-advisors,data/raw/aamc/msar_reports/12_msar002-msar-premed-course-requirements.pdf,406,9798,400.941,SD,"University of South Dakota, Sanford School of Medicine","University of South Dakota, Sanford School of Medicine",Microbiology,BIOL,Recommended,,4,,,,,,Lab and other checkbox-style fields may be symbol-rendered in the PDF and should be reviewed before use.
aamc_msar_premed_course_requirements,AAMC MSAR Advisor Reports,https://students-residents.aamc.org/medical-school-admission-requirements/medical-school-admission-requirements-reports-applicants-and-advisors,data/raw/aamc/msar_reports/12_msar002-msar-premed-course-requirements.pdf,407,9798,297.221,SD,"University of South Dakota, Sanford School of Medicine","University of South Dakota, Sanford School of Medicine",Physics,PHYS,Required,,8,,,,,,Lab and other checkbox-style fields may be symbol-rendered in the PDF and should be reviewed before use.
aamc_msar_premed_course_requirements,AAMC MSAR Advisor Reports,https://students-residents.aamc.org/medical-school-admission-requirements/medical-school-admission-requirements-reports-applicants-and-advisors,data/raw/aamc/msar_reports/12_msar002-msar-premed-course-requirements.pdf,408,9798,193.501,SD,"University of South Dakota, Sanford School of Medicine","University of South Dakota, Sanford School of Medicine",Physiology,BIOL,Recommended,,3,,,,,,Lab and other checkbox-style fields may be symbol-rendered in the PDF and should be reviewed before use.
aamc_msar_premed_course_requirements,AAMC MSAR Advisor Reports,https://students-residents.aamc.org/medical-school-admission-requirements/medical-school-admission-requirements-reports-applicants-and-advisors,data/raw/aamc/msar_reports/12_msar002-msar-premed-course-requirements.pdf,409,9830,485.947,SD,"University of South Dakota, Sanford School of Medicine","University of South Dakota, Sanford School of Medicine",Psychology,BESS,Recommended,,3,,,,,,Lab and other checkbox-style fields may be symbol-rendered in the PDF and should be reviewed before use.
aamc_msar_premed_course_requirements,AAMC MSAR Advisor Reports,https://students-residents.aamc.org/medical-school-admission-requirements/medical-school-admission-requirements-reports-applicants-and-advisors,data/raw/aamc/msar_reports/12_msar002-msar-premed-course-requirements.pdf,410,9830,382.227,SD,"University of South Dakota, Sanford School of Medicine","University of South Dakota, Sanford School of Medicine",Sociology,BESS,Recommended,,,,,,,,Lab and other checkbox-style fields may be symbol-rendered in the PDF and should be reviewed before use.
aamc_msar_premed_course_requirements,AAMC MSAR Advisor Reports,https://students-residents.aamc.org/medical-school-admission-requirements/medical-school-admission-requirements-reports-applicants-and-advisors,data/raw/aamc/msar_reports/12_msar002-msar-premed-course-requirements.pdf,411,9830,278.507,SD,"University of South Dakota, Sanford School of Medicine","University of South Dakota, Sanford School of Medicine",Statistics,MATH,Required,,3,,,,,,Lab and other checkbox-style fields may be symbol-rendered in the PDF and should be reviewed before use.
aamc_msar_premed_course_requirements,AAMC MSAR Advisor Reports,https://students-residents.aamc.org/medical-school-admission-requirements/medical-school-admission-requirements-reports-applicants-and-advisors,data/raw/aamc/msar_reports/12_msar002-msar-premed-course-requirements.pdf,412,9830,174.786,TN,East Tennessee State University James H. Quillen College of Medicine,East Tennessee State University James H. Quillen College of Medicine,Biochemistry,CHEM,Recommended,,,,,,,,Lab and other checkbox-style fields may be symbol-rendered in the PDF and should be reviewed before use.
aamc_msar_premed_course_requirements,AAMC MSAR Advisor Reports,https://students-residents.aamc.org/medical-school-admission-requirements/medical-school-admission-requirements-reports-applicants-and-advisors,data/raw/aamc/msar_reports/12_msar002-msar-premed-course-requirements.pdf,413,9830,116.066,TN,East Tennessee State University James H. Quillen College of Medicine,East Tennessee State University James H. Quillen College of Medicine,Biology,BIOL,Recommended,,,,,,,,Lab and other checkbox-style fields may be symbol-rendered in the PDF and should be reviewed before use.
aamc_msar_premed_course_requirements,AAMC MSAR Advisor Reports,https://students-residents.aamc.org/medical-school-admission-requirements/medical-school-admission-requirements-reports-applicants-and-advisors,data/raw/aamc/msar_reports/12_msar002-msar-premed-course-requirements.pdf,414,9882,506.102,TN,East Tennessee State University James H. Quillen College of Medicine,East Tennessee State University James H. Quillen College of Medicine,Chemistry,CHEM,Recommended,Organic & Inorganic,,,,,,,Lab and other checkbox-style fields may be symbol-rendered in the PDF and should be reviewed before use.
aamc_msar_premed_course_requirements,AAMC MSAR Advisor Reports,https://students-residents.aamc.org/medical-school-admission-requirements/medical-school-admission-requirements-reports-applicants-and-advisors,data/raw/aamc/msar_reports/12_msar002-msar-premed-course-requirements.pdf,415,9882,447.381,TN,East Tennessee State University James H. Quillen College of Medicine,East Tennessee State University James H. Quillen College of Medicine,Composition & Rhetoric,ENGL,Recommended,College English,,,,,,,Lab and other checkbox-style fields may be symbol-rendered in the PDF and should be reviewed before use.
aamc_msar_premed_course_requirements,AAMC MSAR Advisor Reports,https://students-residents.aamc.org/medical-school-admission-requirements/medical-school-admission-requirements-reports-applicants-and-advisors,data/raw/aamc/msar_reports/12_msar002-msar-premed-course-requirements.pdf,416,9882,388.661,TN,East Tennessee State University James H. Quillen College of Medicine,East Tennessee State University James H. Quillen College of Medicine,Genetics,BIOL,Recommended,,,,,,,,Lab and other checkbox-style fields may be symbol-rendered in the PDF and should be reviewed before use.
aamc_msar_premed_course_requirements,AAMC MSAR Advisor Reports,https://students-residents.aamc.org/medical-school-admission-requirements/medical-school-admission-requirements-reports-applicants-and-advisors,data/raw/aamc/msar_reports/12_msar002-msar-premed-course-requirements.pdf,417,9882,329.941,TN,East Tennessee State University James H. Quillen College of Medicine,East Tennessee State University James H. Quillen College of Medicine,Mathematics,MATH,Recommended,College Mathematics; Calculus,,,,,,,Lab and other checkbox-style fields may be symbol-rendered in the PDF and should be reviewed before use.
aamc_msar_premed_course_requirements,AAMC MSAR Advisor Reports,https://students-residents.aamc.org/medical-school-admission-requirements/medical-school-admission-requirements-reports-applicants-and-advisors,data/raw/aamc/msar_reports/12_msar002-msar-premed-course-requirements.pdf,418,9882,271.220,TN,East Tennessee State University James H. Quillen College of Medicine,East Tennessee State University James H. Quillen College of Medicine,Physics,PHYS,Recommended,,,,,,,,Lab and other checkbox-style fields may be symbol-rendered in the PDF and should be reviewed before use.
aamc_msar_premed_course_requirements,AAMC MSAR Advisor Reports,https://students-residents.aamc.org/medical-school-admission-requirements/medical-school-admission-requirements-reports-applicants-and-advisors,data/raw/aamc/msar_reports/12_msar002-msar-premed-course-requirements.pdf,419,9882,212.500,TN,East Tennessee State University James H. Quillen College of Medicine,East Tennessee State University James H. Quillen College of Medicine,Psychology,BESS,Recommended,,,,,,,,Lab and other checkbox-style fields may be symbol-rendered in the PDF and should be reviewed before use.
aamc_msar_premed_course_requirements,AAMC MSAR Advisor Reports,https://students-residents.aamc.org/medical-school-admission-requirements/medical-school-admission-requirements-reports-applicants-and-advisors,data/raw/aamc/msar_reports/12_msar002-msar-premed-course-requirements.pdf,420,9882,153.780,TN,East Tennessee State University James H. Quillen College of Medicine,East Tennessee State University James H. Quillen College of Medicine,Sociology,BESS,Recommended,,,,,,,,Lab and other checkbox-style fields may be symbol-rendered in the PDF and should be reviewed before use.
aamc_msar_premed_course_requirements,AAMC MSAR Advisor Reports,https://students-residents.aamc.org/medical-school-admission-requirements/medical-school-admission-requirements-reports-applicants-and-advisors,data/raw/aamc/msar_reports/12_msar002-msar-premed-course-requirements.pdf,421,9882,95.060,TN,East Tennessee State University James H. Quillen College of Medicine,East Tennessee State University James H. Quillen College of Medicine,Zoology,BIOL,Recommended,,,,,,,,Lab and other checkbox-style fields may be symbol-rendered in the PDF and should be reviewed before use.
aamc_msar_premed_course_requirements,AAMC MSAR Advisor Reports,https://students-residents.aamc.org/medical-school-admission-requirements/medical-school-admission-requirements-reports-applicants-and-advisors,data/raw/aamc/msar_reports/12_msar002-msar-premed-course-requirements.pdf,422,9964,454.661,TN,Meharry Medical College,Meharry Medical College,Biochemistry,CHEM,Required,"One semester of Biochemistry. If course is taken at the community college level, applicant should ensure that content is directed toward students who are expected to complete further health sciences study.",3,,,,,,Lab and other checkbox-style fields may be symbol-rendered in the PDF and should be reviewed before use.
aamc_msar_premed_course_requirements,AAMC MSAR Advisor Reports,https://students-residents.aamc.org/medical-school-admission-requirements/medical-school-admission-requirements-reports-applicants-and-advisors,data/raw/aamc/msar_reports/12_msar002-msar-premed-course-requirements.pdf,423,10116,391.667,TN,University of Tennessee Health Science Center College of Medicine,University of Tennessee Health Science Center College of Medicine,Biology,BIOL,Required,"Eight semester hours in modern concepts of mammalian biology, including laboratory are required. Courses in botany do not meet this requirement. Applicants, particularly non- science majors, are strongly encouraged to pursue upper level coursework in the biological sciences beyond the minimum requirement. Such courses might include biochemistry, cell biology, comparative anatomy, embryology, general genetics, histology, immunology, mammalian physiology, microbiology or related courses.",8,,,,,,Lab and other checkbox-style fields may be symbol-rendered in the PDF and should be reviewed before use.
aamc_msar_premed_course_requirements,AAMC MSAR Advisor Reports,https://students-residents.aamc.org/medical-school-admission-requirements/medical-school-admission-requirements-reports-applicants-and-advisors,data/raw/aamc/msar_reports/12_msar002-msar-premed-course-requirements.pdf,424,10116,238.666,TN,University of Tennessee Health Science Center College of Medicine,University of Tennessee Health Science Center College of Medicine,Chemistry,CHEM,Required,"A minimum of sixteen semester hours of chemistry is required. Eight semester hours must be in organic chemistry and another eight semester hours must be in inorganic chemistry, which may include analytical chemistry. Each of these courses must be a complete, standard, college-level course utilizing full laboratory facilities.",16,,,,,,Lab and other checkbox-style fields may be symbol-rendered in the PDF and should be reviewed before use.
aamc_msar_premed_course_requirements,AAMC MSAR Advisor Reports,https://students-residents.aamc.org/medical-school-admission-requirements/medical-school-admission-requirements-reports-applicants-and-advisors,data/raw/aamc/msar_reports/12_msar002-msar-premed-course-requirements.pdf,425,10138,418.661,TN,University of Tennessee Health Science Center College of Medicine,University of Tennessee Health Science Center College of Medicine,Literature,ENGL,Required,"Facility in the use of both oral and written English is considered highly essential to the successful study of medicine. Introductory freshman English (six semester hours) will meet the admission requirement. Students who qualify for advanced placement credit in English will not be required to take additional English courses, although such students are encouraged to do so.",6,,,,,,Lab and other checkbox-style fields may be symbol-rendered in the PDF and should be reviewed before use.
aamc_msar_premed_course_requirements,AAMC MSAR Advisor Reports,https://students-residents.aamc.org/medical-school-admission-requirements/medical-school-admission-requirements-reports-applicants-and-advisors,data/raw/aamc/msar_reports/12_msar002-msar-premed-course-requirements.pdf,426,10138,292.661,TN,University of Tennessee Health Science Center College of Medicine,University of Tennessee Health Science Center College of Medicine,Physics,PHYS,Required,"Acceptable courses in physics must include laboratory credits and must adequately cover mechanics, heat, light, sound, electricity, and magnetism. Survey types of courses will not satisfy this requirement.",8,,,,,,Lab and other checkbox-style fields may be symbol-rendered in the PDF and should be reviewed before use.
aamc_msar_premed_course_requirements,AAMC MSAR Advisor Reports,https://students-residents.aamc.org/medical-school-admission-requirements/medical-school-admission-requirements-reports-applicants-and-advisors,data/raw/aamc/msar_reports/12_msar002-msar-premed-course-requirements.pdf,427,10138,85.660,TN,Vanderbilt University School of Medicine,Vanderbilt University School of Medicine,Biology,BIOL,Recommended,"We do not require or recommend a class in ""biology"" only. If there is another course that you have taken that fits our recommended content, we are comfortable with that: https://medschool.vanderbilt.edu/md- admissions/admission-requirements/",,,,,,,Lab and other checkbox-style fields may be symbol-rendered in the PDF and should be reviewed before use.
aamc_msar_premed_course_requirements,AAMC MSAR Advisor Reports,https://students-residents.aamc.org/medical-school-admission-requirements/medical-school-admission-requirements-reports-applicants-and-advisors,data/raw/aamc/msar_reports/12_msar002-msar-premed-course-requirements.pdf,428,10170,445.661,TN,Vanderbilt University School of Medicine,Vanderbilt University School of Medicine,Chemistry,CHEM,Recommended,"We do not require or recommend a class in ""chemistry"" only. If there is another course that you have taken that fits our recommended content, we are comfortable with that: https://medschool.vanderbilt.edu/md- admissions/admission-requirements/",,,,,,,Lab and other checkbox-style fields may be symbol-rendered in the PDF and should be reviewed before use.
aamc_msar_premed_course_requirements,AAMC MSAR Advisor Reports,https://students-residents.aamc.org/medical-school-admission-requirements/medical-school-admission-requirements-reports-applicants-and-advisors,data/raw/aamc/msar_reports/12_msar002-msar-premed-course-requirements.pdf,429,10232,427.667,TX,Anne Burnett Marion School of Medicine at TCU,Anne Burnett Marion School of Medicine at TCU,Composition & Rhetoric,ENGL,Required,"The student should know the importance of effective writing skills, use of rhetorical strategies in development of ideas, mastery of basic scholarly conventions, and application of critical thinking skills, writing analysis and argument. This topic is typically fulfilled from general education course requirements in undergraduate studies.",3,,,,,,Lab and other checkbox-style fields may be symbol-rendered in the PDF and should be reviewed before use.
aamc_msar_premed_course_requirements,AAMC MSAR Advisor Reports,https://students-residents.aamc.org/medical-school-admission-requirements/medical-school-admission-requirements-reports-applicants-and-advisors,data/raw/aamc/msar_reports/12_msar002-msar-premed-course-requirements.pdf,430,10264,472.661,TX,Baylor College of Medicine,Baylor College of Medicine,Biology,BIOL,Required,"Advanced Biology (3-4 semester hours) - lab is NOT required. HIGHLY RECOMMENDED: genetics, cell/molecular biology",3,,,,,,Lab and other checkbox-style fields may be symbol-rendered in the PDF and should be reviewed before use.
aamc_msar_premed_course_requirements,AAMC MSAR Advisor Reports,https://students-residents.aamc.org/medical-school-admission-requirements/medical-school-admission-requirements-reports-applicants-and-advisors,data/raw/aamc/msar_reports/12_msar002-msar-premed-course-requirements.pdf,431,10264,301.661,TX,Baylor College of Medicine,Baylor College of Medicine,Chemistry,CHEM,Required,Organic Chemistry - (2 semesters; 6-8 semester hours) - lab is NOT required,6,,,,,,Lab and other checkbox-style fields may be symbol-rendered in the PDF and should be reviewed before use.
aamc_msar_premed_course_requirements,AAMC MSAR Advisor Reports,https://students-residents.aamc.org/medical-school-admission-requirements/medical-school-admission-requirements-reports-applicants-and-advisors,data/raw/aamc/msar_reports/12_msar002-msar-premed-course-requirements.pdf,432,10264,67.660,TX,Baylor College of Medicine,Baylor College of Medicine,Creative Writing,ENGL,Required,"The expository writing requirement may be accomplished through coursework in a number of disciplines that require intensive writing. Examples include formal courses in English, Philosophy, History, Public Policy, Political Science or Religion. This requirement also may be accomplished through an Honors Thesis, writing-intensive upper division science course or completion of a major research paper.",3,,,,,,Lab and other checkbox-style fields may be symbol-rendered in the PDF and should be reviewed before use.
aamc_msar_premed_course_requirements,AAMC MSAR Advisor Reports,https://students-residents.aamc.org/medical-school-admission-requirements/medical-school-admission-requirements-reports-applicants-and-advisors,data/raw/aamc/msar_reports/12_msar002-msar-premed-course-requirements.pdf,433,10296,324.661,TX,Baylor College of Medicine,Baylor College of Medicine,Mathematics,MATH,Required,"Biostatistics (preferred), but any course with quantitative math. Examples: statistics, physics, calculus",3,,,,,,Lab and other checkbox-style fields may be symbol-rendered in the PDF and should be reviewed before use.
aamc_msar_premed_course_requirements,AAMC MSAR Advisor Reports,https://students-residents.aamc.org/medical-school-admission-requirements/medical-school-admission-requirements-reports-applicants-and-advisors,data/raw/aamc/msar_reports/12_msar002-msar-premed-course-requirements.pdf,434,10296,126.660,TX,Baylor College of Medicine,Baylor College of Medicine,Psychology,BESS,Required,"Humanities-Social/Behavioral Sciences (12 semester hours) Examples: psychology, sociology, anthropology, foreign languages, ethics, philosophy, theology, literature, art history",12,,,,,,Lab and other checkbox-style fields may be symbol-rendered in the PDF and should be reviewed before use.
aamc_msar_premed_course_requirements,AAMC MSAR Advisor Reports,https://students-residents.aamc.org/medical-school-admission-requirements/medical-school-admission-requirements-reports-applicants-and-advisors,data/raw/aamc/msar_reports/12_msar002-msar-premed-course-requirements.pdf,435,10318,306.667,TX,Baylor College of Medicine,Baylor College of Medicine,Sociology,BESS,Required,"Humanities-Social/Behavioral Sciences (12 semester hours) Examples: psychology, sociology, anthropology, foreign languages, ethics, philosophy, theology, literature, art history",12,,,,,,Lab and other checkbox-style fields may be symbol-rendered in the PDF and should be reviewed before use.
aamc_msar_premed_course_requirements,AAMC MSAR Advisor Reports,https://students-residents.aamc.org/medical-school-admission-requirements/medical-school-admission-requirements-reports-applicants-and-advisors,data/raw/aamc/msar_reports/12_msar002-msar-premed-course-requirements.pdf,436,10330,427.661,TX,McGovern Medical School at the University of Texas Health Science Center at Houston,McGovern Medical School at the University of Texas Health Science Center at Houston,Biology,BIOL,Required,12 semester hours of lecture & 2 semester hours of formal lab. Includes all biology courses applied toward baccalaureate degree in a traditional science field. Courses for nonscience majors or courses taught for health career majors are not accepted.,14,,,,,,Lab and other checkbox-style fields may be symbol-rendered in the PDF and should be reviewed before use.
aamc_msar_premed_course_requirements,AAMC MSAR Advisor Reports,https://students-residents.aamc.org/medical-school-admission-requirements/medical-school-admission-requirements-reports-applicants-and-advisors,data/raw/aamc/msar_reports/12_msar002-msar-premed-course-requirements.pdf,437,10330,247.661,TX,McGovern Medical School at the University of Texas Health Science Center at Houston,McGovern Medical School at the University of Texas Health Science Center at Houston,Chemistry,CHEM,Required,6 semester hours of General Chemistry lecture & 2 hours of lab. 6 semester hours of Organic Chemistry lecture & 2 hours of lab. Courses must be applicable toward a baccalaureate degree in a traditional science field regardless of student ’ s major. Courses for nonscience majors or health career majors are not accepted.,16,,,,,,Lab and other checkbox-style fields may be symbol-rendered in the PDF and should be reviewed before use.
aamc_msar_premed_course_requirements,AAMC MSAR Advisor Reports,https://students-residents.aamc.org/medical-school-admission-requirements/medical-school-admission-requirements-reports-applicants-and-advisors,data/raw/aamc/msar_reports/12_msar002-msar-premed-course-requirements.pdf,438,10330,85.660,TX,McGovern Medical School at the University of Texas Health Science Center at Houston,McGovern Medical School at the University of Texas Health Science Center at Houston,Composition & Rhetoric,ENGL,Required,6 Semester hours of English. Any course approved by an English Department that fulfills general education English requirement of a baccalaureate degree. Remedial or developmental courses or “ English as a Second Language ” courses are not accepted.,6,,,,,,Lab and other checkbox-style fields may be symbol-rendered in the PDF and should be reviewed before use.
aamc_msar_premed_course_requirements,AAMC MSAR Advisor Reports,https://students-residents.aamc.org/medical-school-admission-requirements/medical-school-admission-requirements-reports-applicants-and-advisors,data/raw/aamc/msar_reports/12_msar002-msar-premed-course-requirements.pdf,439,10362,342.661,TX,McGovern Medical School at the University of Texas Health Science Center at Houston,McGovern Medical School at the University of Texas Health Science Center at Houston,Physics,PHYS,Required,6 semester hours of lecture & 2 hours of lab Includes all physics courses applied toward baccalaureate degree in any traditional science field. Courses for nonscience majors or health career majors are not accepted.,8,,,,,,Lab and other checkbox-style fields may be symbol-rendered in the PDF and should be reviewed before use.
aamc_msar_premed_course_requirements,AAMC MSAR Advisor Reports,https://students-residents.aamc.org/medical-school-admission-requirements/medical-school-admission-requirements-reports-applicants-and-advisors,data/raw/aamc/msar_reports/12_msar002-msar-premed-course-requirements.pdf,440,10362,198.660,TX,Texas A&M University School of Medicine,Texas A&M University School of Medicine,Biochemistry,CHEM,Required,"Biochemistry I. Rigorous treatment of the structure, function and chemistry of proteins and carbohydrates; kinetics, mechanisms and regulation of enzymes; metabolism of carbohydrates",3,,,,,,Lab and other checkbox-style fields may be symbol-rendered in the PDF and should be reviewed before use.
aamc_msar_premed_course_requirements,AAMC MSAR Advisor Reports,https://students-residents.aamc.org/medical-school-admission-requirements/medical-school-admission-requirements-reports-applicants-and-advisors,data/raw/aamc/msar_reports/12_msar002-msar-premed-course-requirements.pdf,441,10394,337.667,TX,Texas A&M University School of Medicine,Texas A&M University School of Medicine,Chemistry,CHEM,Required,Fundamentals of Chemistry I. Introduction to modern theories of atomic structure and chemical bonding; chemical reactions; stoichiometry; states of matter; solutions; equilibrium; acids and bases; coordination chemistry ; methods and techniques of chemical experimentation; qualitative and semiquantitative procedures applied to investigative situations. Fundamentals of Chemistry II. Theory and applications of oxidation-reductions systems; thermodynamics and kinetics; complex equilibria and solubility product; nuclear chemistry; descriptive inorganic and organic chemistry; introduction to analytical and synthetic methods and to quantitative techniques to both inorganic and organic compounds with emphasis on an investigative approach.,8,,,,,,Lab and other checkbox-style fields may be symbol-rendered in the PDF and should be reviewed before use.
aamc_msar_premed_course_requirements,AAMC MSAR Advisor Reports,https://students-residents.aamc.org/medical-school-admission-requirements/medical-school-admission-requirements-reports-applicants-and-advisors,data/raw/aamc/msar_reports/12_msar002-msar-premed-course-requirements.pdf,442,10538,485.942,TX,Texas Tech University Health Sciences Center School of Medicine,Texas Tech University Health Sciences Center School of Medicine,Anatomy,BIOL,Recommended,,3,,,,,,Lab and other checkbox-style fields may be symbol-rendered in the PDF and should be reviewed before use.
aamc_msar_premed_course_requirements,AAMC MSAR Advisor Reports,https://students-residents.aamc.org/medical-school-admission-requirements/medical-school-admission-requirements-reports-applicants-and-advisors,data/raw/aamc/msar_reports/12_msar002-msar-premed-course-requirements.pdf,443,10680,427.667,TX,The University of Texas at Tyler School of Medicine,The University of Texas at Tyler School of Medicine,Chemistry,CHEM,Required,"12 semester hours, including one of the following combinations: - 2 semesters of organic chemistry and 1 semester of general inorganic chemistry (for a total of 9 semester hours with 3 labs); - 2 semesters of inorganic general chemistry and 1 semester of organic chemistry (for a total of 9 semester hours with 3 labs)",,,,,,,Lab and other checkbox-style fields may be symbol-rendered in the PDF and should be reviewed before use.
aamc_msar_premed_course_requirements,AAMC MSAR Advisor Reports,https://students-residents.aamc.org/medical-school-admission-requirements/medical-school-admission-requirements-reports-applicants-and-advisors,data/raw/aamc/msar_reports/12_msar002-msar-premed-course-requirements.pdf,444,10680,373.666,TX,The University of Texas at Tyler School of Medicine,The University of Texas at Tyler School of Medicine,Composition & Rhetoric,ENGL,Required,3 semester hours of composition-based coursework,,,,,,,Lab and other checkbox-style fields may be symbol-rendered in the PDF and should be reviewed before use.
aamc_msar_premed_course_requirements,AAMC MSAR Advisor Reports,https://students-residents.aamc.org/medical-school-admission-requirements/medical-school-admission-requirements-reports-applicants-and-advisors,data/raw/aamc/msar_reports/12_msar002-msar-premed-course-requirements.pdf,445,10680,323.946,TX,The University of Texas at Tyler School of Medicine,The University of Texas at Tyler School of Medicine,Physics,PHYS,Required,"8 semester hours, two of which must be labs",,,,,,,Lab and other checkbox-style fields may be symbol-rendered in the PDF and should be reviewed before use.
aamc_msar_premed_course_requirements,AAMC MSAR Advisor Reports,https://students-residents.aamc.org/medical-school-admission-requirements/medical-school-admission-requirements-reports-applicants-and-advisors,data/raw/aamc/msar_reports/12_msar002-msar-premed-course-requirements.pdf,446,10680,274.226,TX,The University of Texas at Tyler School of Medicine,The University of Texas at Tyler School of Medicine,Statistics,MATH,Required,3 semester hours of statistics,,,,,,,Lab and other checkbox-style fields may be symbol-rendered in the PDF and should be reviewed before use.
aamc_msar_premed_course_requirements,AAMC MSAR Advisor Reports,https://students-residents.aamc.org/medical-school-admission-requirements/medical-school-admission-requirements-reports-applicants-and-advisors,data/raw/aamc/msar_reports/12_msar002-msar-premed-course-requirements.pdf,447,10680,224.505,TX,The University of Texas Health Science Center at San Antonio Joe R. and Teresa Lozano Long School of Medicine,The University of Texas Health Science Center at San Antonio Joe R. and Teresa Lozano Long School of Medicine,Biochemistry,CHEM,Required,,3,,,,,,Lab and other checkbox-style fields may be symbol-rendered in the PDF and should be reviewed before use.
aamc_msar_premed_course_requirements,AAMC MSAR Advisor Reports,https://students-residents.aamc.org/medical-school-admission-requirements/medical-school-admission-requirements-reports-applicants-and-advisors,data/raw/aamc/msar_reports/12_msar002-msar-premed-course-requirements.pdf,448,10680,129.785,TX,The University of Texas Health Science Center at San Antonio Joe R. and Teresa Lozano Long School of Medicine,The University of Texas Health Science Center at San Antonio Joe R. and Teresa Lozano Long School of Medicine,Biology,BIOL,Required,"14 hours total, with 2 lab hours",14,,,,,,Lab and other checkbox-style fields may be symbol-rendered in the PDF and should be reviewed before use.
aamc_msar_premed_course_requirements,AAMC MSAR Advisor Reports,https://students-residents.aamc.org/medical-school-admission-requirements/medical-school-admission-requirements-reports-applicants-and-advisors,data/raw/aamc/msar_reports/12_msar002-msar-premed-course-requirements.pdf,449,10742,485.942,TX,The University of Texas Health Science Center at San Antonio Joe R. and Teresa Lozano Long School of Medicine,The University of Texas Health Science Center at San Antonio Joe R. and Teresa Lozano Long School of Medicine,Chemistry,CHEM,Required,"Inorganic or general, 8 hours with 2 lab hours",8,,,,,,Lab and other checkbox-style fields may be symbol-rendered in the PDF and should be reviewed before use.
aamc_msar_premed_course_requirements,AAMC MSAR Advisor Reports,https://students-residents.aamc.org/medical-school-admission-requirements/medical-school-admission-requirements-reports-applicants-and-advisors,data/raw/aamc/msar_reports/12_msar002-msar-premed-course-requirements.pdf,450,10742,391.221,TX,The University of Texas Health Science Center at San Antonio Joe R. and Teresa Lozano Long School of Medicine,The University of Texas Health Science Center at San Antonio Joe R. and Teresa Lozano Long School of Medicine,Composition & Rhetoric,ENGL,Required,Other topics are accepted; 6 hours required,6,,,,,,Lab and other checkbox-style fields may be symbol-rendered in the PDF and should be reviewed before use.
aamc_msar_premed_course_requirements,AAMC MSAR Advisor Reports,https://students-residents.aamc.org/medical-school-admission-requirements/medical-school-admission-requirements-reports-applicants-and-advisors,data/raw/aamc/msar_reports/12_msar002-msar-premed-course-requirements.pdf,451,10742,296.501,TX,The University of Texas Health Science Center at San Antonio Joe R. and Teresa Lozano Long School of Medicine,The University of Texas Health Science Center at San Antonio Joe R. and Teresa Lozano Long School of Medicine,Genetics,BIOL,Recommended,,,,,,,,Lab and other checkbox-style fields may be symbol-rendered in the PDF and should be reviewed before use.
aamc_msar_premed_course_requirements,AAMC MSAR Advisor Reports,https://students-residents.aamc.org/medical-school-admission-requirements/medical-school-admission-requirements-reports-applicants-and-advisors,data/raw/aamc/msar_reports/12_msar002-msar-premed-course-requirements.pdf,452,10742,160.060,TX,The University of Texas Health Science Center at San Antonio Joe R. and Teresa Lozano Long School of Medicine,The University of Texas Health Science Center at San Antonio Joe R. and Teresa Lozano Long School of Medicine,Psychology,BESS,Recommended,,,,,,,,Lab and other checkbox-style fields may be symbol-rendered in the PDF and should be reviewed before use.
aamc_msar_premed_course_requirements,AAMC MSAR Advisor Reports,https://students-residents.aamc.org/medical-school-admission-requirements/medical-school-admission-requirements-reports-applicants-and-advisors,data/raw/aamc/msar_reports/12_msar002-msar-premed-course-requirements.pdf,453,10742,46.620,TX,The University of Texas Health Science Center at San Antonio Joe R. and Teresa Lozano Long School of Medicine,The University of Texas Health Science Center at San Antonio Joe R. and Teresa Lozano Long School of Medicine,Zoology,BIOL,Recommended,,,,,,,,Lab and other checkbox-style fields may be symbol-rendered in the PDF and should be reviewed before use.
aamc_msar_premed_course_requirements,AAMC MSAR Advisor Reports,https://students-residents.aamc.org/medical-school-admission-requirements/medical-school-admission-requirements-reports-applicants-and-advisors,data/raw/aamc/msar_reports/12_msar002-msar-premed-course-requirements.pdf,454,10824,454.661,TX,University of Houston Tilman J. Fertitta Family College of Medicine,University of Houston Tilman J. Fertitta Family College of Medicine,Biology,BIOL,Required,"General Biology Course ( 100 or 200 level, or equivalent) Advanced Biology ( 300 + level or equivalent; Biochemistry from Biology department is acceptable)",11,,,,,,Lab and other checkbox-style fields may be symbol-rendered in the PDF and should be reviewed before use.
aamc_msar_premed_course_requirements,AAMC MSAR Advisor Reports,https://students-residents.aamc.org/medical-school-admission-requirements/medical-school-admission-requirements-reports-applicants-and-advisors,data/raw/aamc/msar_reports/12_msar002-msar-premed-course-requirements.pdf,455,10886,481.667,TX,University of Texas at Austin Dell Medical School,University of Texas at Austin Dell Medical School,Biology,BIOL,Required,"11 semester hours, 2 of which must be labs (A genetics course is strongly recommended.)",11,,,,,,Lab and other checkbox-style fields may be symbol-rendered in the PDF and should be reviewed before use.
aamc_msar_premed_course_requirements,AAMC MSAR Advisor Reports,https://students-residents.aamc.org/medical-school-admission-requirements/medical-school-admission-requirements-reports-applicants-and-advisors,data/raw/aamc/msar_reports/12_msar002-msar-premed-course-requirements.pdf,456,10886,305.947,TX,University of Texas at Austin Dell Medical School,University of Texas at Austin Dell Medical School,Physics,PHYS,Required,,8,,,,,,Lab and other checkbox-style fields may be symbol-rendered in the PDF and should be reviewed before use.
aamc_msar_premed_course_requirements,AAMC MSAR Advisor Reports,https://students-residents.aamc.org/medical-school-admission-requirements/medical-school-admission-requirements-reports-applicants-and-advisors,data/raw/aamc/msar_reports/12_msar002-msar-premed-course-requirements.pdf,457,10886,130.226,TX,University of Texas at Austin Dell Medical School,University of Texas at Austin Dell Medical School,Statistics,MATH,Required,,3,,,,,,Lab and other checkbox-style fields may be symbol-rendered in the PDF and should be reviewed before use.
aamc_msar_premed_course_requirements,AAMC MSAR Advisor Reports,https://students-residents.aamc.org/medical-school-admission-requirements/medical-school-admission-requirements-reports-applicants-and-advisors,data/raw/aamc/msar_reports/12_msar002-msar-premed-course-requirements.pdf,458,10918,328.941,TX,University of Texas Medical Branch John Sealy School of Medicine,University of Texas Medical Branch John Sealy School of Medicine,Anatomy,BIOL,Recommended,,4,,,,,,Lab and other checkbox-style fields may be symbol-rendered in the PDF and should be reviewed before use.
aamc_msar_premed_course_requirements,AAMC MSAR Advisor Reports,https://students-residents.aamc.org/medical-school-admission-requirements/medical-school-admission-requirements-reports-applicants-and-advisors,data/raw/aamc/msar_reports/12_msar002-msar-premed-course-requirements.pdf,459,10930,445.661,TX,University of Texas Medical Branch John Sealy School of Medicine,University of Texas Medical Branch John Sealy School of Medicine,Biochemistry,CHEM,Required,3 semester hours or 5 quarter hours of biochemistry are required. Any credit or quarter hour deficiency less than or equal to 1 can be waived automatically per applicant request. Excess hours in Biochemistry can be used to fulfill biology or chemistry requirements.,3,,,,,,Lab and other checkbox-style fields may be symbol-rendered in the PDF and should be reviewed before use.
aamc_msar_premed_course_requirements,AAMC MSAR Advisor Reports,https://students-residents.aamc.org/medical-school-admission-requirements/medical-school-admission-requirements-reports-applicants-and-advisors,data/raw/aamc/msar_reports/12_msar002-msar-premed-course-requirements.pdf,460,10930,211.661,TX,University of Texas Medical Branch John Sealy School of Medicine,University of Texas Medical Branch John Sealy School of Medicine,Biology,BIOL,Required,14 semester hours (12 semester hours of lecture and 2 semester hours of formal lab) or 21 quarter hours (18 quarter lecture hours and 3 quarter lab hours) as required for college science majors. (One semester of Biochemistry can be substituted for one semester of Biology). Any credit or quarter hour deficiency less than or equal to 2 can be waived automatically per applicant request.,14,,,,,,Lab and other checkbox-style fields may be symbol-rendered in the PDF and should be reviewed before use.
aamc_msar_premed_course_requirements,AAMC MSAR Advisor Reports,https://students-residents.aamc.org/medical-school-admission-requirements/medical-school-admission-requirements-reports-applicants-and-advisors,data/raw/aamc/msar_reports/12_msar002-msar-premed-course-requirements.pdf,461,10930,44.940,TX,University of Texas Medical Branch John Sealy School of Medicine,University of Texas Medical Branch John Sealy School of Medicine,Cell Biology,BIOL,Recommended,,3,,,,,,Lab and other checkbox-style fields may be symbol-rendered in the PDF and should be reviewed before use.
aamc_msar_premed_course_requirements,AAMC MSAR Advisor Reports,https://students-residents.aamc.org/medical-school-admission-requirements/medical-school-admission-requirements-reports-applicants-and-advisors,data/raw/aamc/msar_reports/12_msar002-msar-premed-course-requirements.pdf,462,10962,207.661,TX,University of Texas Medical Branch John Sealy School of Medicine,University of Texas Medical Branch John Sealy School of Medicine,Chemistry,CHEM,Required,General Chemistry - 8 semester hours ( 6 semester hours of lecture and 2 semester hours of formal lab) or 12 quarter hours ( 9 quarter hours of lecture and 3 quarter hours of formal lab) as required for college science majors. Any credit or quarter hour deficiency less than or equal to 1 can be waived automatically per applicant request. Organic Chemistry - 8 semester hours ( 6 semester hours of lecture and 2 semester hours of formal lab) or 12 quarter hours ( 9 quarter hours of lecture and 3 quarter hours of formal lab) as required for college science majors. Any credit or quarter hour deficiency less than or equal to 1 can be waived automatically per applicant request.,16,,,,,,Lab and other checkbox-style fields may be symbol-rendered in the PDF and should be reviewed before use.
aamc_msar_premed_course_requirements,AAMC MSAR Advisor Reports,https://students-residents.aamc.org/medical-school-admission-requirements/medical-school-admission-requirements-reports-applicants-and-advisors,data/raw/aamc/msar_reports/12_msar002-msar-premed-course-requirements.pdf,463,10974,445.672,TX,University of Texas Medical Branch John Sealy School of Medicine,University of Texas Medical Branch John Sealy School of Medicine,Composition & Rhetoric,ENGL,Required,6 semester hours or 9 quarter hours. Writing intensive courses taught in departments other than the English department are considered case by case. Any credit or quarter hour deficiency less than or equal to 2 can be waived automatically per applicant request.,6,,,,,,Lab and other checkbox-style fields may be symbol-rendered in the PDF and should be reviewed before use.
aamc_msar_premed_course_requirements,AAMC MSAR Advisor Reports,https://students-residents.aamc.org/medical-school-admission-requirements/medical-school-admission-requirements-reports-applicants-and-advisors,data/raw/aamc/msar_reports/12_msar002-msar-premed-course-requirements.pdf,464,10974,278.952,TX,University of Texas Medical Branch John Sealy School of Medicine,University of Texas Medical Branch John Sealy School of Medicine,Genetics,BIOL,Recommended,,3,,,,,,Lab and other checkbox-style fields may be symbol-rendered in the PDF and should be reviewed before use.
aamc_msar_premed_course_requirements,AAMC MSAR Advisor Reports,https://students-residents.aamc.org/medical-school-admission-requirements/medical-school-admission-requirements-reports-applicants-and-advisors,data/raw/aamc/msar_reports/12_msar002-msar-premed-course-requirements.pdf,465,10974,112.232,TX,University of Texas Medical Branch John Sealy School of Medicine,University of Texas Medical Branch John Sealy School of Medicine,Immunology,BIOL,Recommended,,3,,,,,,Lab and other checkbox-style fields may be symbol-rendered in the PDF and should be reviewed before use.
aamc_msar_premed_course_requirements,AAMC MSAR Advisor Reports,https://students-residents.aamc.org/medical-school-admission-requirements/medical-school-admission-requirements-reports-applicants-and-advisors,data/raw/aamc/msar_reports/12_msar002-msar-premed-course-requirements.pdf,466,11006,306.661,TX,University of Texas Medical Branch John Sealy School of Medicine,University of Texas Medical Branch John Sealy School of Medicine,Mathematics,MATH,Required,3 semester hours or 5 quarter hours of college Calculus or Statistics. Statistics must be taught in the Math department. Any credit or quarter hour deficiency less than or equal to 1 can be waived automatically per applicant request.,3,,,,,,Lab and other checkbox-style fields may be symbol-rendered in the PDF and should be reviewed before use.
aamc_msar_premed_course_requirements,AAMC MSAR Advisor Reports,https://students-residents.aamc.org/medical-school-admission-requirements/medical-school-admission-requirements-reports-applicants-and-advisors,data/raw/aamc/msar_reports/12_msar002-msar-premed-course-requirements.pdf,467,11006,139.941,TX,University of Texas Medical Branch John Sealy School of Medicine,University of Texas Medical Branch John Sealy School of Medicine,Microbiology,BIOL,Recommended,,4,,,,,,Lab and other checkbox-style fields may be symbol-rendered in the PDF and should be reviewed before use.
aamc_msar_premed_course_requirements,AAMC MSAR Advisor Reports,https://students-residents.aamc.org/medical-school-admission-requirements/medical-school-admission-requirements-reports-applicants-and-advisors,data/raw/aamc/msar_reports/12_msar002-msar-premed-course-requirements.pdf,468,11028,288.661,TX,University of Texas Medical Branch John Sealy School of Medicine,University of Texas Medical Branch John Sealy School of Medicine,Physics,PHYS,Required,8 semester hours (6 semester hours of lecture and 2 semester hours of formal lab) or 12 quarter hours (9 quarter hours of lecture and 3 quarter hours of formal lab) as required for college science majors. Any credit or quarter hour deficiency less than or equal to 1 can be waived automatically per applicant request.,8,,,,,,Lab and other checkbox-style fields may be symbol-rendered in the PDF and should be reviewed before use.
aamc_msar_premed_course_requirements,AAMC MSAR Advisor Reports,https://students-residents.aamc.org/medical-school-admission-requirements/medical-school-admission-requirements-reports-applicants-and-advisors,data/raw/aamc/msar_reports/12_msar002-msar-premed-course-requirements.pdf,469,11028,121.941,TX,University of Texas Medical Branch John Sealy School of Medicine,University of Texas Medical Branch John Sealy School of Medicine,Physiology,BIOL,Recommended,,4,,,,,,Lab and other checkbox-style fields may be symbol-rendered in the PDF and should be reviewed before use.
aamc_msar_premed_course_requirements,AAMC MSAR Advisor Reports,https://students-residents.aamc.org/medical-school-admission-requirements/medical-school-admission-requirements-reports-applicants-and-advisors,data/raw/aamc/msar_reports/12_msar002-msar-premed-course-requirements.pdf,470,11050,324.661,TX,University of Texas Rio Grande Valley School of Medicine,University of Texas Rio Grande Valley School of Medicine,Anatomy,BIOL,Recommended,"Aside from required coursework, UTRGV SOM strongly recommends that applicants complete courses in Anatomy & Physiology.",3,,,,,,Lab and other checkbox-style fields may be symbol-rendered in the PDF and should be reviewed before use.
aamc_msar_premed_course_requirements,AAMC MSAR Advisor Reports,https://students-residents.aamc.org/medical-school-admission-requirements/medical-school-admission-requirements-reports-applicants-and-advisors,data/raw/aamc/msar_reports/12_msar002-msar-premed-course-requirements.pdf,471,11062,445.661,TX,University of Texas Rio Grande Valley School of Medicine,University of Texas Rio Grande Valley School of Medicine,Anthropology,BESS,Recommended,"In addition, to help students develop a broad- based foundation to support success in medical school, UTRGV SOM also recommends that students take courses covering topics from the following areas: Anthropology, Economics, Family Studies, Psychology, Sociology.",3,,,,,,Lab and other checkbox-style fields may be symbol-rendered in the PDF and should be reviewed before use.
aamc_msar_premed_course_requirements,AAMC MSAR Advisor Reports,https://students-residents.aamc.org/medical-school-admission-requirements/medical-school-admission-requirements-reports-applicants-and-advisors,data/raw/aamc/msar_reports/12_msar002-msar-premed-course-requirements.pdf,472,11062,211.661,TX,University of Texas Rio Grande Valley School of Medicine,University of Texas Rio Grande Valley School of Medicine,Biochemistry,CHEM,Required,"Three semester hours (or 5 quarter hours) of Biochemistry is required. This requirement may be used towards fulfilling the overall Biological Sciences or Chemistry requirement. The course may be taught in the Biology, Biochemistry or Chemistry department and cannot be an introductory course.",3,,,,,,Lab and other checkbox-style fields may be symbol-rendered in the PDF and should be reviewed before use.
aamc_msar_premed_course_requirements,AAMC MSAR Advisor Reports,https://students-residents.aamc.org/medical-school-admission-requirements/medical-school-admission-requirements-reports-applicants-and-advisors,data/raw/aamc/msar_reports/12_msar002-msar-premed-course-requirements.pdf,473,11084,454.661,TX,University of Texas Rio Grande Valley School of Medicine,University of Texas Rio Grande Valley School of Medicine,Biology,BIOL,Required,"A minimum of 14 semester hours (including 12 semester hours of lecture and 2 semester hours of lab), or 21 quarter hours (including 18 quarter hours of lecture and 3 quarter hours of lab) as required for science majors.",14,,,,,,Lab and other checkbox-style fields may be symbol-rendered in the PDF and should be reviewed before use.
aamc_msar_premed_course_requirements,AAMC MSAR Advisor Reports,https://students-residents.aamc.org/medical-school-admission-requirements/medical-school-admission-requirements-reports-applicants-and-advisors,data/raw/aamc/msar_reports/12_msar002-msar-premed-course-requirements.pdf,474,11096,418.672,TX,University of Texas Rio Grande Valley School of Medicine,University of Texas Rio Grande Valley School of Medicine,Chemistry,CHEM,Required,"Eight semester hours of general (inorganic) chemistry (including 6 semester hours of lecture and 2 semester hours of lab), or 12 quarter hours (including 9 quarter hours of lecture and 3 quarter hours of lab) as required for science majors. Courses should include familiarity with analytic and volumetric techniques, and may include courses such as General Chemistry, Physical Chemistry and Quantitative Analysis.",8,,,,,,Lab and other checkbox-style fields may be symbol-rendered in the PDF and should be reviewed before use.
aamc_msar_premed_course_requirements,AAMC MSAR Advisor Reports,https://students-residents.aamc.org/medical-school-admission-requirements/medical-school-admission-requirements-reports-applicants-and-advisors,data/raw/aamc/msar_reports/12_msar002-msar-premed-course-requirements.pdf,475,11096,229.672,TX,University of Texas Rio Grande Valley School of Medicine,University of Texas Rio Grande Valley School of Medicine,Composition & Rhetoric,ENGL,Required,A minimum of 6 semester hours (or 9 quarter hours) of college English.,6,,,,,,Lab and other checkbox-style fields may be symbol-rendered in the PDF and should be reviewed before use.
aamc_msar_premed_course_requirements,AAMC MSAR Advisor Reports,https://students-residents.aamc.org/medical-school-admission-requirements/medical-school-admission-requirements-reports-applicants-and-advisors,data/raw/aamc/msar_reports/12_msar002-msar-premed-course-requirements.pdf,476,11118,472.661,TX,University of Texas Rio Grande Valley School of Medicine,University of Texas Rio Grande Valley School of Medicine,Microbiology,BIOL,Recommended,"Aside from required coursework, UTRGV SOM strongly recommends that applicants complete courses in Microbiology.",3,,,,,,Lab and other checkbox-style fields may be symbol-rendered in the PDF and should be reviewed before use.
aamc_msar_premed_course_requirements,AAMC MSAR Advisor Reports,https://students-residents.aamc.org/medical-school-admission-requirements/medical-school-admission-requirements-reports-applicants-and-advisors,data/raw/aamc/msar_reports/12_msar002-msar-premed-course-requirements.pdf,477,11118,247.661,TX,University of Texas Rio Grande Valley School of Medicine,University of Texas Rio Grande Valley School of Medicine,Organic Chemistry,CHEM,Required,"ORGANIC CHEMISTRY: Eight semester hours of organic chemistry (including 6 semester hours of lecture and 2 semester hours of lab), or 12 quarter hours (including 9 quarter hours of lecture and 3 quarter hours of lab) as required for science majors.",8,,,,,,Lab and other checkbox-style fields may be symbol-rendered in the PDF and should be reviewed before use.
aamc_msar_premed_course_requirements,AAMC MSAR Advisor Reports,https://students-residents.aamc.org/medical-school-admission-requirements/medical-school-admission-requirements-reports-applicants-and-advisors,data/raw/aamc/msar_reports/12_msar002-msar-premed-course-requirements.pdf,478,11140,463.661,TX,University of Texas Rio Grande Valley School of Medicine,University of Texas Rio Grande Valley School of Medicine,Physics,PHYS,Required,"A minimum of 8 semester hours (including 6 semester hours of lecture and 2 semester hours of lab), or 12 quarter hours (including 9 quarter hours of lecture and 3 quarter hours of lab).",8,,,,,,Lab and other checkbox-style fields may be symbol-rendered in the PDF and should be reviewed before use.
aamc_msar_premed_course_requirements,AAMC MSAR Advisor Reports,https://students-residents.aamc.org/medical-school-admission-requirements/medical-school-admission-requirements-reports-applicants-and-advisors,data/raw/aamc/msar_reports/12_msar002-msar-premed-course-requirements.pdf,479,11140,220.661,TX,University of Texas Rio Grande Valley School of Medicine,University of Texas Rio Grande Valley School of Medicine,Statistics,MATH,Required,"A minimum of 3 semester hours (or 5 quarter hours). Required content includes basic descriptive statistics, methods of data analysis and concepts of probability ideally directed toward applications in science. The Statistics course should be taught in a Math or Statistics Department. Calculus does not meet this requirement.",3,,,,,,Lab and other checkbox-style fields may be symbol-rendered in the PDF and should be reviewed before use.
aamc_msar_premed_course_requirements,AAMC MSAR Advisor Reports,https://students-residents.aamc.org/medical-school-admission-requirements/medical-school-admission-requirements-reports-applicants-and-advisors,data/raw/aamc/msar_reports/12_msar002-msar-premed-course-requirements.pdf,480,11162,472.661,TX,University of Texas Southwestern Medical School,University of Texas Southwestern Medical School,Biochemistry,CHEM,Required,"Biochemistry may be taught in the Biology, Biochemistry, or Chemistry Department. Biochemistry cannot be an introductory course.",3,,,,,,Lab and other checkbox-style fields may be symbol-rendered in the PDF and should be reviewed before use.
aamc_msar_premed_course_requirements,AAMC MSAR Advisor Reports,https://students-residents.aamc.org/medical-school-admission-requirements/medical-school-admission-requirements-reports-applicants-and-advisors,data/raw/aamc/msar_reports/12_msar002-msar-premed-course-requirements.pdf,481,11162,331.941,TX,University of Texas Southwestern Medical School,University of Texas Southwestern Medical School,Biology,BIOL,Required,"Minimum 14 semester hours including formal laboratory experience may be one of the following: 12 lecture hours 2 lab hours Courses must be applicable toward a baccalaureate degree in a traditional science field regardless of student ’ s major If 2 semesters of biochemistry are completed, 1 semester of biochemistry will be accepted toward fulfilling this requirement.",14,,,,,,Lab and other checkbox-style fields may be symbol-rendered in the PDF and should be reviewed before use.
aamc_msar_premed_course_requirements,AAMC MSAR Advisor Reports,https://students-residents.aamc.org/medical-school-admission-requirements/medical-school-admission-requirements-reports-applicants-and-advisors,data/raw/aamc/msar_reports/12_msar002-msar-premed-course-requirements.pdf,482,11162,145.940,TX,University of Texas Southwestern Medical School,University of Texas Southwestern Medical School,Composition & Rhetoric,ENGL,Required,Any course approved by an English Department that fulfills general education English requirement of a baccalaureate degree. Remedial or developmental courses or “ English as a Second Language ” courses are not accepted. Humanities or Social Science courses with significant expository writing may satisfy this requirement.,6,,,,,,Lab and other checkbox-style fields may be symbol-rendered in the PDF and should be reviewed before use.
aamc_msar_premed_course_requirements,AAMC MSAR Advisor Reports,https://students-residents.aamc.org/medical-school-admission-requirements/medical-school-admission-requirements-reports-applicants-and-advisors,data/raw/aamc/msar_reports/12_msar002-msar-premed-course-requirements.pdf,483,11244,400.661,UT,Spencer Fox Eccles School of Medicine at the University of Utah,Spencer Fox Eccles School of Medicine at the University of Utah,Biology,BIOL,Required,"Two (2) courses with all course-required labs. One (1) course must be in cellular biology or biochemistry. Course-required labs are defined as lab courses that are required to complete a given course as offered by the institution. If a course does not have a required lab component, students are not required to take an additional lab to meet SFESOM requirements. If students are unsure if a course in question has a required lab, it is recommended to contact an academic advisor within their institution.",,,,,,,Lab and other checkbox-style fields may be symbol-rendered in the PDF and should be reviewed before use.
aamc_msar_premed_course_requirements,AAMC MSAR Advisor Reports,https://students-residents.aamc.org/medical-school-admission-requirements/medical-school-admission-requirements-reports-applicants-and-advisors,data/raw/aamc/msar_reports/12_msar002-msar-premed-course-requirements.pdf,484,11244,53.660,UT,Spencer Fox Eccles School of Medicine at the University of Utah,Spencer Fox Eccles School of Medicine at the University of Utah,Organic Chemistry,CHEM,Required,"Two (2) courses completing an organic chemistry series with all course-required labs. Course-required labs are defined as lab courses that are required to complete a given course as offered by the institution. If a course does not have a required lab component, students are not required to take an additional lab to meet SFESOM requirements. If students are unsure if a course in question has a required lab, it is recommended to contact an academic advisor within their institution.",,,,,,,Lab and other checkbox-style fields may be symbol-rendered in the PDF and should be reviewed before use.
aamc_msar_premed_course_requirements,AAMC MSAR Advisor Reports,https://students-residents.aamc.org/medical-school-admission-requirements/medical-school-admission-requirements-reports-applicants-and-advisors,data/raw/aamc/msar_reports/12_msar002-msar-premed-course-requirements.pdf,485,11276,270.661,UT,Spencer Fox Eccles School of Medicine at the University of Utah,Spencer Fox Eccles School of Medicine at the University of Utah,Physics,PHYS,Required,"Two (2) courses with all course required labs. Course-required labs are defined as lab courses that are required to complete a given course as offered by the institution. If a course does not have a required lab component, students are not required to take an additional lab to meet SFESOM requirements. If students are unsure if a course in question has a required lab, it is recommended to contact an academic advisor within their institution.",,,,,,,Lab and other checkbox-style fields may be symbol-rendered in the PDF and should be reviewed before use.
aamc_msar_premed_course_requirements,AAMC MSAR Advisor Reports,https://students-residents.aamc.org/medical-school-admission-requirements/medical-school-admission-requirements-reports-applicants-and-advisors,data/raw/aamc/msar_reports/12_msar002-msar-premed-course-requirements.pdf,486,11398,481.672,VA,University of Virginia School of Medicine,University of Virginia School of Medicine,Cell Biology,BIOL,Recommended,"Not required, but helpful for medical school. Not considered during the application process.",,,,,,,Lab and other checkbox-style fields may be symbol-rendered in the PDF and should be reviewed before use.
aamc_msar_premed_course_requirements,AAMC MSAR Advisor Reports,https://students-residents.aamc.org/medical-school-admission-requirements/medical-school-admission-requirements-reports-applicants-and-advisors,data/raw/aamc/msar_reports/12_msar002-msar-premed-course-requirements.pdf,487,11520,485.942,VA,Virginia Tech Carilion School of Medicine,Virginia Tech Carilion School of Medicine,Biology,BIOL,Required,2 semesters of Biology,8,,,,,,Lab and other checkbox-style fields may be symbol-rendered in the PDF and should be reviewed before use.
aamc_msar_premed_course_requirements,AAMC MSAR Advisor Reports,https://students-residents.aamc.org/medical-school-admission-requirements/medical-school-admission-requirements-reports-applicants-and-advisors,data/raw/aamc/msar_reports/12_msar002-msar-premed-course-requirements.pdf,488,11520,292.221,VA,Virginia Tech Carilion School of Medicine,Virginia Tech Carilion School of Medicine,Chemistry,CHEM,Required,2 semesters of Inorganic Chemistry,8,,,,,,Lab and other checkbox-style fields may be symbol-rendered in the PDF and should be reviewed before use.
aamc_msar_premed_course_requirements,AAMC MSAR Advisor Reports,https://students-residents.aamc.org/medical-school-admission-requirements/medical-school-admission-requirements-reports-applicants-and-advisors,data/raw/aamc/msar_reports/12_msar002-msar-premed-course-requirements.pdf,489,11520,94.221,VA,Virginia Tech Carilion School of Medicine,Virginia Tech Carilion School of Medicine,Literature,ENGL,Required,English/Writing: 2 semesters or 1 semester each of English and Philosophy,6,,,,,,Lab and other checkbox-style fields may be symbol-rendered in the PDF and should be reviewed before use.
aamc_msar_premed_course_requirements,AAMC MSAR Advisor Reports,https://students-residents.aamc.org/medical-school-admission-requirements/medical-school-admission-requirements-reports-applicants-and-advisors,data/raw/aamc/msar_reports/12_msar002-msar-premed-course-requirements.pdf,490,11552,306.661,VA,Virginia Tech Carilion School of Medicine,Virginia Tech Carilion School of Medicine,Mathematics,MATH,Required,Either 2 semesters of Calculus or 1 semester of Calculus and 1 semester of Statistics.,6,,,,,,Lab and other checkbox-style fields may be symbol-rendered in the PDF and should be reviewed before use.
aamc_msar_premed_course_requirements,AAMC MSAR Advisor Reports,https://students-residents.aamc.org/medical-school-admission-requirements/medical-school-admission-requirements-reports-applicants-and-advisors,data/raw/aamc/msar_reports/12_msar002-msar-premed-course-requirements.pdf,491,11552,112.941,VA,Virginia Tech Carilion School of Medicine,Virginia Tech Carilion School of Medicine,Physics,PHYS,Required,2 semesters of Physics,8,,,,,,Lab and other checkbox-style fields may be symbol-rendered in the PDF and should be reviewed before use.
aamc_msar_premed_course_requirements,AAMC MSAR Advisor Reports,https://students-residents.aamc.org/medical-school-admission-requirements/medical-school-admission-requirements-reports-applicants-and-advisors,data/raw/aamc/msar_reports/12_msar002-msar-premed-course-requirements.pdf,492,11574,270.661,VT,"Robert Larner, M.D., College of Medicine at the University of Vermont","Robert Larner, M.D., College of Medicine at the University of Vermont",Biochemistry,CHEM,Required,A course that is acceptable for a science major at the applicant's college or university. This course must have at least one semester of organic chemistry as a prerequisite. This course can replace the second semester of organic chemistry.,3,,,,,,Lab and other checkbox-style fields may be symbol-rendered in the PDF and should be reviewed before use.
aamc_msar_premed_course_requirements,AAMC MSAR Advisor Reports,https://students-residents.aamc.org/medical-school-admission-requirements/medical-school-admission-requirements-reports-applicants-and-advisors,data/raw/aamc/msar_reports/12_msar002-msar-premed-course-requirements.pdf,493,11606,454.661,VT,"Robert Larner, M.D., College of Medicine at the University of Vermont","Robert Larner, M.D., College of Medicine at the University of Vermont",Physics,PHYS,Required,Any general physics or physics with calculus accepted towards a science or engineering degree at the applicant's college or university. AP credits are acceptable and additional credits at the higher level will be required.,8,,,,,,Lab and other checkbox-style fields may be symbol-rendered in the PDF and should be reviewed before use.
aamc_msar_premed_course_requirements,AAMC MSAR Advisor Reports,https://students-residents.aamc.org/medical-school-admission-requirements/medical-school-admission-requirements-reports-applicants-and-advisors,data/raw/aamc/msar_reports/12_msar002-msar-premed-course-requirements.pdf,494,11668,485.942,WA,University of Washington School of Medicine,University of Washington School of Medicine,Calculus,MATH,Recommended,,,,,,,,Lab and other checkbox-style fields may be symbol-rendered in the PDF and should be reviewed before use.
aamc_msar_premed_course_requirements,AAMC MSAR Advisor Reports,https://students-residents.aamc.org/medical-school-admission-requirements/medical-school-admission-requirements-reports-applicants-and-advisors,data/raw/aamc/msar_reports/12_msar002-msar-premed-course-requirements.pdf,495,11720,310.672,WA,University of Washington School of Medicine,University of Washington School of Medicine,Psychology,BESS,Recommended,"Demonstrated competency (Could be met with a combination of coursework and experiences) Entering medical students should understand the social forces that shape the health of the individuals and communities they will serve. This includes understanding how social contextual factors and policy operate at the community and national level to impact the health of individuals. Students should be familiar with disparities in health currently present in society and their underlying etiologies. Candidates seeking acceptance to UWSOM can establish competency in this area through course work in the social sciences, humanities or related interdisciplinary fields such as public health or ethnic and gender studies, clinical and/or population health research, service learning, lived experience or a combination of thereof. Determination of competency will be evaluated through the secondary application and/or interview.",,,,,,,Lab and other checkbox-style fields may be symbol-rendered in the PDF and should be reviewed before use.
aamc_msar_premed_course_requirements,AAMC MSAR Advisor Reports,https://students-residents.aamc.org/medical-school-admission-requirements/medical-school-admission-requirements-reports-applicants-and-advisors,data/raw/aamc/msar_reports/12_msar002-msar-premed-course-requirements.pdf,496,11772,485.942,WA,Washington State University Elson S. Floyd College of Medicine,Washington State University Elson S. Floyd College of Medicine,Chemistry,CHEM,Required,Organic chemistry with lab,4,,,,,,Lab and other checkbox-style fields may be symbol-rendered in the PDF and should be reviewed before use.
aamc_msar_premed_course_requirements,AAMC MSAR Advisor Reports,https://students-residents.aamc.org/medical-school-admission-requirements/medical-school-admission-requirements-reports-applicants-and-advisors,data/raw/aamc/msar_reports/12_msar002-msar-premed-course-requirements.pdf,497,11874,463.661,WI,Medical College of Wisconsin,Medical College of Wisconsin,Biology,BIOL,Required,"3-4 credits (1 semester) Advanced Biology (200+ level). Courses such as Anatomy & Physiology, Immunology, Microbiology or Neurobiology will satisfy this requirement.",4,,,,,,Lab and other checkbox-style fields may be symbol-rendered in the PDF and should be reviewed before use.
aamc_msar_premed_course_requirements,AAMC MSAR Advisor Reports,https://students-residents.aamc.org/medical-school-admission-requirements/medical-school-admission-requirements-reports-applicants-and-advisors,data/raw/aamc/msar_reports/12_msar002-msar-premed-course-requirements.pdf,498,11874,301.661,WI,Medical College of Wisconsin,Medical College of Wisconsin,Composition & Rhetoric,ENGL,Required,3-4 credits (1 semester) English. May use a writing-intensive course to satisfy this requirement.,4,,,,,,Lab and other checkbox-style fields may be symbol-rendered in the PDF and should be reviewed before use.
aamc_msar_premed_course_requirements,AAMC MSAR Advisor Reports,https://students-residents.aamc.org/medical-school-admission-requirements/medical-school-admission-requirements-reports-applicants-and-advisors,data/raw/aamc/msar_reports/12_msar002-msar-premed-course-requirements.pdf,499,11874,148.660,WI,Medical College of Wisconsin,Medical College of Wisconsin,Mathematics,MATH,Required,3-4 credits (1 semester) Math. Statistics is recommended.,4,,,,,,Lab and other checkbox-style fields may be symbol-rendered in the PDF and should be reviewed before use.
aamc_msar_premed_course_requirements,AAMC MSAR Advisor Reports,https://students-residents.aamc.org/medical-school-admission-requirements/medical-school-admission-requirements-reports-applicants-and-advisors,data/raw/aamc/msar_reports/12_msar002-msar-premed-course-requirements.pdf,500,11906,342.661,WI,Medical College of Wisconsin,Medical College of Wisconsin,Physics,PHYS,Required,6-8 credits (2 semesters) Physics. Typically Physics I and Physics II will fulfill this requirement.,8,,,,,,Lab and other checkbox-style fields may be symbol-rendered in the PDF and should be reviewed before use.
aamc_msar_premed_course_requirements,AAMC MSAR Advisor Reports,https://students-residents.aamc.org/medical-school-admission-requirements/medical-school-admission-requirements-reports-applicants-and-advisors,data/raw/aamc/msar_reports/12_msar002-msar-premed-course-requirements.pdf,501,11906,189.660,WI,Medical College of Wisconsin,Medical College of Wisconsin,Psychology,BESS,Required,3-4 credits (1 semester) Psychology or Sociology.,4,,,,,,Lab and other checkbox-style fields may be symbol-rendered in the PDF and should be reviewed before use.
aamc_msar_premed_course_requirements,AAMC MSAR Advisor Reports,https://students-residents.aamc.org/medical-school-admission-requirements/medical-school-admission-requirements-reports-applicants-and-advisors,data/raw/aamc/msar_reports/12_msar002-msar-premed-course-requirements.pdf,502,11928,481.661,WI,Medical College of Wisconsin,Medical College of Wisconsin,Sociology,BESS,Required,3-4 credits (1 semester) Psychology OR Sociology,4,,,,,,Lab and other checkbox-style fields may be symbol-rendered in the PDF and should be reviewed before use.
aamc_msar_premed_course_requirements,AAMC MSAR Advisor Reports,https://students-residents.aamc.org/medical-school-admission-requirements/medical-school-admission-requirements-reports-applicants-and-advisors,data/raw/aamc/msar_reports/12_msar002-msar-premed-course-requirements.pdf,503,11928,332.941,WI,University of Wisconsin School of Medicine and Public Health,University of Wisconsin School of Medicine and Public Health,Biochemistry,CHEM,Required,,3,,,,,,Lab and other checkbox-style fields may be symbol-rendered in the PDF and should be reviewed before use.
aamc_msar_premed_course_requirements,AAMC MSAR Advisor Reports,https://students-residents.aamc.org/medical-school-admission-requirements/medical-school-admission-requirements-reports-applicants-and-advisors,data/raw/aamc/msar_reports/12_msar002-msar-premed-course-requirements.pdf,504,11950,485.942,WI,University of Wisconsin School of Medicine and Public Health,University of Wisconsin School of Medicine and Public Health,Biology,BIOL,Required,,8,,,,,,Lab and other checkbox-style fields may be symbol-rendered in the PDF and should be reviewed before use.
aamc_msar_premed_course_requirements,AAMC MSAR Advisor Reports,https://students-residents.aamc.org/medical-school-admission-requirements/medical-school-admission-requirements-reports-applicants-and-advisors,data/raw/aamc/msar_reports/12_msar002-msar-premed-course-requirements.pdf,505,11950,301.221,WI,University of Wisconsin School of Medicine and Public Health,University of Wisconsin School of Medicine and Public Health,Chemistry,CHEM,Required,,8,,,,,,Lab and other checkbox-style fields may be symbol-rendered in the PDF and should be reviewed before use.
aamc_msar_premed_course_requirements,AAMC MSAR Advisor Reports,https://students-residents.aamc.org/medical-school-admission-requirements/medical-school-admission-requirements-reports-applicants-and-advisors,data/raw/aamc/msar_reports/12_msar002-msar-premed-course-requirements.pdf,506,11950,116.501,WI,University of Wisconsin School of Medicine and Public Health,University of Wisconsin School of Medicine and Public Health,Organic Chemistry,CHEM,Required,,3,,,,,,Lab and other checkbox-style fields may be symbol-rendered in the PDF and should be reviewed before use.
aamc_msar_premed_course_requirements,AAMC MSAR Advisor Reports,https://students-residents.aamc.org/medical-school-admission-requirements/medical-school-admission-requirements-reports-applicants-and-advisors,data/raw/aamc/msar_reports/12_msar002-msar-premed-course-requirements.pdf,507,11982,328.952,WI,University of Wisconsin School of Medicine and Public Health,University of Wisconsin School of Medicine and Public Health,Physics,PHYS,Required,,8,,,,,,Lab and other checkbox-style fields may be symbol-rendered in the PDF and should be reviewed before use.
aamc_msar_premed_course_requirements,AAMC MSAR Advisor Reports,https://students-residents.aamc.org/medical-school-admission-requirements/medical-school-admission-requirements-reports-applicants-and-advisors,data/raw/aamc/msar_reports/12_msar002-msar-premed-course-requirements.pdf,508,11982,135.232,WI,University of Wisconsin School of Medicine and Public Health,University of Wisconsin School of Medicine and Public Health,Statistics,MATH,Required,,3,,,,,,Lab and other checkbox-style fields may be symbol-rendered in the PDF and should be reviewed before use.
aamc_msar_premed_course_requirements,AAMC MSAR Advisor Reports,https://students-residents.aamc.org/medical-school-admission-requirements/medical-school-admission-requirements-reports-applicants-and-advisors,data/raw/aamc/msar_reports/12_msar002-msar-premed-course-requirements.pdf,509,12004,315.661,WV,Marshall University Joan C. Edwards School of Medicine,Marshall University Joan C. Edwards School of Medicine,Anatomy,BIOL,Recommended,HIGHLY RECOMMENDED 300 level or above,3,,,,,,Lab and other checkbox-style fields may be symbol-rendered in the PDF and should be reviewed before use.
aamc_msar_premed_course_requirements,AAMC MSAR Advisor Reports,https://students-residents.aamc.org/medical-school-admission-requirements/medical-school-admission-requirements-reports-applicants-and-advisors,data/raw/aamc/msar_reports/12_msar002-msar-premed-course-requirements.pdf,510,12126,485.942,WV,West Virginia University School of Medicine,West Virginia University School of Medicine,Biochemistry,CHEM,Recommended,,,,,,,,Lab and other checkbox-style fields may be symbol-rendered in the PDF and should be reviewed before use.
aamc_msar_premed_course_requirements,AAMC MSAR Advisor Reports,https://students-residents.aamc.org/medical-school-admission-requirements/medical-school-admission-requirements-reports-applicants-and-advisors,data/raw/aamc/msar_reports/12_msar002-msar-premed-course-requirements.pdf,511,12248,485.942,BC,University of British Columbia Faculty of Medicine,University of British Columbia Faculty of Medicine,Anatomy,BIOL,Recommended,,,,,,,,Lab and other checkbox-style fields may be symbol-rendered in the PDF and should be reviewed before use.
aamc_msar_premed_course_requirements,AAMC MSAR Advisor Reports,https://students-residents.aamc.org/medical-school-admission-requirements/medical-school-admission-requirements-reports-applicants-and-advisors,data/raw/aamc/msar_reports/12_msar002-msar-premed-course-requirements.pdf,512,12248,342.621,BC,University of British Columbia Faculty of Medicine,University of British Columbia Faculty of Medicine,Microbiology,BIOL,Recommended,,,,,,,,Lab and other checkbox-style fields may be symbol-rendered in the PDF and should be reviewed before use.
aamc_msar_premed_course_requirements,AAMC MSAR Advisor Reports,https://students-residents.aamc.org/medical-school-admission-requirements/medical-school-admission-requirements-reports-applicants-and-advisors,data/raw/aamc/msar_reports/12_msar002-msar-premed-course-requirements.pdf,513,12370,391.661,MB,"Max Rady College of Medicine, Rady Faculty of Health Sciences, University of Manitoba","Max Rady College of Medicine, Rady Faculty of Health Sciences, University of Manitoba",Biology,BIOL,Recommended,"Per the AAMC website, all of the content on the MCAT exam is covered in introductory courses at most colleges and universities, including introductory biology, general chemistry, organic chemistry, physics, and first-semester psychology, sociology, and biochemistry. Research methods and statistics concepts on the exam are used in introductory science labs as well as introductory psychology and sociology courses. Please see https://students- residents.aamc.org/mcat-faq/mcat-faqs for more information.",,,,,,,Lab and other checkbox-style fields may be symbol-rendered in the PDF and should be reviewed before use.
aamc_msar_premed_course_requirements,AAMC MSAR Advisor Reports,https://students-residents.aamc.org/medical-school-admission-requirements/medical-school-admission-requirements-reports-applicants-and-advisors,data/raw/aamc/msar_reports/12_msar002-msar-premed-course-requirements.pdf,514,12412,391.661,MB,"Max Rady College of Medicine, Rady Faculty of Health Sciences, University of Manitoba","Max Rady College of Medicine, Rady Faculty of Health Sciences, University of Manitoba",Psychology,BESS,Recommended,"Per the AAMC website, all of the content on the MCAT exam is covered in introductory courses at most colleges and universities, including introductory biology, general chemistry, organic chemistry, physics, and first-semester psychology, sociology, and biochemistry. Research methods and statistics concepts on the exam are used in introductory science labs as well as introductory psychology and sociology courses. Please see https://students- residents.aamc.org/mcat-faq/mcat-faqs for more information.",,,,,,,Lab and other checkbox-style fields may be symbol-rendered in the PDF and should be reviewed before use.
aamc_msar_premed_course_requirements,AAMC MSAR Advisor Reports,https://students-residents.aamc.org/medical-school-admission-requirements/medical-school-admission-requirements-reports-applicants-and-advisors,data/raw/aamc/msar_reports/12_msar002-msar-premed-course-requirements.pdf,515,12454,481.672,ON,University of Ottawa Faculty of Medicine,University of Ottawa Faculty of Medicine,Chemistry,CHEM,Required,General Chemistry (3 credits) + Organic Chemistry (3 credits),8,,,,,,Lab and other checkbox-style fields may be symbol-rendered in the PDF and should be reviewed before use.
aamc_msar_premed_course_requirements,AAMC MSAR Advisor Reports,https://students-residents.aamc.org/medical-school-admission-requirements/medical-school-admission-requirements-reports-applicants-and-advisors,data/raw/aamc/msar_reports/12_msar002-msar-premed-course-requirements.pdf,516,12454,359.952,ON,University of Ottawa Faculty of Medicine,University of Ottawa Faculty of Medicine,Statistics,MATH,Required,Statistics,3,,,,,,Lab and other checkbox-style fields may be symbol-rendered in the PDF and should be reviewed before use.
aamc_msar_premed_course_requirements,AAMC MSAR Advisor Reports,https://students-residents.aamc.org/medical-school-admission-requirements/medical-school-admission-requirements-reports-applicants-and-advisors,data/raw/aamc/msar_reports/12_msar002-msar-premed-course-requirements.pdf,517,12506,485.942,ON,University of Toronto Temerty Faculty of Medicine,University of Toronto Temerty Faculty of Medicine,Botany,BIOL,Recommended,,,,,,,,Lab and other checkbox-style fields may be symbol-rendered in the PDF and should be reviewed before use.
aamc_msar_premed_course_requirements,AAMC MSAR Advisor Reports,https://students-residents.aamc.org/medical-school-admission-requirements/medical-school-admission-requirements-reports-applicants-and-advisors,data/raw/aamc/msar_reports/12_msar002-msar-premed-course-requirements.pdf,518,12506,400.221,ON,University of Toronto Temerty Faculty of Medicine,University of Toronto Temerty Faculty of Medicine,Cell Biology,BIOL,Recommended,,,,,,,,Lab and other checkbox-style fields may be symbol-rendered in the PDF and should be reviewed before use.
aamc_msar_premed_course_requirements,AAMC MSAR Advisor Reports,https://students-residents.aamc.org/medical-school-admission-requirements/medical-school-admission-requirements-reports-applicants-and-advisors,data/raw/aamc/msar_reports/12_msar002-msar-premed-course-requirements.pdf,519,12506,314.501,ON,University of Toronto Temerty Faculty of Medicine,University of Toronto Temerty Faculty of Medicine,Economics,BESS,Recommended,,,,,,,,Lab and other checkbox-style fields may be symbol-rendered in the PDF and should be reviewed before use.
aamc_msar_premed_course_requirements,AAMC MSAR Advisor Reports,https://students-residents.aamc.org/medical-school-admission-requirements/medical-school-admission-requirements-reports-applicants-and-advisors,data/raw/aamc/msar_reports/12_msar002-msar-premed-course-requirements.pdf,520,12506,228.781,ON,University of Toronto Temerty Faculty of Medicine,University of Toronto Temerty Faculty of Medicine,Immunology,BIOL,Recommended,,,,,,,,Lab and other checkbox-style fields may be symbol-rendered in the PDF and should be reviewed before use.
aamc_msar_premed_course_requirements,AAMC MSAR Advisor Reports,https://students-residents.aamc.org/medical-school-admission-requirements/medical-school-admission-requirements-reports-applicants-and-advisors,data/raw/aamc/msar_reports/12_msar002-msar-premed-course-requirements.pdf,521,12506,143.060,ON,University of Toronto Temerty Faculty of Medicine,University of Toronto Temerty Faculty of Medicine,Literature,ENGL,Recommended,,,,,,,,Lab and other checkbox-style fields may be symbol-rendered in the PDF and should be reviewed before use.
aamc_msar_premed_course_requirements,AAMC MSAR Advisor Reports,https://students-residents.aamc.org/medical-school-admission-requirements/medical-school-admission-requirements-reports-applicants-and-advisors,data/raw/aamc/msar_reports/12_msar002-msar-premed-course-requirements.pdf,522,12506,57.340,ON,University of Toronto Temerty Faculty of Medicine,University of Toronto Temerty Faculty of Medicine,Microbiology,BIOL,Recommended,,,,,,,,Lab and other checkbox-style fields may be symbol-rendered in the PDF and should be reviewed before use.
aamc_msar_premed_course_requirements,AAMC MSAR Advisor Reports,https://students-residents.aamc.org/medical-school-admission-requirements/medical-school-admission-requirements-reports-applicants-and-advisors,data/raw/aamc/msar_reports/12_msar002-msar-premed-course-requirements.pdf,523,12568,418.941,ON,University of Toronto Temerty Faculty of Medicine,University of Toronto Temerty Faculty of Medicine,Molecular Biology,BIOL,Recommended,,,,,,,,Lab and other checkbox-style fields may be symbol-rendered in the PDF and should be reviewed before use.
aamc_msar_premed_course_requirements,AAMC MSAR Advisor Reports,https://students-residents.aamc.org/medical-school-admission-requirements/medical-school-admission-requirements-reports-applicants-and-advisors,data/raw/aamc/msar_reports/12_msar002-msar-premed-course-requirements.pdf,524,12568,333.221,ON,University of Toronto Temerty Faculty of Medicine,University of Toronto Temerty Faculty of Medicine,Physiology,BIOL,Recommended,,,,,,,,Lab and other checkbox-style fields may be symbol-rendered in the PDF and should be reviewed before use.
aamc_msar_premed_course_requirements,AAMC MSAR Advisor Reports,https://students-residents.aamc.org/medical-school-admission-requirements/medical-school-admission-requirements-reports-applicants-and-advisors,data/raw/aamc/msar_reports/12_msar002-msar-premed-course-requirements.pdf,525,12568,247.501,ON,University of Toronto Temerty Faculty of Medicine,University of Toronto Temerty Faculty of Medicine,Sociology,BESS,Recommended,,,,,,,,Lab and other checkbox-style fields may be symbol-rendered in the PDF and should be reviewed before use.
aamc_msar_premed_course_requirements,AAMC MSAR Advisor Reports,https://students-residents.aamc.org/medical-school-admission-requirements/medical-school-admission-requirements-reports-applicants-and-advisors,data/raw/aamc/msar_reports/12_msar002-msar-premed-course-requirements.pdf,526,12568,161.780,QC,Universite de Montreal Faculty of Medicine,Universite de Montreal Faculty of Medicine,Biochemistry,CHEM,Required,,,,,,,,Lab and other checkbox-style fields may be symbol-rendered in the PDF and should be reviewed before use.
