source_key,source_name,source_url,value_url,source_row_number,school_name_raw,school_name_clean,metric_context,gpa,mcat,notes
prospectivedoctor,ProspectiveDoctor,https://www.prospectivedoctor.com/gpa-and-mcat/,http://www.uab.edu/medicine/home/future-students/admissions,3,University of Alabama School of Medicine,University of Alabama School of Medicine,published school average GPA and MCAT,3.86,510,
prospectivedoctor,ProspectiveDoctor,https://www.prospectivedoctor.com/gpa-and-mcat/,http://www.usahealthsystem.com/doctor-of-medicine,4,University of South Alabama College of Medicine,University of South Alabama College of Medicine,published school average GPA and MCAT,3.91,511,
prospectivedoctor,ProspectiveDoctor,https://www.prospectivedoctor.com/gpa-and-mcat/,http://medicine.arizona.edu/admissions,6,University of Arizona College of Medicine - Tucson,University of Arizona College of Medicine - Tucson,published school average GPA and MCAT,3.79,510,
prospectivedoctor,ProspectiveDoctor,https://www.prospectivedoctor.com/gpa-and-mcat/,http://phoenixmed.arizona.edu/admissions,7,University of Arizona College of Medicine-Phoenix,University of Arizona College of Medicine-Phoenix,published school average GPA and MCAT,3.81,515,
prospectivedoctor,ProspectiveDoctor,https://www.prospectivedoctor.com/gpa-and-mcat/,http://medicine.uams.edu/for-medical-school-applicants/,9,University of Arkansas for Medical Sciences College of Medicine,University of Arkansas for Medical Sciences College of Medicine,published school average GPA and MCAT,3.85,508,
prospectivedoctor,ProspectiveDoctor,https://www.prospectivedoctor.com/gpa-and-mcat/,http://medicine.cnsu.edu/students-com/admissions,11,California Northstate University College of Medicine,California Northstate University College of Medicine,published school average GPA and MCAT,3.72,513,
prospectivedoctor,ProspectiveDoctor,https://www.prospectivedoctor.com/gpa-and-mcat/,http://www.cdrewu.edu/com/CDU_UCLAMedicalStudentProgram/UndergraduateMedicalEducationPrograms,12,Drew/UCLA Joint Medical Program Drew University of Medicine and Science,Drew/UCLA Joint Medical Program Drew University of Medicine and Science,published school average GPA and MCAT,3,498,
prospectivedoctor,ProspectiveDoctor,https://www.prospectivedoctor.com/gpa-and-mcat/,http://medicine.llu.edu/admissions,13,Loma Linda University School of Medicine,Loma Linda University School of Medicine,published school average GPA and MCAT,3.86,510,
prospectivedoctor,ProspectiveDoctor,https://www.prospectivedoctor.com/gpa-and-mcat/,http://www.ucdmc.ucdavis.edu/mdprogram/admissions/index.html,14,University of California - Davis School of Medicine,University of California - Davis School of Medicine,published school average GPA and MCAT,3.69,512,
prospectivedoctor,ProspectiveDoctor,https://www.prospectivedoctor.com/gpa-and-mcat/,http://med.stanford.edu/md-admissions.html,15,Stanford University School of Medicine,Stanford University School of Medicine,published school average GPA and MCAT,3.89,519,
prospectivedoctor,ProspectiveDoctor,https://www.prospectivedoctor.com/gpa-and-mcat/,http://www.meded.uci.edu/admissions/index.asp,16,University of California - Irvine School of Medicine,University of California - Irvine School of Medicine,published school average GPA and MCAT,3.85,516,
prospectivedoctor,ProspectiveDoctor,https://www.prospectivedoctor.com/gpa-and-mcat/,http://medschool.ucla.edu/apply-admissions,17,University of California-Los Angeles David Geffen School of Medicine,University of California-Los Angeles David Geffen School of Medicine,published school average GPA and MCAT,3.84,516,
prospectivedoctor,ProspectiveDoctor,https://www.prospectivedoctor.com/gpa-and-mcat/,http://medschool.ucr.edu/admissions/,18,University of California - Riverside School of Medicine,University of California - Riverside School of Medicine,published school average GPA and MCAT,3.59,508,
prospectivedoctor,ProspectiveDoctor,https://www.prospectivedoctor.com/gpa-and-mcat/,http://meded.ucsd.edu/asa/admissions/,19,University of California - San Diego School of Medicine,University of California - San Diego School of Medicine,published school average GPA and MCAT,3.83,517,
prospectivedoctor,ProspectiveDoctor,https://www.prospectivedoctor.com/gpa-and-mcat/,http://meded.ucsf.edu/admissions,20,University of California - San Francisco School of Medicine,University of California - San Francisco School of Medicine,published school average GPA and MCAT,3.86,518,
prospectivedoctor,ProspectiveDoctor,https://www.prospectivedoctor.com/gpa-and-mcat/,http://keck.usc.edu/education/md-program/admissions/,21,University of Southern California Keck School of Medicine,University of Southern California Keck School of Medicine,published school average GPA and MCAT,3.76,517,
prospectivedoctor,ProspectiveDoctor,https://www.prospectivedoctor.com/gpa-and-mcat/,http://www.ucdenver.edu/academics/colleges/medicalschool/education/Admissions/Pages/admissions.aspx,24,University of Colorado School of Medicine,University of Colorado School of Medicine,published school average GPA and MCAT,3.83,514,
prospectivedoctor,ProspectiveDoctor,https://www.prospectivedoctor.com/gpa-and-mcat/,https://www.qu.edu/schools/medicine/admissions.html,26,Quinnipiac University Frank H. Netter MD School of Medicine,Quinnipiac University Frank H. Netter MD School of Medicine,published school average GPA and MCAT,3.68,512,
prospectivedoctor,ProspectiveDoctor,https://www.prospectivedoctor.com/gpa-and-mcat/,http://medicine.uconn.edu/admissions/applying-to-the-md-or-md-mba-programs/,27,University of Connecticut School of Medicine,University of Connecticut School of Medicine,published school average GPA and MCAT,3.82,513,
prospectivedoctor,ProspectiveDoctor,https://www.prospectivedoctor.com/gpa-and-mcat/,http://medicine.yale.edu/education/admissions/,28,Yale School of Medicine,Yale School of Medicine,published school average GPA and MCAT,3.93,521,
prospectivedoctor,ProspectiveDoctor,https://www.prospectivedoctor.com/gpa-and-mcat/,http://smhs.gwu.edu/academics/md-program/admissions,30,George Washington University School of Medicine and Health Sciences,George Washington University School of Medicine and Health Sciences,published school average GPA and MCAT,3.78,513,
prospectivedoctor,ProspectiveDoctor,https://www.prospectivedoctor.com/gpa-and-mcat/,https://som.georgetown.edu/prospectivestudents/degrees/md,31,Georgetown University School of Medicine,Georgetown University School of Medicine,published school average GPA and MCAT,3.79,513,
prospectivedoctor,ProspectiveDoctor,https://www.prospectivedoctor.com/gpa-and-mcat/,https://medicine.howard.edu/admissions,32,Howard University College of Medicine,Howard University College of Medicine,published school average GPA and MCAT,3.42,505,
prospectivedoctor,ProspectiveDoctor,https://www.prospectivedoctor.com/gpa-and-mcat/,http://med.fau.edu/admissions/md/index.php,34,Florida Atlantic University Charles E. Schmidt College of Medicine,Florida Atlantic University Charles E. Schmidt College of Medicine,published school average GPA and MCAT,3.8,513,
prospectivedoctor,ProspectiveDoctor,https://www.prospectivedoctor.com/gpa-and-mcat/,https://medicine.fiu.edu/academics/degrees-and-programs/doctor-of-medicine/admissions/index.html,35,Florida International University Herbert Wertheim College of Medicine,Florida International University Herbert Wertheim College of Medicine,published school average GPA and MCAT,3.79,511,
prospectivedoctor,ProspectiveDoctor,https://www.prospectivedoctor.com/gpa-and-mcat/,http://med.fsu.edu/index.cfm?page=mdAdmissions.home&usemenu=prospectiveStudents,36,Florida State University College of Medicine,Florida State University College of Medicine,published school average GPA and MCAT,3.76,508,
prospectivedoctor,ProspectiveDoctor,https://www.prospectivedoctor.com/gpa-and-mcat/,https://med.ucf.edu/admissions/,37,University of Central Florida College of Medicine,University of Central Florida College of Medicine,published school average GPA and MCAT,3.88,514,
prospectivedoctor,ProspectiveDoctor,https://www.prospectivedoctor.com/gpa-and-mcat/,http://admissions.med.ufl.edu/,38,University of Florida College of Medicine,University of Florida College of Medicine,published school average GPA and MCAT,3.9,515,
prospectivedoctor,ProspectiveDoctor,https://www.prospectivedoctor.com/gpa-and-mcat/,http://admissions.med.miami.edu/md-programs/general-md/,39,University of Miami Miller School of Medicine,University of Miami Miller School of Medicine,published school average GPA and MCAT,3.78,514,
prospectivedoctor,ProspectiveDoctor,https://www.prospectivedoctor.com/gpa-and-mcat/,http://health.usf.edu/medicine/mdprogram/mdadmissions/,40,University of South Florida Health Morsani College of Medicine,University of South Florida Health Morsani College of Medicine,published school average GPA and MCAT,3.78,517,
prospectivedoctor,ProspectiveDoctor,https://www.prospectivedoctor.com/gpa-and-mcat/,http://med.emory.edu/education/admissions/md/index.html,42,Emory University School of Medicine,Emory University School of Medicine,published school average GPA and MCAT,3.8,517,
prospectivedoctor,ProspectiveDoctor,https://www.prospectivedoctor.com/gpa-and-mcat/,http://www.augusta.edu/mcg/admissions/,43,Medical College of Georgia at Augusta University,Medical College of Georgia at Augusta University,published school average GPA and MCAT,3.82,513,
prospectivedoctor,ProspectiveDoctor,https://www.prospectivedoctor.com/gpa-and-mcat/,http://medicine.mercer.edu/admissions/md/,44,Mercer University School of Medicine,Mercer University School of Medicine,published school average GPA and MCAT,3.73,504,
prospectivedoctor,ProspectiveDoctor,https://www.prospectivedoctor.com/gpa-and-mcat/,http://www.msm.edu/Admissions/doctorofmedicine.php,45,Morehouse School of Medicine,Morehouse School of Medicine,published school average GPA and MCAT,3.63,504,
prospectivedoctor,ProspectiveDoctor,https://www.prospectivedoctor.com/gpa-and-mcat/,http://jabsom.hawaii.edu/ed-programs/md-program/admissions-program/,47,University of Hawaii John A. Burns School of Medicine,University of Hawaii John A. Burns School of Medicine,published school average GPA and MCAT,3.84,513,
prospectivedoctor,ProspectiveDoctor,https://www.prospectivedoctor.com/gpa-and-mcat/,https://www.rosalindfranklin.edu/academics/chicago-medical-school/degree-program/how-to-apply/,50,Chicago Medical School at Rosalind Franklin University of Medicine & Science,Chicago Medical School at Rosalind Franklin University of Medicine & Science,published school average GPA and MCAT,,513,parsed GPA outside expected range; excluded invalid GPA from comparison math: 374
prospectivedoctor,ProspectiveDoctor,https://www.prospectivedoctor.com/gpa-and-mcat/,http://ssom.luc.edu/admission/,51,Loyola University of Chicago Stritch School of Medicine,Loyola University of Chicago Stritch School of Medicine,published school average GPA and MCAT,3.76,512,
prospectivedoctor,ProspectiveDoctor,https://www.prospectivedoctor.com/gpa-and-mcat/,http://www.feinberg.northwestern.edu/admissions/index.html,52,Northwestern University The Feinberg School of Medicine,Northwestern University The Feinberg School of Medicine,published school average GPA and MCAT,3.91,520,
prospectivedoctor,ProspectiveDoctor,https://www.prospectivedoctor.com/gpa-and-mcat/,https://www.rushu.rush.edu/rush-medical-college/doctor-medicine-md-program,53,Rush Medical College of Rush University,Rush Medical College of Rush University,published school average GPA and MCAT,3.67,511,
prospectivedoctor,ProspectiveDoctor,https://www.prospectivedoctor.com/gpa-and-mcat/,http://www.siumed.edu/studentaffairs/admissions/home.html,54,Southern Illinois University School of Medicine,Southern Illinois University School of Medicine,published school average GPA and MCAT,3.81,506,
prospectivedoctor,ProspectiveDoctor,https://www.prospectivedoctor.com/gpa-and-mcat/,http://pritzker.uchicago.edu/page/admissions,55,University of Chicago Pritzker School of Medicine,University of Chicago Pritzker School of Medicine,published school average GPA and MCAT,3.93,521,
prospectivedoctor,ProspectiveDoctor,https://www.prospectivedoctor.com/gpa-and-mcat/,http://www.medicine.uic.edu/education/m_d_admissions,56,University of Illinois College of Medicine,University of Illinois College of Medicine,published school average GPA and MCAT,3.76,513,
prospectivedoctor,ProspectiveDoctor,https://www.prospectivedoctor.com/gpa-and-mcat/,https://medicine.iu.edu/education/md/admissions/,58,Indiana University School of Medicine,Indiana University School of Medicine,published school average GPA and MCAT,3.76,513,
prospectivedoctor,ProspectiveDoctor,https://www.prospectivedoctor.com/gpa-and-mcat/,https://medicine.uiowa.edu/md/admission-medical-school-md,60,University of Iowa Carver College of Medicine,University of Iowa Carver College of Medicine,published school average GPA and MCAT,3.85,512,
prospectivedoctor,ProspectiveDoctor,https://www.prospectivedoctor.com/gpa-and-mcat/,http://www.kumc.edu/school-of-medicine/education/admissions.html,62,University of Kansas School of Medicine,University of Kansas School of Medicine,published school average GPA and MCAT,3.88,512,
prospectivedoctor,ProspectiveDoctor,https://www.prospectivedoctor.com/gpa-and-mcat/,http://meded.med.uky.edu/medical-school-admissions,64,University of Kentucky College of Medicine,University of Kentucky College of Medicine,published school average GPA and MCAT,3.81,508,
prospectivedoctor,ProspectiveDoctor,https://www.prospectivedoctor.com/gpa-and-mcat/,http://louisville.edu/medicine/admissions,65,University of Louisville School of Medicine,University of Louisville School of Medicine,published school average GPA and MCAT,3.77,509,
prospectivedoctor,ProspectiveDoctor,https://www.prospectivedoctor.com/gpa-and-mcat/,http://www.medschool.lsuhsc.edu/admissions/,67,Louisiana State University-New Orleans School of Medicine,Louisiana State University-New Orleans School of Medicine,published school average GPA and MCAT,3.82,509,
prospectivedoctor,ProspectiveDoctor,https://www.prospectivedoctor.com/gpa-and-mcat/,https://www.lsuhs.edu/our-schools/school-of-medicine,68,Louisiana State University-Shreveport School of Medicine,Louisiana State University-Shreveport School of Medicine,published school average GPA and MCAT,3.77,506,
prospectivedoctor,ProspectiveDoctor,https://www.prospectivedoctor.com/gpa-and-mcat/,http://www2.tulane.edu/som/admissions/index.cfm,69,Tulane University School of Medicine,Tulane University School of Medicine,published school average GPA and MCAT,3.63,511,
prospectivedoctor,ProspectiveDoctor,https://www.prospectivedoctor.com/gpa-and-mcat/,http://www.hopkinsmedicine.org/som/admissions/md/,71,Johns Hopkins University School of Medicine,Johns Hopkins University School of Medicine,published school average GPA and MCAT,3.95,521,
prospectivedoctor,ProspectiveDoctor,https://www.prospectivedoctor.com/gpa-and-mcat/,https://medschool.usuhs.edu/admissions/application-requirements,72,Uniformed Services University of the Health Sciences F. Edward Hebert School of Medicine,Uniformed Services University of the Health Sciences F. Edward Hebert School of Medicine,published school average GPA and MCAT,3.76,510,
prospectivedoctor,ProspectiveDoctor,https://www.prospectivedoctor.com/gpa-and-mcat/,http://www.medschool.umaryland.edu/admissions/MD-Application/,73,University of Maryland School of Medicine,University of Maryland School of Medicine,published school average GPA and MCAT,3.83,514,
prospectivedoctor,ProspectiveDoctor,https://www.prospectivedoctor.com/gpa-and-mcat/,http://www.bumc.bu.edu/busm/admissions/degree-programs/md-program/,75,Boston University School of Medicine,Boston University School of Medicine,published school average GPA and MCAT,3.86,518,
prospectivedoctor,ProspectiveDoctor,https://www.prospectivedoctor.com/gpa-and-mcat/,https://hms.harvard.edu/departments/admissions,76,Harvard Medical School,Harvard Medical School,published school average GPA and MCAT,3.94,520,
prospectivedoctor,ProspectiveDoctor,https://www.prospectivedoctor.com/gpa-and-mcat/,http://medicine.tufts.edu/Admissions.aspx,77,Tufts University School of Medicine,Tufts University School of Medicine,published school average GPA and MCAT,3.78,515,
prospectivedoctor,ProspectiveDoctor,https://www.prospectivedoctor.com/gpa-and-mcat/,http://www.umassmed.edu/som/admissions/degree-programs/md-program/,78,University of Massachusetts Medical School,University of Massachusetts Medical School,published school average GPA and MCAT,3.82,516,
prospectivedoctor,ProspectiveDoctor,https://www.prospectivedoctor.com/gpa-and-mcat/,https://www.cmich.edu/academics/colleges/college-of-medicine,81,Central Michigan University College of Medicine,Central Michigan University College of Medicine,published school average GPA and MCAT,3.69,508,
prospectivedoctor,ProspectiveDoctor,https://www.prospectivedoctor.com/gpa-and-mcat/,http://mdadmissions.msu.edu/ApplicationProcess/future/default2.htm,82,Michigan State University College of Human Medicine,Michigan State University College of Human Medicine,published school average GPA and MCAT,3.76,509,
prospectivedoctor,ProspectiveDoctor,https://www.prospectivedoctor.com/gpa-and-mcat/,https://wwwp.oakland.edu/medicine/admissions/about/,83,Oakland University William Beaumont School of Medicine,Oakland University William Beaumont School of Medicine,published school average GPA and MCAT,3.85,510,
prospectivedoctor,ProspectiveDoctor,https://www.prospectivedoctor.com/gpa-and-mcat/,https://www.cmich.edu/academics/colleges/college-of-medicine,84,University of Michigan Medical School,University of Michigan Medical School,published school average GPA and MCAT,3.87,518,
prospectivedoctor,ProspectiveDoctor,https://www.prospectivedoctor.com/gpa-and-mcat/,http://admissions.med.wayne.edu/,85,Wayne State University School of Medicine,Wayne State University School of Medicine,published school average GPA and MCAT,3.86,513,
prospectivedoctor,ProspectiveDoctor,https://www.prospectivedoctor.com/gpa-and-mcat/,http://med.wmich.edu/admissions,86,Western Michigan University School of Medicine,Western Michigan University School of Medicine,published school average GPA and MCAT,3.79,516,
prospectivedoctor,ProspectiveDoctor,https://www.prospectivedoctor.com/gpa-and-mcat/,http://www.mayo.edu/mayo-clinic-school-of-medicine/programs/md/admissions-and-application-process,88,Mayo Medical School,Mayo Medical School,published school average GPA and MCAT,3.94,520,
prospectivedoctor,ProspectiveDoctor,https://www.prospectivedoctor.com/gpa-and-mcat/,https://www.med.umn.edu/admissions,89,University of Minnesota Medical School - Twin Cities,University of Minnesota Medical School - Twin Cities,published school average GPA and MCAT,3.81,513,
prospectivedoctor,ProspectiveDoctor,https://www.prospectivedoctor.com/gpa-and-mcat/,https://www.med.umn.edu/admissions,90,University of Minnesota Medical School - Duluth,University of Minnesota Medical School - Duluth,published school average GPA and MCAT,3.65,503,
prospectivedoctor,ProspectiveDoctor,https://www.prospectivedoctor.com/gpa-and-mcat/,https://www.umc.edu/som/Departments%20and%20Offices/SOM%20Administrative%20Offices/SOM%20Admissions/SOM%20Admissions.html,92,University of Mississippi School of Medicine,University of Mississippi School of Medicine,published school average GPA and MCAT,3.86,505,
prospectivedoctor,ProspectiveDoctor,https://www.prospectivedoctor.com/gpa-and-mcat/,http://medicine.missouri.edu/admissions/,94,University of Missouri - Columbia School of Medicine,University of Missouri - Columbia School of Medicine,published school average GPA and MCAT,3.86,509,
prospectivedoctor,ProspectiveDoctor,https://www.prospectivedoctor.com/gpa-and-mcat/,http://www.slu.edu/medicine/admissions,95,Saint Louis University School of Medicine,Saint Louis University School of Medicine,published school average GPA and MCAT,3.91,514,
prospectivedoctor,ProspectiveDoctor,https://www.prospectivedoctor.com/gpa-and-mcat/,http://med.umkc.edu/md/apply/,96,University of Missouri - Kansas City School of Medicine,University of Missouri - Kansas City School of Medicine,published school average GPA and MCAT,3.89,509,
prospectivedoctor,ProspectiveDoctor,https://www.prospectivedoctor.com/gpa-and-mcat/,https://medicine.wustl.edu/education/admissions/#medical-education,97,Washington University School of Medicine,Washington University School of Medicine,published school average GPA and MCAT,3.94,521,
prospectivedoctor,ProspectiveDoctor,https://www.prospectivedoctor.com/gpa-and-mcat/,https://medschool.creighton.edu/program/Medicine-MD,99,Creighton University School of Medicine,Creighton University School of Medicine,published school average GPA and MCAT,3.84,513,
prospectivedoctor,ProspectiveDoctor,https://www.prospectivedoctor.com/gpa-and-mcat/,http://www.unmc.edu/com/prospective/admissions/index.html,100,University of Nebraska College of Medicine,University of Nebraska College of Medicine,published school average GPA and MCAT,3.9,513,
prospectivedoctor,ProspectiveDoctor,https://www.prospectivedoctor.com/gpa-and-mcat/,http://med.unr.edu/admissions,102,University of Nevada School of Medicine,University of Nevada School of Medicine,published school average GPA and MCAT,3.76,512,
prospectivedoctor,ProspectiveDoctor,https://www.prospectivedoctor.com/gpa-and-mcat/,http://geiselmed.dartmouth.edu/admissions/,104,Geisel School of Medicine at Dartmouth,Geisel School of Medicine at Dartmouth,published school average GPA and MCAT,3.77,516,
prospectivedoctor,ProspectiveDoctor,https://www.prospectivedoctor.com/gpa-and-mcat/,http://www.rowan.edu/coopermed/students/admissions/,106,Cooper Medical School of Rowan University,Cooper Medical School of Rowan University,published school average GPA and MCAT,3.79,512,
prospectivedoctor,ProspectiveDoctor,https://www.prospectivedoctor.com/gpa-and-mcat/,http://njms.rutgers.edu/admissions/prospective/index.cfm,107,Rutgers New Jersey Medical School,Rutgers New Jersey Medical School,published school average GPA and MCAT,3.82,515,
prospectivedoctor,ProspectiveDoctor,https://www.prospectivedoctor.com/gpa-and-mcat/,http://rwjms.rutgers.edu/education/admissions/index.html,108,Rutgers Robert Wood Johnson Medical School,Rutgers Robert Wood Johnson Medical School,published school average GPA and MCAT,3.75,514,
prospectivedoctor,ProspectiveDoctor,https://www.prospectivedoctor.com/gpa-and-mcat/,http://som.unm.edu/education/md/ume/,110,University of New Mexico School of Medicine,University of New Mexico School of Medicine,published school average GPA and MCAT,3.8,505,
prospectivedoctor,ProspectiveDoctor,https://www.prospectivedoctor.com/gpa-and-mcat/,http://www.amc.edu/Academic/Undergraduate_Admissions/index.cfm,112,Albany Medical College,Albany Medical College,published school average GPA and MCAT,3.74,511,
prospectivedoctor,ProspectiveDoctor,https://www.prospectivedoctor.com/gpa-and-mcat/,https://www.einsteinmed.edu/,113,Albert Einstein College of Medicine of Yeshiva University,Albert Einstein College of Medicine of Yeshiva University,published school average GPA and MCAT,3.81,515,
prospectivedoctor,ProspectiveDoctor,https://www.prospectivedoctor.com/gpa-and-mcat/,http://ps.columbia.edu/education/admissions,114,Columbia University College of Physicians and Surgeons,Columbia University College of Physicians and Surgeons,published school average GPA and MCAT,3.92,522,
prospectivedoctor,ProspectiveDoctor,https://www.prospectivedoctor.com/gpa-and-mcat/,http://medicine.hofstra.edu/admission/md/index.html,115,Hofstra Northwell School of Medicine,Hofstra Northwell School of Medicine,published school average GPA and MCAT,3.84,518,
prospectivedoctor,ProspectiveDoctor,https://www.prospectivedoctor.com/gpa-and-mcat/,http://icahn.mssm.edu/education/medical/admissions,116,Icahn School of Medicine at Mount Sinai,Icahn School of Medicine at Mount Sinai,published school average GPA and MCAT,3.87,519,
prospectivedoctor,ProspectiveDoctor,https://www.prospectivedoctor.com/gpa-and-mcat/,http://www.nymc.edu/future-students/admission-offices/,117,New York Medical College,New York Medical College,published school average GPA and MCAT,3.72,513,
prospectivedoctor,ProspectiveDoctor,https://www.prospectivedoctor.com/gpa-and-mcat/,http://www.med.nyu.edu/school/md-admissions,118,New York University School of Medicine,New York University School of Medicine,published school average GPA and MCAT,3.9,520,
prospectivedoctor,ProspectiveDoctor,https://www.prospectivedoctor.com/gpa-and-mcat/,https://www.downstate.edu/education-training/college-of-medicine/index.html,119,SUNY - Downstate Medical Center College of Medicine,SUNY - Downstate Medical Center College of Medicine,published school average GPA and MCAT,3.74,514,
prospectivedoctor,ProspectiveDoctor,https://www.prospectivedoctor.com/gpa-and-mcat/,http://medicine.buffalo.edu/education/md/admissions.html,120,SUNY - Buffalo Jacobs School of Medicine and Biomedical Sciences,SUNY - Buffalo Jacobs School of Medicine and Biomedical Sciences,published school average GPA and MCAT,3.75,512,
prospectivedoctor,ProspectiveDoctor,https://www.prospectivedoctor.com/gpa-and-mcat/,http://www.upstate.edu/com/admissions/index.php,121,SUNY - Upstate Medical University,SUNY - Upstate Medical University,published school average GPA and MCAT,3.77,513,
prospectivedoctor,ProspectiveDoctor,https://www.prospectivedoctor.com/gpa-and-mcat/,https://medicine.stonybrookmedicine.edu/admissions_SOM,122,Stony Brook University School of Medicine,Stony Brook University School of Medicine,published school average GPA and MCAT,3.86,516,
prospectivedoctor,ProspectiveDoctor,https://www.prospectivedoctor.com/gpa-and-mcat/,https://www.urmc.rochester.edu/education/md/admissions.aspx,123,University of Rochester School of Medicine and Dentistry,University of Rochester School of Medicine and Dentistry,published school average GPA and MCAT,3.84,518,
prospectivedoctor,ProspectiveDoctor,https://www.prospectivedoctor.com/gpa-and-mcat/,http://weill.cornell.edu/education/admissions/,124,Weill Cornell Medical College,Weill Cornell Medical College,published school average GPA and MCAT,3.91,519,
prospectivedoctor,ProspectiveDoctor,https://www.prospectivedoctor.com/gpa-and-mcat/,https://medschool.duke.edu/education/student-services/office-admissions,127,Duke University School of Medicine,Duke University School of Medicine,published school average GPA and MCAT,3.89,519,
prospectivedoctor,ProspectiveDoctor,https://www.prospectivedoctor.com/gpa-and-mcat/,http://www.ecu.edu/bsomadmissions/,128,East Carolina University Brody School of Medicine,East Carolina University Brody School of Medicine,published school average GPA and MCAT,3.71,509,
prospectivedoctor,ProspectiveDoctor,https://www.prospectivedoctor.com/gpa-and-mcat/,http://www.med.unc.edu/admit,129,University of North Carolina at Chapel Hill School of Medicine,University of North Carolina at Chapel Hill School of Medicine,published school average GPA and MCAT,3.78,515,
prospectivedoctor,ProspectiveDoctor,https://www.prospectivedoctor.com/gpa-and-mcat/,http://www.wakehealth.edu/School/MD-Program/Admissions/Admissions.htm,130,Wake Forest School of Medicine,Wake Forest School of Medicine,published school average GPA and MCAT,3.76,513,
prospectivedoctor,ProspectiveDoctor,https://www.prospectivedoctor.com/gpa-and-mcat/,http://www.med.und.edu/student-affairs-admissions/application-process.cfm,132,University of North Dakota School of Medicine and Health Sciences,University of North Dakota School of Medicine and Health Sciences,published school average GPA and MCAT,3.8,507,
prospectivedoctor,ProspectiveDoctor,https://www.prospectivedoctor.com/gpa-and-mcat/,http://case.edu/medicine/admissions/,134,Case Western Reserve University School of Medicine,Case Western Reserve University School of Medicine,published school average GPA and MCAT,3.86,519,
prospectivedoctor,ProspectiveDoctor,https://www.prospectivedoctor.com/gpa-and-mcat/,http://www.neomed.edu/admissions/apply/#com,135,Northeast Ohio Medical University,Northeast Ohio Medical University,published school average GPA and MCAT,3.76,507,
prospectivedoctor,ProspectiveDoctor,https://www.prospectivedoctor.com/gpa-and-mcat/,https://medicine.osu.edu/education/md/admissions,136,The Ohio State University College of Medicine,The Ohio State University College of Medicine,published school average GPA and MCAT,3.92,517,
prospectivedoctor,ProspectiveDoctor,https://www.prospectivedoctor.com/gpa-and-mcat/,https://www.utoledo.edu/med/md/,137,The University of Toledo College of Medicine and Life Sciences,The University of Toledo College of Medicine and Life Sciences,published school average GPA and MCAT,3.76,510,
prospectivedoctor,ProspectiveDoctor,https://www.prospectivedoctor.com/gpa-and-mcat/,https://med.uc.edu/admissions/medical-student-admissions/home,138,University of Cincinnati College of Medicine,University of Cincinnati College of Medicine,published school average GPA and MCAT,3.84,517,
prospectivedoctor,ProspectiveDoctor,https://www.prospectivedoctor.com/gpa-and-mcat/,http://medicine.wright.edu/admissions,139,Wright State University Boonshoft School of Medicine,Wright State University Boonshoft School of Medicine,published school average GPA and MCAT,3.73,508,
prospectivedoctor,ProspectiveDoctor,https://www.prospectivedoctor.com/gpa-and-mcat/,https://www.oumedicine.com/college-of-medicine/information-about/admissions,141,University of Oklahoma College of Medicine,University of Oklahoma College of Medicine,published school average GPA and MCAT,3.85,511,
prospectivedoctor,ProspectiveDoctor,https://www.prospectivedoctor.com/gpa-and-mcat/,http://www.ohsu.edu/xd/education/schools/school-of-medicine/education/future-students.cfm,143,Oregon Health & Science University School of Medicine,Oregon Health & Science University School of Medicine,published school average GPA and MCAT,3.77,512,
prospectivedoctor,ProspectiveDoctor,https://www.prospectivedoctor.com/gpa-and-mcat/,http://drexel.edu/medicine/academics/md-program/md-program-admissions/,145,Drexel University College of Medicine,Drexel University College of Medicine,published school average GPA and MCAT,3.75,512,
prospectivedoctor,ProspectiveDoctor,https://www.prospectivedoctor.com/gpa-and-mcat/,https://tcmc.edu/admissions/md-admissions/,146,Geisinger Commonwealth School of Medicine,Geisinger Commonwealth School of Medicine,published school average GPA and MCAT,3.76,512,
prospectivedoctor,ProspectiveDoctor,https://www.prospectivedoctor.com/gpa-and-mcat/,http://med.psu.edu/md/apply,147,Pennsylvania State University College of Medicine,Pennsylvania State University College of Medicine,published school average GPA and MCAT,3.81,512,
prospectivedoctor,ProspectiveDoctor,https://www.prospectivedoctor.com/gpa-and-mcat/,http://www.med.upenn.edu/admissions/,148,Perelman School of Medicine University of Pennsylvania,Perelman School of Medicine University of Pennsylvania,published school average GPA and MCAT,3.94,522,
prospectivedoctor,ProspectiveDoctor,https://www.prospectivedoctor.com/gpa-and-mcat/,http://www.jefferson.edu/university/skmc/admissions.html,149,Sidney Kimmel Medical College at Thomas Jefferson University,Sidney Kimmel Medical College at Thomas Jefferson University,published school average GPA and MCAT,3.8,514,
prospectivedoctor,ProspectiveDoctor,https://www.prospectivedoctor.com/gpa-and-mcat/,https://medicine.temple.edu/admissions,150,Temple University Lewis Katz School of Medicine,Temple University Lewis Katz School of Medicine,published school average GPA and MCAT,3.77,513,
prospectivedoctor,ProspectiveDoctor,https://www.prospectivedoctor.com/gpa-and-mcat/,http://medschool.pitt.edu/admissions/index.aspx,151,University of Pittsburgh School of Medicine,University of Pittsburgh School of Medicine,published school average GPA and MCAT,3.86,518,
prospectivedoctor,ProspectiveDoctor,https://www.prospectivedoctor.com/gpa-and-mcat/,http://www.psm.edu/education/md-program/,153,Ponce School of Medicine and Health Sciences,Ponce School of Medicine and Health Sciences,published school average GPA and MCAT,3.64,499,
prospectivedoctor,ProspectiveDoctor,https://www.prospectivedoctor.com/gpa-and-mcat/,http://www.sanjuanbautista.edu/school/md-program/admissions.html,154,San Juan Bautista School of Medicine,San Juan Bautista School of Medicine,published school average GPA and MCAT,3.71,498,
prospectivedoctor,ProspectiveDoctor,https://www.prospectivedoctor.com/gpa-and-mcat/,http://www.uccaribe.edu/admission/,155,Universidad Central Del Caribe School of Medicine,Universidad Central Del Caribe School of Medicine,published school average GPA and MCAT,3.73,499,
prospectivedoctor,ProspectiveDoctor,https://www.prospectivedoctor.com/gpa-and-mcat/,https://md.rcm.upr.edu/admissions/,156,University of Puerto Rico School of Medicine,University of Puerto Rico School of Medicine,published school average GPA and MCAT,3.82,505,
prospectivedoctor,ProspectiveDoctor,https://www.prospectivedoctor.com/gpa-and-mcat/,https://www.brown.edu/academics/medical/admission/,158,Brown University The Warren Alpert Medical School,Brown University The Warren Alpert Medical School,published school average GPA and MCAT,3.79,515,
prospectivedoctor,ProspectiveDoctor,https://www.prospectivedoctor.com/gpa-and-mcat/,http://academicdepartments.musc.edu/com/education/admissions/,160,Medical University of South Carolina College of Medicine,Medical University of South Carolina College of Medicine,published school average GPA and MCAT,3.83,517,
prospectivedoctor,ProspectiveDoctor,https://www.prospectivedoctor.com/gpa-and-mcat/,http://admissions.med.sc.edu/,161,University of South Carolina School of Medicine - Columbia,University of South Carolina School of Medicine - Columbia,published school average GPA and MCAT,3.83,510,
prospectivedoctor,ProspectiveDoctor,https://www.prospectivedoctor.com/gpa-and-mcat/,http://sc.edu/study/colleges_schools/medicine_greenville/admissions/apply.php,162,University of South Carolina School of Medicine - Greenville,University of South Carolina School of Medicine - Greenville,published school average GPA and MCAT,3.81,509,
prospectivedoctor,ProspectiveDoctor,https://www.prospectivedoctor.com/gpa-and-mcat/,http://www.usd.edu/medicine/medical-student-affairs/eligibility,164,University of South Dakota Sanford School of Medicine,University of South Dakota Sanford School of Medicine,published school average GPA and MCAT,3.87,509,
prospectivedoctor,ProspectiveDoctor,https://www.prospectivedoctor.com/gpa-and-mcat/,http://www.etsu.edu/com/sa/admissions/,166,East Tennessee State University Quillen College of Medicine,East Tennessee State University Quillen College of Medicine,published school average GPA and MCAT,3.81,508,
prospectivedoctor,ProspectiveDoctor,https://www.prospectivedoctor.com/gpa-and-mcat/,http://www.mmc.edu/prospectivestudents/admissions/school-of-medicine/index.html,167,Meharry Medical College School of Medicine,Meharry Medical College School of Medicine,published school average GPA and MCAT,3.52,503,
prospectivedoctor,ProspectiveDoctor,https://www.prospectivedoctor.com/gpa-and-mcat/,https://www.uthsc.edu/Medicine/Admissions/index.php,168,University of Tennessee Health Science Center College of Medicine,University of Tennessee Health Science Center College of Medicine,published school average GPA and MCAT,3.82,513,
prospectivedoctor,ProspectiveDoctor,https://www.prospectivedoctor.com/gpa-and-mcat/,https://medschool.vanderbilt.edu/md-admissions/,169,Vanderbilt University School of Medicine,Vanderbilt University School of Medicine,published school average GPA and MCAT,3.94,521,
prospectivedoctor,ProspectiveDoctor,https://www.prospectivedoctor.com/gpa-and-mcat/,https://www.bcm.edu/education/schools/medical-school/admissions,172,Baylor College of Medicine,Baylor College of Medicine,published school average GPA and MCAT,3.93,518,
prospectivedoctor,ProspectiveDoctor,https://www.prospectivedoctor.com/gpa-and-mcat/,https://medicine.tamhsc.edu/admissions/index.html,173,Texas A&M Health Science Center College of Medicine,Texas A&M Health Science Center College of Medicine,published school average GPA and MCAT,3.84,513,
prospectivedoctor,ProspectiveDoctor,https://www.prospectivedoctor.com/gpa-and-mcat/,http://elpaso.ttuhsc.edu/som/admissions/,174,Texas Tech University Health Sciences Center Paul L. Foster School of Medicine,Texas Tech University Health Sciences Center Paul L. Foster School of Medicine,published school average GPA and MCAT,3.89,512,
prospectivedoctor,ProspectiveDoctor,https://www.prospectivedoctor.com/gpa-and-mcat/,http://www.ttuhsc.edu/som/admissions/,175,Texas Tech University Health Sciences Center School of Medicine - Lubbock,Texas Tech University Health Sciences Center School of Medicine - Lubbock,published school average GPA and MCAT,3.71,510,
prospectivedoctor,ProspectiveDoctor,https://www.prospectivedoctor.com/gpa-and-mcat/,https://dellmed.utexas.edu/prospective-students,176,University of Texas at Austin Dell Medical School,University of Texas at Austin Dell Medical School,published school average GPA and MCAT,3.92,515,
prospectivedoctor,ProspectiveDoctor,https://www.prospectivedoctor.com/gpa-and-mcat/,https://www.utmb.edu/enrollmentservices/resources/admissions,177,University of Texas Medical Branch School of Medicine,University of Texas Medical Branch School of Medicine,published school average GPA and MCAT,3.88,511,
prospectivedoctor,ProspectiveDoctor,https://www.prospectivedoctor.com/gpa-and-mcat/,https://med.uth.edu/admissions/,178,University of Texas McGovern Medical School at Houston,University of Texas McGovern Medical School at Houston,published school average GPA and MCAT,3.88,513,
prospectivedoctor,ProspectiveDoctor,https://www.prospectivedoctor.com/gpa-and-mcat/,http://www.utrgv.edu/school-of-medicine/admissions-and-aid/index.htm,179,University of Texas Rio Grande Valley School of Medicine,University of Texas Rio Grande Valley School of Medicine,published school average GPA and MCAT,3.72,510,
prospectivedoctor,ProspectiveDoctor,https://www.prospectivedoctor.com/gpa-and-mcat/,http://som.uthscsa.edu/admissions/,180,University of Texas School of Medicine at San Antonio,University of Texas School of Medicine at San Antonio,published school average GPA and MCAT,3.88,517,
prospectivedoctor,ProspectiveDoctor,https://www.prospectivedoctor.com/gpa-and-mcat/,http://www.utsouthwestern.edu/education/medical-school/admissions/,181,University of Texas Southwestern Medical School,University of Texas Southwestern Medical School,published school average GPA and MCAT,3.9,518,
prospectivedoctor,ProspectiveDoctor,https://www.prospectivedoctor.com/gpa-and-mcat/,https://medicine.utah.edu/students/programs/md/admissions/,183,University of Utah School of Medicine,University of Utah School of Medicine,published school average GPA and MCAT,3.82,513,
prospectivedoctor,ProspectiveDoctor,https://www.prospectivedoctor.com/gpa-and-mcat/,http://www.med.uvm.edu/admissions,185,The University of Vermont Larner College of Medicine,The University of Vermont Larner College of Medicine,published school average GPA and MCAT,3.7,512,
prospectivedoctor,ProspectiveDoctor,https://www.prospectivedoctor.com/gpa-and-mcat/,http://www.evms.edu/education/medical_programs/doctor_of_medicine/,187,Eastern Virginia Medical School,Eastern Virginia Medical School,published school average GPA and MCAT,3.71,513,
prospectivedoctor,ProspectiveDoctor,https://www.prospectivedoctor.com/gpa-and-mcat/,http://www.medschool.vcu.edu/admissions/md/,188,Virginia Commonwealth University School of Medicine,Virginia Commonwealth University School of Medicine,published school average GPA and MCAT,3.82,513,
prospectivedoctor,ProspectiveDoctor,https://www.prospectivedoctor.com/gpa-and-mcat/,http://medicine.vtc.vt.edu/admissions/,189,Virginia Tech Carilion School of Medicine and Research Institute,Virginia Tech Carilion School of Medicine and Research Institute,published school average GPA and MCAT,3.7,512,
prospectivedoctor,ProspectiveDoctor,https://www.prospectivedoctor.com/gpa-and-mcat/,https://med.virginia.edu/admissions/,190,University of Virginia School of Medicine,University of Virginia School of Medicine,published school average GPA and MCAT,3.93,520,
prospectivedoctor,ProspectiveDoctor,https://www.prospectivedoctor.com/gpa-and-mcat/,http://www.uwmedicine.org/education/md-program/admissions,192,University of Washington School of Medicine,University of Washington School of Medicine,published school average GPA and MCAT,3.74,512,
prospectivedoctor,ProspectiveDoctor,https://www.prospectivedoctor.com/gpa-and-mcat/,http://jcesom.marshall.edu/admissions/,194,Marshall University Joan C. Edwards School of Medicine,Marshall University Joan C. Edwards School of Medicine,published school average GPA and MCAT,3.7,502,
prospectivedoctor,ProspectiveDoctor,https://www.prospectivedoctor.com/gpa-and-mcat/,http://medicine.hsc.wvu.edu/md-admissions/,195,West Virginia University School of Medicine,West Virginia University School of Medicine,published school average GPA and MCAT,3.88,509,
prospectivedoctor,ProspectiveDoctor,https://www.prospectivedoctor.com/gpa-and-mcat/,http://www.mcw.edu/Medical-School/Admissions.htm,197,Medical College of Wisconsin,Medical College of Wisconsin,published school average GPA and MCAT,3.73,511,
prospectivedoctor,ProspectiveDoctor,https://www.prospectivedoctor.com/gpa-and-mcat/,http://www.med.wisc.edu/education/md/admissions/main/102,198,University of Wisconsin School of Medicine and Public Health,University of Wisconsin School of Medicine and Public Health,published school average GPA and MCAT,3.8,513,
shemmassian,Shemmassian,https://www.shemmassianconsulting.com/blog/average-gpa-and-mcat-score-for-every-medical-school,,2,University of Alabama School of Medicine*,University of Alabama School of Medicine,published school average GPA and MCAT,3.87,509.4,source row carried an asterisk
shemmassian,Shemmassian,https://www.shemmassianconsulting.com/blog/average-gpa-and-mcat-score-for-every-medical-school,,3,University of South Alabama College of Medicine*,University of South Alabama College of Medicine,published school average GPA and MCAT,3.85,508,source row carried an asterisk
shemmassian,Shemmassian,https://www.shemmassianconsulting.com/blog/average-gpa-and-mcat-score-for-every-medical-school,,4,Alabama College of Osteopathic Medicine,Alabama College of Osteopathic Medicine,published school average GPA and MCAT,3.6,503,
shemmassian,Shemmassian,https://www.shemmassianconsulting.com/blog/average-gpa-and-mcat-score-for-every-medical-school,,5,Edward Via College of Osteopathic Medicine - Auburn Campus,Edward Via College of Osteopathic Medicine - Auburn Campus,published school average GPA and MCAT,3.76,502,
shemmassian,Shemmassian,https://www.shemmassianconsulting.com/blog/average-gpa-and-mcat-score-for-every-medical-school,,6,University of Arkansas for Medical Sciences College of Medicine*,University of Arkansas for Medical Sciences College of Medicine,published school average GPA and MCAT,3.85,507,source row carried an asterisk
shemmassian,Shemmassian,https://www.shemmassianconsulting.com/blog/average-gpa-and-mcat-score-for-every-medical-school,,7,Arkansas College of Osteopathic Medicine,Arkansas College of Osteopathic Medicine,published school average GPA and MCAT,3.5,500,
shemmassian,Shemmassian,https://www.shemmassianconsulting.com/blog/average-gpa-and-mcat-score-for-every-medical-school,,8,University of Arizona College of Medicine - Tucson*,University of Arizona College of Medicine - Tucson,published school average GPA and MCAT,3.74,508,source row carried an asterisk
shemmassian,Shemmassian,https://www.shemmassianconsulting.com/blog/average-gpa-and-mcat-score-for-every-medical-school,,9,University of Arizona School of Medicine - Phoenix*,University of Arizona School of Medicine - Phoenix,published school average GPA and MCAT,3.82,514,source row carried an asterisk
shemmassian,Shemmassian,https://www.shemmassianconsulting.com/blog/average-gpa-and-mcat-score-for-every-medical-school,,10,Mayo Clinic Alix School of Medicine,Mayo Clinic Alix School of Medicine,published school average GPA and MCAT,3.95,521,
shemmassian,Shemmassian,https://www.shemmassianconsulting.com/blog/average-gpa-and-mcat-score-for-every-medical-school,,11,A.T. Still University School of Osteopathic Medicine Arizona (SOMA),A.T. Still University School of Osteopathic Medicine Arizona (SOMA),published school average GPA and MCAT,3.53,502,
shemmassian,Shemmassian,https://www.shemmassianconsulting.com/blog/average-gpa-and-mcat-score-for-every-medical-school,,12,Arizona College of Osteopathic Medicine of Midwestern University,Arizona College of Osteopathic Medicine of Midwestern University,published school average GPA and MCAT,3.58,504,
shemmassian,Shemmassian,https://www.shemmassianconsulting.com/blog/average-gpa-and-mcat-score-for-every-medical-school,,13,California Northstate University College of Medicine,California Northstate University College of Medicine,published school average GPA and MCAT,3.83,513.3,
shemmassian,Shemmassian,https://www.shemmassianconsulting.com/blog/average-gpa-and-mcat-score-for-every-medical-school,,14,California University of Science and Medicine,California University of Science and Medicine,published school average GPA and MCAT,3.61,511,
shemmassian,Shemmassian,https://www.shemmassianconsulting.com/blog/average-gpa-and-mcat-score-for-every-medical-school,,15,Drew/UCLA Joint Medical Program Drew University of Medicine and Science Note: This joint Program has been discontinued. Drew now has its own MD program.,Drew/UCLA Joint Medical Program Drew University of Medicine and Science,published school average GPA and MCAT,3.42,,
shemmassian,Shemmassian,https://www.shemmassianconsulting.com/blog/average-gpa-and-mcat-score-for-every-medical-school,,16,Loma Linda University School of Medicine,Loma Linda University School of Medicine,published school average GPA and MCAT,3.85,509,
shemmassian,Shemmassian,https://www.shemmassianconsulting.com/blog/average-gpa-and-mcat-score-for-every-medical-school,,17,University of California - Davis School of Medicine*,University of California - Davis School of Medicine,published school average GPA and MCAT,3.72,509,source row carried an asterisk
shemmassian,Shemmassian,https://www.shemmassianconsulting.com/blog/average-gpa-and-mcat-score-for-every-medical-school,,18,Stanford University School of Medicine,Stanford University School of Medicine,published school average GPA and MCAT,3.94,518,
shemmassian,Shemmassian,https://www.shemmassianconsulting.com/blog/average-gpa-and-mcat-score-for-every-medical-school,,19,University of California - Irvine School of Medicine*,University of California - Irvine School of Medicine,published school average GPA and MCAT,3.83,516,source row carried an asterisk
shemmassian,Shemmassian,https://www.shemmassianconsulting.com/blog/average-gpa-and-mcat-score-for-every-medical-school,,20,University of California - Los Angeles David Geffen School of Medicine*,University of California - Los Angeles David Geffen School of Medicine,published school average GPA and MCAT,3.81,516,source row carried an asterisk
shemmassian,Shemmassian,https://www.shemmassianconsulting.com/blog/average-gpa-and-mcat-score-for-every-medical-school,,21,University of California - Riverside School of Medicine*,University of California - Riverside School of Medicine,published school average GPA and MCAT,3.6,508,source row carried an asterisk
shemmassian,Shemmassian,https://www.shemmassianconsulting.com/blog/average-gpa-and-mcat-score-for-every-medical-school,,22,University of California - San Diego School of Medicine*,University of California - San Diego School of Medicine,published school average GPA and MCAT,3.83,514.4,source row carried an asterisk
shemmassian,Shemmassian,https://www.shemmassianconsulting.com/blog/average-gpa-and-mcat-score-for-every-medical-school,,23,University of California - San Francisco School of Medicine*,University of California - San Francisco School of Medicine,published school average GPA and MCAT,3.87,517,source row carried an asterisk
shemmassian,Shemmassian,https://www.shemmassianconsulting.com/blog/average-gpa-and-mcat-score-for-every-medical-school,,24,University of Southern California Keck School of Medicine,University of Southern California Keck School of Medicine,published school average GPA and MCAT,3.85,517,
shemmassian,Shemmassian,https://www.shemmassianconsulting.com/blog/average-gpa-and-mcat-score-for-every-medical-school,,25,Kaiser Permanente School of Medicine,Kaiser Permanente School of Medicine,published school average GPA and MCAT,3.78,514,
shemmassian,Shemmassian,https://www.shemmassianconsulting.com/blog/average-gpa-and-mcat-score-for-every-medical-school,,26,Touro University California College of Osteopathic Medicine,Touro University California College of Osteopathic Medicine,published school average GPA and MCAT,3.58,506,
shemmassian,Shemmassian,https://www.shemmassianconsulting.com/blog/average-gpa-and-mcat-score-for-every-medical-school,,27,Western University of Health Sciences College of Osteopathic Medicine of the Pacific,Western University of Health Sciences College of Osteopathic Medicine of the Pacific,published school average GPA and MCAT,3.82,509,
shemmassian,Shemmassian,https://www.shemmassianconsulting.com/blog/average-gpa-and-mcat-score-for-every-medical-school,,28,California Health Sciences University College of Osteopathic Medicine,California Health Sciences University College of Osteopathic Medicine,published school average GPA and MCAT,3.45,504.1,
shemmassian,Shemmassian,https://www.shemmassianconsulting.com/blog/average-gpa-and-mcat-score-for-every-medical-school,,29,University of Colorado School of Medicine*,University of Colorado School of Medicine,published school average GPA and MCAT,3.7,517,source row carried an asterisk
shemmassian,Shemmassian,https://www.shemmassianconsulting.com/blog/average-gpa-and-mcat-score-for-every-medical-school,,30,Rocky Vista University College of Osteopathic Medicine,Rocky Vista University College of Osteopathic Medicine,published school average GPA and MCAT,3.61,506,
shemmassian,Shemmassian,https://www.shemmassianconsulting.com/blog/average-gpa-and-mcat-score-for-every-medical-school,,31,Quinnipiac University Frank H. Netter MD School of Medicine,Quinnipiac University Frank H. Netter MD School of Medicine,published school average GPA and MCAT,3.7,511,
shemmassian,Shemmassian,https://www.shemmassianconsulting.com/blog/average-gpa-and-mcat-score-for-every-medical-school,,32,University of Connecticut School of Medicine*,University of Connecticut School of Medicine,published school average GPA and MCAT,3.76,513,source row carried an asterisk
shemmassian,Shemmassian,https://www.shemmassianconsulting.com/blog/average-gpa-and-mcat-score-for-every-medical-school,,33,Yale School of Medicine,Yale School of Medicine,published school average GPA and MCAT,3.94,521,
shemmassian,Shemmassian,https://www.shemmassianconsulting.com/blog/average-gpa-and-mcat-score-for-every-medical-school,,34,George Washington University School of Medicine and Health Sciences,George Washington University School of Medicine and Health Sciences,published school average GPA and MCAT,3.88,515,
shemmassian,Shemmassian,https://www.shemmassianconsulting.com/blog/average-gpa-and-mcat-score-for-every-medical-school,,35,Georgetown University School of Medicine,Georgetown University School of Medicine,published school average GPA and MCAT,3.76,513,
shemmassian,Shemmassian,https://www.shemmassianconsulting.com/blog/average-gpa-and-mcat-score-for-every-medical-school,,36,Howard University College of Medicine,Howard University College of Medicine,published school average GPA and MCAT,3.61,507,
shemmassian,Shemmassian,https://www.shemmassianconsulting.com/blog/average-gpa-and-mcat-score-for-every-medical-school,,37,Florida Atlantic University Charles E. Schmidt College of Medicine*,Florida Atlantic University Charles E. Schmidt College of Medicine,published school average GPA and MCAT,3.83,513,source row carried an asterisk
shemmassian,Shemmassian,https://www.shemmassianconsulting.com/blog/average-gpa-and-mcat-score-for-every-medical-school,,38,Florida International University Herbert Wertheim College of Medicine*,Florida International University Herbert Wertheim College of Medicine,published school average GPA and MCAT,3.82,510,source row carried an asterisk
shemmassian,Shemmassian,https://www.shemmassianconsulting.com/blog/average-gpa-and-mcat-score-for-every-medical-school,,39,Florida State University College of Medicine*,Florida State University College of Medicine,published school average GPA and MCAT,3.68,507,source row carried an asterisk
shemmassian,Shemmassian,https://www.shemmassianconsulting.com/blog/average-gpa-and-mcat-score-for-every-medical-school,,40,University of Central Florida College of Medicine*,University of Central Florida College of Medicine,published school average GPA and MCAT,3.89,514,source row carried an asterisk
shemmassian,Shemmassian,https://www.shemmassianconsulting.com/blog/average-gpa-and-mcat-score-for-every-medical-school,,41,University of Florida College of Medicine*,University of Florida College of Medicine,published school average GPA and MCAT,3.86,515,source row carried an asterisk
shemmassian,Shemmassian,https://www.shemmassianconsulting.com/blog/average-gpa-and-mcat-score-for-every-medical-school,,42,University of Miami Miller School of Medicine,University of Miami Miller School of Medicine,published school average GPA and MCAT,3.86,516,
shemmassian,Shemmassian,https://www.shemmassianconsulting.com/blog/average-gpa-and-mcat-score-for-every-medical-school,,43,University of South Florida Health Morsani College of Medicine*,University of South Florida Health Morsani College of Medicine,published school average GPA and MCAT,3.96,520,source row carried an asterisk
shemmassian,Shemmassian,https://www.shemmassianconsulting.com/blog/average-gpa-and-mcat-score-for-every-medical-school,,44,Lake Erie College of Osteopathic Medicine Bradenton Campus,Lake Erie College of Osteopathic Medicine Bradenton Campus,published school average GPA and MCAT,3.71,502,
shemmassian,Shemmassian,https://www.shemmassianconsulting.com/blog/average-gpa-and-mcat-score-for-every-medical-school,,45,Nova Southeastern University Dr. Kiran C. Patel College of Allopathic Medicine,Nova Southeastern University Dr. Kiran C. Patel College of Allopathic Medicine,published school average GPA and MCAT,3.75,512,
shemmassian,Shemmassian,https://www.shemmassianconsulting.com/blog/average-gpa-and-mcat-score-for-every-medical-school,,46,Nova Southeastern University Dr. Kiran C. Patel College of Osteopathic Medicine,Nova Southeastern University Dr. Kiran C. Patel College of Osteopathic Medicine,published school average GPA and MCAT,3.6,506,
shemmassian,Shemmassian,https://www.shemmassianconsulting.com/blog/average-gpa-and-mcat-score-for-every-medical-school,,47,Emory University School of Medicine,Emory University School of Medicine,published school average GPA and MCAT,3.7,514,
shemmassian,Shemmassian,https://www.shemmassianconsulting.com/blog/average-gpa-and-mcat-score-for-every-medical-school,,48,Medical College of Georgia at Augusta University*,Medical College of Georgia at Augusta University,published school average GPA and MCAT,3.8,512,source row carried an asterisk
shemmassian,Shemmassian,https://www.shemmassianconsulting.com/blog/average-gpa-and-mcat-score-for-every-medical-school,,49,Mercer University School of Medicine,Mercer University School of Medicine,published school average GPA and MCAT,3.69,503,
shemmassian,Shemmassian,https://www.shemmassianconsulting.com/blog/average-gpa-and-mcat-score-for-every-medical-school,,50,Morehouse School of Medicine,Morehouse School of Medicine,published school average GPA and MCAT,3.64,504.1,
shemmassian,Shemmassian,https://www.shemmassianconsulting.com/blog/average-gpa-and-mcat-score-for-every-medical-school,,51,Georgia Campus Philadelphia College of Osteopathic Medicine,Georgia Campus Philadelphia College of Osteopathic Medicine,published school average GPA and MCAT,,503,
shemmassian,Shemmassian,https://www.shemmassianconsulting.com/blog/average-gpa-and-mcat-score-for-every-medical-school,,52,University of Hawaii John A. Burns School of Medicine*,University of Hawaii John A. Burns School of Medicine,published school average GPA and MCAT,3.79,512,source row carried an asterisk
shemmassian,Shemmassian,https://www.shemmassianconsulting.com/blog/average-gpa-and-mcat-score-for-every-medical-school,,53,University of Iowa Carver College of Medicine*,University of Iowa Carver College of Medicine,published school average GPA and MCAT,3.81,514,source row carried an asterisk
shemmassian,Shemmassian,https://www.shemmassianconsulting.com/blog/average-gpa-and-mcat-score-for-every-medical-school,,54,Des Moines University College of Osteopathic Medicine,Des Moines University College of Osteopathic Medicine,published school average GPA and MCAT,3.71,507,
shemmassian,Shemmassian,https://www.shemmassianconsulting.com/blog/average-gpa-and-mcat-score-for-every-medical-school,,55,Idaho College of Osteopathic Medicine,Idaho College of Osteopathic Medicine,published school average GPA and MCAT,3.56,503.65,
shemmassian,Shemmassian,https://www.shemmassianconsulting.com/blog/average-gpa-and-mcat-score-for-every-medical-school,,56,Carle Illinois College of Medicine*,Carle Illinois College of Medicine,published school average GPA and MCAT,3.73,513,source row carried an asterisk
shemmassian,Shemmassian,https://www.shemmassianconsulting.com/blog/average-gpa-and-mcat-score-for-every-medical-school,,57,Chicago Medical School at Rosalind Franklin University of Medicine and Science,Chicago Medical School at Rosalind Franklin University of Medicine and Science,published school average GPA and MCAT,3.69,508,
shemmassian,Shemmassian,https://www.shemmassianconsulting.com/blog/average-gpa-and-mcat-score-for-every-medical-school,,58,Loyola University of Chicago Stritch School of Medicine,Loyola University of Chicago Stritch School of Medicine,published school average GPA and MCAT,3.8,512,
shemmassian,Shemmassian,https://www.shemmassianconsulting.com/blog/average-gpa-and-mcat-score-for-every-medical-school,,59,Northwestern University The Feinberg School of Medicine,Northwestern University The Feinberg School of Medicine,published school average GPA and MCAT,3.93,521,
shemmassian,Shemmassian,https://www.shemmassianconsulting.com/blog/average-gpa-and-mcat-score-for-every-medical-school,,60,Rush Medical College of Rush University,Rush Medical College of Rush University,published school average GPA and MCAT,3.72,510,
shemmassian,Shemmassian,https://www.shemmassianconsulting.com/blog/average-gpa-and-mcat-score-for-every-medical-school,,61,Southern Illinois University School of Medicine*,Southern Illinois University School of Medicine,published school average GPA and MCAT,3.7,508,source row carried an asterisk
shemmassian,Shemmassian,https://www.shemmassianconsulting.com/blog/average-gpa-and-mcat-score-for-every-medical-school,,62,University of Chicago Pritzker School of Medicine,University of Chicago Pritzker School of Medicine,published school average GPA and MCAT,3.91,521,
shemmassian,Shemmassian,https://www.shemmassianconsulting.com/blog/average-gpa-and-mcat-score-for-every-medical-school,,63,University of Illinois College of Medicine*,University of Illinois College of Medicine,published school average GPA and MCAT,3.82,511,source row carried an asterisk
shemmassian,Shemmassian,https://www.shemmassianconsulting.com/blog/average-gpa-and-mcat-score-for-every-medical-school,,64,Chicago College of Osteopathic Medicine of Midwestern University,Chicago College of Osteopathic Medicine of Midwestern University,published school average GPA and MCAT,3.65,509,
shemmassian,Shemmassian,https://www.shemmassianconsulting.com/blog/average-gpa-and-mcat-score-for-every-medical-school,,65,Indiana University School of Medicine*,Indiana University School of Medicine,published school average GPA and MCAT,3.85,512,source row carried an asterisk
shemmassian,Shemmassian,https://www.shemmassianconsulting.com/blog/average-gpa-and-mcat-score-for-every-medical-school,,66,Marian University College of Osteopathic Medicine,Marian University College of Osteopathic Medicine,published school average GPA and MCAT,3.76,501,
shemmassian,Shemmassian,https://www.shemmassianconsulting.com/blog/average-gpa-and-mcat-score-for-every-medical-school,,67,University of Kansas School of Medicine*,University of Kansas School of Medicine,published school average GPA and MCAT,3.84,509,source row carried an asterisk
shemmassian,Shemmassian,https://www.shemmassianconsulting.com/blog/average-gpa-and-mcat-score-for-every-medical-school,,68,Kansas College of Osteopathic Medicine,Kansas College of Osteopathic Medicine,published school average GPA and MCAT,3,,
shemmassian,Shemmassian,https://www.shemmassianconsulting.com/blog/average-gpa-and-mcat-score-for-every-medical-school,,69,University of Kentucky College of Medicine*,University of Kentucky College of Medicine,published school average GPA and MCAT,3.84,508,source row carried an asterisk
shemmassian,Shemmassian,https://www.shemmassianconsulting.com/blog/average-gpa-and-mcat-score-for-every-medical-school,,70,University of Louisville School of Medicine*,University of Louisville School of Medicine,published school average GPA and MCAT,3.78,507,source row carried an asterisk
shemmassian,Shemmassian,https://www.shemmassianconsulting.com/blog/average-gpa-and-mcat-score-for-every-medical-school,,71,University of Pikeville Kentucky College of Osteopathic Medicine,University of Pikeville Kentucky College of Osteopathic Medicine,published school average GPA and MCAT,3.5,502,
shemmassian,Shemmassian,https://www.shemmassianconsulting.com/blog/average-gpa-and-mcat-score-for-every-medical-school,,72,Louisiana State University - New Orleans School of Medicine*,Louisiana State University - New Orleans School of Medicine,published school average GPA and MCAT,3.76,509,source row carried an asterisk
shemmassian,Shemmassian,https://www.shemmassianconsulting.com/blog/average-gpa-and-mcat-score-for-every-medical-school,,73,Louisiana State University - Shreveport School of Medicine*,Louisiana State University - Shreveport School of Medicine,published school average GPA and MCAT,3.8,508,source row carried an asterisk
shemmassian,Shemmassian,https://www.shemmassianconsulting.com/blog/average-gpa-and-mcat-score-for-every-medical-school,,74,Tulane University School of Medicine,Tulane University School of Medicine,published school average GPA and MCAT,3.7,510,
shemmassian,Shemmassian,https://www.shemmassianconsulting.com/blog/average-gpa-and-mcat-score-for-every-medical-school,,75,Edward Via College of Osteopathic Medicine - Louisiana Campus,Edward Via College of Osteopathic Medicine - Louisiana Campus,published school average GPA and MCAT,3.7,502,
shemmassian,Shemmassian,https://www.shemmassianconsulting.com/blog/average-gpa-and-mcat-score-for-every-medical-school,,76,Boston University School of Medicine,Boston University School of Medicine,published school average GPA and MCAT,3.76,517,
shemmassian,Shemmassian,https://www.shemmassianconsulting.com/blog/average-gpa-and-mcat-score-for-every-medical-school,,77,Harvard Medical School,Harvard Medical School,published school average GPA and MCAT,3.9,520.48,
shemmassian,Shemmassian,https://www.shemmassianconsulting.com/blog/average-gpa-and-mcat-score-for-every-medical-school,,78,Tufts University School of Medicine,Tufts University School of Medicine,published school average GPA and MCAT,3.82,514,
shemmassian,Shemmassian,https://www.shemmassianconsulting.com/blog/average-gpa-and-mcat-score-for-every-medical-school,,79,University of Massachusetts Medical School*,University of Massachusetts Medical School,published school average GPA and MCAT,3.76,511,source row carried an asterisk
shemmassian,Shemmassian,https://www.shemmassianconsulting.com/blog/average-gpa-and-mcat-score-for-every-medical-school,,80,Johns Hopkins University School of Medicine,Johns Hopkins University School of Medicine,published school average GPA and MCAT,3.92,521,
shemmassian,Shemmassian,https://www.shemmassianconsulting.com/blog/average-gpa-and-mcat-score-for-every-medical-school,,81,Uniformed Services University of the Health Sciences F. Edward Hebert School of Medicine*,Uniformed Services University of the Health Sciences F. Edward Hebert School of Medicine,published school average GPA and MCAT,3.7,510,source row carried an asterisk
shemmassian,Shemmassian,https://www.shemmassianconsulting.com/blog/average-gpa-and-mcat-score-for-every-medical-school,,82,University of Maryland School of Medicine*,University of Maryland School of Medicine,published school average GPA and MCAT,3.84,512,source row carried an asterisk
shemmassian,Shemmassian,https://www.shemmassianconsulting.com/blog/average-gpa-and-mcat-score-for-every-medical-school,,83,University of New England College of Osteopathic Medicine,University of New England College of Osteopathic Medicine,published school average GPA and MCAT,3.62,502,
shemmassian,Shemmassian,https://www.shemmassianconsulting.com/blog/average-gpa-and-mcat-score-for-every-medical-school,,84,Central Michigan University College of Medicine*,Central Michigan University College of Medicine,published school average GPA and MCAT,3.8,506,source row carried an asterisk
shemmassian,Shemmassian,https://www.shemmassianconsulting.com/blog/average-gpa-and-mcat-score-for-every-medical-school,,85,Michigan State University College of Human Medicine*,Michigan State University College of Human Medicine,published school average GPA and MCAT,3.7,507,source row carried an asterisk
shemmassian,Shemmassian,https://www.shemmassianconsulting.com/blog/average-gpa-and-mcat-score-for-every-medical-school,,86,Oakland University William Beaumont School of Medicine,Oakland University William Beaumont School of Medicine,published school average GPA and MCAT,3.89,510,
shemmassian,Shemmassian,https://www.shemmassianconsulting.com/blog/average-gpa-and-mcat-score-for-every-medical-school,,87,University of Michigan Medical School*,University of Michigan Medical School,published school average GPA and MCAT,3.85,516,source row carried an asterisk
shemmassian,Shemmassian,https://www.shemmassianconsulting.com/blog/average-gpa-and-mcat-score-for-every-medical-school,,88,Wayne State University School of Medicine*,Wayne State University School of Medicine,published school average GPA and MCAT,3.78,511,source row carried an asterisk
shemmassian,Shemmassian,https://www.shemmassianconsulting.com/blog/average-gpa-and-mcat-score-for-every-medical-school,,89,Western Michigan University School of Medicine,Western Michigan University School of Medicine,published school average GPA and MCAT,3.81,512,
shemmassian,Shemmassian,https://www.shemmassianconsulting.com/blog/average-gpa-and-mcat-score-for-every-medical-school,,90,Michigan State University College of Osteopathic Medicine*,Michigan State University College of Osteopathic Medicine,published school average GPA and MCAT,3.5,506,source row carried an asterisk
shemmassian,Shemmassian,https://www.shemmassianconsulting.com/blog/average-gpa-and-mcat-score-for-every-medical-school,,91,Mayo Clinic Alix School of Medicine,Mayo Clinic Alix School of Medicine,published school average GPA and MCAT,3.95,521,
shemmassian,Shemmassian,https://www.shemmassianconsulting.com/blog/average-gpa-and-mcat-score-for-every-medical-school,,92,University of Minnesota Medical School - Twin Cities*,University of Minnesota Medical School - Twin Cities,published school average GPA and MCAT,3.84,511,source row carried an asterisk
shemmassian,Shemmassian,https://www.shemmassianconsulting.com/blog/average-gpa-and-mcat-score-for-every-medical-school,,93,University of Minnesota Medical School - Duluth*,University of Minnesota Medical School - Duluth,published school average GPA and MCAT,3.77,511.1,source row carried an asterisk
shemmassian,Shemmassian,https://www.shemmassianconsulting.com/blog/average-gpa-and-mcat-score-for-every-medical-school,,94,University of Missouri - Columbia School of Medicine*,University of Missouri - Columbia School of Medicine,published school average GPA and MCAT,3.83,509,source row carried an asterisk
shemmassian,Shemmassian,https://www.shemmassianconsulting.com/blog/average-gpa-and-mcat-score-for-every-medical-school,,95,Saint Louis University School of Medicine,Saint Louis University School of Medicine,published school average GPA and MCAT,3.9,514,
shemmassian,Shemmassian,https://www.shemmassianconsulting.com/blog/average-gpa-and-mcat-score-for-every-medical-school,,96,University of Missouri - Kansas City School of Medicine*,University of Missouri - Kansas City School of Medicine,published school average GPA and MCAT,3.78,506,source row carried an asterisk
shemmassian,Shemmassian,https://www.shemmassianconsulting.com/blog/average-gpa-and-mcat-score-for-every-medical-school,,97,Washington University School of Medicine,Washington University School of Medicine,published school average GPA and MCAT,3.88,519.5,
shemmassian,Shemmassian,https://www.shemmassianconsulting.com/blog/average-gpa-and-mcat-score-for-every-medical-school,,98,A.T. Still University of Health Sciences Kirksville College of Osteopathic Medicine,A.T. Still University of Health Sciences Kirksville College of Osteopathic Medicine,published school average GPA and MCAT,3.69,503,
shemmassian,Shemmassian,https://www.shemmassianconsulting.com/blog/average-gpa-and-mcat-score-for-every-medical-school,,99,Kansas City University of Medicine and Biosciences College of Osteopathic Medicine,Kansas City University of Medicine and Biosciences College of Osteopathic Medicine,published school average GPA and MCAT,3.62,505,
shemmassian,Shemmassian,https://www.shemmassianconsulting.com/blog/average-gpa-and-mcat-score-for-every-medical-school,,100,University of Mississippi School of Medicine*,University of Mississippi School of Medicine,published school average GPA and MCAT,3.8,506,source row carried an asterisk
shemmassian,Shemmassian,https://www.shemmassianconsulting.com/blog/average-gpa-and-mcat-score-for-every-medical-school,,101,William Carey University College of Osteopathic Medicine,William Carey University College of Osteopathic Medicine,published school average GPA and MCAT,3.53,505,
shemmassian,Shemmassian,https://www.shemmassianconsulting.com/blog/average-gpa-and-mcat-score-for-every-medical-school,,102,Duke University School of Medicine,Duke University School of Medicine,published school average GPA and MCAT,3.9,519,
shemmassian,Shemmassian,https://www.shemmassianconsulting.com/blog/average-gpa-and-mcat-score-for-every-medical-school,,103,East Carolina University Brody School of Medicine*,East Carolina University Brody School of Medicine,published school average GPA and MCAT,3.77,510,source row carried an asterisk
shemmassian,Shemmassian,https://www.shemmassianconsulting.com/blog/average-gpa-and-mcat-score-for-every-medical-school,,104,University of North Carolina at Chapel Hill School of Medicine*,University of North Carolina at Chapel Hill School of Medicine,published school average GPA and MCAT,3.79,512,source row carried an asterisk
shemmassian,Shemmassian,https://www.shemmassianconsulting.com/blog/average-gpa-and-mcat-score-for-every-medical-school,,105,Wake Forest School of Medicine,Wake Forest School of Medicine,published school average GPA and MCAT,3.83,511,
shemmassian,Shemmassian,https://www.shemmassianconsulting.com/blog/average-gpa-and-mcat-score-for-every-medical-school,,106,Campbell University Jerry M. Wallace School of Osteopathic Medicine,Campbell University Jerry M. Wallace School of Osteopathic Medicine,published school average GPA and MCAT,3.61,506,
shemmassian,Shemmassian,https://www.shemmassianconsulting.com/blog/average-gpa-and-mcat-score-for-every-medical-school,,107,University of North Dakota School of Medicine and Health Sciences*,University of North Dakota School of Medicine and Health Sciences,published school average GPA and MCAT,3.8,507,source row carried an asterisk
shemmassian,Shemmassian,https://www.shemmassianconsulting.com/blog/average-gpa-and-mcat-score-for-every-medical-school,,108,Creighton University School of Medicine,Creighton University School of Medicine,published school average GPA and MCAT,3.86,513,
shemmassian,Shemmassian,https://www.shemmassianconsulting.com/blog/average-gpa-and-mcat-score-for-every-medical-school,,109,University of Nebraska Medical Center College of Medicine,University of Nebraska Medical Center College of Medicine,published school average GPA and MCAT,3.87,512,
shemmassian,Shemmassian,https://www.shemmassianconsulting.com/blog/average-gpa-and-mcat-score-for-every-medical-school,,110,Geisel School of Medicine at Dartmouth,Geisel School of Medicine at Dartmouth,published school average GPA and MCAT,3.77,516,
shemmassian,Shemmassian,https://www.shemmassianconsulting.com/blog/average-gpa-and-mcat-score-for-every-medical-school,,111,Cooper Medical School of Rowan University*,Cooper Medical School of Rowan University,published school average GPA and MCAT,3.79,512,source row carried an asterisk
shemmassian,Shemmassian,https://www.shemmassianconsulting.com/blog/average-gpa-and-mcat-score-for-every-medical-school,,112,Rutgers New Jersey Medical School*,Rutgers New Jersey Medical School,published school average GPA and MCAT,3.7,515,source row carried an asterisk
shemmassian,Shemmassian,https://www.shemmassianconsulting.com/blog/average-gpa-and-mcat-score-for-every-medical-school,,113,Rutgers Robert Wood Johnson Medical School*,Rutgers Robert Wood Johnson Medical School,published school average GPA and MCAT,3.7,514,source row carried an asterisk
shemmassian,Shemmassian,https://www.shemmassianconsulting.com/blog/average-gpa-and-mcat-score-for-every-medical-school,,114,Hackensack Meridian School of Medicine,Hackensack Meridian School of Medicine,published school average GPA and MCAT,3.8,514,
shemmassian,Shemmassian,https://www.shemmassianconsulting.com/blog/average-gpa-and-mcat-score-for-every-medical-school,,115,Rowan University School of Osteopathic Medicine*,Rowan University School of Osteopathic Medicine,published school average GPA and MCAT,3.7,508,source row carried an asterisk
shemmassian,Shemmassian,https://www.shemmassianconsulting.com/blog/average-gpa-and-mcat-score-for-every-medical-school,,116,University of New Mexico School of Medicine*,University of New Mexico School of Medicine,published school average GPA and MCAT,3.75,507,source row carried an asterisk
shemmassian,Shemmassian,https://www.shemmassianconsulting.com/blog/average-gpa-and-mcat-score-for-every-medical-school,,117,Burrell College of Osteopathic Medicine at New Mexico State University,Burrell College of Osteopathic Medicine at New Mexico State University,published school average GPA and MCAT,3.5,500,
shemmassian,Shemmassian,https://www.shemmassianconsulting.com/blog/average-gpa-and-mcat-score-for-every-medical-school,,118,University of Nevada Reno School of Medicine*,University of Nevada Reno School of Medicine,published school average GPA and MCAT,3.76,509,source row carried an asterisk
shemmassian,Shemmassian,https://www.shemmassianconsulting.com/blog/average-gpa-and-mcat-score-for-every-medical-school,,119,University of Nevada Las Vegas School of Medicine*,University of Nevada Las Vegas School of Medicine,published school average GPA and MCAT,3.6,510,source row carried an asterisk
shemmassian,Shemmassian,https://www.shemmassianconsulting.com/blog/average-gpa-and-mcat-score-for-every-medical-school,,120,Touro University - Nevada College of Osteopathic Medicine,Touro University - Nevada College of Osteopathic Medicine,published school average GPA and MCAT,3.54,506.9,
shemmassian,Shemmassian,https://www.shemmassianconsulting.com/blog/average-gpa-and-mcat-score-for-every-medical-school,,121,Albany Medical College,Albany Medical College,published school average GPA and MCAT,3.8,512,
shemmassian,Shemmassian,https://www.shemmassianconsulting.com/blog/average-gpa-and-mcat-score-for-every-medical-school,,122,Albert Einstein College of Medicine,Albert Einstein College of Medicine,published school average GPA and MCAT,3.82,516,
shemmassian,Shemmassian,https://www.shemmassianconsulting.com/blog/average-gpa-and-mcat-score-for-every-medical-school,,123,Columbia University College of Physicians and Surgeons,Columbia University College of Physicians and Surgeons,published school average GPA and MCAT,3.85,521,
shemmassian,Shemmassian,https://www.shemmassianconsulting.com/blog/average-gpa-and-mcat-score-for-every-medical-school,,124,Hofstra Northwell School of Medicine,Hofstra Northwell School of Medicine,published school average GPA and MCAT,3.92,518,
shemmassian,Shemmassian,https://www.shemmassianconsulting.com/blog/average-gpa-and-mcat-score-for-every-medical-school,,125,Icahn School of Medicine at Mount Sinai,Icahn School of Medicine at Mount Sinai,published school average GPA and MCAT,3.81,519,
shemmassian,Shemmassian,https://www.shemmassianconsulting.com/blog/average-gpa-and-mcat-score-for-every-medical-school,,126,New York Medical College,New York Medical College,published school average GPA and MCAT,3.6,516,
shemmassian,Shemmassian,https://www.shemmassianconsulting.com/blog/average-gpa-and-mcat-score-for-every-medical-school,,127,New York University Grossman School of Medicine,New York University Grossman School of Medicine,published school average GPA and MCAT,3.98,523,
shemmassian,Shemmassian,https://www.shemmassianconsulting.com/blog/average-gpa-and-mcat-score-for-every-medical-school,,128,New York University Long Island School of Medicine,New York University Long Island School of Medicine,published school average GPA and MCAT,3.94,516,
shemmassian,Shemmassian,https://www.shemmassianconsulting.com/blog/average-gpa-and-mcat-score-for-every-medical-school,,129,SUNY - Downstate Medical Center College of Medicine*,SUNY - Downstate Medical Center College of Medicine,published school average GPA and MCAT,3.73,513,source row carried an asterisk
shemmassian,Shemmassian,https://www.shemmassianconsulting.com/blog/average-gpa-and-mcat-score-for-every-medical-school,,130,University at Buffalo Jacobs School of Medicine and Biomedical Sciences*,University at Buffalo Jacobs School of Medicine and Biomedical Sciences,published school average GPA and MCAT,3.7,510,source row carried an asterisk
shemmassian,Shemmassian,https://www.shemmassianconsulting.com/blog/average-gpa-and-mcat-score-for-every-medical-school,,131,SUNY - Upstate Medical University*,SUNY - Upstate Medical University,published school average GPA and MCAT,3.74,512,source row carried an asterisk
shemmassian,Shemmassian,https://www.shemmassianconsulting.com/blog/average-gpa-and-mcat-score-for-every-medical-school,,132,Stony Brook University School of Medicine*,Stony Brook University School of Medicine,published school average GPA and MCAT,3.89,514,source row carried an asterisk
shemmassian,Shemmassian,https://www.shemmassianconsulting.com/blog/average-gpa-and-mcat-score-for-every-medical-school,,133,University of Rochester School of Medicine and Dentistry,University of Rochester School of Medicine and Dentistry,published school average GPA and MCAT,3.6,517,
shemmassian,Shemmassian,https://www.shemmassianconsulting.com/blog/average-gpa-and-mcat-score-for-every-medical-school,,134,Weill Cornell Medical College,Weill Cornell Medical College,published school average GPA and MCAT,3.9,518,
shemmassian,Shemmassian,https://www.shemmassianconsulting.com/blog/average-gpa-and-mcat-score-for-every-medical-school,,135,New York Institute of Technology College of Osteopathic Medicine,New York Institute of Technology College of Osteopathic Medicine,published school average GPA and MCAT,3.62,506,
shemmassian,Shemmassian,https://www.shemmassianconsulting.com/blog/average-gpa-and-mcat-score-for-every-medical-school,,136,Touro College of Osteopathic Medicine - Middletown Campus,Touro College of Osteopathic Medicine - Middletown Campus,published school average GPA and MCAT,3.592,504.864,
shemmassian,Shemmassian,https://www.shemmassianconsulting.com/blog/average-gpa-and-mcat-score-for-every-medical-school,,137,Touro College of Osteopathic Medicine - Harlem Campus,Touro College of Osteopathic Medicine - Harlem Campus,published school average GPA and MCAT,3.584,505.376,
shemmassian,Shemmassian,https://www.shemmassianconsulting.com/blog/average-gpa-and-mcat-score-for-every-medical-school,,138,Case Western Reserve University School of Medicine,Case Western Reserve University School of Medicine,published school average GPA and MCAT,3.9,517,
shemmassian,Shemmassian,https://www.shemmassianconsulting.com/blog/average-gpa-and-mcat-score-for-every-medical-school,,139,Northeast Ohio Medical University*,Northeast Ohio Medical University,published school average GPA and MCAT,3.75,511,source row carried an asterisk
shemmassian,Shemmassian,https://www.shemmassianconsulting.com/blog/average-gpa-and-mcat-score-for-every-medical-school,,140,The Ohio State University College of Medicine*,The Ohio State University College of Medicine,published school average GPA and MCAT,3.83,514,source row carried an asterisk
shemmassian,Shemmassian,https://www.shemmassianconsulting.com/blog/average-gpa-and-mcat-score-for-every-medical-school,,141,The University of Toledo College of Medicine and Life Sciences*,The University of Toledo College of Medicine and Life Sciences,published school average GPA and MCAT,3.78,510,source row carried an asterisk
shemmassian,Shemmassian,https://www.shemmassianconsulting.com/blog/average-gpa-and-mcat-score-for-every-medical-school,,142,University of Cincinnati College of Medicine*,University of Cincinnati College of Medicine,published school average GPA and MCAT,3.86,514,source row carried an asterisk
shemmassian,Shemmassian,https://www.shemmassianconsulting.com/blog/average-gpa-and-mcat-score-for-every-medical-school,,143,Wright State University Boonshoft School of Medicine*,Wright State University Boonshoft School of Medicine,published school average GPA and MCAT,3.68,508.76,source row carried an asterisk
shemmassian,Shemmassian,https://www.shemmassianconsulting.com/blog/average-gpa-and-mcat-score-for-every-medical-school,,144,Ohio University Heritage College of Osteopathic Medicine*,Ohio University Heritage College of Osteopathic Medicine,published school average GPA and MCAT,3.68,503.46,source row carried an asterisk
shemmassian,Shemmassian,https://www.shemmassianconsulting.com/blog/average-gpa-and-mcat-score-for-every-medical-school,,145,University of Oklahoma College of Medicine*,University of Oklahoma College of Medicine,published school average GPA and MCAT,3.79,511,source row carried an asterisk
shemmassian,Shemmassian,https://www.shemmassianconsulting.com/blog/average-gpa-and-mcat-score-for-every-medical-school,,146,Oklahoma State University Center for Health Sciences College of Osteopathic Medicine*,Oklahoma State University Center for Health Sciences College of Osteopathic Medicine,published school average GPA and MCAT,3.6,500,source row carried an asterisk
shemmassian,Shemmassian,https://www.shemmassianconsulting.com/blog/average-gpa-and-mcat-score-for-every-medical-school,,147,Oregon Health & Science University School of Medicine*,Oregon Health & Science University School of Medicine,published school average GPA and MCAT,3.66,509,source row carried an asterisk
shemmassian,Shemmassian,https://www.shemmassianconsulting.com/blog/average-gpa-and-mcat-score-for-every-medical-school,,148,Western University of Health Sciences College of Osteopathic Medicine of the Pacific Northwest,Western University of Health Sciences College of Osteopathic Medicine of the Pacific Northwest,published school average GPA and MCAT,3.58,507,
shemmassian,Shemmassian,https://www.shemmassianconsulting.com/blog/average-gpa-and-mcat-score-for-every-medical-school,,149,Drexel University College of Medicine,Drexel University College of Medicine,published school average GPA and MCAT,3.76,512,
shemmassian,Shemmassian,https://www.shemmassianconsulting.com/blog/average-gpa-and-mcat-score-for-every-medical-school,,150,Geisinger Commonwealth School of Medicine,Geisinger Commonwealth School of Medicine,published school average GPA and MCAT,3.81,513.06,
shemmassian,Shemmassian,https://www.shemmassianconsulting.com/blog/average-gpa-and-mcat-score-for-every-medical-school,,151,Pennsylvania State University College of Medicine*,Pennsylvania State University College of Medicine,published school average GPA and MCAT,3.75,511,source row carried an asterisk
shemmassian,Shemmassian,https://www.shemmassianconsulting.com/blog/average-gpa-and-mcat-score-for-every-medical-school,,152,Perelman School of Medicine University of Pennsylvania,Perelman School of Medicine University of Pennsylvania,published school average GPA and MCAT,3.97,521,
shemmassian,Shemmassian,https://www.shemmassianconsulting.com/blog/average-gpa-and-mcat-score-for-every-medical-school,,153,Sidney Kimmel Medical College at Thomas Jefferson University,Sidney Kimmel Medical College at Thomas Jefferson University,published school average GPA and MCAT,3.8,513,
shemmassian,Shemmassian,https://www.shemmassianconsulting.com/blog/average-gpa-and-mcat-score-for-every-medical-school,,154,Temple University Lewis Katz School of Medicine*,Temple University Lewis Katz School of Medicine,published school average GPA and MCAT,3.7,510,source row carried an asterisk
shemmassian,Shemmassian,https://www.shemmassianconsulting.com/blog/average-gpa-and-mcat-score-for-every-medical-school,,155,University of Pittsburgh School of Medicine*,University of Pittsburgh School of Medicine,published school average GPA and MCAT,3.91,516,source row carried an asterisk
shemmassian,Shemmassian,https://www.shemmassianconsulting.com/blog/average-gpa-and-mcat-score-for-every-medical-school,,156,Lake Erie College of Osteopathic Medicine,Lake Erie College of Osteopathic Medicine,published school average GPA and MCAT,3.41,503,
shemmassian,Shemmassian,https://www.shemmassianconsulting.com/blog/average-gpa-and-mcat-score-for-every-medical-school,,157,Philadelphia College of Osteopathic Medicine,Philadelphia College of Osteopathic Medicine,published school average GPA and MCAT,3.5,504,
shemmassian,Shemmassian,https://www.shemmassianconsulting.com/blog/average-gpa-and-mcat-score-for-every-medical-school,,158,Ponce School of Medicine and Health Sciences,Ponce School of Medicine and Health Sciences,published school average GPA and MCAT,3.5,499,
shemmassian,Shemmassian,https://www.shemmassianconsulting.com/blog/average-gpa-and-mcat-score-for-every-medical-school,,159,San Juan Bautista School of Medicine,San Juan Bautista School of Medicine,published school average GPA and MCAT,3.57,499,
shemmassian,Shemmassian,https://www.shemmassianconsulting.com/blog/average-gpa-and-mcat-score-for-every-medical-school,,160,Universidad Central Del Caribe School of Medicine,Universidad Central Del Caribe School of Medicine,published school average GPA and MCAT,3.8,501,
shemmassian,Shemmassian,https://www.shemmassianconsulting.com/blog/average-gpa-and-mcat-score-for-every-medical-school,,161,University of Puerto Rico School of Medicine*,University of Puerto Rico School of Medicine,published school average GPA and MCAT,3.8,506,source row carried an asterisk
shemmassian,Shemmassian,https://www.shemmassianconsulting.com/blog/average-gpa-and-mcat-score-for-every-medical-school,,162,Brown University The Warren Alpert Medical School,Brown University The Warren Alpert Medical School,published school average GPA and MCAT,3.83,516,
shemmassian,Shemmassian,https://www.shemmassianconsulting.com/blog/average-gpa-and-mcat-score-for-every-medical-school,,163,Medical University of South Carolina College of Medicine*,Medical University of South Carolina College of Medicine,published school average GPA and MCAT,3.85,511.2,source row carried an asterisk
shemmassian,Shemmassian,https://www.shemmassianconsulting.com/blog/average-gpa-and-mcat-score-for-every-medical-school,,164,University of South Carolina School of Medicine - Columbia*,University of South Carolina School of Medicine - Columbia,published school average GPA and MCAT,3.77,508,source row carried an asterisk
shemmassian,Shemmassian,https://www.shemmassianconsulting.com/blog/average-gpa-and-mcat-score-for-every-medical-school,,165,University of South Carolina School of Medicine - Greenville*,University of South Carolina School of Medicine - Greenville,published school average GPA and MCAT,3.75,509,source row carried an asterisk
shemmassian,Shemmassian,https://www.shemmassianconsulting.com/blog/average-gpa-and-mcat-score-for-every-medical-school,,166,Edward Via College of Osteopathic Medicine - Carolinas Campus,Edward Via College of Osteopathic Medicine - Carolinas Campus,published school average GPA and MCAT,3.7,500,
shemmassian,Shemmassian,https://www.shemmassianconsulting.com/blog/average-gpa-and-mcat-score-for-every-medical-school,,167,University of South Dakota Sanford School of Medicine*,University of South Dakota Sanford School of Medicine,published school average GPA and MCAT,3.79,508.3,source row carried an asterisk
shemmassian,Shemmassian,https://www.shemmassianconsulting.com/blog/average-gpa-and-mcat-score-for-every-medical-school,,168,East Tennessee State University Quillen College of Medicine*,East Tennessee State University Quillen College of Medicine,published school average GPA and MCAT,3.85,513,source row carried an asterisk
shemmassian,Shemmassian,https://www.shemmassianconsulting.com/blog/average-gpa-and-mcat-score-for-every-medical-school,,169,Meharry Medical College School of Medicine,Meharry Medical College School of Medicine,published school average GPA and MCAT,3.46,503,
shemmassian,Shemmassian,https://www.shemmassianconsulting.com/blog/average-gpa-and-mcat-score-for-every-medical-school,,170,University of Tennessee Health Science Center College of Medicine*,University of Tennessee Health Science Center College of Medicine,published school average GPA and MCAT,3.83,513,source row carried an asterisk
shemmassian,Shemmassian,https://www.shemmassianconsulting.com/blog/average-gpa-and-mcat-score-for-every-medical-school,,171,Vanderbilt University School of Medicine,Vanderbilt University School of Medicine,published school average GPA and MCAT,3.5,508,
shemmassian,Shemmassian,https://www.shemmassianconsulting.com/blog/average-gpa-and-mcat-score-for-every-medical-school,,172,Lincoln Memorial University DeBusk College of Osteopathic Medicine,Lincoln Memorial University DeBusk College of Osteopathic Medicine,published school average GPA and MCAT,3.4,501,
shemmassian,Shemmassian,https://www.shemmassianconsulting.com/blog/average-gpa-and-mcat-score-for-every-medical-school,,173,Baylor College of Medicine,Baylor College of Medicine,published school average GPA and MCAT,3.92,518,
shemmassian,Shemmassian,https://www.shemmassianconsulting.com/blog/average-gpa-and-mcat-score-for-every-medical-school,,174,TCU and UNTHSC School of Medicine,TCU and UNTHSC School of Medicine,published school average GPA and MCAT,3.81,512,
shemmassian,Shemmassian,https://www.shemmassianconsulting.com/blog/average-gpa-and-mcat-score-for-every-medical-school,,175,Texas A&M Health Science Center College of Medicine*,Texas A&M Health Science Center College of Medicine,published school average GPA and MCAT,3.89,513,source row carried an asterisk
shemmassian,Shemmassian,https://www.shemmassianconsulting.com/blog/average-gpa-and-mcat-score-for-every-medical-school,,176,Texas Tech University Health Sciences Center Paul L. Foster School of Medicine*,Texas Tech University Health Sciences Center Paul L. Foster School of Medicine,published school average GPA and MCAT,3.84,509,source row carried an asterisk
shemmassian,Shemmassian,https://www.shemmassianconsulting.com/blog/average-gpa-and-mcat-score-for-every-medical-school,,177,Texas Tech University Health Sciences Center School of Medicine - Lubbock*,Texas Tech University Health Sciences Center School of Medicine - Lubbock,published school average GPA and MCAT,3.85,509,source row carried an asterisk
shemmassian,Shemmassian,https://www.shemmassianconsulting.com/blog/average-gpa-and-mcat-score-for-every-medical-school,,178,University of Houston Tilman J. Fertitta Family College of Medicine*,University of Houston Tilman J. Fertitta Family College of Medicine,published school average GPA and MCAT,3.84,512,source row carried an asterisk
shemmassian,Shemmassian,https://www.shemmassianconsulting.com/blog/average-gpa-and-mcat-score-for-every-medical-school,,179,University of Texas at Austin Dell Medical School*,University of Texas at Austin Dell Medical School,published school average GPA and MCAT,3.93,517,source row carried an asterisk
shemmassian,Shemmassian,https://www.shemmassianconsulting.com/blog/average-gpa-and-mcat-score-for-every-medical-school,,180,University of Texas Medical Branch School of Medicine*,University of Texas Medical Branch School of Medicine,published school average GPA and MCAT,3.78,512,source row carried an asterisk
shemmassian,Shemmassian,https://www.shemmassianconsulting.com/blog/average-gpa-and-mcat-score-for-every-medical-school,,181,University of Texas McGovern Medical School at Houston*,University of Texas McGovern Medical School at Houston,published school average GPA and MCAT,3.84,512,source row carried an asterisk
shemmassian,Shemmassian,https://www.shemmassianconsulting.com/blog/average-gpa-and-mcat-score-for-every-medical-school,,182,University of Texas Rio Grande Valley School of Medicine*,University of Texas Rio Grande Valley School of Medicine,published school average GPA and MCAT,3.85,509,source row carried an asterisk
shemmassian,Shemmassian,https://www.shemmassianconsulting.com/blog/average-gpa-and-mcat-score-for-every-medical-school,,183,University of Texas School of Medicine at San Antonio*,University of Texas School of Medicine at San Antonio,published school average GPA and MCAT,3.9,518.6,source row carried an asterisk
shemmassian,Shemmassian,https://www.shemmassianconsulting.com/blog/average-gpa-and-mcat-score-for-every-medical-school,,184,University of Texas Southwestern Medical School*,University of Texas Southwestern Medical School,published school average GPA and MCAT,3.96,517,source row carried an asterisk
shemmassian,Shemmassian,https://www.shemmassianconsulting.com/blog/average-gpa-and-mcat-score-for-every-medical-school,,185,Sam Houston State University College of Osteopathic Medicine*,Sam Houston State University College of Osteopathic Medicine,published school average GPA and MCAT,3.8,506,source row carried an asterisk
shemmassian,Shemmassian,https://www.shemmassianconsulting.com/blog/average-gpa-and-mcat-score-for-every-medical-school,,186,University of the Incarnate Word School of Osteopathic Medicine,University of the Incarnate Word School of Osteopathic Medicine,published school average GPA and MCAT,3.6,504,
shemmassian,Shemmassian,https://www.shemmassianconsulting.com/blog/average-gpa-and-mcat-score-for-every-medical-school,,187,University of North Texas Health Science Center at Fort Worth Texas College of Osteopathic Medicine,University of North Texas Health Science Center at Fort Worth Texas College of Osteopathic Medicine,published school average GPA and MCAT,3.82,507.2,
shemmassian,Shemmassian,https://www.shemmassianconsulting.com/blog/average-gpa-and-mcat-score-for-every-medical-school,,188,University of Utah School of Medicine*,University of Utah School of Medicine,published school average GPA and MCAT,3.87,514,source row carried an asterisk
shemmassian,Shemmassian,https://www.shemmassianconsulting.com/blog/average-gpa-and-mcat-score-for-every-medical-school,,189,Noorda College of Osteopathic Medicine,Noorda College of Osteopathic Medicine,published school average GPA and MCAT,3.5,504,
shemmassian,Shemmassian,https://www.shemmassianconsulting.com/blog/average-gpa-and-mcat-score-for-every-medical-school,,190,Eastern Virginia Medical School*,Eastern Virginia Medical School,published school average GPA and MCAT,3.7,513,source row carried an asterisk
shemmassian,Shemmassian,https://www.shemmassianconsulting.com/blog/average-gpa-and-mcat-score-for-every-medical-school,,191,Virginia Commonwealth University School of Medicine*,Virginia Commonwealth University School of Medicine,published school average GPA and MCAT,3.7,512,source row carried an asterisk
shemmassian,Shemmassian,https://www.shemmassianconsulting.com/blog/average-gpa-and-mcat-score-for-every-medical-school,,192,Virginia Tech Carilion School of Medicine and Research Institute*,Virginia Tech Carilion School of Medicine and Research Institute,published school average GPA and MCAT,3.67,512,source row carried an asterisk
shemmassian,Shemmassian,https://www.shemmassianconsulting.com/blog/average-gpa-and-mcat-score-for-every-medical-school,,193,University of Virginia School of Medicine*,University of Virginia School of Medicine,published school average GPA and MCAT,3.85,518,source row carried an asterisk
shemmassian,Shemmassian,https://www.shemmassianconsulting.com/blog/average-gpa-and-mcat-score-for-every-medical-school,,194,Edward Via College of Osteopathic Medicine - Virginia Campus,Edward Via College of Osteopathic Medicine - Virginia Campus,published school average GPA and MCAT,3.6,502,
shemmassian,Shemmassian,https://www.shemmassianconsulting.com/blog/average-gpa-and-mcat-score-for-every-medical-school,,195,Liberty University College of Osteopathic Medicine,Liberty University College of Osteopathic Medicine,published school average GPA and MCAT,3.4,504,
shemmassian,Shemmassian,https://www.shemmassianconsulting.com/blog/average-gpa-and-mcat-score-for-every-medical-school,,196,The University of Vermont Larner College of Medicine*,The University of Vermont Larner College of Medicine,published school average GPA and MCAT,3.7,512,source row carried an asterisk
shemmassian,Shemmassian,https://www.shemmassianconsulting.com/blog/average-gpa-and-mcat-score-for-every-medical-school,,197,University of Washington School of Medicine*,University of Washington School of Medicine,published school average GPA and MCAT,3.7,511,source row carried an asterisk
shemmassian,Shemmassian,https://www.shemmassianconsulting.com/blog/average-gpa-and-mcat-score-for-every-medical-school,,198,Washington State University Elson S. Floyd College of Medicine*,Washington State University Elson S. Floyd College of Medicine,published school average GPA and MCAT,3.64,507.9,source row carried an asterisk
shemmassian,Shemmassian,https://www.shemmassianconsulting.com/blog/average-gpa-and-mcat-score-for-every-medical-school,,199,Pacific Northwestern University of Health Sciences College of Osteopathic Medicine,Pacific Northwestern University of Health Sciences College of Osteopathic Medicine,published school average GPA and MCAT,3.6,503,
shemmassian,Shemmassian,https://www.shemmassianconsulting.com/blog/average-gpa-and-mcat-score-for-every-medical-school,,200,Marshall University Joan C. Edwards School of Medicine*,Marshall University Joan C. Edwards School of Medicine,published school average GPA and MCAT,3.81,506,source row carried an asterisk
shemmassian,Shemmassian,https://www.shemmassianconsulting.com/blog/average-gpa-and-mcat-score-for-every-medical-school,,201,West Virginia University School of Medicine*,West Virginia University School of Medicine,published school average GPA and MCAT,3.8,511,source row carried an asterisk
shemmassian,Shemmassian,https://www.shemmassianconsulting.com/blog/average-gpa-and-mcat-score-for-every-medical-school,,202,West Virginia School of Osteopathic Medicine*,West Virginia School of Osteopathic Medicine,published school average GPA and MCAT,3.53,502,source row carried an asterisk
shemmassian,Shemmassian,https://www.shemmassianconsulting.com/blog/average-gpa-and-mcat-score-for-every-medical-school,,203,Medical College of Wisconsin,Medical College of Wisconsin,published school average GPA and MCAT,3.7,508,
shemmassian,Shemmassian,https://www.shemmassianconsulting.com/blog/average-gpa-and-mcat-score-for-every-medical-school,,204,University of Wisconsin School of Medicine and Public Health*,University of Wisconsin School of Medicine and Public Health,published school average GPA and MCAT,3.78,511,source row carried an asterisk
matchguy,The Match Guy,https://thematchguy.com/average-mcat-gpa-medical-school-acceptance/,,2,Albany Medical College,Albany Medical College,published school average GPA and MCAT,3.77,512,
matchguy,The Match Guy,https://thematchguy.com/average-mcat-gpa-medical-school-acceptance/,,3,Boston University Sch of Med,Boston University Sch of Med,published school average GPA and MCAT,3.76,517,
matchguy,The Match Guy,https://thematchguy.com/average-mcat-gpa-medical-school-acceptance/,,4,Brown University The Warren Alpert Medical School,Brown University The Warren Alpert Medical School,published school average GPA and MCAT,3.76,516,
matchguy,The Match Guy,https://thematchguy.com/average-mcat-gpa-medical-school-acceptance/,,5,California Northstate University College of Medicine,California Northstate University College of Medicine,published school average GPA and MCAT,3.83,513.4,
matchguy,The Match Guy,https://thematchguy.com/average-mcat-gpa-medical-school-acceptance/,,6,California University of Science and Medicine,California University of Science and Medicine,published school average GPA and MCAT,,510,
matchguy,The Match Guy,https://thematchguy.com/average-mcat-gpa-medical-school-acceptance/,,7,Case Western Reserve University School of Medicine,Case Western Reserve University School of Medicine,published school average GPA and MCAT,3.9,517,
matchguy,The Match Guy,https://thematchguy.com/average-mcat-gpa-medical-school-acceptance/,,8,Chicago Medical School at Rosalind Franklin University of Medicine & Science,Chicago Medical School at Rosalind Franklin University of Medicine & Science,published school average GPA and MCAT,3.69,508,
matchguy,The Match Guy,https://thematchguy.com/average-mcat-gpa-medical-school-acceptance/,,9,Creighton University School of Medicine,Creighton University School of Medicine,published school average GPA and MCAT,3.86,513,
matchguy,The Match Guy,https://thematchguy.com/average-mcat-gpa-medical-school-acceptance/,,10,Dalhousie University Faculty of Medicine,Dalhousie University Faculty of Medicine,published school average GPA and MCAT,3.8,505,
matchguy,The Match Guy,https://thematchguy.com/average-mcat-gpa-medical-school-acceptance/,,11,Donald and Barbara Zucker School of Medicine at Hofstra/Northwell,Donald and Barbara Zucker School of Medicine at Hofstra/Northwell,published school average GPA and MCAT,3.92,518,
matchguy,The Match Guy,https://thematchguy.com/average-mcat-gpa-medical-school-acceptance/,,12,Drexel University College of Medicine,Drexel University College of Medicine,published school average GPA and MCAT,3.76,512,
matchguy,The Match Guy,https://thematchguy.com/average-mcat-gpa-medical-school-acceptance/,,13,East Tennessee State University James H. Quillen College of Medicine,East Tennessee State University James H. Quillen College of Medicine,published school average GPA and MCAT,3.85,512.82,
matchguy,The Match Guy,https://thematchguy.com/average-mcat-gpa-medical-school-acceptance/,,14,Eastern Virginia Medical School,Eastern Virginia Medical School,published school average GPA and MCAT,3.7,513,
matchguy,The Match Guy,https://thematchguy.com/average-mcat-gpa-medical-school-acceptance/,,15,Emory University School of Medicine,Emory University School of Medicine,published school average GPA and MCAT,3.81,514.9,
matchguy,The Match Guy,https://thematchguy.com/average-mcat-gpa-medical-school-acceptance/,,16,Florida Atlantic University Charles E. Schmidt College of Medicine,Florida Atlantic University Charles E. Schmidt College of Medicine,published school average GPA and MCAT,3.83,513,
matchguy,The Match Guy,https://thematchguy.com/average-mcat-gpa-medical-school-acceptance/,,17,Florida International University Herbert Wertheim College of Medicine,Florida International University Herbert Wertheim College of Medicine,published school average GPA and MCAT,3.82,510,
matchguy,The Match Guy,https://thematchguy.com/average-mcat-gpa-medical-school-acceptance/,,18,Frank H. Netter MD School of Medicine at Quinnipiac University,Frank H. Netter MD School of Medicine at Quinnipiac University,published school average GPA and MCAT,3.7,511,
matchguy,The Match Guy,https://thematchguy.com/average-mcat-gpa-medical-school-acceptance/,,19,Geisel School of Medicine at Dartmouth,Geisel School of Medicine at Dartmouth,published school average GPA and MCAT,3.77,516,
matchguy,The Match Guy,https://thematchguy.com/average-mcat-gpa-medical-school-acceptance/,,20,Geisinger Commonwealth School of Medicine,Geisinger Commonwealth School of Medicine,published school average GPA and MCAT,3.81,513.06,
matchguy,The Match Guy,https://thematchguy.com/average-mcat-gpa-medical-school-acceptance/,,21,George Washington University School of Medicine and Health Sciences,George Washington University School of Medicine and Health Sciences,published school average GPA and MCAT,3.8,515,
matchguy,The Match Guy,https://thematchguy.com/average-mcat-gpa-medical-school-acceptance/,,22,Georgetown University School of Medicine,Georgetown University School of Medicine,published school average GPA and MCAT,3.76,513,
matchguy,The Match Guy,https://thematchguy.com/average-mcat-gpa-medical-school-acceptance/,,23,Harvard Medical School,Harvard Medical School,published school average GPA and MCAT,3.9,520.48,
matchguy,The Match Guy,https://thematchguy.com/average-mcat-gpa-medical-school-acceptance/,,24,Indiana University School of Medicine,Indiana University School of Medicine,published school average GPA and MCAT,3.85,512,
matchguy,The Match Guy,https://thematchguy.com/average-mcat-gpa-medical-school-acceptance/,,25,Jacobs School of Medicine and Biomedical Sciences at the University at Buffalo,Jacobs School of Medicine and Biomedical Sciences at the University at Buffalo,published school average GPA and MCAT,3.7,510,
matchguy,The Match Guy,https://thematchguy.com/average-mcat-gpa-medical-school-acceptance/,,26,Johns Hopkins University School of Medicine,Johns Hopkins University School of Medicine,published school average GPA and MCAT,3.94,520,
matchguy,The Match Guy,https://thematchguy.com/average-mcat-gpa-medical-school-acceptance/,,27,Kaiser Permanente Bernard J. Tyson School of Medicine,Kaiser Permanente Bernard J. Tyson School of Medicine,published school average GPA and MCAT,3.78,514,
matchguy,The Match Guy,https://thematchguy.com/average-mcat-gpa-medical-school-acceptance/,,28,Keck School of Medicine of the University of Southern California,Keck School of Medicine of the University of Southern California,published school average GPA and MCAT,3.85,517,
matchguy,The Match Guy,https://thematchguy.com/average-mcat-gpa-medical-school-acceptance/,,29,Loma Linda University School of Medicine,Loma Linda University School of Medicine,published school average GPA and MCAT,3.8,509,
matchguy,The Match Guy,https://thematchguy.com/average-mcat-gpa-medical-school-acceptance/,,30,Louisiana State University School of Medicine in Shreveport,Louisiana State University School of Medicine in Shreveport,published school average GPA and MCAT,3.7,507,
matchguy,The Match Guy,https://thematchguy.com/average-mcat-gpa-medical-school-acceptance/,,31,Loyola University Chicago Stritch School of Medicine,Loyola University Chicago Stritch School of Medicine,published school average GPA and MCAT,3.8,512,
matchguy,The Match Guy,https://thematchguy.com/average-mcat-gpa-medical-school-acceptance/,,32,Marshall University Joan C. Edwards School of Medicine,Marshall University Joan C. Edwards School of Medicine,published school average GPA and MCAT,3.81,506,
matchguy,The Match Guy,https://thematchguy.com/average-mcat-gpa-medical-school-acceptance/,,33,"Max Rady College of Medicine, Rady Faculty of Health Sciences, University of Manitoba","Max Rady College of Medicine, Rady Faculty of Health Sciences, University of Manitoba",published school average GPA and MCAT,4.27,513,
matchguy,The Match Guy,https://thematchguy.com/average-mcat-gpa-medical-school-acceptance/,,34,Mayo Clinic Alix School of Medicine,Mayo Clinic Alix School of Medicine,published school average GPA and MCAT,3.95,521,
matchguy,The Match Guy,https://thematchguy.com/average-mcat-gpa-medical-school-acceptance/,,35,McGill University Faculty of Medicine,McGill University Faculty of Medicine,published school average GPA and MCAT,3.8,,
matchguy,The Match Guy,https://thematchguy.com/average-mcat-gpa-medical-school-acceptance/,,36,Medical College of Georgia at Augusta University,Medical College of Georgia at Augusta University,published school average GPA and MCAT,3.8,513,
matchguy,The Match Guy,https://thematchguy.com/average-mcat-gpa-medical-school-acceptance/,,37,Medical University of South Carolina College of Medicine,Medical University of South Carolina College of Medicine,published school average GPA and MCAT,3.7,511,
matchguy,The Match Guy,https://thematchguy.com/average-mcat-gpa-medical-school-acceptance/,,38,Mercer University School of Medicine,Mercer University School of Medicine,published school average GPA and MCAT,3.69,503,
matchguy,The Match Guy,https://thematchguy.com/average-mcat-gpa-medical-school-acceptance/,,39,Michigan State University College of Human Medicine,Michigan State University College of Human Medicine,published school average GPA and MCAT,3,,
matchguy,The Match Guy,https://thematchguy.com/average-mcat-gpa-medical-school-acceptance/,,40,Morehouse School of Medicine,Morehouse School of Medicine,published school average GPA and MCAT,3.64,505.6,
matchguy,The Match Guy,https://thematchguy.com/average-mcat-gpa-medical-school-acceptance/,,41,New York Medical College,New York Medical College,published school average GPA and MCAT,3.73,515,
matchguy,The Match Guy,https://thematchguy.com/average-mcat-gpa-medical-school-acceptance/,,42,New York University Grossman School of Medicine,New York University Grossman School of Medicine,published school average GPA and MCAT,3.95,522.39,
matchguy,The Match Guy,https://thematchguy.com/average-mcat-gpa-medical-school-acceptance/,,43,Northeast Ohio Medical University,Northeast Ohio Medical University,published school average GPA and MCAT,3.75,511,
matchguy,The Match Guy,https://thematchguy.com/average-mcat-gpa-medical-school-acceptance/,,44,Northern Ontario School of Medicine,Northern Ontario School of Medicine,published school average GPA and MCAT,3.79,,
matchguy,The Match Guy,https://thematchguy.com/average-mcat-gpa-medical-school-acceptance/,,45,Northwestern University The Feinberg School of Medicine,Northwestern University The Feinberg School of Medicine,published school average GPA and MCAT,3.93,521,
matchguy,The Match Guy,https://thematchguy.com/average-mcat-gpa-medical-school-acceptance/,,46,Nova Southeastern University Dr. Kiran C. Patel College of Allopathic Medicine,Nova Southeastern University Dr. Kiran C. Patel College of Allopathic Medicine,published school average GPA and MCAT,3.75,512,
matchguy,The Match Guy,https://thematchguy.com/average-mcat-gpa-medical-school-acceptance/,,47,Oakland University William Beaumont School of Medicine,Oakland University William Beaumont School of Medicine,published school average GPA and MCAT,3.89,510,
matchguy,The Match Guy,https://thematchguy.com/average-mcat-gpa-medical-school-acceptance/,,48,Ohio State University College of Medicine,Ohio State University College of Medicine,published school average GPA and MCAT,3.83,514,
matchguy,The Match Guy,https://thematchguy.com/average-mcat-gpa-medical-school-acceptance/,,49,Oregon Health & Science University School of Medicine,Oregon Health & Science University School of Medicine,published school average GPA and MCAT,3.66,509,
matchguy,The Match Guy,https://thematchguy.com/average-mcat-gpa-medical-school-acceptance/,,50,Perelman School of Medicine at the University of Pennsylvania,Perelman School of Medicine at the University of Pennsylvania,published school average GPA and MCAT,3.94,521.7,
matchguy,The Match Guy,https://thematchguy.com/average-mcat-gpa-medical-school-acceptance/,,51,Queen’s University Faculty of Health Sciences,Queen’s University Faculty of Health Sciences,published school average GPA and MCAT,3.75,513,
matchguy,The Match Guy,https://thematchguy.com/average-mcat-gpa-medical-school-acceptance/,,52,Rush Medical College of Rush University Medical Center,Rush Medical College of Rush University Medical Center,published school average GPA and MCAT,3.72,510,
matchguy,The Match Guy,https://thematchguy.com/average-mcat-gpa-medical-school-acceptance/,,53,Saint Louis University School of Medicine,Saint Louis University School of Medicine,published school average GPA and MCAT,3.9,514,
matchguy,The Match Guy,https://thematchguy.com/average-mcat-gpa-medical-school-acceptance/,,54,Sidney Kimmel Medical College at Thomas Jefferson University,Sidney Kimmel Medical College at Thomas Jefferson University,published school average GPA and MCAT,3.8,513,
matchguy,The Match Guy,https://thematchguy.com/average-mcat-gpa-medical-school-acceptance/,,55,Southern Illinois University School of Medicine,Southern Illinois University School of Medicine,published school average GPA and MCAT,2.8,,
matchguy,The Match Guy,https://thematchguy.com/average-mcat-gpa-medical-school-acceptance/,,56,Stanford University School of Medicine,Stanford University School of Medicine,published school average GPA and MCAT,,,
matchguy,The Match Guy,https://thematchguy.com/average-mcat-gpa-medical-school-acceptance/,,57,State University of New York Upstate Medical University,State University of New York Upstate Medical University,published school average GPA and MCAT,3.74,512,
matchguy,The Match Guy,https://thematchguy.com/average-mcat-gpa-medical-school-acceptance/,,58,TCU and UNTHSC School of Medicine,TCU and UNTHSC School of Medicine,published school average GPA and MCAT,3.81,512,
matchguy,The Match Guy,https://thematchguy.com/average-mcat-gpa-medical-school-acceptance/,,59,Texas Tech University Health Sciences Center Paul L. Foster School of Medicine,Texas Tech University Health Sciences Center Paul L. Foster School of Medicine,published school average GPA and MCAT,3.84,509,
matchguy,The Match Guy,https://thematchguy.com/average-mcat-gpa-medical-school-acceptance/,,60,The University of Texas Health Science Center at San Antonio Joe R. and Teresa Lozano Long School of Medicine,The University of Texas Health Science Center at San Antonio Joe R. and Teresa Lozano Long School of Medicine,published school average GPA and MCAT,3.87,517.6,
matchguy,The Match Guy,https://thematchguy.com/average-mcat-gpa-medical-school-acceptance/,,61,The University of Toledo College of Medicine and Life Sciences,The University of Toledo College of Medicine and Life Sciences,published school average GPA and MCAT,3.78,510,
matchguy,The Match Guy,https://thematchguy.com/average-mcat-gpa-medical-school-acceptance/,,62,The University of Western Ontario - Schulich School of Medicine & Dentistry,The University of Western Ontario - Schulich School of Medicine & Dentistry,published school average GPA and MCAT,3.96,513,
matchguy,The Match Guy,https://thematchguy.com/average-mcat-gpa-medical-school-acceptance/,,63,Tufts University School of Medicine,Tufts University School of Medicine,published school average GPA and MCAT,3.82,514,
matchguy,The Match Guy,https://thematchguy.com/average-mcat-gpa-medical-school-acceptance/,,64,Tulane University School of Medicine,Tulane University School of Medicine,published school average GPA and MCAT,3.7,510,
matchguy,The Match Guy,https://thematchguy.com/average-mcat-gpa-medical-school-acceptance/,,65,Uniformed Services University of the Health Sciences F. Edward Hebert School of Medicine,Uniformed Services University of the Health Sciences F. Edward Hebert School of Medicine,published school average GPA and MCAT,3.7,510,
matchguy,The Match Guy,https://thematchguy.com/average-mcat-gpa-medical-school-acceptance/,,66,University of Alabama School of Medicine,University of Alabama School of Medicine,published school average GPA and MCAT,3.87,509.4,
matchguy,The Match Guy,https://thematchguy.com/average-mcat-gpa-medical-school-acceptance/,,67,University of Alberta Faculty of Medicine and Dentistry,University of Alberta Faculty of Medicine and Dentistry,published school average GPA and MCAT,3.84,,
matchguy,The Match Guy,https://thematchguy.com/average-mcat-gpa-medical-school-acceptance/,,68,University of Arizona College of Medicine - Phoenix,University of Arizona College of Medicine - Phoenix,published school average GPA and MCAT,3.8,516,
matchguy,The Match Guy,https://thematchguy.com/average-mcat-gpa-medical-school-acceptance/,,69,University of Arizona College of Medicine - Tucson,University of Arizona College of Medicine - Tucson,published school average GPA and MCAT,,,
matchguy,The Match Guy,https://thematchguy.com/average-mcat-gpa-medical-school-acceptance/,,70,University of Arkansas for Medical Sciences College of Medicine,University of Arkansas for Medical Sciences College of Medicine,published school average GPA and MCAT,3.83,509,
matchguy,The Match Guy,https://thematchguy.com/average-mcat-gpa-medical-school-acceptance/,,71,"University of California, Davis, School of Medicine","University of California, Davis, School of Medicine",published school average GPA and MCAT,3.72,509,
matchguy,The Match Guy,https://thematchguy.com/average-mcat-gpa-medical-school-acceptance/,,72,"University of California, Irvine, School of Medicine","University of California, Irvine, School of Medicine",published school average GPA and MCAT,3.86,516,
matchguy,The Match Guy,https://thematchguy.com/average-mcat-gpa-medical-school-acceptance/,,73,"University of California, Riverside School of Medicine","University of California, Riverside School of Medicine",published school average GPA and MCAT,3.66,509,
matchguy,The Match Guy,https://thematchguy.com/average-mcat-gpa-medical-school-acceptance/,,74,"University of California, San Diego School of Medicine","University of California, San Diego School of Medicine",published school average GPA and MCAT,3.83,514.4,
matchguy,The Match Guy,https://thematchguy.com/average-mcat-gpa-medical-school-acceptance/,,75,University of Cincinnati College of Medicine,University of Cincinnati College of Medicine,published school average GPA and MCAT,3.83,513,
matchguy,The Match Guy,https://thematchguy.com/average-mcat-gpa-medical-school-acceptance/,,76,University of Colorado School of Medicine,University of Colorado School of Medicine,published school average GPA and MCAT,,500,
matchguy,The Match Guy,https://thematchguy.com/average-mcat-gpa-medical-school-acceptance/,,77,University of Florida College of Medicine,University of Florida College of Medicine,published school average GPA and MCAT,,500,
matchguy,The Match Guy,https://thematchguy.com/average-mcat-gpa-medical-school-acceptance/,,78,"University of Hawaii, John A. Burns School of Medicine","University of Hawaii, John A. Burns School of Medicine",published school average GPA and MCAT,3.79,512,
matchguy,The Match Guy,https://thematchguy.com/average-mcat-gpa-medical-school-acceptance/,,79,University of Houston College of Medicine,University of Houston College of Medicine,published school average GPA and MCAT,3.84,512,
matchguy,The Match Guy,https://thematchguy.com/average-mcat-gpa-medical-school-acceptance/,,80,University of Illinois College of Medicine,University of Illinois College of Medicine,published school average GPA and MCAT,3.82,511,
matchguy,The Match Guy,https://thematchguy.com/average-mcat-gpa-medical-school-acceptance/,,81,University of Iowa Roy J. and Lucille A. Carver College of Medicine,University of Iowa Roy J. and Lucille A. Carver College of Medicine,published school average GPA and MCAT,3,514,
matchguy,The Match Guy,https://thematchguy.com/average-mcat-gpa-medical-school-acceptance/,,82,University of Kansas School of Medicine,University of Kansas School of Medicine,published school average GPA and MCAT,3.84,509,
matchguy,The Match Guy,https://thematchguy.com/average-mcat-gpa-medical-school-acceptance/,,83,University of Kentucky College of Medicine,University of Kentucky College of Medicine,published school average GPA and MCAT,3.83,506,
matchguy,The Match Guy,https://thematchguy.com/average-mcat-gpa-medical-school-acceptance/,,84,University of Louisville School of Medicine,University of Louisville School of Medicine,published school average GPA and MCAT,3.73,508,
matchguy,The Match Guy,https://thematchguy.com/average-mcat-gpa-medical-school-acceptance/,,85,University of Maryland School of Medicine,University of Maryland School of Medicine,published school average GPA and MCAT,3.83,,
matchguy,The Match Guy,https://thematchguy.com/average-mcat-gpa-medical-school-acceptance/,,86,University of Massachusetts Medical School,University of Massachusetts Medical School,published school average GPA and MCAT,3.87,512,
matchguy,The Match Guy,https://thematchguy.com/average-mcat-gpa-medical-school-acceptance/,,87,University of Miami Leonard M. Miller School of Medicine,University of Miami Leonard M. Miller School of Medicine,published school average GPA and MCAT,3.85,516,
matchguy,The Match Guy,https://thematchguy.com/average-mcat-gpa-medical-school-acceptance/,,88,University of Michigan Medical School,University of Michigan Medical School,published school average GPA and MCAT,3.85,,
matchguy,The Match Guy,https://thematchguy.com/average-mcat-gpa-medical-school-acceptance/,,89,University of Mississippi School of Medicine,University of Mississippi School of Medicine,published school average GPA and MCAT,3.8,506,
matchguy,The Match Guy,https://thematchguy.com/average-mcat-gpa-medical-school-acceptance/,,90,University of Missouri-Columbia School of Medicine,University of Missouri-Columbia School of Medicine,published school average GPA and MCAT,3.84,511,
matchguy,The Match Guy,https://thematchguy.com/average-mcat-gpa-medical-school-acceptance/,,91,University of New Mexico School of Medicine,University of New Mexico School of Medicine,published school average GPA and MCAT,3.75,507,
matchguy,The Match Guy,https://thematchguy.com/average-mcat-gpa-medical-school-acceptance/,,92,University of North Carolina at Chapel Hill School of Medicine,University of North Carolina at Chapel Hill School of Medicine,published school average GPA and MCAT,3.79,514,
matchguy,The Match Guy,https://thematchguy.com/average-mcat-gpa-medical-school-acceptance/,,93,University of Oklahoma College of Medicine,University of Oklahoma College of Medicine,published school average GPA and MCAT,3,,
matchguy,The Match Guy,https://thematchguy.com/average-mcat-gpa-medical-school-acceptance/,,94,University of Ottawa Faculty of Medicine,University of Ottawa Faculty of Medicine,published school average GPA and MCAT,3.74,510,
matchguy,The Match Guy,https://thematchguy.com/average-mcat-gpa-medical-school-acceptance/,,95,University of Pittsburgh School of Medicine,University of Pittsburgh School of Medicine,published school average GPA and MCAT,3.91,516,
matchguy,The Match Guy,https://thematchguy.com/average-mcat-gpa-medical-school-acceptance/,,96,University of Puerto Rico School of Medicine,University of Puerto Rico School of Medicine,published school average GPA and MCAT,3.8,506,
matchguy,The Match Guy,https://thematchguy.com/average-mcat-gpa-medical-school-acceptance/,,97,University of Rochester School of Medicine and Dentistry,University of Rochester School of Medicine and Dentistry,published school average GPA and MCAT,3.43,517,
matchguy,The Match Guy,https://thematchguy.com/average-mcat-gpa-medical-school-acceptance/,,98,University of Saskatchewan College of Medicine,University of Saskatchewan College of Medicine,published school average GPA and MCAT,,507,
matchguy,The Match Guy,https://thematchguy.com/average-mcat-gpa-medical-school-acceptance/,,99,University of South Carolina School of Medicine Columbia,University of South Carolina School of Medicine Columbia,published school average GPA and MCAT,3.77,508,
matchguy,The Match Guy,https://thematchguy.com/average-mcat-gpa-medical-school-acceptance/,,100,University of South Carolina School of Medicine Greenville,University of South Carolina School of Medicine Greenville,published school average GPA and MCAT,,509,
matchguy,The Match Guy,https://thematchguy.com/average-mcat-gpa-medical-school-acceptance/,,101,University of Tennessee Health Science Center College of Medicine,University of Tennessee Health Science Center College of Medicine,published school average GPA and MCAT,3.83,513,
matchguy,The Match Guy,https://thematchguy.com/average-mcat-gpa-medical-school-acceptance/,,102,University of Texas Medical Branch School of Medicine,University of Texas Medical Branch School of Medicine,published school average GPA and MCAT,3.8,511,
matchguy,The Match Guy,https://thematchguy.com/average-mcat-gpa-medical-school-acceptance/,,103,University of Texas Southwestern Medical School,University of Texas Southwestern Medical School,published school average GPA and MCAT,3.89,516,
matchguy,The Match Guy,https://thematchguy.com/average-mcat-gpa-medical-school-acceptance/,,104,University of Toronto Faculty of Medicine,University of Toronto Faculty of Medicine,published school average GPA and MCAT,3.94,,
matchguy,The Match Guy,https://thematchguy.com/average-mcat-gpa-medical-school-acceptance/,,105,University of Virginia School of Medicine,University of Virginia School of Medicine,published school average GPA and MCAT,3.85,518,
matchguy,The Match Guy,https://thematchguy.com/average-mcat-gpa-medical-school-acceptance/,,106,University of Wisconsin School of Medicine and Public Health,University of Wisconsin School of Medicine and Public Health,published school average GPA and MCAT,3.78,511,
matchguy,The Match Guy,https://thematchguy.com/average-mcat-gpa-medical-school-acceptance/,,107,USF Health Morsani College of Medicine,USF Health Morsani College of Medicine,published school average GPA and MCAT,3.96,520,
matchguy,The Match Guy,https://thematchguy.com/average-mcat-gpa-medical-school-acceptance/,,108,Virginia Commonwealth University School of Medicine,Virginia Commonwealth University School of Medicine,published school average GPA and MCAT,3.79,512,
matchguy,The Match Guy,https://thematchguy.com/average-mcat-gpa-medical-school-acceptance/,,109,Virginia Tech Carilion School of Medicine,Virginia Tech Carilion School of Medicine,published school average GPA and MCAT,3.67,512,
matchguy,The Match Guy,https://thematchguy.com/average-mcat-gpa-medical-school-acceptance/,,110,Wake Forest School of Medicine of Wake Forest Baptist Medical Center,Wake Forest School of Medicine of Wake Forest Baptist Medical Center,published school average GPA and MCAT,3.83,511,
matchguy,The Match Guy,https://thematchguy.com/average-mcat-gpa-medical-school-acceptance/,,111,Washington State University Elson S. Floyd College of Medicine,Washington State University Elson S. Floyd College of Medicine,published school average GPA and MCAT,3.64,507.9,
matchguy,The Match Guy,https://thematchguy.com/average-mcat-gpa-medical-school-acceptance/,,112,Washington University in St. Louis School of Medicine,Washington University in St. Louis School of Medicine,published school average GPA and MCAT,3.92,519.19,
matchguy,The Match Guy,https://thematchguy.com/average-mcat-gpa-medical-school-acceptance/,,113,Wayne State University School of Medicine,Wayne State University School of Medicine,published school average GPA and MCAT,3.78,,
matchguy,The Match Guy,https://thematchguy.com/average-mcat-gpa-medical-school-acceptance/,,114,West Virginia University School of Medicine,West Virginia University School of Medicine,published school average GPA and MCAT,3.8,511,
matchguy,The Match Guy,https://thematchguy.com/average-mcat-gpa-medical-school-acceptance/,,115,Western Michigan University Homer Stryker M.D. School of Medicine,Western Michigan University Homer Stryker M.D. School of Medicine,published school average GPA and MCAT,3.81,512,
matchguy,The Match Guy,https://thematchguy.com/average-mcat-gpa-medical-school-acceptance/,,116,Wright State University Boonshoft School of Medicine,Wright State University Boonshoft School of Medicine,published school average GPA and MCAT,3.68,508.76,
matchguy,The Match Guy,https://thematchguy.com/average-mcat-gpa-medical-school-acceptance/,,117,Yale School of Medicine,Yale School of Medicine,published school average GPA and MCAT,3.94,521,
cycletrack_acceptance_median,CycleTrack Explorer acceptance medians,https://cycletrack.org/explorer,https://cycletrack.org/explorer/school/A.T. Still - Arizona,2,A.T. Still University of Health Sciences (Arizona),A.T. Still University of Health Sciences (Arizona),CycleTrack crowdsourced DO acceptance median cGPA and MCAT,3.69,507,Not an official entering-class average; CycleTrack is crowdsourced applicant/outcome data.
cycletrack_acceptance_median,CycleTrack Explorer acceptance medians,https://cycletrack.org/explorer,https://cycletrack.org/explorer/school/A.T. Still - Kirksville,6,A.T. Still University of Health Sciences (Kirksville),A.T. Still University of Health Sciences (Kirksville),CycleTrack crowdsourced DO acceptance median cGPA and MCAT,3.77,505,Not an official entering-class average; CycleTrack is crowdsourced applicant/outcome data.
cycletrack_acceptance_median,CycleTrack Explorer acceptance medians,https://cycletrack.org/explorer,https://cycletrack.org/explorer/school/Alabama,10,University of Alabama at Birmingham,University of Alabama at Birmingham,CycleTrack crowdsourced MD acceptance median cGPA and MCAT,3.91,513,Not an official entering-class average; CycleTrack is crowdsourced applicant/outcome data.
cycletrack_acceptance_median,CycleTrack Explorer acceptance medians,https://cycletrack.org/explorer,https://cycletrack.org/explorer/school/Alabama COM,14,Alabama College of Osteopathic Medicine,Alabama College of Osteopathic Medicine,CycleTrack crowdsourced DO acceptance median cGPA and MCAT,3.7,505,Not an official entering-class average; CycleTrack is crowdsourced applicant/outcome data.
cycletrack_acceptance_median,CycleTrack Explorer acceptance medians,https://cycletrack.org/explorer,https://cycletrack.org/explorer/school/Albany,18,Albany Medical College,Albany Medical College,CycleTrack crowdsourced MD acceptance median cGPA and MCAT,3.86,512.5,Not an official entering-class average; CycleTrack is crowdsourced applicant/outcome data.
cycletrack_acceptance_median,CycleTrack Explorer acceptance medians,https://cycletrack.org/explorer,https://cycletrack.org/explorer/school/Albert Einstein,22,Albert Einstein College of Medicine,Albert Einstein College of Medicine,CycleTrack crowdsourced MD acceptance median cGPA and MCAT,3.93,519,Not an official entering-class average; CycleTrack is crowdsourced applicant/outcome data.
cycletrack_acceptance_median,CycleTrack Explorer acceptance medians,https://cycletrack.org/explorer,https://cycletrack.org/explorer/school/Alice Walton,30,Alice L. Walton School of Medicine,Alice L. Walton School of Medicine,CycleTrack crowdsourced MD acceptance median cGPA and MCAT,3.95,513.5,Not an official entering-class average; CycleTrack is crowdsourced applicant/outcome data.
cycletrack_acceptance_median,CycleTrack Explorer acceptance medians,https://cycletrack.org/explorer,https://cycletrack.org/explorer/school/Arizona - Phoenix,34,University of Arizona (Phoenix),University of Arizona (Phoenix),CycleTrack crowdsourced MD acceptance median cGPA and MCAT,3.96,519,Not an official entering-class average; CycleTrack is crowdsourced applicant/outcome data.
cycletrack_acceptance_median,CycleTrack Explorer acceptance medians,https://cycletrack.org/explorer,https://cycletrack.org/explorer/school/Arizona - Tucson,38,University of Arizona (Tucson),University of Arizona (Tucson),CycleTrack crowdsourced MD acceptance median cGPA and MCAT,3.85,513,Not an official entering-class average; CycleTrack is crowdsourced applicant/outcome data.
cycletrack_acceptance_median,CycleTrack Explorer acceptance medians,https://cycletrack.org/explorer,https://cycletrack.org/explorer/school/Arizona State,42,Arizona State University,Arizona State University,CycleTrack crowdsourced MD acceptance median cGPA and MCAT,3.96,516,Not an official entering-class average; CycleTrack is crowdsourced applicant/outcome data.
cycletrack_acceptance_median,CycleTrack Explorer acceptance medians,https://cycletrack.org/explorer,https://cycletrack.org/explorer/school/Arkansas,46,University of Arkansas,University of Arkansas,CycleTrack crowdsourced MD acceptance median cGPA and MCAT,3.89,511.5,Not an official entering-class average; CycleTrack is crowdsourced applicant/outcome data.
cycletrack_acceptance_median,CycleTrack Explorer acceptance medians,https://cycletrack.org/explorer,https://cycletrack.org/explorer/school/Arkansas COM,50,Arkansas College of Osteopathic Medicine,Arkansas College of Osteopathic Medicine,CycleTrack crowdsourced DO acceptance median cGPA and MCAT,3.75,503,Not an official entering-class average; CycleTrack is crowdsourced applicant/outcome data.
cycletrack_acceptance_median,CycleTrack Explorer acceptance medians,https://cycletrack.org/explorer,https://cycletrack.org/explorer/school/Baptist Health Sciences University COM,54,Baptist Health Sciences University,Baptist Health Sciences University,CycleTrack crowdsourced DO acceptance median cGPA and MCAT,3.62,505,Not an official entering-class average; CycleTrack is crowdsourced applicant/outcome data.
cycletrack_acceptance_median,CycleTrack Explorer acceptance medians,https://cycletrack.org/explorer,https://cycletrack.org/explorer/school/Baylor,58,Baylor,Baylor,CycleTrack crowdsourced MD acceptance median cGPA and MCAT,3.97,522,Not an official entering-class average; CycleTrack is crowdsourced applicant/outcome data.
cycletrack_acceptance_median,CycleTrack Explorer acceptance medians,https://cycletrack.org/explorer,https://cycletrack.org/explorer/school/Belmont University,62,Belmont University,Belmont University,CycleTrack crowdsourced MD acceptance median cGPA and MCAT,3.9,513.5,Not an official entering-class average; CycleTrack is crowdsourced applicant/outcome data.
cycletrack_acceptance_median,CycleTrack Explorer acceptance medians,https://cycletrack.org/explorer,https://cycletrack.org/explorer/school/Boston,66,Boston University,Boston University,CycleTrack crowdsourced MD acceptance median cGPA and MCAT,3.91,520,Not an official entering-class average; CycleTrack is crowdsourced applicant/outcome data.
cycletrack_acceptance_median,CycleTrack Explorer acceptance medians,https://cycletrack.org/explorer,https://cycletrack.org/explorer/school/Brown,70,Brown University,Brown University,CycleTrack crowdsourced MD acceptance median cGPA and MCAT,3.9,517,Not an official entering-class average; CycleTrack is crowdsourced applicant/outcome data.
cycletrack_acceptance_median,CycleTrack Explorer acceptance medians,https://cycletrack.org/explorer,https://cycletrack.org/explorer/school/Buffalo,74,University at Buffalo,University at Buffalo,CycleTrack crowdsourced MD acceptance median cGPA and MCAT,3.84,515,Not an official entering-class average; CycleTrack is crowdsourced applicant/outcome data.
cycletrack_acceptance_median,CycleTrack Explorer acceptance medians,https://cycletrack.org/explorer,https://cycletrack.org/explorer/school/Burrell COM,78,Burrell College of Osteopathic Medicine,Burrell College of Osteopathic Medicine,CycleTrack crowdsourced DO acceptance median cGPA and MCAT,3.67,504.5,Not an official entering-class average; CycleTrack is crowdsourced applicant/outcome data.
cycletrack_acceptance_median,CycleTrack Explorer acceptance medians,https://cycletrack.org/explorer,https://cycletrack.org/explorer/school/California Health Sciences,86,California Health Sciences University,California Health Sciences University,CycleTrack crowdsourced DO acceptance median cGPA and MCAT,3.75,510.5,Not an official entering-class average; CycleTrack is crowdsourced applicant/outcome data.
cycletrack_acceptance_median,CycleTrack Explorer acceptance medians,https://cycletrack.org/explorer,https://cycletrack.org/explorer/school/California Northstate,90,California Northstate University,California Northstate University,CycleTrack crowdsourced MD acceptance median cGPA and MCAT,3.85,516,Not an official entering-class average; CycleTrack is crowdsourced applicant/outcome data.
cycletrack_acceptance_median,CycleTrack Explorer acceptance medians,https://cycletrack.org/explorer,https://cycletrack.org/explorer/school/California University of Science and Medicine,94,California University of Science and Medicine,California University of Science and Medicine,CycleTrack crowdsourced MD acceptance median cGPA and MCAT,3.79,515,Not an official entering-class average; CycleTrack is crowdsourced applicant/outcome data.
cycletrack_acceptance_median,CycleTrack Explorer acceptance medians,https://cycletrack.org/explorer,https://cycletrack.org/explorer/school/Campbell,98,Campbell University,Campbell University,CycleTrack crowdsourced DO acceptance median cGPA and MCAT,3.75,508,Not an official entering-class average; CycleTrack is crowdsourced applicant/outcome data.
cycletrack_acceptance_median,CycleTrack Explorer acceptance medians,https://cycletrack.org/explorer,https://cycletrack.org/explorer/school/Caribe,102,Universidad Central del Caribe,Universidad Central del Caribe,CycleTrack crowdsourced MD acceptance median cGPA and MCAT,3.7,501,Not an official entering-class average; CycleTrack is crowdsourced applicant/outcome data.
cycletrack_acceptance_median,CycleTrack Explorer acceptance medians,https://cycletrack.org/explorer,https://cycletrack.org/explorer/school/Carle Illinois,106,Carle Illinois,Carle Illinois,CycleTrack crowdsourced MD acceptance median cGPA and MCAT,3.84,518,Not an official entering-class average; CycleTrack is crowdsourced applicant/outcome data.
cycletrack_acceptance_median,CycleTrack Explorer acceptance medians,https://cycletrack.org/explorer,https://cycletrack.org/explorer/school/Case Western,110,Case Western Reserve,Case Western Reserve,CycleTrack crowdsourced MD acceptance median cGPA and MCAT,3.93,519,Not an official entering-class average; CycleTrack is crowdsourced applicant/outcome data.
cycletrack_acceptance_median,CycleTrack Explorer acceptance medians,https://cycletrack.org/explorer,https://cycletrack.org/explorer/school/Central Michigan,114,Central Michigan University,Central Michigan University,CycleTrack crowdsourced MD acceptance median cGPA and MCAT,3.87,510,Not an official entering-class average; CycleTrack is crowdsourced applicant/outcome data.
cycletrack_acceptance_median,CycleTrack Explorer acceptance medians,https://cycletrack.org/explorer,https://cycletrack.org/explorer/school/Charles R. Drew,118,Charles R. Drew University of Medicine and Science,Charles R. Drew University of Medicine and Science,CycleTrack crowdsourced MD acceptance median cGPA and MCAT,3.7,511,Not an official entering-class average; CycleTrack is crowdsourced applicant/outcome data.
cycletrack_acceptance_median,CycleTrack Explorer acceptance medians,https://cycletrack.org/explorer,https://cycletrack.org/explorer/school/Chicago,126,University of Chicago,University of Chicago,CycleTrack crowdsourced MD acceptance median cGPA and MCAT,3.93,522,Not an official entering-class average; CycleTrack is crowdsourced applicant/outcome data.
cycletrack_acceptance_median,CycleTrack Explorer acceptance medians,https://cycletrack.org/explorer,https://cycletrack.org/explorer/school/Cincinnati,130,University of Cincinnati,University of Cincinnati,CycleTrack crowdsourced MD acceptance median cGPA and MCAT,3.93,517,Not an official entering-class average; CycleTrack is crowdsourced applicant/outcome data.
cycletrack_acceptance_median,CycleTrack Explorer acceptance medians,https://cycletrack.org/explorer,https://cycletrack.org/explorer/school/Cleveland Clinic Lerner,138,Cleveland Clinic Lerner,Cleveland Clinic Lerner,CycleTrack crowdsourced MD acceptance median cGPA and MCAT,3.97,520,Not an official entering-class average; CycleTrack is crowdsourced applicant/outcome data.
cycletrack_acceptance_median,CycleTrack Explorer acceptance medians,https://cycletrack.org/explorer,https://cycletrack.org/explorer/school/Colorado,142,University of Colorado,University of Colorado,CycleTrack crowdsourced MD acceptance median cGPA and MCAT,3.91,518,Not an official entering-class average; CycleTrack is crowdsourced applicant/outcome data.
cycletrack_acceptance_median,CycleTrack Explorer acceptance medians,https://cycletrack.org/explorer,https://cycletrack.org/explorer/school/Columbia,146,Columbia University,Columbia University,CycleTrack crowdsourced MD acceptance median cGPA and MCAT,3.96,524,Not an official entering-class average; CycleTrack is crowdsourced applicant/outcome data.
cycletrack_acceptance_median,CycleTrack Explorer acceptance medians,https://cycletrack.org/explorer,https://cycletrack.org/explorer/school/Connecticut,150,University of Connecticut,University of Connecticut,CycleTrack crowdsourced MD acceptance median cGPA and MCAT,3.87,514,Not an official entering-class average; CycleTrack is crowdsourced applicant/outcome data.
cycletrack_acceptance_median,CycleTrack Explorer acceptance medians,https://cycletrack.org/explorer,https://cycletrack.org/explorer/school/Cooper Rowan,154,Rowan University,Rowan University,CycleTrack crowdsourced MD acceptance median cGPA and MCAT,3.91,518,Not an official entering-class average; CycleTrack is crowdsourced applicant/outcome data.
cycletrack_acceptance_median,CycleTrack Explorer acceptance medians,https://cycletrack.org/explorer,https://cycletrack.org/explorer/school/Cornell,158,Cornell University,Cornell University,CycleTrack crowdsourced MD acceptance median cGPA and MCAT,3.93,520,Not an official entering-class average; CycleTrack is crowdsourced applicant/outcome data.
cycletrack_acceptance_median,CycleTrack Explorer acceptance medians,https://cycletrack.org/explorer,https://cycletrack.org/explorer/school/Creighton,162,Creighton University,Creighton University,CycleTrack crowdsourced MD acceptance median cGPA and MCAT,3.86,516,Not an official entering-class average; CycleTrack is crowdsourced applicant/outcome data.
cycletrack_acceptance_median,CycleTrack Explorer acceptance medians,https://cycletrack.org/explorer,https://cycletrack.org/explorer/school/Dartmouth,170,Dartmouth College,Dartmouth College,CycleTrack crowdsourced MD acceptance median cGPA and MCAT,3.91,516,Not an official entering-class average; CycleTrack is crowdsourced applicant/outcome data.
cycletrack_acceptance_median,CycleTrack Explorer acceptance medians,https://cycletrack.org/explorer,https://cycletrack.org/explorer/school/Des Moines,174,Des Moines University,Des Moines University,CycleTrack crowdsourced DO acceptance median cGPA and MCAT,3.79,509.5,Not an official entering-class average; CycleTrack is crowdsourced applicant/outcome data.
cycletrack_acceptance_median,CycleTrack Explorer acceptance medians,https://cycletrack.org/explorer,https://cycletrack.org/explorer/school/Drexel,178,Drexel University,Drexel University,CycleTrack crowdsourced MD acceptance median cGPA and MCAT,3.85,513,Not an official entering-class average; CycleTrack is crowdsourced applicant/outcome data.
cycletrack_acceptance_median,CycleTrack Explorer acceptance medians,https://cycletrack.org/explorer,https://cycletrack.org/explorer/school/Duke,182,Duke University,Duke University,CycleTrack crowdsourced MD acceptance median cGPA and MCAT,3.9,520,Not an official entering-class average; CycleTrack is crowdsourced applicant/outcome data.
cycletrack_acceptance_median,CycleTrack Explorer acceptance medians,https://cycletrack.org/explorer,https://cycletrack.org/explorer/school/Duquesne University COM,186,Duquesne University,Duquesne University,CycleTrack crowdsourced DO acceptance median cGPA and MCAT,3.86,508,Not an official entering-class average; CycleTrack is crowdsourced applicant/outcome data.
cycletrack_acceptance_median,CycleTrack Explorer acceptance medians,https://cycletrack.org/explorer,https://cycletrack.org/explorer/school/East Carolina,190,East Carolina University,East Carolina University,CycleTrack crowdsourced MD acceptance median cGPA and MCAT,3.89,515,Not an official entering-class average; CycleTrack is crowdsourced applicant/outcome data.
cycletrack_acceptance_median,CycleTrack Explorer acceptance medians,https://cycletrack.org/explorer,https://cycletrack.org/explorer/school/East Tennessee,194,East Tennessee State University,East Tennessee State University,CycleTrack crowdsourced MD acceptance median cGPA and MCAT,3.94,514,Not an official entering-class average; CycleTrack is crowdsourced applicant/outcome data.
cycletrack_acceptance_median,CycleTrack Explorer acceptance medians,https://cycletrack.org/explorer,https://cycletrack.org/explorer/school/Eastern Virginia,198,Eastern Virginia Medical School,Eastern Virginia Medical School,CycleTrack crowdsourced MD acceptance median cGPA and MCAT,3.79,514.5,Not an official entering-class average; CycleTrack is crowdsourced applicant/outcome data.
cycletrack_acceptance_median,CycleTrack Explorer acceptance medians,https://cycletrack.org/explorer,https://cycletrack.org/explorer/school/Edward Via - Auburn,202,Edward Via College of Osteopathic Medicine (Auburn),Edward Via College of Osteopathic Medicine (Auburn),CycleTrack crowdsourced DO acceptance median cGPA and MCAT,3.75,506.5,Not an official entering-class average; CycleTrack is crowdsourced applicant/outcome data.
cycletrack_acceptance_median,CycleTrack Explorer acceptance medians,https://cycletrack.org/explorer,https://cycletrack.org/explorer/school/Edward Via - Carolinas,206,Edward Via College of Osteopathic Medicine (Carolinas),Edward Via College of Osteopathic Medicine (Carolinas),CycleTrack crowdsourced DO acceptance median cGPA and MCAT,3.77,505,Not an official entering-class average; CycleTrack is crowdsourced applicant/outcome data.
cycletrack_acceptance_median,CycleTrack Explorer acceptance medians,https://cycletrack.org/explorer,https://cycletrack.org/explorer/school/Edward Via - Louisiana,210,Edward Via College of Osteopathic Medicine (Louisiana),Edward Via College of Osteopathic Medicine (Louisiana),CycleTrack crowdsourced DO acceptance median cGPA and MCAT,3.85,507,Not an official entering-class average; CycleTrack is crowdsourced applicant/outcome data.
cycletrack_acceptance_median,CycleTrack Explorer acceptance medians,https://cycletrack.org/explorer,https://cycletrack.org/explorer/school/Edward Via - Virginia,214,Edward Via College of Osteopathic Medicine (Virginia),Edward Via College of Osteopathic Medicine (Virginia),CycleTrack crowdsourced DO acceptance median cGPA and MCAT,3.81,507,Not an official entering-class average; CycleTrack is crowdsourced applicant/outcome data.
cycletrack_acceptance_median,CycleTrack Explorer acceptance medians,https://cycletrack.org/explorer,https://cycletrack.org/explorer/school/Emory,218,Emory University,Emory University,CycleTrack crowdsourced MD acceptance median cGPA and MCAT,3.88,517,Not an official entering-class average; CycleTrack is crowdsourced applicant/outcome data.
cycletrack_acceptance_median,CycleTrack Explorer acceptance medians,https://cycletrack.org/explorer,https://cycletrack.org/explorer/school/Florida,222,University of Florida,University of Florida,CycleTrack crowdsourced MD acceptance median cGPA and MCAT,3.9,517,Not an official entering-class average; CycleTrack is crowdsourced applicant/outcome data.
cycletrack_acceptance_median,CycleTrack Explorer acceptance medians,https://cycletrack.org/explorer,https://cycletrack.org/explorer/school/Florida Atlantic,226,Florida Atlantic University,Florida Atlantic University,CycleTrack crowdsourced MD acceptance median cGPA and MCAT,3.92,516,Not an official entering-class average; CycleTrack is crowdsourced applicant/outcome data.
cycletrack_acceptance_median,CycleTrack Explorer acceptance medians,https://cycletrack.org/explorer,https://cycletrack.org/explorer/school/Florida International,230,Florida International University,Florida International University,CycleTrack crowdsourced MD acceptance median cGPA and MCAT,3.9,514,Not an official entering-class average; CycleTrack is crowdsourced applicant/outcome data.
cycletrack_acceptance_median,CycleTrack Explorer acceptance medians,https://cycletrack.org/explorer,https://cycletrack.org/explorer/school/Florida State,234,Florida State University,Florida State University,CycleTrack crowdsourced MD acceptance median cGPA and MCAT,3.9,510.5,Not an official entering-class average; CycleTrack is crowdsourced applicant/outcome data.
cycletrack_acceptance_median,CycleTrack Explorer acceptance medians,https://cycletrack.org/explorer,https://cycletrack.org/explorer/school/Geisinger Commonwealth,238,Geisinger Commonwealth School of Medicine,Geisinger Commonwealth School of Medicine,CycleTrack crowdsourced MD acceptance median cGPA and MCAT,3.88,517,Not an official entering-class average; CycleTrack is crowdsourced applicant/outcome data.
cycletrack_acceptance_median,CycleTrack Explorer acceptance medians,https://cycletrack.org/explorer,https://cycletrack.org/explorer/school/George Washington,242,George Washington University,George Washington University,CycleTrack crowdsourced MD acceptance median cGPA and MCAT,3.89,517,Not an official entering-class average; CycleTrack is crowdsourced applicant/outcome data.
cycletrack_acceptance_median,CycleTrack Explorer acceptance medians,https://cycletrack.org/explorer,https://cycletrack.org/explorer/school/Georgetown,246,Georgetown University,Georgetown University,CycleTrack crowdsourced MD acceptance median cGPA and MCAT,3.92,518,Not an official entering-class average; CycleTrack is crowdsourced applicant/outcome data.
cycletrack_acceptance_median,CycleTrack Explorer acceptance medians,https://cycletrack.org/explorer,https://cycletrack.org/explorer/school/Hackensack Meridian,250,Hackensack Meridian School of Medicine,Hackensack Meridian School of Medicine,CycleTrack crowdsourced MD acceptance median cGPA and MCAT,3.89,516,Not an official entering-class average; CycleTrack is crowdsourced applicant/outcome data.
cycletrack_acceptance_median,CycleTrack Explorer acceptance medians,https://cycletrack.org/explorer,https://cycletrack.org/explorer/school/Harvard,254,Harvard Medical School,Harvard Medical School,CycleTrack crowdsourced MD acceptance median cGPA and MCAT,3.98,521,Not an official entering-class average; CycleTrack is crowdsourced applicant/outcome data.
cycletrack_acceptance_median,CycleTrack Explorer acceptance medians,https://cycletrack.org/explorer,https://cycletrack.org/explorer/school/Hawaii,258,University of Hawaii,University of Hawaii,CycleTrack crowdsourced MD acceptance median cGPA and MCAT,3.95,516.5,Not an official entering-class average; CycleTrack is crowdsourced applicant/outcome data.
cycletrack_acceptance_median,CycleTrack Explorer acceptance medians,https://cycletrack.org/explorer,https://cycletrack.org/explorer/school/Hofstra,262,Hofstra University,Hofstra University,CycleTrack crowdsourced MD acceptance median cGPA and MCAT,3.95,520.5,Not an official entering-class average; CycleTrack is crowdsourced applicant/outcome data.
cycletrack_acceptance_median,CycleTrack Explorer acceptance medians,https://cycletrack.org/explorer,https://cycletrack.org/explorer/school/Houston,266,University of Houston,University of Houston,CycleTrack crowdsourced MD acceptance median cGPA and MCAT,3.95,514,Not an official entering-class average; CycleTrack is crowdsourced applicant/outcome data.
cycletrack_acceptance_median,CycleTrack Explorer acceptance medians,https://cycletrack.org/explorer,https://cycletrack.org/explorer/school/Howard,270,Howard University,Howard University,CycleTrack crowdsourced MD acceptance median cGPA and MCAT,3.76,509.5,Not an official entering-class average; CycleTrack is crowdsourced applicant/outcome data.
cycletrack_acceptance_median,CycleTrack Explorer acceptance medians,https://cycletrack.org/explorer,https://cycletrack.org/explorer/school/Idaho COM,274,Idaho College of Osteopathic Medicine,Idaho College of Osteopathic Medicine,CycleTrack crowdsourced DO acceptance median cGPA and MCAT,3.73,509,Not an official entering-class average; CycleTrack is crowdsourced applicant/outcome data.
cycletrack_acceptance_median,CycleTrack Explorer acceptance medians,https://cycletrack.org/explorer,https://cycletrack.org/explorer/school/Illinois,278,University of Illinois,University of Illinois,CycleTrack crowdsourced MD acceptance median cGPA and MCAT,3.82,512,Not an official entering-class average; CycleTrack is crowdsourced applicant/outcome data.
cycletrack_acceptance_median,CycleTrack Explorer acceptance medians,https://cycletrack.org/explorer,https://cycletrack.org/explorer/school/Illinois COM,282,Illinois College of Osteopathic Medicine,Illinois College of Osteopathic Medicine,CycleTrack crowdsourced DO acceptance median cGPA and MCAT,3.73,511,Not an official entering-class average; CycleTrack is crowdsourced applicant/outcome data.
cycletrack_acceptance_median,CycleTrack Explorer acceptance medians,https://cycletrack.org/explorer,https://cycletrack.org/explorer/school/Incarnate Word,286,University of the Incarnate Word,University of the Incarnate Word,CycleTrack crowdsourced DO acceptance median cGPA and MCAT,3.8,507,Not an official entering-class average; CycleTrack is crowdsourced applicant/outcome data.
cycletrack_acceptance_median,CycleTrack Explorer acceptance medians,https://cycletrack.org/explorer,https://cycletrack.org/explorer/school/Indiana,290,Indiana University,Indiana University,CycleTrack crowdsourced MD acceptance median cGPA and MCAT,3.95,519,Not an official entering-class average; CycleTrack is crowdsourced applicant/outcome data.
cycletrack_acceptance_median,CycleTrack Explorer acceptance medians,https://cycletrack.org/explorer,https://cycletrack.org/explorer/school/Iowa,294,University of Iowa,University of Iowa,CycleTrack crowdsourced MD acceptance median cGPA and MCAT,3.92,519,Not an official entering-class average; CycleTrack is crowdsourced applicant/outcome data.
cycletrack_acceptance_median,CycleTrack Explorer acceptance medians,https://cycletrack.org/explorer,https://cycletrack.org/explorer/school/Jefferson,298,Thomas Jefferson University,Thomas Jefferson University,CycleTrack crowdsourced MD acceptance median cGPA and MCAT,3.88,516,Not an official entering-class average; CycleTrack is crowdsourced applicant/outcome data.
cycletrack_acceptance_median,CycleTrack Explorer acceptance medians,https://cycletrack.org/explorer,https://cycletrack.org/explorer/school/Johns Hopkins,302,Johns Hopkins University,Johns Hopkins University,CycleTrack crowdsourced MD acceptance median cGPA and MCAT,3.97,522,Not an official entering-class average; CycleTrack is crowdsourced applicant/outcome data.
cycletrack_acceptance_median,CycleTrack Explorer acceptance medians,https://cycletrack.org/explorer,https://cycletrack.org/explorer/school/Kaiser Permanente,306,Kaiser Permanente,Kaiser Permanente,CycleTrack crowdsourced MD acceptance median cGPA and MCAT,3.95,516,Not an official entering-class average; CycleTrack is crowdsourced applicant/outcome data.
cycletrack_acceptance_median,CycleTrack Explorer acceptance medians,https://cycletrack.org/explorer,https://cycletrack.org/explorer/school/Kansas,310,University of Kansas,University of Kansas,CycleTrack crowdsourced MD acceptance median cGPA and MCAT,3.95,515,Not an official entering-class average; CycleTrack is crowdsourced applicant/outcome data.
cycletrack_acceptance_median,CycleTrack Explorer acceptance medians,https://cycletrack.org/explorer,https://cycletrack.org/explorer/school/Kansas COM,314,Kansas College of Osteopathic Medicine,Kansas College of Osteopathic Medicine,CycleTrack crowdsourced DO acceptance median cGPA and MCAT,3.58,504,Not an official entering-class average; CycleTrack is crowdsourced applicant/outcome data.
cycletrack_acceptance_median,CycleTrack Explorer acceptance medians,https://cycletrack.org/explorer,https://cycletrack.org/explorer/school/Kansas City University COM,318,Kansas City University,Kansas City University,CycleTrack crowdsourced DO acceptance median cGPA and MCAT,3.8,509,Not an official entering-class average; CycleTrack is crowdsourced applicant/outcome data.
cycletrack_acceptance_median,CycleTrack Explorer acceptance medians,https://cycletrack.org/explorer,https://cycletrack.org/explorer/school/Kentucky,322,University of Kentucky,University of Kentucky,CycleTrack crowdsourced MD acceptance median cGPA and MCAT,3.93,514,Not an official entering-class average; CycleTrack is crowdsourced applicant/outcome data.
cycletrack_acceptance_median,CycleTrack Explorer acceptance medians,https://cycletrack.org/explorer,https://cycletrack.org/explorer/school/Kentucky COM,326,Kentucky College of Osteopathic Medicine,Kentucky College of Osteopathic Medicine,CycleTrack crowdsourced DO acceptance median cGPA and MCAT,3.61,504,Not an official entering-class average; CycleTrack is crowdsourced applicant/outcome data.
cycletrack_acceptance_median,CycleTrack Explorer acceptance medians,https://cycletrack.org/explorer,https://cycletrack.org/explorer/school/LSU - New Orleans,330,Louisiana State University (New Orleans),Louisiana State University (New Orleans),CycleTrack crowdsourced MD acceptance median cGPA and MCAT,3.9,515,Not an official entering-class average; CycleTrack is crowdsourced applicant/outcome data.
cycletrack_acceptance_median,CycleTrack Explorer acceptance medians,https://cycletrack.org/explorer,https://cycletrack.org/explorer/school/LSU - Shreveport,334,Louisiana State University (Shreveport),Louisiana State University (Shreveport),CycleTrack crowdsourced MD acceptance median cGPA and MCAT,3.94,510.5,Not an official entering-class average; CycleTrack is crowdsourced applicant/outcome data.
cycletrack_acceptance_median,CycleTrack Explorer acceptance medians,https://cycletrack.org/explorer,https://cycletrack.org/explorer/school/Lake Erie,338,Lake Erie College of Osteopathic Medicine (Erie),Lake Erie College of Osteopathic Medicine (Erie),CycleTrack crowdsourced DO acceptance median cGPA and MCAT,3.79,509,Not an official entering-class average; CycleTrack is crowdsourced applicant/outcome data.
cycletrack_acceptance_median,CycleTrack Explorer acceptance medians,https://cycletrack.org/explorer,https://cycletrack.org/explorer/school/Lake Erie - Bradenton,342,Lake Erie College of Osteopathic Medicine (Bradenton),Lake Erie College of Osteopathic Medicine (Bradenton),CycleTrack crowdsourced DO acceptance median cGPA and MCAT,3.87,509,Not an official entering-class average; CycleTrack is crowdsourced applicant/outcome data.
cycletrack_acceptance_median,CycleTrack Explorer acceptance medians,https://cycletrack.org/explorer,https://cycletrack.org/explorer/school/Liberty,350,Liberty University,Liberty University,CycleTrack crowdsourced DO acceptance median cGPA and MCAT,3.79,504,Not an official entering-class average; CycleTrack is crowdsourced applicant/outcome data.
cycletrack_acceptance_median,CycleTrack Explorer acceptance medians,https://cycletrack.org/explorer,https://cycletrack.org/explorer/school/Lincoln Memorial,354,Lincoln Memorial University,Lincoln Memorial University,CycleTrack crowdsourced DO acceptance median cGPA and MCAT,3.71,504,Not an official entering-class average; CycleTrack is crowdsourced applicant/outcome data.
cycletrack_acceptance_median,CycleTrack Explorer acceptance medians,https://cycletrack.org/explorer,https://cycletrack.org/explorer/school/Loma Linda,358,Loma Linda University,Loma Linda University,CycleTrack crowdsourced MD acceptance median cGPA and MCAT,3.9,516,Not an official entering-class average; CycleTrack is crowdsourced applicant/outcome data.
cycletrack_acceptance_median,CycleTrack Explorer acceptance medians,https://cycletrack.org/explorer,https://cycletrack.org/explorer/school/Louisville,362,University of Louisville,University of Louisville,CycleTrack crowdsourced MD acceptance median cGPA and MCAT,3.84,514,Not an official entering-class average; CycleTrack is crowdsourced applicant/outcome data.
cycletrack_acceptance_median,CycleTrack Explorer acceptance medians,https://cycletrack.org/explorer,https://cycletrack.org/explorer/school/Loyola,366,Loyola University,Loyola University,CycleTrack crowdsourced MD acceptance median cGPA and MCAT,3.86,514,Not an official entering-class average; CycleTrack is crowdsourced applicant/outcome data.
cycletrack_acceptance_median,CycleTrack Explorer acceptance medians,https://cycletrack.org/explorer,https://cycletrack.org/explorer/school/Marian,374,Marian University,Marian University,CycleTrack crowdsourced DO acceptance median cGPA and MCAT,3.86,506,Not an official entering-class average; CycleTrack is crowdsourced applicant/outcome data.
cycletrack_acceptance_median,CycleTrack Explorer acceptance medians,https://cycletrack.org/explorer,https://cycletrack.org/explorer/school/Marshall,378,Marshall University,Marshall University,CycleTrack crowdsourced MD acceptance median cGPA and MCAT,3.92,515,Not an official entering-class average; CycleTrack is crowdsourced applicant/outcome data.
cycletrack_acceptance_median,CycleTrack Explorer acceptance medians,https://cycletrack.org/explorer,https://cycletrack.org/explorer/school/Maryland,382,University of Maryland,University of Maryland,CycleTrack crowdsourced MD acceptance median cGPA and MCAT,3.92,516.5,Not an official entering-class average; CycleTrack is crowdsourced applicant/outcome data.
cycletrack_acceptance_median,CycleTrack Explorer acceptance medians,https://cycletrack.org/explorer,https://cycletrack.org/explorer/school/Massachussetts,386,University of Massachusetts,University of Massachusetts,CycleTrack crowdsourced MD acceptance median cGPA and MCAT,3.85,515,Not an official entering-class average; CycleTrack is crowdsourced applicant/outcome data.
cycletrack_acceptance_median,CycleTrack Explorer acceptance medians,https://cycletrack.org/explorer,https://cycletrack.org/explorer/school/Mayo,390,Mayo Clinic,Mayo Clinic,CycleTrack crowdsourced MD acceptance median cGPA and MCAT,3.95,522,Not an official entering-class average; CycleTrack is crowdsourced applicant/outcome data.
cycletrack_acceptance_median,CycleTrack Explorer acceptance medians,https://cycletrack.org/explorer,https://cycletrack.org/explorer/school/Medical College of Georgia,402,Medical College of Georgia,Medical College of Georgia,CycleTrack crowdsourced MD acceptance median cGPA and MCAT,3.89,516,Not an official entering-class average; CycleTrack is crowdsourced applicant/outcome data.
cycletrack_acceptance_median,CycleTrack Explorer acceptance medians,https://cycletrack.org/explorer,https://cycletrack.org/explorer/school/Medical College of Wisconsin,406,Medical College of Wisconsin,Medical College of Wisconsin,CycleTrack crowdsourced MD acceptance median cGPA and MCAT,3.86,514,Not an official entering-class average; CycleTrack is crowdsourced applicant/outcome data.
cycletrack_acceptance_median,CycleTrack Explorer acceptance medians,https://cycletrack.org/explorer,https://cycletrack.org/explorer/school/Medical University of South Carolina,410,Medical University of South Carolina,Medical University of South Carolina,CycleTrack crowdsourced MD acceptance median cGPA and MCAT,3.85,517,Not an official entering-class average; CycleTrack is crowdsourced applicant/outcome data.
cycletrack_acceptance_median,CycleTrack Explorer acceptance medians,https://cycletrack.org/explorer,https://cycletrack.org/explorer/school/Meharry,414,Meharry Medical College,Meharry Medical College,CycleTrack crowdsourced MD acceptance median cGPA and MCAT,3.72,511,Not an official entering-class average; CycleTrack is crowdsourced applicant/outcome data.
cycletrack_acceptance_median,CycleTrack Explorer acceptance medians,https://cycletrack.org/explorer,https://cycletrack.org/explorer/school/Mercer,422,Mercer University,Mercer University,CycleTrack crowdsourced MD acceptance median cGPA and MCAT,3.83,511,Not an official entering-class average; CycleTrack is crowdsourced applicant/outcome data.
cycletrack_acceptance_median,CycleTrack Explorer acceptance medians,https://cycletrack.org/explorer,https://cycletrack.org/explorer/school/Meritus SOM,426,Meritus School of Osteopathic Medicine,Meritus School of Osteopathic Medicine,CycleTrack crowdsourced DO acceptance median cGPA and MCAT,3.69,506,Not an official entering-class average; CycleTrack is crowdsourced applicant/outcome data.
cycletrack_acceptance_median,CycleTrack Explorer acceptance medians,https://cycletrack.org/explorer,https://cycletrack.org/explorer/school/Methodist University,430,Methodist University,Methodist University,CycleTrack crowdsourced MD acceptance median cGPA and MCAT,3.82,512,Not an official entering-class average; CycleTrack is crowdsourced applicant/outcome data.
cycletrack_acceptance_median,CycleTrack Explorer acceptance medians,https://cycletrack.org/explorer,https://cycletrack.org/explorer/school/Miami,434,University of Miami,University of Miami,CycleTrack crowdsourced MD acceptance median cGPA and MCAT,3.91,517,Not an official entering-class average; CycleTrack is crowdsourced applicant/outcome data.
cycletrack_acceptance_median,CycleTrack Explorer acceptance medians,https://cycletrack.org/explorer,https://cycletrack.org/explorer/school/Michigan,438,University of Michigan,University of Michigan,CycleTrack crowdsourced MD acceptance median cGPA and MCAT,3.94,520,Not an official entering-class average; CycleTrack is crowdsourced applicant/outcome data.
cycletrack_acceptance_median,CycleTrack Explorer acceptance medians,https://cycletrack.org/explorer,https://cycletrack.org/explorer/school/Michigan State,442,Michigan State University,Michigan State University,CycleTrack crowdsourced MD acceptance median cGPA and MCAT,3.83,512,Not an official entering-class average; CycleTrack is crowdsourced applicant/outcome data.
cycletrack_acceptance_median,CycleTrack Explorer acceptance medians,https://cycletrack.org/explorer,https://cycletrack.org/explorer/school/Michigan State COM,446,Michigan State University,Michigan State University,CycleTrack crowdsourced DO acceptance median cGPA and MCAT,3.77,510,Not an official entering-class average; CycleTrack is crowdsourced applicant/outcome data.
cycletrack_acceptance_median,CycleTrack Explorer acceptance medians,https://cycletrack.org/explorer,https://cycletrack.org/explorer/school/Midwestern - Arizona,450,Arizona College of Osteopathic Medicine,Arizona College of Osteopathic Medicine,CycleTrack crowdsourced DO acceptance median cGPA and MCAT,3.77,511,Not an official entering-class average; CycleTrack is crowdsourced applicant/outcome data.
cycletrack_acceptance_median,CycleTrack Explorer acceptance medians,https://cycletrack.org/explorer,https://cycletrack.org/explorer/school/Midwestern - Chicago,454,Midwestern University,Midwestern University,CycleTrack crowdsourced DO acceptance median cGPA and MCAT,3.8,512,Not an official entering-class average; CycleTrack is crowdsourced applicant/outcome data.
cycletrack_acceptance_median,CycleTrack Explorer acceptance medians,https://cycletrack.org/explorer,https://cycletrack.org/explorer/school/Minnesota,458,University of Minnesota,University of Minnesota,CycleTrack crowdsourced MD acceptance median cGPA and MCAT,3.87,515,Not an official entering-class average; CycleTrack is crowdsourced applicant/outcome data.
cycletrack_acceptance_median,CycleTrack Explorer acceptance medians,https://cycletrack.org/explorer,https://cycletrack.org/explorer/school/Mississippi,462,University of Mississippi,University of Mississippi,CycleTrack crowdsourced MD acceptance median cGPA and MCAT,3.95,520.5,Not an official entering-class average; CycleTrack is crowdsourced applicant/outcome data.
cycletrack_acceptance_median,CycleTrack Explorer acceptance medians,https://cycletrack.org/explorer,https://cycletrack.org/explorer/school/Missouri - Columbia,466,University of Missouri (Columbia),University of Missouri (Columbia),CycleTrack crowdsourced MD acceptance median cGPA and MCAT,3.91,518,Not an official entering-class average; CycleTrack is crowdsourced applicant/outcome data.
cycletrack_acceptance_median,CycleTrack Explorer acceptance medians,https://cycletrack.org/explorer,https://cycletrack.org/explorer/school/Missouri - Kansas City,470,University of Missouri (Kansas City),University of Missouri (Kansas City),CycleTrack crowdsourced MD acceptance median cGPA and MCAT,3.9,515,Not an official entering-class average; CycleTrack is crowdsourced applicant/outcome data.
cycletrack_acceptance_median,CycleTrack Explorer acceptance medians,https://cycletrack.org/explorer,https://cycletrack.org/explorer/school/Morehouse,478,Morehouse School of Medicine,Morehouse School of Medicine,CycleTrack crowdsourced MD acceptance median cGPA and MCAT,3.78,511.5,Not an official entering-class average; CycleTrack is crowdsourced applicant/outcome data.
cycletrack_acceptance_median,CycleTrack Explorer acceptance medians,https://cycletrack.org/explorer,https://cycletrack.org/explorer/school/Mount Sinai,482,Icahn School of Medicine,Icahn School of Medicine,CycleTrack crowdsourced MD acceptance median cGPA and MCAT,3.93,521,Not an official entering-class average; CycleTrack is crowdsourced applicant/outcome data.
cycletrack_acceptance_median,CycleTrack Explorer acceptance medians,https://cycletrack.org/explorer,https://cycletrack.org/explorer/school/Nebraska,486,University of Nebraska,University of Nebraska,CycleTrack crowdsourced MD acceptance median cGPA and MCAT,3.9,515,Not an official entering-class average; CycleTrack is crowdsourced applicant/outcome data.
cycletrack_acceptance_median,CycleTrack Explorer acceptance medians,https://cycletrack.org/explorer,https://cycletrack.org/explorer/school/Nevada Reno,490,University of Nevada,University of Nevada,CycleTrack crowdsourced MD acceptance median cGPA and MCAT,3.84,514.5,Not an official entering-class average; CycleTrack is crowdsourced applicant/outcome data.
cycletrack_acceptance_median,CycleTrack Explorer acceptance medians,https://cycletrack.org/explorer,https://cycletrack.org/explorer/school/New England,494,University of New England,University of New England,CycleTrack crowdsourced DO acceptance median cGPA and MCAT,3.71,507,Not an official entering-class average; CycleTrack is crowdsourced applicant/outcome data.
cycletrack_acceptance_median,CycleTrack Explorer acceptance medians,https://cycletrack.org/explorer,https://cycletrack.org/explorer/school/New Mexico,498,University of New Mexico,University of New Mexico,CycleTrack crowdsourced MD acceptance median cGPA and MCAT,3.8,512,Not an official entering-class average; CycleTrack is crowdsourced applicant/outcome data.
cycletrack_acceptance_median,CycleTrack Explorer acceptance medians,https://cycletrack.org/explorer,https://cycletrack.org/explorer/school/New York Institute of Technology,502,New York Institute of Technology,New York Institute of Technology,CycleTrack crowdsourced DO acceptance median cGPA and MCAT,3.78,509,Not an official entering-class average; CycleTrack is crowdsourced applicant/outcome data.
cycletrack_acceptance_median,CycleTrack Explorer acceptance medians,https://cycletrack.org/explorer,https://cycletrack.org/explorer/school/New York Medical College,506,New York Medical College,New York Medical College,CycleTrack crowdsourced MD acceptance median cGPA and MCAT,3.9,518,Not an official entering-class average; CycleTrack is crowdsourced applicant/outcome data.
cycletrack_acceptance_median,CycleTrack Explorer acceptance medians,https://cycletrack.org/explorer,https://cycletrack.org/explorer/school/New York University - Grossman,510,NYU Grossman,NYU Grossman,CycleTrack crowdsourced MD acceptance median cGPA and MCAT,3.97,523,Not an official entering-class average; CycleTrack is crowdsourced applicant/outcome data.
cycletrack_acceptance_median,CycleTrack Explorer acceptance medians,https://cycletrack.org/explorer,https://cycletrack.org/explorer/school/Noorda,518,Noorda College of Osteopathic Medicine,Noorda College of Osteopathic Medicine,CycleTrack crowdsourced DO acceptance median cGPA and MCAT,3.65,503.5,Not an official entering-class average; CycleTrack is crowdsourced applicant/outcome data.
cycletrack_acceptance_median,CycleTrack Explorer acceptance medians,https://cycletrack.org/explorer,https://cycletrack.org/explorer/school/North Carolina,522,University of North Carolina Chapel Hill,University of North Carolina Chapel Hill,CycleTrack crowdsourced MD acceptance median cGPA and MCAT,3.9,517,Not an official entering-class average; CycleTrack is crowdsourced applicant/outcome data.
cycletrack_acceptance_median,CycleTrack Explorer acceptance medians,https://cycletrack.org/explorer,https://cycletrack.org/explorer/school/North Dakota,526,University of North Dakota,University of North Dakota,CycleTrack crowdsourced MD acceptance median cGPA and MCAT,3.87,511,Not an official entering-class average; CycleTrack is crowdsourced applicant/outcome data.
cycletrack_acceptance_median,CycleTrack Explorer acceptance medians,https://cycletrack.org/explorer,https://cycletrack.org/explorer/school/North Texas,530,Texas College of Osteopathic Medicine,Texas College of Osteopathic Medicine,CycleTrack crowdsourced DO acceptance median cGPA and MCAT,3.9,512,Not an official entering-class average; CycleTrack is crowdsourced applicant/outcome data.
cycletrack_acceptance_median,CycleTrack Explorer acceptance medians,https://cycletrack.org/explorer,https://cycletrack.org/explorer/school/Northeast Ohio,534,Northeast Ohio Medical University,Northeast Ohio Medical University,CycleTrack crowdsourced MD acceptance median cGPA and MCAT,3.84,515,Not an official entering-class average; CycleTrack is crowdsourced applicant/outcome data.
cycletrack_acceptance_median,CycleTrack Explorer acceptance medians,https://cycletrack.org/explorer,https://cycletrack.org/explorer/school/Northwestern,542,Northwestern University,Northwestern University,CycleTrack crowdsourced MD acceptance median cGPA and MCAT,3.95,521,Not an official entering-class average; CycleTrack is crowdsourced applicant/outcome data.
cycletrack_acceptance_median,CycleTrack Explorer acceptance medians,https://cycletrack.org/explorer,https://cycletrack.org/explorer/school/Nova Southeastern,546,Nova Southeastern University,Nova Southeastern University,CycleTrack crowdsourced MD acceptance median cGPA and MCAT,3.76,512,Not an official entering-class average; CycleTrack is crowdsourced applicant/outcome data.
cycletrack_acceptance_median,CycleTrack Explorer acceptance medians,https://cycletrack.org/explorer,https://cycletrack.org/explorer/school/Nova Southeastern COM,550,Nova Southeastern University,Nova Southeastern University,CycleTrack crowdsourced DO acceptance median cGPA and MCAT,3.72,507,Not an official entering-class average; CycleTrack is crowdsourced applicant/outcome data.
cycletrack_acceptance_median,CycleTrack Explorer acceptance medians,https://cycletrack.org/explorer,https://cycletrack.org/explorer/school/Oakland,554,Oakland University,Oakland University,CycleTrack crowdsourced MD acceptance median cGPA and MCAT,3.93,513.5,Not an official entering-class average; CycleTrack is crowdsourced applicant/outcome data.
cycletrack_acceptance_median,CycleTrack Explorer acceptance medians,https://cycletrack.org/explorer,https://cycletrack.org/explorer/school/Ohio State,558,Ohio State University,Ohio State University,CycleTrack crowdsourced MD acceptance median cGPA and MCAT,3.92,518,Not an official entering-class average; CycleTrack is crowdsourced applicant/outcome data.
cycletrack_acceptance_median,CycleTrack Explorer acceptance medians,https://cycletrack.org/explorer,https://cycletrack.org/explorer/school/Ohio University,562,Ohio University,Ohio University,CycleTrack crowdsourced DO acceptance median cGPA and MCAT,3.79,510,Not an official entering-class average; CycleTrack is crowdsourced applicant/outcome data.
cycletrack_acceptance_median,CycleTrack Explorer acceptance medians,https://cycletrack.org/explorer,https://cycletrack.org/explorer/school/Oklahoma,566,University of Oklahoma,University of Oklahoma,CycleTrack crowdsourced MD acceptance median cGPA and MCAT,3.9,516,Not an official entering-class average; CycleTrack is crowdsourced applicant/outcome data.
cycletrack_acceptance_median,CycleTrack Explorer acceptance medians,https://cycletrack.org/explorer,https://cycletrack.org/explorer/school/Oklahoma State,570,Oklahoma State University,Oklahoma State University,CycleTrack crowdsourced DO acceptance median cGPA and MCAT,3.93,506,Not an official entering-class average; CycleTrack is crowdsourced applicant/outcome data.
cycletrack_acceptance_median,CycleTrack Explorer acceptance medians,https://cycletrack.org/explorer,https://cycletrack.org/explorer/school/Oregon Health and Science,574,Oregon Health & Science University,Oregon Health & Science University,CycleTrack crowdsourced MD acceptance median cGPA and MCAT,3.8,515,Not an official entering-class average; CycleTrack is crowdsourced applicant/outcome data.
cycletrack_acceptance_median,CycleTrack Explorer acceptance medians,https://cycletrack.org/explorer,https://cycletrack.org/explorer/school/Orlando COM,578,Orlando College of Osteopathic Medicine,Orlando College of Osteopathic Medicine,CycleTrack crowdsourced DO acceptance median cGPA and MCAT,3.71,506,Not an official entering-class average; CycleTrack is crowdsourced applicant/outcome data.
cycletrack_acceptance_median,CycleTrack Explorer acceptance medians,https://cycletrack.org/explorer,https://cycletrack.org/explorer/school/Pacific Northwest,586,Pacific Northwest University,Pacific Northwest University,CycleTrack crowdsourced DO acceptance median cGPA and MCAT,3.68,507,Not an official entering-class average; CycleTrack is crowdsourced applicant/outcome data.
cycletrack_acceptance_median,CycleTrack Explorer acceptance medians,https://cycletrack.org/explorer,https://cycletrack.org/explorer/school/Penn State,590,Pennsylvania State University,Pennsylvania State University,CycleTrack crowdsourced MD acceptance median cGPA and MCAT,3.87,512.5,Not an official entering-class average; CycleTrack is crowdsourced applicant/outcome data.
cycletrack_acceptance_median,CycleTrack Explorer acceptance medians,https://cycletrack.org/explorer,https://cycletrack.org/explorer/school/Pennsylvania,594,University of Pennsylvania,University of Pennsylvania,CycleTrack crowdsourced MD acceptance median cGPA and MCAT,3.97,523,Not an official entering-class average; CycleTrack is crowdsourced applicant/outcome data.
cycletrack_acceptance_median,CycleTrack Explorer acceptance medians,https://cycletrack.org/explorer,https://cycletrack.org/explorer/school/Philadelphia COM,598,Philadelphia College of Osteopathic Medicine,Philadelphia College of Osteopathic Medicine,CycleTrack crowdsourced DO acceptance median cGPA and MCAT,3.77,510.5,Not an official entering-class average; CycleTrack is crowdsourced applicant/outcome data.
cycletrack_acceptance_median,CycleTrack Explorer acceptance medians,https://cycletrack.org/explorer,https://cycletrack.org/explorer/school/Philadelphia COM - Georgia,602,Philadelphia College of Osteopathic Medicine (Georgia),Philadelphia College of Osteopathic Medicine (Georgia),CycleTrack crowdsourced DO acceptance median cGPA and MCAT,3.75,506.5,Not an official entering-class average; CycleTrack is crowdsourced applicant/outcome data.
cycletrack_acceptance_median,CycleTrack Explorer acceptance medians,https://cycletrack.org/explorer,https://cycletrack.org/explorer/school/Philadelphia COM - South Georgia,606,Philadelphia College of Osteopathic Medicine (South Georgia),Philadelphia College of Osteopathic Medicine (South Georgia),CycleTrack crowdsourced DO acceptance median cGPA and MCAT,3.71,503,Not an official entering-class average; CycleTrack is crowdsourced applicant/outcome data.
cycletrack_acceptance_median,CycleTrack Explorer acceptance medians,https://cycletrack.org/explorer,https://cycletrack.org/explorer/school/Pittsburgh,610,University of Pittsburgh,University of Pittsburgh,CycleTrack crowdsourced MD acceptance median cGPA and MCAT,3.95,520,Not an official entering-class average; CycleTrack is crowdsourced applicant/outcome data.
cycletrack_acceptance_median,CycleTrack Explorer acceptance medians,https://cycletrack.org/explorer,https://cycletrack.org/explorer/school/Ponce Health Sciences,614,Ponce Health Sciences University,Ponce Health Sciences University,CycleTrack crowdsourced MD acceptance median cGPA and MCAT,3.71,503,Not an official entering-class average; CycleTrack is crowdsourced applicant/outcome data.
cycletrack_acceptance_median,CycleTrack Explorer acceptance medians,https://cycletrack.org/explorer,https://cycletrack.org/explorer/school/Quinnipiac,622,Quinnipiac University,Quinnipiac University,CycleTrack crowdsourced MD acceptance median cGPA and MCAT,3.82,514,Not an official entering-class average; CycleTrack is crowdsourced applicant/outcome data.
cycletrack_acceptance_median,CycleTrack Explorer acceptance medians,https://cycletrack.org/explorer,https://cycletrack.org/explorer/school/Rochester,626,University of Rochester,University of Rochester,CycleTrack crowdsourced MD acceptance median cGPA and MCAT,3.93,519,Not an official entering-class average; CycleTrack is crowdsourced applicant/outcome data.
cycletrack_acceptance_median,CycleTrack Explorer acceptance medians,https://cycletrack.org/explorer,https://cycletrack.org/explorer/school/Rocky Vista,630,Rocky Vista University,Rocky Vista University,CycleTrack crowdsourced DO acceptance median cGPA and MCAT,3.8,510,Not an official entering-class average; CycleTrack is crowdsourced applicant/outcome data.
cycletrack_acceptance_median,CycleTrack Explorer acceptance medians,https://cycletrack.org/explorer,https://cycletrack.org/explorer/school/Rocky Vista - Montana,634,Rocky Vista University (Montana),Rocky Vista University (Montana),CycleTrack crowdsourced DO acceptance median cGPA and MCAT,3.69,505,Not an official entering-class average; CycleTrack is crowdsourced applicant/outcome data.
cycletrack_acceptance_median,CycleTrack Explorer acceptance medians,https://cycletrack.org/explorer,https://cycletrack.org/explorer/school/Rosalind Franklin,638,Rosalind Franklin University,Rosalind Franklin University,CycleTrack crowdsourced MD acceptance median cGPA and MCAT,3.78,513,Not an official entering-class average; CycleTrack is crowdsourced applicant/outcome data.
cycletrack_acceptance_median,CycleTrack Explorer acceptance medians,https://cycletrack.org/explorer,https://cycletrack.org/explorer/school/Roseman,642,Roseman University College of Medicine,Roseman University College of Medicine,CycleTrack crowdsourced MD acceptance median cGPA and MCAT,3.79,508.5,Not an official entering-class average; CycleTrack is crowdsourced applicant/outcome data.
cycletrack_acceptance_median,CycleTrack Explorer acceptance medians,https://cycletrack.org/explorer,https://cycletrack.org/explorer/school/Rowan,646,Rowan-Virtua School of Osteopathic Medicine,Rowan-Virtua School of Osteopathic Medicine,CycleTrack crowdsourced DO acceptance median cGPA and MCAT,3.82,512,Not an official entering-class average; CycleTrack is crowdsourced applicant/outcome data.
cycletrack_acceptance_median,CycleTrack Explorer acceptance medians,https://cycletrack.org/explorer,https://cycletrack.org/explorer/school/Rush,650,Rush University,Rush University,CycleTrack crowdsourced MD acceptance median cGPA and MCAT,3.8,514,Not an official entering-class average; CycleTrack is crowdsourced applicant/outcome data.
cycletrack_acceptance_median,CycleTrack Explorer acceptance medians,https://cycletrack.org/explorer,https://cycletrack.org/explorer/school/Rutgers - New Jersey,654,Rutgers University (New Jersey),Rutgers University (New Jersey),CycleTrack crowdsourced MD acceptance median cGPA and MCAT,3.89,516,Not an official entering-class average; CycleTrack is crowdsourced applicant/outcome data.
cycletrack_acceptance_median,CycleTrack Explorer acceptance medians,https://cycletrack.org/explorer,https://cycletrack.org/explorer/school/Rutgers - Robert Wood Johnson,658,Rutgers University (Robert Wood Johnson),Rutgers University (Robert Wood Johnson),CycleTrack crowdsourced MD acceptance median cGPA and MCAT,3.88,517,Not an official entering-class average; CycleTrack is crowdsourced applicant/outcome data.
cycletrack_acceptance_median,CycleTrack Explorer acceptance medians,https://cycletrack.org/explorer,https://cycletrack.org/explorer/school/SUNY Downstate,662,State University of New York Downstate Health Sciences University,State University of New York Downstate Health Sciences University,CycleTrack crowdsourced MD acceptance median cGPA and MCAT,3.83,516,Not an official entering-class average; CycleTrack is crowdsourced applicant/outcome data.
cycletrack_acceptance_median,CycleTrack Explorer acceptance medians,https://cycletrack.org/explorer,https://cycletrack.org/explorer/school/SUNY Upstate,666,State University of New York Upstate Medical University,State University of New York Upstate Medical University,CycleTrack crowdsourced MD acceptance median cGPA and MCAT,3.84,515,Not an official entering-class average; CycleTrack is crowdsourced applicant/outcome data.
cycletrack_acceptance_median,CycleTrack Explorer acceptance medians,https://cycletrack.org/explorer,https://cycletrack.org/explorer/school/Saint Louis,670,Saint Louis University,Saint Louis University,CycleTrack crowdsourced MD acceptance median cGPA and MCAT,3.91,517,Not an official entering-class average; CycleTrack is crowdsourced applicant/outcome data.
cycletrack_acceptance_median,CycleTrack Explorer acceptance medians,https://cycletrack.org/explorer,https://cycletrack.org/explorer/school/Sam Houston,674,Sam Houston State University,Sam Houston State University,CycleTrack crowdsourced DO acceptance median cGPA and MCAT,3.84,510,Not an official entering-class average; CycleTrack is crowdsourced applicant/outcome data.
cycletrack_acceptance_median,CycleTrack Explorer acceptance medians,https://cycletrack.org/explorer,https://cycletrack.org/explorer/school/San Juan Bautista,678,San Juan Bautista School of Medicine,San Juan Bautista School of Medicine,CycleTrack crowdsourced MD acceptance median cGPA and MCAT,3.72,506,Not an official entering-class average; CycleTrack is crowdsourced applicant/outcome data.
cycletrack_acceptance_median,CycleTrack Explorer acceptance medians,https://cycletrack.org/explorer,https://cycletrack.org/explorer/school/South Alabama,690,University of South Alabama,University of South Alabama,CycleTrack crowdsourced MD acceptance median cGPA and MCAT,3.9,514,Not an official entering-class average; CycleTrack is crowdsourced applicant/outcome data.
cycletrack_acceptance_median,CycleTrack Explorer acceptance medians,https://cycletrack.org/explorer,https://cycletrack.org/explorer/school/South Carolina - Columbia,694,University of South Carolina,University of South Carolina,CycleTrack crowdsourced MD acceptance median cGPA and MCAT,3.85,515,Not an official entering-class average; CycleTrack is crowdsourced applicant/outcome data.
cycletrack_acceptance_median,CycleTrack Explorer acceptance medians,https://cycletrack.org/explorer,https://cycletrack.org/explorer/school/South Carolina - Greenville,698,University of South Carolina,University of South Carolina,CycleTrack crowdsourced MD acceptance median cGPA and MCAT,3.92,515,Not an official entering-class average; CycleTrack is crowdsourced applicant/outcome data.
cycletrack_acceptance_median,CycleTrack Explorer acceptance medians,https://cycletrack.org/explorer,https://cycletrack.org/explorer/school/South Dakota,702,University of South Dakota,University of South Dakota,CycleTrack crowdsourced MD acceptance median cGPA and MCAT,3.8,512,Not an official entering-class average; CycleTrack is crowdsourced applicant/outcome data.
cycletrack_acceptance_median,CycleTrack Explorer acceptance medians,https://cycletrack.org/explorer,https://cycletrack.org/explorer/school/Southern Illinois,706,Southern Illinois University,Southern Illinois University,CycleTrack crowdsourced MD acceptance median cGPA and MCAT,3.94,517.5,Not an official entering-class average; CycleTrack is crowdsourced applicant/outcome data.
cycletrack_acceptance_median,CycleTrack Explorer acceptance medians,https://cycletrack.org/explorer,https://cycletrack.org/explorer/school/Stanford,710,Stanford University,Stanford University,CycleTrack crowdsourced MD acceptance median cGPA and MCAT,3.96,521.5,Not an official entering-class average; CycleTrack is crowdsourced applicant/outcome data.
cycletrack_acceptance_median,CycleTrack Explorer acceptance medians,https://cycletrack.org/explorer,https://cycletrack.org/explorer/school/Stony Brook,714,Stony Brook University,Stony Brook University,CycleTrack crowdsourced MD acceptance median cGPA and MCAT,3.91,518.5,Not an official entering-class average; CycleTrack is crowdsourced applicant/outcome data.
cycletrack_acceptance_median,CycleTrack Explorer acceptance medians,https://cycletrack.org/explorer,https://cycletrack.org/explorer/school/Temple,718,Temple University,Temple University,CycleTrack crowdsourced MD acceptance median cGPA and MCAT,3.84,515,Not an official entering-class average; CycleTrack is crowdsourced applicant/outcome data.
cycletrack_acceptance_median,CycleTrack Explorer acceptance medians,https://cycletrack.org/explorer,https://cycletrack.org/explorer/school/Tennessee,722,University of Tennessee,University of Tennessee,CycleTrack crowdsourced MD acceptance median cGPA and MCAT,3.9,517,Not an official entering-class average; CycleTrack is crowdsourced applicant/outcome data.
cycletrack_acceptance_median,CycleTrack Explorer acceptance medians,https://cycletrack.org/explorer,https://cycletrack.org/explorer/school/Texas A&M,726,Texas A&M University,Texas A&M University,CycleTrack crowdsourced MD acceptance median cGPA and MCAT,3.93,518,Not an official entering-class average; CycleTrack is crowdsourced applicant/outcome data.
cycletrack_acceptance_median,CycleTrack Explorer acceptance medians,https://cycletrack.org/explorer,https://cycletrack.org/explorer/school/Texas Christian University,730,Texas Christian University,Texas Christian University,CycleTrack crowdsourced MD acceptance median cGPA and MCAT,3.93,514,Not an official entering-class average; CycleTrack is crowdsourced applicant/outcome data.
cycletrack_acceptance_median,CycleTrack Explorer acceptance medians,https://cycletrack.org/explorer,https://cycletrack.org/explorer/school/Texas Tech - Foster,734,Texas Tech University (Foster),Texas Tech University (Foster),CycleTrack crowdsourced MD acceptance median cGPA and MCAT,3.96,517,Not an official entering-class average; CycleTrack is crowdsourced applicant/outcome data.
cycletrack_acceptance_median,CycleTrack Explorer acceptance medians,https://cycletrack.org/explorer,https://cycletrack.org/explorer/school/Texas Tech - Lubbock,738,Texas Tech University (Lubbock),Texas Tech University (Lubbock),CycleTrack crowdsourced MD acceptance median cGPA and MCAT,3.96,516,Not an official entering-class average; CycleTrack is crowdsourced applicant/outcome data.
cycletrack_acceptance_median,CycleTrack Explorer acceptance medians,https://cycletrack.org/explorer,https://cycletrack.org/explorer/school/Toledo,742,University of Toledo,University of Toledo,CycleTrack crowdsourced MD acceptance median cGPA and MCAT,3.85,513,Not an official entering-class average; CycleTrack is crowdsourced applicant/outcome data.
cycletrack_acceptance_median,CycleTrack Explorer acceptance medians,https://cycletrack.org/explorer,https://cycletrack.org/explorer/school/Touro - California,750,Touro University (California),Touro University (California),CycleTrack crowdsourced DO acceptance median cGPA and MCAT,3.77,511,Not an official entering-class average; CycleTrack is crowdsourced applicant/outcome data.
cycletrack_acceptance_median,CycleTrack Explorer acceptance medians,https://cycletrack.org/explorer,https://cycletrack.org/explorer/school/Touro - Nevada,754,Touro University (Nevada),Touro University (Nevada),CycleTrack crowdsourced DO acceptance median cGPA and MCAT,3.74,508,Not an official entering-class average; CycleTrack is crowdsourced applicant/outcome data.
cycletrack_acceptance_median,CycleTrack Explorer acceptance medians,https://cycletrack.org/explorer,https://cycletrack.org/explorer/school/Touro - New York,758,Touro College of Osteopathic Medicine,Touro College of Osteopathic Medicine,CycleTrack crowdsourced DO acceptance median cGPA and MCAT,3.7,508,Not an official entering-class average; CycleTrack is crowdsourced applicant/outcome data.
cycletrack_acceptance_median,CycleTrack Explorer acceptance medians,https://cycletrack.org/explorer,https://cycletrack.org/explorer/school/Tufts,762,Tufts University,Tufts University,CycleTrack crowdsourced MD acceptance median cGPA and MCAT,3.92,517,Not an official entering-class average; CycleTrack is crowdsourced applicant/outcome data.
cycletrack_acceptance_median,CycleTrack Explorer acceptance medians,https://cycletrack.org/explorer,https://cycletrack.org/explorer/school/Tulane,766,Tulane University,Tulane University,CycleTrack crowdsourced MD acceptance median cGPA and MCAT,3.85,516,Not an official entering-class average; CycleTrack is crowdsourced applicant/outcome data.
cycletrack_acceptance_median,CycleTrack Explorer acceptance medians,https://cycletrack.org/explorer,https://cycletrack.org/explorer/school/Uniformed Services,770,Uniformed Services University,Uniformed Services University,CycleTrack crowdsourced MD acceptance median cGPA and MCAT,3.84,512,Not an official entering-class average; CycleTrack is crowdsourced applicant/outcome data.
cycletrack_acceptance_median,CycleTrack Explorer acceptance medians,https://cycletrack.org/explorer,https://cycletrack.org/explorer/school/University of California Davis,778,University of California (Davis),University of California (Davis),CycleTrack crowdsourced MD acceptance median cGPA and MCAT,3.84,516,Not an official entering-class average; CycleTrack is crowdsourced applicant/outcome data.
cycletrack_acceptance_median,CycleTrack Explorer acceptance medians,https://cycletrack.org/explorer,https://cycletrack.org/explorer/school/University of California Irvine,782,University of California (Irvine),University of California (Irvine),CycleTrack crowdsourced MD acceptance median cGPA and MCAT,3.91,518,Not an official entering-class average; CycleTrack is crowdsourced applicant/outcome data.
cycletrack_acceptance_median,CycleTrack Explorer acceptance medians,https://cycletrack.org/explorer,https://cycletrack.org/explorer/school/University of California Los Angeles,786,University of California (Los Angeles),University of California (Los Angeles),CycleTrack crowdsourced MD acceptance median cGPA and MCAT,3.81,518,Not an official entering-class average; CycleTrack is crowdsourced applicant/outcome data.
cycletrack_acceptance_median,CycleTrack Explorer acceptance medians,https://cycletrack.org/explorer,https://cycletrack.org/explorer/school/University of California Riverside,790,University of California (Riverside),University of California (Riverside),CycleTrack crowdsourced MD acceptance median cGPA and MCAT,3.75,513,Not an official entering-class average; CycleTrack is crowdsourced applicant/outcome data.
cycletrack_acceptance_median,CycleTrack Explorer acceptance medians,https://cycletrack.org/explorer,https://cycletrack.org/explorer/school/University of California San Diego,794,University of California (San Diego),University of California (San Diego),CycleTrack crowdsourced MD acceptance median cGPA and MCAT,3.95,519,Not an official entering-class average; CycleTrack is crowdsourced applicant/outcome data.
cycletrack_acceptance_median,CycleTrack Explorer acceptance medians,https://cycletrack.org/explorer,https://cycletrack.org/explorer/school/University of California San Francisco,798,University of California (San Francisco),University of California (San Francisco),CycleTrack crowdsourced MD acceptance median cGPA and MCAT,3.94,520,Not an official entering-class average; CycleTrack is crowdsourced applicant/outcome data.
cycletrack_acceptance_median,CycleTrack Explorer acceptance medians,https://cycletrack.org/explorer,https://cycletrack.org/explorer/school/University of Central Florida,802,University of Central Florida,University of Central Florida,CycleTrack crowdsourced MD acceptance median cGPA and MCAT,3.94,516,Not an official entering-class average; CycleTrack is crowdsourced applicant/outcome data.
cycletrack_acceptance_median,CycleTrack Explorer acceptance medians,https://cycletrack.org/explorer,https://cycletrack.org/explorer/school/University of Nevada Las Vegas,806,University of Nevada Las Vegas,University of Nevada Las Vegas,CycleTrack crowdsourced MD acceptance median cGPA and MCAT,3.94,516.5,Not an official entering-class average; CycleTrack is crowdsourced applicant/outcome data.
cycletrack_acceptance_median,CycleTrack Explorer acceptance medians,https://cycletrack.org/explorer,https://cycletrack.org/explorer/school/University of South Florida,814,University of South Florida,University of South Florida,CycleTrack crowdsourced MD acceptance median cGPA and MCAT,3.96,522,Not an official entering-class average; CycleTrack is crowdsourced applicant/outcome data.
cycletrack_acceptance_median,CycleTrack Explorer acceptance medians,https://cycletrack.org/explorer,https://cycletrack.org/explorer/school/University of Southern California,818,University of Southern California,University of Southern California,CycleTrack crowdsourced MD acceptance median cGPA and MCAT,3.9,518.5,Not an official entering-class average; CycleTrack is crowdsourced applicant/outcome data.
cycletrack_acceptance_median,CycleTrack Explorer acceptance medians,https://cycletrack.org/explorer,https://cycletrack.org/explorer/school/University of Texas - Austin,822,University of Texas (Austin),University of Texas (Austin),CycleTrack crowdsourced MD acceptance median cGPA and MCAT,3.97,523,Not an official entering-class average; CycleTrack is crowdsourced applicant/outcome data.
cycletrack_acceptance_median,CycleTrack Explorer acceptance medians,https://cycletrack.org/explorer,https://cycletrack.org/explorer/school/University of Texas - Houston,826,University of Texas (Houston),University of Texas (Houston),CycleTrack crowdsourced MD acceptance median cGPA and MCAT,3.96,516,Not an official entering-class average; CycleTrack is crowdsourced applicant/outcome data.
cycletrack_acceptance_median,CycleTrack Explorer acceptance medians,https://cycletrack.org/explorer,https://cycletrack.org/explorer/school/University of Texas - Medical Branch,830,University of Texas (Medical Branch),University of Texas (Medical Branch),CycleTrack crowdsourced MD acceptance median cGPA and MCAT,3.86,516,Not an official entering-class average; CycleTrack is crowdsourced applicant/outcome data.
cycletrack_acceptance_median,CycleTrack Explorer acceptance medians,https://cycletrack.org/explorer,https://cycletrack.org/explorer/school/University of Texas - Rio Grande,834,University of Texas (Rio Grande),University of Texas (Rio Grande),CycleTrack crowdsourced MD acceptance median cGPA and MCAT,3.83,514,Not an official entering-class average; CycleTrack is crowdsourced applicant/outcome data.
cycletrack_acceptance_median,CycleTrack Explorer acceptance medians,https://cycletrack.org/explorer,https://cycletrack.org/explorer/school/University of Texas - San Antonio,838,University of Texas (San Antonio),University of Texas (San Antonio),CycleTrack crowdsourced MD acceptance median cGPA and MCAT,3.95,521,Not an official entering-class average; CycleTrack is crowdsourced applicant/outcome data.
cycletrack_acceptance_median,CycleTrack Explorer acceptance medians,https://cycletrack.org/explorer,https://cycletrack.org/explorer/school/University of Texas - Southwestern,842,University of Texas (Southwestern),University of Texas (Southwestern),CycleTrack crowdsourced MD acceptance median cGPA and MCAT,3.97,520,Not an official entering-class average; CycleTrack is crowdsourced applicant/outcome data.
cycletrack_acceptance_median,CycleTrack Explorer acceptance medians,https://cycletrack.org/explorer,https://cycletrack.org/explorer/school/Utah,850,University of Utah,University of Utah,CycleTrack crowdsourced MD acceptance median cGPA and MCAT,3.89,512.5,Not an official entering-class average; CycleTrack is crowdsourced applicant/outcome data.
cycletrack_acceptance_median,CycleTrack Explorer acceptance medians,https://cycletrack.org/explorer,https://cycletrack.org/explorer/school/Vanderbilt,854,Vanderbilt University,Vanderbilt University,CycleTrack crowdsourced MD acceptance median cGPA and MCAT,3.97,523,Not an official entering-class average; CycleTrack is crowdsourced applicant/outcome data.
cycletrack_acceptance_median,CycleTrack Explorer acceptance medians,https://cycletrack.org/explorer,https://cycletrack.org/explorer/school/Vermont,858,University of Vermont,University of Vermont,CycleTrack crowdsourced MD acceptance median cGPA and MCAT,3.83,515,Not an official entering-class average; CycleTrack is crowdsourced applicant/outcome data.
cycletrack_acceptance_median,CycleTrack Explorer acceptance medians,https://cycletrack.org/explorer,https://cycletrack.org/explorer/school/Virginia,862,University of Virginia,University of Virginia,CycleTrack crowdsourced MD acceptance median cGPA and MCAT,3.95,521,Not an official entering-class average; CycleTrack is crowdsourced applicant/outcome data.
cycletrack_acceptance_median,CycleTrack Explorer acceptance medians,https://cycletrack.org/explorer,https://cycletrack.org/explorer/school/Virginia Commonwealth,866,Virginia Commonwealth University,Virginia Commonwealth University,CycleTrack crowdsourced MD acceptance median cGPA and MCAT,3.85,515,Not an official entering-class average; CycleTrack is crowdsourced applicant/outcome data.
cycletrack_acceptance_median,CycleTrack Explorer acceptance medians,https://cycletrack.org/explorer,https://cycletrack.org/explorer/school/Virginia Tech,870,Virginia Tech,Virginia Tech,CycleTrack crowdsourced MD acceptance median cGPA and MCAT,3.8,516,Not an official entering-class average; CycleTrack is crowdsourced applicant/outcome data.
cycletrack_acceptance_median,CycleTrack Explorer acceptance medians,https://cycletrack.org/explorer,https://cycletrack.org/explorer/school/Wake Forest,874,Wake Forest University,Wake Forest University,CycleTrack crowdsourced MD acceptance median cGPA and MCAT,3.9,514,Not an official entering-class average; CycleTrack is crowdsourced applicant/outcome data.
cycletrack_acceptance_median,CycleTrack Explorer acceptance medians,https://cycletrack.org/explorer,https://cycletrack.org/explorer/school/Washington,878,University of Washington,University of Washington,CycleTrack crowdsourced MD acceptance median cGPA and MCAT,3.85,516,Not an official entering-class average; CycleTrack is crowdsourced applicant/outcome data.
cycletrack_acceptance_median,CycleTrack Explorer acceptance medians,https://cycletrack.org/explorer,https://cycletrack.org/explorer/school/Washington State,882,Washington State University,Washington State University,CycleTrack crowdsourced MD acceptance median cGPA and MCAT,3.84,514,Not an official entering-class average; CycleTrack is crowdsourced applicant/outcome data.
cycletrack_acceptance_median,CycleTrack Explorer acceptance medians,https://cycletrack.org/explorer,https://cycletrack.org/explorer/school/Washington University Saint Louis,886,Washington University Saint Louis,Washington University Saint Louis,CycleTrack crowdsourced MD acceptance median cGPA and MCAT,3.95,523,Not an official entering-class average; CycleTrack is crowdsourced applicant/outcome data.
cycletrack_acceptance_median,CycleTrack Explorer acceptance medians,https://cycletrack.org/explorer,https://cycletrack.org/explorer/school/Wayne State,890,Wayne State University,Wayne State University,CycleTrack crowdsourced MD acceptance median cGPA and MCAT,3.87,514,Not an official entering-class average; CycleTrack is crowdsourced applicant/outcome data.
cycletrack_acceptance_median,CycleTrack Explorer acceptance medians,https://cycletrack.org/explorer,https://cycletrack.org/explorer/school/West Virginia,894,West Virginia University,West Virginia University,CycleTrack crowdsourced MD acceptance median cGPA and MCAT,3.8,514,Not an official entering-class average; CycleTrack is crowdsourced applicant/outcome data.
cycletrack_acceptance_median,CycleTrack Explorer acceptance medians,https://cycletrack.org/explorer,https://cycletrack.org/explorer/school/West Virginia SOM,898,West Virginia School of Osteopathic Medicine,West Virginia School of Osteopathic Medicine,CycleTrack crowdsourced DO acceptance median cGPA and MCAT,3.73,507,Not an official entering-class average; CycleTrack is crowdsourced applicant/outcome data.
cycletrack_acceptance_median,CycleTrack Explorer acceptance medians,https://cycletrack.org/explorer,https://cycletrack.org/explorer/school/Western Michigan,902,Western Michigan University,Western Michigan University,CycleTrack crowdsourced MD acceptance median cGPA and MCAT,3.84,514,Not an official entering-class average; CycleTrack is crowdsourced applicant/outcome data.
cycletrack_acceptance_median,CycleTrack Explorer acceptance medians,https://cycletrack.org/explorer,https://cycletrack.org/explorer/school/Western University - California,910,Western University of Health Sciences,Western University of Health Sciences,CycleTrack crowdsourced DO acceptance median cGPA and MCAT,3.79,512,Not an official entering-class average; CycleTrack is crowdsourced applicant/outcome data.
cycletrack_acceptance_median,CycleTrack Explorer acceptance medians,https://cycletrack.org/explorer,https://cycletrack.org/explorer/school/Western University - Oregon,914,Western University of Health Sciences,Western University of Health Sciences,CycleTrack crowdsourced DO acceptance median cGPA and MCAT,3.76,509,Not an official entering-class average; CycleTrack is crowdsourced applicant/outcome data.
cycletrack_acceptance_median,CycleTrack Explorer acceptance medians,https://cycletrack.org/explorer,https://cycletrack.org/explorer/school/William Carey,918,William Carey University,William Carey University,CycleTrack crowdsourced DO acceptance median cGPA and MCAT,3.79,505,Not an official entering-class average; CycleTrack is crowdsourced applicant/outcome data.
cycletrack_acceptance_median,CycleTrack Explorer acceptance medians,https://cycletrack.org/explorer,https://cycletrack.org/explorer/school/Wisconsin,922,University of Wisconsin,University of Wisconsin,CycleTrack crowdsourced MD acceptance median cGPA and MCAT,3.8,515,Not an official entering-class average; CycleTrack is crowdsourced applicant/outcome data.
cycletrack_acceptance_median,CycleTrack Explorer acceptance medians,https://cycletrack.org/explorer,https://cycletrack.org/explorer/school/Wright State,926,Wright State University,Wright State University,CycleTrack crowdsourced MD acceptance median cGPA and MCAT,3.89,514,Not an official entering-class average; CycleTrack is crowdsourced applicant/outcome data.
cycletrack_acceptance_median,CycleTrack Explorer acceptance medians,https://cycletrack.org/explorer,https://cycletrack.org/explorer/school/Yale,930,Yale School of Medicine,Yale School of Medicine,CycleTrack crowdsourced MD acceptance median cGPA and MCAT,3.95,523,Not an official entering-class average; CycleTrack is crowdsourced applicant/outcome data.
