source_key,source_name,source_url,source_row_number,school_name_raw,school_name_clean,school_source_url,state,degree_type,average_gpa_raw,average_gpa,average_mcat_raw,average_mcat,minimum_mcat_raw,minimum_mcat,notes
prospectivedoctor,ProspectiveDoctor,https://www.prospectivedoctor.com/gpa-and-mcat/,3,University of Alabama School of Medicine,University of Alabama School of Medicine,http://www.uab.edu/medicine/home/future-students/admissions,Alabama,,3.86,3.86,MCAT Minimum - 495 MCAT Average - 510,510,MCAT Minimum - 495 MCAT Average - 510,495,
prospectivedoctor,ProspectiveDoctor,https://www.prospectivedoctor.com/gpa-and-mcat/,4,University of South Alabama College of Medicine,University of South Alabama College of Medicine,http://www.usahealthsystem.com/doctor-of-medicine,Alabama,,3.91,3.91,MCAT Minimum - 500 (instate) and 509 (out of state) MCAT Average - 511,511,MCAT Minimum - 500 (instate) and 509 (out of state) MCAT Average - 511,500,
prospectivedoctor,ProspectiveDoctor,https://www.prospectivedoctor.com/gpa-and-mcat/,6,University of Arizona College of Medicine - Tucson,University of Arizona College of Medicine - Tucson,http://medicine.arizona.edu/admissions,Arizona,,3.79,3.79,MCAT Minimum - 498 MCAT Average - 510,510,MCAT Minimum - 498 MCAT Average - 510,498,
prospectivedoctor,ProspectiveDoctor,https://www.prospectivedoctor.com/gpa-and-mcat/,7,University of Arizona College of Medicine-Phoenix,University of Arizona College of Medicine-Phoenix,http://phoenixmed.arizona.edu/admissions,Arizona,,3.81,3.81,MCAT - 515,515,MCAT - 515,515,
prospectivedoctor,ProspectiveDoctor,https://www.prospectivedoctor.com/gpa-and-mcat/,9,University of Arkansas for Medical Sciences College of Medicine,University of Arkansas for Medical Sciences College of Medicine,http://medicine.uams.edu/for-medical-school-applicants/,Arkansas,,3.85,3.85,MCAT - 508,508,MCAT - 508,508,
prospectivedoctor,ProspectiveDoctor,https://www.prospectivedoctor.com/gpa-and-mcat/,11,California Northstate University College of Medicine,California Northstate University College of Medicine,http://medicine.cnsu.edu/students-com/admissions,California,,3.72,3.72,MCAT - 513,513,MCAT - 513,513,
prospectivedoctor,ProspectiveDoctor,https://www.prospectivedoctor.com/gpa-and-mcat/,12,Drew/UCLA Joint Medical Program Drew University of Medicine and Science,Drew/UCLA Joint Medical Program Drew University of Medicine and Science,http://www.cdrewu.edu/com/CDU_UCLAMedicalStudentProgram/UndergraduateMedicalEducationPrograms,California,,3,3,MCAT - 498,498,MCAT - 498,498,
prospectivedoctor,ProspectiveDoctor,https://www.prospectivedoctor.com/gpa-and-mcat/,13,Loma Linda University School of Medicine,Loma Linda University School of Medicine,http://medicine.llu.edu/admissions,California,,3.86,3.86,MCAT - 510,510,MCAT - 510,510,
prospectivedoctor,ProspectiveDoctor,https://www.prospectivedoctor.com/gpa-and-mcat/,14,University of California - Davis School of Medicine,University of California - Davis School of Medicine,http://www.ucdmc.ucdavis.edu/mdprogram/admissions/index.html,California,,3.69,3.69,MCAT - 512,512,MCAT - 512,512,
prospectivedoctor,ProspectiveDoctor,https://www.prospectivedoctor.com/gpa-and-mcat/,15,Stanford University School of Medicine,Stanford University School of Medicine,http://med.stanford.edu/md-admissions.html,California,,3.89,3.89,MCAT - 519,519,MCAT - 519,519,
prospectivedoctor,ProspectiveDoctor,https://www.prospectivedoctor.com/gpa-and-mcat/,16,University of California - Irvine School of Medicine,University of California - Irvine School of Medicine,http://www.meded.uci.edu/admissions/index.asp,California,,3.85,3.85,MCAT - 516,516,MCAT - 516,516,
prospectivedoctor,ProspectiveDoctor,https://www.prospectivedoctor.com/gpa-and-mcat/,17,University of California-Los Angeles David Geffen School of Medicine,University of California-Los Angeles David Geffen School of Medicine,http://medschool.ucla.edu/apply-admissions,California,,3.84,3.84,MCAT - 516,516,MCAT - 516,516,
prospectivedoctor,ProspectiveDoctor,https://www.prospectivedoctor.com/gpa-and-mcat/,18,University of California - Riverside School of Medicine,University of California - Riverside School of Medicine,http://medschool.ucr.edu/admissions/,California,,3.59,3.59,MCAT - 508,508,MCAT - 508,508,
prospectivedoctor,ProspectiveDoctor,https://www.prospectivedoctor.com/gpa-and-mcat/,19,University of California - San Diego School of Medicine,University of California - San Diego School of Medicine,http://meded.ucsd.edu/asa/admissions/,California,,3.83,3.83,MCAT - 517,517,MCAT - 517,517,
prospectivedoctor,ProspectiveDoctor,https://www.prospectivedoctor.com/gpa-and-mcat/,20,University of California - San Francisco School of Medicine,University of California - San Francisco School of Medicine,http://meded.ucsf.edu/admissions,California,,3.86,3.86,MCAT - 518,518,MCAT - 518,518,
prospectivedoctor,ProspectiveDoctor,https://www.prospectivedoctor.com/gpa-and-mcat/,21,University of Southern California Keck School of Medicine,University of Southern California Keck School of Medicine,http://keck.usc.edu/education/md-program/admissions/,California,,3.76,3.76,MCAT - 517,517,MCAT - 517,517,
prospectivedoctor,ProspectiveDoctor,https://www.prospectivedoctor.com/gpa-and-mcat/,24,University of Colorado School of Medicine,University of Colorado School of Medicine,http://www.ucdenver.edu/academics/colleges/medicalschool/education/Admissions/Pages/admissions.aspx,Colorado,,3.83,3.83,MCAT - 514,514,MCAT - 514,514,
prospectivedoctor,ProspectiveDoctor,https://www.prospectivedoctor.com/gpa-and-mcat/,26,Quinnipiac University Frank H. Netter MD School of Medicine,Quinnipiac University Frank H. Netter MD School of Medicine,https://www.qu.edu/schools/medicine/admissions.html,Connecticut,,3.68,3.68,MCAT Minimum - 499 MCAT Average - 512,512,MCAT Minimum - 499 MCAT Average - 512,499,
prospectivedoctor,ProspectiveDoctor,https://www.prospectivedoctor.com/gpa-and-mcat/,27,University of Connecticut School of Medicine,University of Connecticut School of Medicine,http://medicine.uconn.edu/admissions/applying-to-the-md-or-md-mba-programs/,Connecticut,,3.82,3.82,MCAT - 513,513,MCAT - 513,513,
prospectivedoctor,ProspectiveDoctor,https://www.prospectivedoctor.com/gpa-and-mcat/,28,Yale School of Medicine,Yale School of Medicine,http://medicine.yale.edu/education/admissions/,Connecticut,,3.93,3.93,MCAT - 521,521,MCAT - 521,521,
prospectivedoctor,ProspectiveDoctor,https://www.prospectivedoctor.com/gpa-and-mcat/,30,George Washington University School of Medicine and Health Sciences,George Washington University School of Medicine and Health Sciences,http://smhs.gwu.edu/academics/md-program/admissions,District Columbia,,3.78,3.78,MCAT - 513,513,MCAT - 513,513,
prospectivedoctor,ProspectiveDoctor,https://www.prospectivedoctor.com/gpa-and-mcat/,31,Georgetown University School of Medicine,Georgetown University School of Medicine,https://som.georgetown.edu/prospectivestudents/degrees/md,District Columbia,,3.79,3.79,MCAT - 513,513,MCAT - 513,513,
prospectivedoctor,ProspectiveDoctor,https://www.prospectivedoctor.com/gpa-and-mcat/,32,Howard University College of Medicine,Howard University College of Medicine,https://medicine.howard.edu/admissions,District Columbia,,3.42,3.42,MCAT - 505,505,MCAT - 505,505,
prospectivedoctor,ProspectiveDoctor,https://www.prospectivedoctor.com/gpa-and-mcat/,34,Florida Atlantic University Charles E. Schmidt College of Medicine,Florida Atlantic University Charles E. Schmidt College of Medicine,http://med.fau.edu/admissions/md/index.php,Florida,,3.8,3.8,MCAT - 513,513,MCAT - 513,513,
prospectivedoctor,ProspectiveDoctor,https://www.prospectivedoctor.com/gpa-and-mcat/,35,Florida International University Herbert Wertheim College of Medicine,Florida International University Herbert Wertheim College of Medicine,https://medicine.fiu.edu/academics/degrees-and-programs/doctor-of-medicine/admissions/index.html,Florida,,3.79,3.79,MCAT - 511,511,MCAT - 511,511,
prospectivedoctor,ProspectiveDoctor,https://www.prospectivedoctor.com/gpa-and-mcat/,36,Florida State University College of Medicine,Florida State University College of Medicine,http://med.fsu.edu/index.cfm?page=mdAdmissions.home&usemenu=prospectiveStudents,Florida,,3.76,3.76,MCAT - 508,508,MCAT - 508,508,
prospectivedoctor,ProspectiveDoctor,https://www.prospectivedoctor.com/gpa-and-mcat/,37,University of Central Florida College of Medicine,University of Central Florida College of Medicine,https://med.ucf.edu/admissions/,Florida,,3.88,3.88,MCAT - 514,514,MCAT - 514,514,
prospectivedoctor,ProspectiveDoctor,https://www.prospectivedoctor.com/gpa-and-mcat/,38,University of Florida College of Medicine,University of Florida College of Medicine,http://admissions.med.ufl.edu/,Florida,,3.9,3.9,MCAT - 515,515,MCAT - 515,515,
prospectivedoctor,ProspectiveDoctor,https://www.prospectivedoctor.com/gpa-and-mcat/,39,University of Miami Miller School of Medicine,University of Miami Miller School of Medicine,http://admissions.med.miami.edu/md-programs/general-md/,Florida,,3.78,3.78,MCAT - 514,514,MCAT - 514,514,
prospectivedoctor,ProspectiveDoctor,https://www.prospectivedoctor.com/gpa-and-mcat/,40,University of South Florida Health Morsani College of Medicine,University of South Florida Health Morsani College of Medicine,http://health.usf.edu/medicine/mdprogram/mdadmissions/,Florida,,3.78,3.78,MCAT - 517,517,MCAT - 517,517,
prospectivedoctor,ProspectiveDoctor,https://www.prospectivedoctor.com/gpa-and-mcat/,42,Emory University School of Medicine,Emory University School of Medicine,http://med.emory.edu/education/admissions/md/index.html,Georgia,,3.8,3.8,MCAT - 517,517,MCAT - 517,517,
prospectivedoctor,ProspectiveDoctor,https://www.prospectivedoctor.com/gpa-and-mcat/,43,Medical College of Georgia at Augusta University,Medical College of Georgia at Augusta University,http://www.augusta.edu/mcg/admissions/,Georgia,,3.82,3.82,MCAT - 513,513,MCAT - 513,513,
prospectivedoctor,ProspectiveDoctor,https://www.prospectivedoctor.com/gpa-and-mcat/,44,Mercer University School of Medicine,Mercer University School of Medicine,http://medicine.mercer.edu/admissions/md/,Georgia,,3.73,3.73,MCAT - 504,504,MCAT - 504,504,
prospectivedoctor,ProspectiveDoctor,https://www.prospectivedoctor.com/gpa-and-mcat/,45,Morehouse School of Medicine,Morehouse School of Medicine,http://www.msm.edu/Admissions/doctorofmedicine.php,Georgia,,3.63,3.63,MCAT - 504,504,MCAT - 504,504,
prospectivedoctor,ProspectiveDoctor,https://www.prospectivedoctor.com/gpa-and-mcat/,47,University of Hawaii John A. Burns School of Medicine,University of Hawaii John A. Burns School of Medicine,http://jabsom.hawaii.edu/ed-programs/md-program/admissions-program/,Hawaii,,3.84,3.84,MCAT - 513,513,MCAT - 513,513,
prospectivedoctor,ProspectiveDoctor,https://www.prospectivedoctor.com/gpa-and-mcat/,50,Chicago Medical School at Rosalind Franklin University of Medicine & Science,Chicago Medical School at Rosalind Franklin University of Medicine & Science,https://www.rosalindfranklin.edu/academics/chicago-medical-school/degree-program/how-to-apply/,Illinois,,374,374,MCAT - 513,513,MCAT - 513,513,parsed GPA outside expected range
prospectivedoctor,ProspectiveDoctor,https://www.prospectivedoctor.com/gpa-and-mcat/,51,Loyola University of Chicago Stritch School of Medicine,Loyola University of Chicago Stritch School of Medicine,http://ssom.luc.edu/admission/,Illinois,,3.76,3.76,MCAT - 512,512,MCAT - 512,512,
prospectivedoctor,ProspectiveDoctor,https://www.prospectivedoctor.com/gpa-and-mcat/,52,Northwestern University The Feinberg School of Medicine,Northwestern University The Feinberg School of Medicine,http://www.feinberg.northwestern.edu/admissions/index.html,Illinois,,3.91,3.91,MCAT - 520,520,MCAT - 520,520,
prospectivedoctor,ProspectiveDoctor,https://www.prospectivedoctor.com/gpa-and-mcat/,53,Rush Medical College of Rush University,Rush Medical College of Rush University,https://www.rushu.rush.edu/rush-medical-college/doctor-medicine-md-program,Illinois,,3.67,3.67,MCAT - 511,511,MCAT - 511,511,
prospectivedoctor,ProspectiveDoctor,https://www.prospectivedoctor.com/gpa-and-mcat/,54,Southern Illinois University School of Medicine,Southern Illinois University School of Medicine,http://www.siumed.edu/studentaffairs/admissions/home.html,Illinois,,3.81,3.81,MCAT Minimum - 498 MCAT Average - 506,506,MCAT Minimum - 498 MCAT Average - 506,498,
prospectivedoctor,ProspectiveDoctor,https://www.prospectivedoctor.com/gpa-and-mcat/,55,University of Chicago Pritzker School of Medicine,University of Chicago Pritzker School of Medicine,http://pritzker.uchicago.edu/page/admissions,Illinois,,3.93,3.93,MCAT - 521,521,MCAT - 521,521,
prospectivedoctor,ProspectiveDoctor,https://www.prospectivedoctor.com/gpa-and-mcat/,56,University of Illinois College of Medicine,University of Illinois College of Medicine,http://www.medicine.uic.edu/education/m_d_admissions,Illinois,,3.76,3.76,MCAT - 513,513,MCAT - 513,513,
prospectivedoctor,ProspectiveDoctor,https://www.prospectivedoctor.com/gpa-and-mcat/,58,Indiana University School of Medicine,Indiana University School of Medicine,https://medicine.iu.edu/education/md/admissions/,Indiana,,3.76,3.76,MCAT - 513,513,MCAT - 513,513,
prospectivedoctor,ProspectiveDoctor,https://www.prospectivedoctor.com/gpa-and-mcat/,60,University of Iowa Carver College of Medicine,University of Iowa Carver College of Medicine,https://medicine.uiowa.edu/md/admission-medical-school-md,Iowa,,3.85,3.85,MCAT - 512,512,MCAT - 512,512,
prospectivedoctor,ProspectiveDoctor,https://www.prospectivedoctor.com/gpa-and-mcat/,62,University of Kansas School of Medicine,University of Kansas School of Medicine,http://www.kumc.edu/school-of-medicine/education/admissions.html,Kansas,,Average - 3.88,3.88,MCAT - 512,512,MCAT - 512,512,
prospectivedoctor,ProspectiveDoctor,https://www.prospectivedoctor.com/gpa-and-mcat/,64,University of Kentucky College of Medicine,University of Kentucky College of Medicine,http://meded.med.uky.edu/medical-school-admissions,Kentucky,,3.81,3.81,MCAT - 508,508,MCAT - 508,508,
prospectivedoctor,ProspectiveDoctor,https://www.prospectivedoctor.com/gpa-and-mcat/,65,University of Louisville School of Medicine,University of Louisville School of Medicine,http://louisville.edu/medicine/admissions,Kentucky,,3.77,3.77,MCAT - 509,509,MCAT - 509,509,
prospectivedoctor,ProspectiveDoctor,https://www.prospectivedoctor.com/gpa-and-mcat/,67,Louisiana State University-New Orleans School of Medicine,Louisiana State University-New Orleans School of Medicine,http://www.medschool.lsuhsc.edu/admissions/,Louisiana,,3.82,3.82,MCAT - 509,509,MCAT - 509,509,
prospectivedoctor,ProspectiveDoctor,https://www.prospectivedoctor.com/gpa-and-mcat/,68,Louisiana State University-Shreveport School of Medicine,Louisiana State University-Shreveport School of Medicine,https://www.lsuhs.edu/our-schools/school-of-medicine,Louisiana,,3.77,3.77,MCAT - 506,506,MCAT - 506,506,
prospectivedoctor,ProspectiveDoctor,https://www.prospectivedoctor.com/gpa-and-mcat/,69,Tulane University School of Medicine,Tulane University School of Medicine,http://www2.tulane.edu/som/admissions/index.cfm,Louisiana,,3.63,3.63,MCAT - 511,511,MCAT - 511,511,
prospectivedoctor,ProspectiveDoctor,https://www.prospectivedoctor.com/gpa-and-mcat/,71,Johns Hopkins University School of Medicine,Johns Hopkins University School of Medicine,http://www.hopkinsmedicine.org/som/admissions/md/,Maryland,,3.95,3.95,MCAT - 521,521,MCAT - 521,521,
prospectivedoctor,ProspectiveDoctor,https://www.prospectivedoctor.com/gpa-and-mcat/,72,Uniformed Services University of the Health Sciences F. Edward Hebert School of Medicine,Uniformed Services University of the Health Sciences F. Edward Hebert School of Medicine,https://medschool.usuhs.edu/admissions/application-requirements,Maryland,,3.76,3.76,MCAT - 510,510,MCAT - 510,510,
prospectivedoctor,ProspectiveDoctor,https://www.prospectivedoctor.com/gpa-and-mcat/,73,University of Maryland School of Medicine,University of Maryland School of Medicine,http://www.medschool.umaryland.edu/admissions/MD-Application/,Maryland,,3.83,3.83,MCAT - 514,514,MCAT - 514,514,
prospectivedoctor,ProspectiveDoctor,https://www.prospectivedoctor.com/gpa-and-mcat/,75,Boston University School of Medicine,Boston University School of Medicine,http://www.bumc.bu.edu/busm/admissions/degree-programs/md-program/,Massachusetts,,3.86,3.86,MCAT - 518,518,MCAT - 518,518,
prospectivedoctor,ProspectiveDoctor,https://www.prospectivedoctor.com/gpa-and-mcat/,76,Harvard Medical School,Harvard Medical School,https://hms.harvard.edu/departments/admissions,Massachusetts,,3.94,3.94,MCAT - 520,520,MCAT - 520,520,
prospectivedoctor,ProspectiveDoctor,https://www.prospectivedoctor.com/gpa-and-mcat/,77,Tufts University School of Medicine,Tufts University School of Medicine,http://medicine.tufts.edu/Admissions.aspx,Massachusetts,,3.78,3.78,MCAT - 515,515,MCAT - 515,515,
prospectivedoctor,ProspectiveDoctor,https://www.prospectivedoctor.com/gpa-and-mcat/,78,University of Massachusetts Medical School,University of Massachusetts Medical School,http://www.umassmed.edu/som/admissions/degree-programs/md-program/,Massachusetts,,3.82,3.82,MCAT - 516,516,MCAT - 516,516,
prospectivedoctor,ProspectiveDoctor,https://www.prospectivedoctor.com/gpa-and-mcat/,81,Central Michigan University College of Medicine,Central Michigan University College of Medicine,https://www.cmich.edu/academics/colleges/college-of-medicine,Michigan,,3.69,3.69,MCAT Minimum - 498 MCAT Average - 508,508,MCAT Minimum - 498 MCAT Average - 508,498,
prospectivedoctor,ProspectiveDoctor,https://www.prospectivedoctor.com/gpa-and-mcat/,82,Michigan State University College of Human Medicine,Michigan State University College of Human Medicine,http://mdadmissions.msu.edu/ApplicationProcess/future/default2.htm,Michigan,,3.76,3.76,MCAT - 509,509,MCAT - 509,509,
prospectivedoctor,ProspectiveDoctor,https://www.prospectivedoctor.com/gpa-and-mcat/,83,Oakland University William Beaumont School of Medicine,Oakland University William Beaumont School of Medicine,https://wwwp.oakland.edu/medicine/admissions/about/,Michigan,,3.85,3.85,MCAT Minimum - 495 MCAT Average - 510,510,MCAT Minimum - 495 MCAT Average - 510,495,
prospectivedoctor,ProspectiveDoctor,https://www.prospectivedoctor.com/gpa-and-mcat/,84,University of Michigan Medical School,University of Michigan Medical School,https://www.cmich.edu/academics/colleges/college-of-medicine,Michigan,,3.87,3.87,MCAT - 518,518,MCAT - 518,518,
prospectivedoctor,ProspectiveDoctor,https://www.prospectivedoctor.com/gpa-and-mcat/,85,Wayne State University School of Medicine,Wayne State University School of Medicine,http://admissions.med.wayne.edu/,Michigan,,3.86,3.86,MCAT - 513,513,MCAT - 513,513,
prospectivedoctor,ProspectiveDoctor,https://www.prospectivedoctor.com/gpa-and-mcat/,86,Western Michigan University School of Medicine,Western Michigan University School of Medicine,http://med.wmich.edu/admissions,Michigan,,Minimum - 3 Average - 3.79,3.79,MCAT Minimum - 41st percentile rank MCAT Average - 516,516,MCAT Minimum - 41st percentile rank MCAT Average - 516,41,
prospectivedoctor,ProspectiveDoctor,https://www.prospectivedoctor.com/gpa-and-mcat/,88,Mayo Medical School,Mayo Medical School,http://www.mayo.edu/mayo-clinic-school-of-medicine/programs/md/admissions-and-application-process,Minnesota,,3.94,3.94,MCAT - 520,520,MCAT - 520,520,
prospectivedoctor,ProspectiveDoctor,https://www.prospectivedoctor.com/gpa-and-mcat/,89,University of Minnesota Medical School - Twin Cities,University of Minnesota Medical School - Twin Cities,https://www.med.umn.edu/admissions,Minnesota,,3.81,3.81,MCAT - 513,513,MCAT - 513,513,
prospectivedoctor,ProspectiveDoctor,https://www.prospectivedoctor.com/gpa-and-mcat/,90,University of Minnesota Medical School - Duluth,University of Minnesota Medical School - Duluth,https://www.med.umn.edu/admissions,Minnesota,,3.65,3.65,MCAT - 503,503,MCAT - 503,503,
prospectivedoctor,ProspectiveDoctor,https://www.prospectivedoctor.com/gpa-and-mcat/,92,University of Mississippi School of Medicine,University of Mississippi School of Medicine,https://www.umc.edu/som/Departments%20and%20Offices/SOM%20Administrative%20Offices/SOM%20Admissions/SOM%20Admissions.html,Mississippi,,3.86,3.86,MCAT - 505,505,MCAT - 505,505,
prospectivedoctor,ProspectiveDoctor,https://www.prospectivedoctor.com/gpa-and-mcat/,94,University of Missouri - Columbia School of Medicine,University of Missouri - Columbia School of Medicine,http://medicine.missouri.edu/admissions/,Missouri,,Minimum - 3 Average - 3.86,3.86,MCAT Minimum - 495 MCAT Average - 509,509,MCAT Minimum - 495 MCAT Average - 509,495,
prospectivedoctor,ProspectiveDoctor,https://www.prospectivedoctor.com/gpa-and-mcat/,95,Saint Louis University School of Medicine,Saint Louis University School of Medicine,http://www.slu.edu/medicine/admissions,Missouri,,3.91,3.91,MCAT - 514,514,MCAT - 514,514,
prospectivedoctor,ProspectiveDoctor,https://www.prospectivedoctor.com/gpa-and-mcat/,96,University of Missouri - Kansas City School of Medicine,University of Missouri - Kansas City School of Medicine,http://med.umkc.edu/md/apply/,Missouri,,Minimum - 3 Average - 3.89,3.89,MCAT Minimum - 500 MCAT Average - 509,509,MCAT Minimum - 500 MCAT Average - 509,500,
prospectivedoctor,ProspectiveDoctor,https://www.prospectivedoctor.com/gpa-and-mcat/,97,Washington University School of Medicine,Washington University School of Medicine,https://medicine.wustl.edu/education/admissions/#medical-education,Missouri,,3.94,3.94,MCAT - 521,521,MCAT - 521,521,
prospectivedoctor,ProspectiveDoctor,https://www.prospectivedoctor.com/gpa-and-mcat/,99,Creighton University School of Medicine,Creighton University School of Medicine,https://medschool.creighton.edu/program/Medicine-MD,Nebraska,,3.84,3.84,MCAT - 513,513,MCAT - 513,513,
prospectivedoctor,ProspectiveDoctor,https://www.prospectivedoctor.com/gpa-and-mcat/,100,University of Nebraska College of Medicine,University of Nebraska College of Medicine,http://www.unmc.edu/com/prospective/admissions/index.html,Nebraska,,3.9,3.9,MCAT - 513,513,MCAT - 513,513,
prospectivedoctor,ProspectiveDoctor,https://www.prospectivedoctor.com/gpa-and-mcat/,102,University of Nevada School of Medicine,University of Nevada School of Medicine,http://med.unr.edu/admissions,Nevada,,3.76,3.76,MCAT Minimum - 500 MCAT Average - 512,512,MCAT Minimum - 500 MCAT Average - 512,500,
prospectivedoctor,ProspectiveDoctor,https://www.prospectivedoctor.com/gpa-and-mcat/,104,Geisel School of Medicine at Dartmouth,Geisel School of Medicine at Dartmouth,http://geiselmed.dartmouth.edu/admissions/,New Hampshire,,3.77,3.77,MCAT - 516,516,MCAT - 516,516,
prospectivedoctor,ProspectiveDoctor,https://www.prospectivedoctor.com/gpa-and-mcat/,106,Cooper Medical School of Rowan University,Cooper Medical School of Rowan University,http://www.rowan.edu/coopermed/students/admissions/,New Jersey,,3.79,3.79,MCAT - 512,512,MCAT - 512,512,
prospectivedoctor,ProspectiveDoctor,https://www.prospectivedoctor.com/gpa-and-mcat/,107,Rutgers New Jersey Medical School,Rutgers New Jersey Medical School,http://njms.rutgers.edu/admissions/prospective/index.cfm,New Jersey,,3.82,3.82,MCAT - 515,515,MCAT - 515,515,
prospectivedoctor,ProspectiveDoctor,https://www.prospectivedoctor.com/gpa-and-mcat/,108,Rutgers Robert Wood Johnson Medical School,Rutgers Robert Wood Johnson Medical School,http://rwjms.rutgers.edu/education/admissions/index.html,New Jersey,,Minimum - 3 Average - 3.75,3.75,MCAT Minimum - 494 MCAT Average - 514,514,MCAT Minimum - 494 MCAT Average - 514,494,
prospectivedoctor,ProspectiveDoctor,https://www.prospectivedoctor.com/gpa-and-mcat/,110,University of New Mexico School of Medicine,University of New Mexico School of Medicine,http://som.unm.edu/education/md/ume/,New Mexico,,3.8,3.8,MCAT Minimum - 491 MCAT Average - 505,505,MCAT Minimum - 491 MCAT Average - 505,491,
prospectivedoctor,ProspectiveDoctor,https://www.prospectivedoctor.com/gpa-and-mcat/,112,Albany Medical College,Albany Medical College,http://www.amc.edu/Academic/Undergraduate_Admissions/index.cfm,New York,,3.74,3.74,MCAT - 511,511,MCAT - 511,511,
prospectivedoctor,ProspectiveDoctor,https://www.prospectivedoctor.com/gpa-and-mcat/,113,Albert Einstein College of Medicine of Yeshiva University,Albert Einstein College of Medicine of Yeshiva University,https://www.einsteinmed.edu/,New York,,3.81,3.81,MCAT - 515,515,MCAT - 515,515,
prospectivedoctor,ProspectiveDoctor,https://www.prospectivedoctor.com/gpa-and-mcat/,114,Columbia University College of Physicians and Surgeons,Columbia University College of Physicians and Surgeons,http://ps.columbia.edu/education/admissions,New York,,3.92,3.92,MCAT - 522,522,MCAT - 522,522,
prospectivedoctor,ProspectiveDoctor,https://www.prospectivedoctor.com/gpa-and-mcat/,115,Hofstra Northwell School of Medicine,Hofstra Northwell School of Medicine,http://medicine.hofstra.edu/admission/md/index.html,New York,,3.84,3.84,MCAT - 518,518,MCAT - 518,518,
prospectivedoctor,ProspectiveDoctor,https://www.prospectivedoctor.com/gpa-and-mcat/,116,Icahn School of Medicine at Mount Sinai,Icahn School of Medicine at Mount Sinai,http://icahn.mssm.edu/education/medical/admissions,New York,,3.87,3.87,MCAT - 519,519,MCAT - 519,519,
prospectivedoctor,ProspectiveDoctor,https://www.prospectivedoctor.com/gpa-and-mcat/,117,New York Medical College,New York Medical College,http://www.nymc.edu/future-students/admission-offices/,New York,,3.72,3.72,MCAT - 513,513,MCAT - 513,513,
prospectivedoctor,ProspectiveDoctor,https://www.prospectivedoctor.com/gpa-and-mcat/,118,New York University School of Medicine,New York University School of Medicine,http://www.med.nyu.edu/school/md-admissions,New York,,3.9,3.9,MCAT - 520,520,MCAT - 520,520,
prospectivedoctor,ProspectiveDoctor,https://www.prospectivedoctor.com/gpa-and-mcat/,119,SUNY - Downstate Medical Center College of Medicine,SUNY - Downstate Medical Center College of Medicine,https://www.downstate.edu/education-training/college-of-medicine/index.html,New York,,3.74,3.74,MCAT - 514,514,MCAT - 514,514,
prospectivedoctor,ProspectiveDoctor,https://www.prospectivedoctor.com/gpa-and-mcat/,120,SUNY - Buffalo Jacobs School of Medicine and Biomedical Sciences,SUNY - Buffalo Jacobs School of Medicine and Biomedical Sciences,http://medicine.buffalo.edu/education/md/admissions.html,New York,,3.75,3.75,MCAT - 512,512,MCAT - 512,512,
prospectivedoctor,ProspectiveDoctor,https://www.prospectivedoctor.com/gpa-and-mcat/,121,SUNY - Upstate Medical University,SUNY - Upstate Medical University,http://www.upstate.edu/com/admissions/index.php,New York,,3.77,3.77,MCAT - 513,513,MCAT - 513,513,
prospectivedoctor,ProspectiveDoctor,https://www.prospectivedoctor.com/gpa-and-mcat/,122,Stony Brook University School of Medicine,Stony Brook University School of Medicine,https://medicine.stonybrookmedicine.edu/admissions_SOM,New York,,3.86,3.86,MCAT - 516,516,MCAT - 516,516,
prospectivedoctor,ProspectiveDoctor,https://www.prospectivedoctor.com/gpa-and-mcat/,123,University of Rochester School of Medicine and Dentistry,University of Rochester School of Medicine and Dentistry,https://www.urmc.rochester.edu/education/md/admissions.aspx,New York,,3.84,3.84,MCAT - 518,518,MCAT - 518,518,
prospectivedoctor,ProspectiveDoctor,https://www.prospectivedoctor.com/gpa-and-mcat/,124,Weill Cornell Medical College,Weill Cornell Medical College,http://weill.cornell.edu/education/admissions/,New York,,3.91,3.91,MCAT - 519,519,MCAT - 519,519,
prospectivedoctor,ProspectiveDoctor,https://www.prospectivedoctor.com/gpa-and-mcat/,127,Duke University School of Medicine,Duke University School of Medicine,https://medschool.duke.edu/education/student-services/office-admissions,North Carolina,,3.89,3.89,MCAT - 519,519,MCAT - 519,519,
prospectivedoctor,ProspectiveDoctor,https://www.prospectivedoctor.com/gpa-and-mcat/,128,East Carolina University Brody School of Medicine,East Carolina University Brody School of Medicine,http://www.ecu.edu/bsomadmissions/,North Carolina,,3.71,3.71,MCAT - 509,509,MCAT - 509,509,
prospectivedoctor,ProspectiveDoctor,https://www.prospectivedoctor.com/gpa-and-mcat/,129,University of North Carolina at Chapel Hill School of Medicine,University of North Carolina at Chapel Hill School of Medicine,http://www.med.unc.edu/admit,North Carolina,,3.78,3.78,MCAT - 515,515,MCAT - 515,515,
prospectivedoctor,ProspectiveDoctor,https://www.prospectivedoctor.com/gpa-and-mcat/,130,Wake Forest School of Medicine,Wake Forest School of Medicine,http://www.wakehealth.edu/School/MD-Program/Admissions/Admissions.htm,North Carolina,,3.76,3.76,MCAT - 513,513,MCAT - 513,513,
prospectivedoctor,ProspectiveDoctor,https://www.prospectivedoctor.com/gpa-and-mcat/,132,University of North Dakota School of Medicine and Health Sciences,University of North Dakota School of Medicine and Health Sciences,http://www.med.und.edu/student-affairs-admissions/application-process.cfm,North Dakota,,3.8,3.8,MCAT - 507,507,MCAT - 507,507,
prospectivedoctor,ProspectiveDoctor,https://www.prospectivedoctor.com/gpa-and-mcat/,134,Case Western Reserve University School of Medicine,Case Western Reserve University School of Medicine,http://case.edu/medicine/admissions/,Ohio,,3.86,3.86,MCAT - 519,519,MCAT - 519,519,
prospectivedoctor,ProspectiveDoctor,https://www.prospectivedoctor.com/gpa-and-mcat/,135,Northeast Ohio Medical University,Northeast Ohio Medical University,http://www.neomed.edu/admissions/apply/#com,Ohio,,3.76,3.76,MCAT Minimum - 500 MCAT Average - 507,507,MCAT Minimum - 500 MCAT Average - 507,500,
prospectivedoctor,ProspectiveDoctor,https://www.prospectivedoctor.com/gpa-and-mcat/,136,The Ohio State University College of Medicine,The Ohio State University College of Medicine,https://medicine.osu.edu/education/md/admissions,Ohio,,3.92,3.92,MCAT - 517,517,MCAT - 517,517,
prospectivedoctor,ProspectiveDoctor,https://www.prospectivedoctor.com/gpa-and-mcat/,137,The University of Toledo College of Medicine and Life Sciences,The University of Toledo College of Medicine and Life Sciences,https://www.utoledo.edu/med/md/,Ohio,,3.76,3.76,MCAT - 510,510,MCAT - 510,510,
prospectivedoctor,ProspectiveDoctor,https://www.prospectivedoctor.com/gpa-and-mcat/,138,University of Cincinnati College of Medicine,University of Cincinnati College of Medicine,https://med.uc.edu/admissions/medical-student-admissions/home,Ohio,,3.84,3.84,MCAT - 517,517,MCAT - 517,517,
prospectivedoctor,ProspectiveDoctor,https://www.prospectivedoctor.com/gpa-and-mcat/,139,Wright State University Boonshoft School of Medicine,Wright State University Boonshoft School of Medicine,http://medicine.wright.edu/admissions,Ohio,,3.73,3.73,MCAT Minimum - 495 MCAT Average - 508,508,MCAT Minimum - 495 MCAT Average - 508,495,
prospectivedoctor,ProspectiveDoctor,https://www.prospectivedoctor.com/gpa-and-mcat/,141,University of Oklahoma College of Medicine,University of Oklahoma College of Medicine,https://www.oumedicine.com/college-of-medicine/information-about/admissions,Oklahoma,,3.85,3.85,MCAT - 511,511,MCAT - 511,511,
prospectivedoctor,ProspectiveDoctor,https://www.prospectivedoctor.com/gpa-and-mcat/,143,Oregon Health & Science University School of Medicine,Oregon Health & Science University School of Medicine,http://www.ohsu.edu/xd/education/schools/school-of-medicine/education/future-students.cfm,Oregon,,3.77,3.77,MCAT - 512,512,MCAT - 512,512,
prospectivedoctor,ProspectiveDoctor,https://www.prospectivedoctor.com/gpa-and-mcat/,145,Drexel University College of Medicine,Drexel University College of Medicine,http://drexel.edu/medicine/academics/md-program/md-program-admissions/,Pennsylvania,,3.75,3.75,MCAT - 512,512,MCAT - 512,512,
prospectivedoctor,ProspectiveDoctor,https://www.prospectivedoctor.com/gpa-and-mcat/,146,Geisinger Commonwealth School of Medicine,Geisinger Commonwealth School of Medicine,https://tcmc.edu/admissions/md-admissions/,Pennsylvania,,3.76,3.76,MCAT - 512,512,MCAT - 512,512,
prospectivedoctor,ProspectiveDoctor,https://www.prospectivedoctor.com/gpa-and-mcat/,147,Pennsylvania State University College of Medicine,Pennsylvania State University College of Medicine,http://med.psu.edu/md/apply,Pennsylvania,,3.81,3.81,MCAT - 512,512,MCAT - 512,512,
prospectivedoctor,ProspectiveDoctor,https://www.prospectivedoctor.com/gpa-and-mcat/,148,Perelman School of Medicine University of Pennsylvania,Perelman School of Medicine University of Pennsylvania,http://www.med.upenn.edu/admissions/,Pennsylvania,,3.94,3.94,MCAT - 522,522,MCAT - 522,522,
prospectivedoctor,ProspectiveDoctor,https://www.prospectivedoctor.com/gpa-and-mcat/,149,Sidney Kimmel Medical College at Thomas Jefferson University,Sidney Kimmel Medical College at Thomas Jefferson University,http://www.jefferson.edu/university/skmc/admissions.html,Pennsylvania,,3.8,3.8,MCAT - 514,514,MCAT - 514,514,
prospectivedoctor,ProspectiveDoctor,https://www.prospectivedoctor.com/gpa-and-mcat/,150,Temple University Lewis Katz School of Medicine,Temple University Lewis Katz School of Medicine,https://medicine.temple.edu/admissions,Pennsylvania,,3.77,3.77,MCAT - 513,513,MCAT - 513,513,
prospectivedoctor,ProspectiveDoctor,https://www.prospectivedoctor.com/gpa-and-mcat/,151,University of Pittsburgh School of Medicine,University of Pittsburgh School of Medicine,http://medschool.pitt.edu/admissions/index.aspx,Pennsylvania,,3.86,3.86,MCAT - 518,518,MCAT - 518,518,
prospectivedoctor,ProspectiveDoctor,https://www.prospectivedoctor.com/gpa-and-mcat/,153,Ponce School of Medicine and Health Sciences,Ponce School of Medicine and Health Sciences,http://www.psm.edu/education/md-program/,Puerto Rico,,3.64,3.64,MCAT Minimum - 494 MCAT Average - 499,499,MCAT Minimum - 494 MCAT Average - 499,494,
prospectivedoctor,ProspectiveDoctor,https://www.prospectivedoctor.com/gpa-and-mcat/,154,San Juan Bautista School of Medicine,San Juan Bautista School of Medicine,http://www.sanjuanbautista.edu/school/md-program/admissions.html,Puerto Rico,,Minimum - 2.75 Average - 3.71,3.71,MCAT Minimum - 492 MCAT Average - 498,498,MCAT Minimum - 492 MCAT Average - 498,492,
prospectivedoctor,ProspectiveDoctor,https://www.prospectivedoctor.com/gpa-and-mcat/,155,Universidad Central Del Caribe School of Medicine,Universidad Central Del Caribe School of Medicine,http://www.uccaribe.edu/admission/,Puerto Rico,,3.73,3.73,MCAT Minimum - 490 MCAT Average - 499,499,MCAT Minimum - 490 MCAT Average - 499,490,
prospectivedoctor,ProspectiveDoctor,https://www.prospectivedoctor.com/gpa-and-mcat/,156,University of Puerto Rico School of Medicine,University of Puerto Rico School of Medicine,https://md.rcm.upr.edu/admissions/,Puerto Rico,,3.82,3.82,MCAT Minimum - 490 MCAT Average - 505,505,MCAT Minimum - 490 MCAT Average - 505,490,
prospectivedoctor,ProspectiveDoctor,https://www.prospectivedoctor.com/gpa-and-mcat/,158,Brown University The Warren Alpert Medical School,Brown University The Warren Alpert Medical School,https://www.brown.edu/academics/medical/admission/,Rhode Island,,3.79,3.79,MCAT - 515,515,MCAT - 515,515,
prospectivedoctor,ProspectiveDoctor,https://www.prospectivedoctor.com/gpa-and-mcat/,160,Medical University of South Carolina College of Medicine,Medical University of South Carolina College of Medicine,http://academicdepartments.musc.edu/com/education/admissions/,South Carolina,,3.83,3.83,MCAT Minimum - 493 MCAT Average - 517,517,MCAT Minimum - 493 MCAT Average - 517,493,
prospectivedoctor,ProspectiveDoctor,https://www.prospectivedoctor.com/gpa-and-mcat/,161,University of South Carolina School of Medicine - Columbia,University of South Carolina School of Medicine - Columbia,http://admissions.med.sc.edu/,South Carolina,,3.83,3.83,MCAT - 510,510,MCAT - 510,510,
prospectivedoctor,ProspectiveDoctor,https://www.prospectivedoctor.com/gpa-and-mcat/,162,University of South Carolina School of Medicine - Greenville,University of South Carolina School of Medicine - Greenville,http://sc.edu/study/colleges_schools/medicine_greenville/admissions/apply.php,South Carolina,,3.81,3.81,MCAT - 509,509,MCAT - 509,509,
prospectivedoctor,ProspectiveDoctor,https://www.prospectivedoctor.com/gpa-and-mcat/,164,University of South Dakota Sanford School of Medicine,University of South Dakota Sanford School of Medicine,http://www.usd.edu/medicine/medical-student-affairs/eligibility,South Dakota,,Minimum - 3.1 Average - 3.87,3.87,MCAT Minimum - 496 MCAT Average - 509,509,MCAT Minimum - 496 MCAT Average - 509,496,
prospectivedoctor,ProspectiveDoctor,https://www.prospectivedoctor.com/gpa-and-mcat/,166,East Tennessee State University Quillen College of Medicine,East Tennessee State University Quillen College of Medicine,http://www.etsu.edu/com/sa/admissions/,Tennessee,,3.81,3.81,MCAT - 508,508,MCAT - 508,508,
prospectivedoctor,ProspectiveDoctor,https://www.prospectivedoctor.com/gpa-and-mcat/,167,Meharry Medical College School of Medicine,Meharry Medical College School of Medicine,http://www.mmc.edu/prospectivestudents/admissions/school-of-medicine/index.html,Tennessee,,3.52,3.52,MCAT Minimum - 495 MCAT Average - 503,503,MCAT Minimum - 495 MCAT Average - 503,495,
prospectivedoctor,ProspectiveDoctor,https://www.prospectivedoctor.com/gpa-and-mcat/,168,University of Tennessee Health Science Center College of Medicine,University of Tennessee Health Science Center College of Medicine,https://www.uthsc.edu/Medicine/Admissions/index.php,Tennessee,,3.82,3.82,MCAT - 513,513,MCAT - 513,513,
prospectivedoctor,ProspectiveDoctor,https://www.prospectivedoctor.com/gpa-and-mcat/,169,Vanderbilt University School of Medicine,Vanderbilt University School of Medicine,https://medschool.vanderbilt.edu/md-admissions/,Tennessee,,3.94,3.94,MCAT - 521,521,MCAT - 521,521,
prospectivedoctor,ProspectiveDoctor,https://www.prospectivedoctor.com/gpa-and-mcat/,172,Baylor College of Medicine,Baylor College of Medicine,https://www.bcm.edu/education/schools/medical-school/admissions,Texas,,3.93,3.93,MCAT - 518,518,MCAT - 518,518,
prospectivedoctor,ProspectiveDoctor,https://www.prospectivedoctor.com/gpa-and-mcat/,173,Texas A&M Health Science Center College of Medicine,Texas A&M Health Science Center College of Medicine,https://medicine.tamhsc.edu/admissions/index.html,Texas,,3.84,3.84,MCAT - 513,513,MCAT - 513,513,
prospectivedoctor,ProspectiveDoctor,https://www.prospectivedoctor.com/gpa-and-mcat/,174,Texas Tech University Health Sciences Center Paul L. Foster School of Medicine,Texas Tech University Health Sciences Center Paul L. Foster School of Medicine,http://elpaso.ttuhsc.edu/som/admissions/,Texas,,3.89,3.89,MCAT - 512,512,MCAT - 512,512,
prospectivedoctor,ProspectiveDoctor,https://www.prospectivedoctor.com/gpa-and-mcat/,175,Texas Tech University Health Sciences Center School of Medicine - Lubbock,Texas Tech University Health Sciences Center School of Medicine - Lubbock,http://www.ttuhsc.edu/som/admissions/,Texas,,3.71,3.71,MCAT - 510,510,MCAT - 510,510,
prospectivedoctor,ProspectiveDoctor,https://www.prospectivedoctor.com/gpa-and-mcat/,176,University of Texas at Austin Dell Medical School,University of Texas at Austin Dell Medical School,https://dellmed.utexas.edu/prospective-students,Texas,,3.92,3.92,MCAT - 515,515,MCAT - 515,515,
prospectivedoctor,ProspectiveDoctor,https://www.prospectivedoctor.com/gpa-and-mcat/,177,University of Texas Medical Branch School of Medicine,University of Texas Medical Branch School of Medicine,https://www.utmb.edu/enrollmentservices/resources/admissions,Texas,,3.88,3.88,MCAT - 511,511,MCAT - 511,511,
prospectivedoctor,ProspectiveDoctor,https://www.prospectivedoctor.com/gpa-and-mcat/,178,University of Texas McGovern Medical School at Houston,University of Texas McGovern Medical School at Houston,https://med.uth.edu/admissions/,Texas,,3.88,3.88,MCAT - 513,513,MCAT - 513,513,
prospectivedoctor,ProspectiveDoctor,https://www.prospectivedoctor.com/gpa-and-mcat/,179,University of Texas Rio Grande Valley School of Medicine,University of Texas Rio Grande Valley School of Medicine,http://www.utrgv.edu/school-of-medicine/admissions-and-aid/index.htm,Texas,,3.72,3.72,MCAT - 510,510,MCAT - 510,510,
prospectivedoctor,ProspectiveDoctor,https://www.prospectivedoctor.com/gpa-and-mcat/,180,University of Texas School of Medicine at San Antonio,University of Texas School of Medicine at San Antonio,http://som.uthscsa.edu/admissions/,Texas,,3.88,3.88,MCAT - 517,517,MCAT - 517,517,
prospectivedoctor,ProspectiveDoctor,https://www.prospectivedoctor.com/gpa-and-mcat/,181,University of Texas Southwestern Medical School,University of Texas Southwestern Medical School,http://www.utsouthwestern.edu/education/medical-school/admissions/,Texas,,3.9,3.9,MCAT - 518,518,MCAT - 518,518,
prospectivedoctor,ProspectiveDoctor,https://www.prospectivedoctor.com/gpa-and-mcat/,183,University of Utah School of Medicine,University of Utah School of Medicine,https://medicine.utah.edu/students/programs/md/admissions/,Utah,,Minimum - 3.2 Average - 3.82,3.82,MCAT Minimum - 492 MCAT Average - 513,513,MCAT Minimum - 492 MCAT Average - 513,492,
prospectivedoctor,ProspectiveDoctor,https://www.prospectivedoctor.com/gpa-and-mcat/,185,The University of Vermont Larner College of Medicine,The University of Vermont Larner College of Medicine,http://www.med.uvm.edu/admissions,Vermont,,3.7,3.7,MCAT - 512,512,MCAT - 512,512,
prospectivedoctor,ProspectiveDoctor,https://www.prospectivedoctor.com/gpa-and-mcat/,187,Eastern Virginia Medical School,Eastern Virginia Medical School,http://www.evms.edu/education/medical_programs/doctor_of_medicine/,Virginia,,3.71,3.71,MCAT - 513,513,MCAT - 513,513,
prospectivedoctor,ProspectiveDoctor,https://www.prospectivedoctor.com/gpa-and-mcat/,188,Virginia Commonwealth University School of Medicine,Virginia Commonwealth University School of Medicine,http://www.medschool.vcu.edu/admissions/md/,Virginia,,3.82,3.82,MCAT Minimum - 501 MCAT Average - 513,513,MCAT Minimum - 501 MCAT Average - 513,501,
prospectivedoctor,ProspectiveDoctor,https://www.prospectivedoctor.com/gpa-and-mcat/,189,Virginia Tech Carilion School of Medicine and Research Institute,Virginia Tech Carilion School of Medicine and Research Institute,http://medicine.vtc.vt.edu/admissions/,Virginia,,Minimum - 3 Average - 3.7,3.7,MCAT - 512,512,MCAT - 512,512,
prospectivedoctor,ProspectiveDoctor,https://www.prospectivedoctor.com/gpa-and-mcat/,190,University of Virginia School of Medicine,University of Virginia School of Medicine,https://med.virginia.edu/admissions/,Virginia,,3.93,3.93,MCAT - 520,520,MCAT - 520,520,
prospectivedoctor,ProspectiveDoctor,https://www.prospectivedoctor.com/gpa-and-mcat/,192,University of Washington School of Medicine,University of Washington School of Medicine,http://www.uwmedicine.org/education/md-program/admissions,Washington,,3.74,3.74,MCAT - 512,512,MCAT - 512,512,
prospectivedoctor,ProspectiveDoctor,https://www.prospectivedoctor.com/gpa-and-mcat/,194,Marshall University Joan C. Edwards School of Medicine,Marshall University Joan C. Edwards School of Medicine,http://jcesom.marshall.edu/admissions/,West Virginia,,3.7,3.7,MCAT Minimum - 498 MCAT Average - 502,502,MCAT Minimum - 498 MCAT Average - 502,498,
prospectivedoctor,ProspectiveDoctor,https://www.prospectivedoctor.com/gpa-and-mcat/,195,West Virginia University School of Medicine,West Virginia University School of Medicine,http://medicine.hsc.wvu.edu/md-admissions/,West Virginia,,3.88,3.88,MCAT - 509,509,MCAT - 509,509,
prospectivedoctor,ProspectiveDoctor,https://www.prospectivedoctor.com/gpa-and-mcat/,197,Medical College of Wisconsin,Medical College of Wisconsin,http://www.mcw.edu/Medical-School/Admissions.htm,Wisconsin,,3.73,3.73,MCAT Minimum - 503 MCAT Average - 511,511,MCAT Minimum - 503 MCAT Average - 511,503,
prospectivedoctor,ProspectiveDoctor,https://www.prospectivedoctor.com/gpa-and-mcat/,198,University of Wisconsin School of Medicine and Public Health,University of Wisconsin School of Medicine and Public Health,http://www.med.wisc.edu/education/md/admissions/main/102,Wisconsin,,Minimum - 3 Average - 3.8,3.8,MCAT Minimum - 503 MCAT Average - 513,513,MCAT Minimum - 503 MCAT Average - 513,503,
shemmassian,Shemmassian,https://www.shemmassianconsulting.com/blog/average-gpa-and-mcat-score-for-every-medical-school,2,University of Alabama School of Medicine*,University of Alabama School of Medicine,,AL,MD,3.87,3.87,509.4,509.4,494,494,source row carried an asterisk
shemmassian,Shemmassian,https://www.shemmassianconsulting.com/blog/average-gpa-and-mcat-score-for-every-medical-school,3,University of South Alabama College of Medicine*,University of South Alabama College of Medicine,,AL,MD,3.85,3.85,508,508,For out-of-state applicants only: 70th percentile (~507.5),507.5,source row carried an asterisk
shemmassian,Shemmassian,https://www.shemmassianconsulting.com/blog/average-gpa-and-mcat-score-for-every-medical-school,4,Alabama College of Osteopathic Medicine,Alabama College of Osteopathic Medicine,,AL,DO,3.60,3.6,503,503,NR,,
shemmassian,Shemmassian,https://www.shemmassianconsulting.com/blog/average-gpa-and-mcat-score-for-every-medical-school,5,Edward Via College of Osteopathic Medicine - Auburn Campus,Edward Via College of Osteopathic Medicine - Auburn Campus,,AL,DO,3.76,3.76,502,502,494,494,
shemmassian,Shemmassian,https://www.shemmassianconsulting.com/blog/average-gpa-and-mcat-score-for-every-medical-school,6,University of Arkansas for Medical Sciences College of Medicine*,University of Arkansas for Medical Sciences College of Medicine,,AR,MD,3.85,3.85,507,507,NR,,source row carried an asterisk
shemmassian,Shemmassian,https://www.shemmassianconsulting.com/blog/average-gpa-and-mcat-score-for-every-medical-school,7,Arkansas College of Osteopathic Medicine,Arkansas College of Osteopathic Medicine,,AR,DO,3.5+,3.5,500+,500,NR,,
shemmassian,Shemmassian,https://www.shemmassianconsulting.com/blog/average-gpa-and-mcat-score-for-every-medical-school,8,University of Arizona College of Medicine - Tucson*,University of Arizona College of Medicine - Tucson,,AZ,MD,3.74,3.74,508,508,498,498,source row carried an asterisk
shemmassian,Shemmassian,https://www.shemmassianconsulting.com/blog/average-gpa-and-mcat-score-for-every-medical-school,9,University of Arizona School of Medicine - Phoenix*,University of Arizona School of Medicine - Phoenix,,AZ,MD,3.82,3.82,514,514,495,495,source row carried an asterisk
shemmassian,Shemmassian,https://www.shemmassianconsulting.com/blog/average-gpa-and-mcat-score-for-every-medical-school,10,Mayo Clinic Alix School of Medicine,Mayo Clinic Alix School of Medicine,,AZ,MD,3.95,3.95,521,521,508,508,
shemmassian,Shemmassian,https://www.shemmassianconsulting.com/blog/average-gpa-and-mcat-score-for-every-medical-school,11,A.T. Still University School of Osteopathic Medicine Arizona (SOMA),A.T. Still University School of Osteopathic Medicine Arizona (SOMA),,AZ,DO,3.53,3.53,502,502,NR,,
shemmassian,Shemmassian,https://www.shemmassianconsulting.com/blog/average-gpa-and-mcat-score-for-every-medical-school,12,Arizona College of Osteopathic Medicine of Midwestern University,Arizona College of Osteopathic Medicine of Midwestern University,,AZ,DO,3.58,3.58,504,504,NR,,
shemmassian,Shemmassian,https://www.shemmassianconsulting.com/blog/average-gpa-and-mcat-score-for-every-medical-school,13,California Northstate University College of Medicine,California Northstate University College of Medicine,,CA,MD,3.83,3.83,513.3,513.3,497,497,
shemmassian,Shemmassian,https://www.shemmassianconsulting.com/blog/average-gpa-and-mcat-score-for-every-medical-school,14,California University of Science and Medicine,California University of Science and Medicine,,CA,MD,3.61,3.61,511,511,NR,,
shemmassian,Shemmassian,https://www.shemmassianconsulting.com/blog/average-gpa-and-mcat-score-for-every-medical-school,15,Drew/UCLA Joint Medical Program Drew University of Medicine and Science Note: This joint Program has been discontinued. Drew now has its own MD program.,Drew/UCLA Joint Medical Program Drew University of Medicine and Science,,CA,MD,3.42,3.42,NR,,NR,,
shemmassian,Shemmassian,https://www.shemmassianconsulting.com/blog/average-gpa-and-mcat-score-for-every-medical-school,16,Loma Linda University School of Medicine,Loma Linda University School of Medicine,,CA,MD,3.85,3.85,509,509,NR,,
shemmassian,Shemmassian,https://www.shemmassianconsulting.com/blog/average-gpa-and-mcat-score-for-every-medical-school,17,University of California - Davis School of Medicine*,University of California - Davis School of Medicine,,CA,MD,3.72,3.72,509,509,NR,,source row carried an asterisk
shemmassian,Shemmassian,https://www.shemmassianconsulting.com/blog/average-gpa-and-mcat-score-for-every-medical-school,18,Stanford University School of Medicine,Stanford University School of Medicine,,CA,MD,3.94,3.94,518,518,NR,,
shemmassian,Shemmassian,https://www.shemmassianconsulting.com/blog/average-gpa-and-mcat-score-for-every-medical-school,19,University of California - Irvine School of Medicine*,University of California - Irvine School of Medicine,,CA,MD,3.83,3.83,516,516,NR,,source row carried an asterisk
shemmassian,Shemmassian,https://www.shemmassianconsulting.com/blog/average-gpa-and-mcat-score-for-every-medical-school,20,University of California - Los Angeles David Geffen School of Medicine*,University of California - Los Angeles David Geffen School of Medicine,,CA,MD,3.81,3.81,516,516,NR,,source row carried an asterisk
shemmassian,Shemmassian,https://www.shemmassianconsulting.com/blog/average-gpa-and-mcat-score-for-every-medical-school,21,University of California - Riverside School of Medicine*,University of California - Riverside School of Medicine,,CA,MD,3.60,3.6,508,508,NR,,source row carried an asterisk
shemmassian,Shemmassian,https://www.shemmassianconsulting.com/blog/average-gpa-and-mcat-score-for-every-medical-school,22,University of California - San Diego School of Medicine*,University of California - San Diego School of Medicine,,CA,MD,3.83,3.83,514.4,514.4,NR,,source row carried an asterisk
shemmassian,Shemmassian,https://www.shemmassianconsulting.com/blog/average-gpa-and-mcat-score-for-every-medical-school,23,University of California - San Francisco School of Medicine*,University of California - San Francisco School of Medicine,,CA,MD,3.87,3.87,517,517,NR,,source row carried an asterisk
shemmassian,Shemmassian,https://www.shemmassianconsulting.com/blog/average-gpa-and-mcat-score-for-every-medical-school,24,University of Southern California Keck School of Medicine,University of Southern California Keck School of Medicine,,CA,MD,3.85,3.85,517,517,NR,,
shemmassian,Shemmassian,https://www.shemmassianconsulting.com/blog/average-gpa-and-mcat-score-for-every-medical-school,25,Kaiser Permanente School of Medicine,Kaiser Permanente School of Medicine,,CA,MD,3.78,3.78,514,514,NR,,
shemmassian,Shemmassian,https://www.shemmassianconsulting.com/blog/average-gpa-and-mcat-score-for-every-medical-school,26,Touro University California College of Osteopathic Medicine,Touro University California College of Osteopathic Medicine,,CA,DO,3.58,3.58,506,506,NR,,
shemmassian,Shemmassian,https://www.shemmassianconsulting.com/blog/average-gpa-and-mcat-score-for-every-medical-school,27,Western University of Health Sciences College of Osteopathic Medicine of the Pacific,Western University of Health Sciences College of Osteopathic Medicine of the Pacific,,CA,DO,3.82,3.82,509,509,NR,,
shemmassian,Shemmassian,https://www.shemmassianconsulting.com/blog/average-gpa-and-mcat-score-for-every-medical-school,28,California Health Sciences University College of Osteopathic Medicine,California Health Sciences University College of Osteopathic Medicine,,CA,DO,3.45,3.45,504.1,504.1,498,498,
shemmassian,Shemmassian,https://www.shemmassianconsulting.com/blog/average-gpa-and-mcat-score-for-every-medical-school,29,University of Colorado School of Medicine*,University of Colorado School of Medicine,,CO,MD,3.7,3.7,517,517,NR,,source row carried an asterisk
shemmassian,Shemmassian,https://www.shemmassianconsulting.com/blog/average-gpa-and-mcat-score-for-every-medical-school,30,Rocky Vista University College of Osteopathic Medicine,Rocky Vista University College of Osteopathic Medicine,,CO,DO,3.61,3.61,506,506,NR,,
shemmassian,Shemmassian,https://www.shemmassianconsulting.com/blog/average-gpa-and-mcat-score-for-every-medical-school,31,Quinnipiac University Frank H. Netter MD School of Medicine,Quinnipiac University Frank H. Netter MD School of Medicine,,CT,MD,3.70,3.7,511,511,NR,,
shemmassian,Shemmassian,https://www.shemmassianconsulting.com/blog/average-gpa-and-mcat-score-for-every-medical-school,32,University of Connecticut School of Medicine*,University of Connecticut School of Medicine,,CT,MD,3.76,3.76,513,513,NR,,source row carried an asterisk
shemmassian,Shemmassian,https://www.shemmassianconsulting.com/blog/average-gpa-and-mcat-score-for-every-medical-school,33,Yale School of Medicine,Yale School of Medicine,,CT,MD,3.94,3.94,521,521,NR,,
shemmassian,Shemmassian,https://www.shemmassianconsulting.com/blog/average-gpa-and-mcat-score-for-every-medical-school,34,George Washington University School of Medicine and Health Sciences,George Washington University School of Medicine and Health Sciences,,DC,MD,3.88,3.88,515,515,NR,,
shemmassian,Shemmassian,https://www.shemmassianconsulting.com/blog/average-gpa-and-mcat-score-for-every-medical-school,35,Georgetown University School of Medicine,Georgetown University School of Medicine,,DC,MD,3.76,3.76,513,513,NR,,
shemmassian,Shemmassian,https://www.shemmassianconsulting.com/blog/average-gpa-and-mcat-score-for-every-medical-school,36,Howard University College of Medicine,Howard University College of Medicine,,DC,MD,3.61,3.61,507,507,494,494,
shemmassian,Shemmassian,https://www.shemmassianconsulting.com/blog/average-gpa-and-mcat-score-for-every-medical-school,37,Florida Atlantic University Charles E. Schmidt College of Medicine*,Florida Atlantic University Charles E. Schmidt College of Medicine,,FL,MD,3.83,3.83,513,513,NR,,source row carried an asterisk
shemmassian,Shemmassian,https://www.shemmassianconsulting.com/blog/average-gpa-and-mcat-score-for-every-medical-school,38,Florida International University Herbert Wertheim College of Medicine*,Florida International University Herbert Wertheim College of Medicine,,FL,MD,3.82,3.82,510,510,NR,,source row carried an asterisk
shemmassian,Shemmassian,https://www.shemmassianconsulting.com/blog/average-gpa-and-mcat-score-for-every-medical-school,39,Florida State University College of Medicine*,Florida State University College of Medicine,,FL,MD,3.68,3.68,507,507,498,498,source row carried an asterisk
shemmassian,Shemmassian,https://www.shemmassianconsulting.com/blog/average-gpa-and-mcat-score-for-every-medical-school,40,University of Central Florida College of Medicine*,University of Central Florida College of Medicine,,FL,MD,3.89,3.89,514,514,500,500,source row carried an asterisk
shemmassian,Shemmassian,https://www.shemmassianconsulting.com/blog/average-gpa-and-mcat-score-for-every-medical-school,41,University of Florida College of Medicine*,University of Florida College of Medicine,,FL,MD,3.86,3.86,515,515,500,500,source row carried an asterisk
shemmassian,Shemmassian,https://www.shemmassianconsulting.com/blog/average-gpa-and-mcat-score-for-every-medical-school,42,University of Miami Miller School of Medicine,University of Miami Miller School of Medicine,,FL,MD,3.86,3.86,516,516,NR - (510 for 3-year accelerated path),510,
shemmassian,Shemmassian,https://www.shemmassianconsulting.com/blog/average-gpa-and-mcat-score-for-every-medical-school,43,University of South Florida Health Morsani College of Medicine*,University of South Florida Health Morsani College of Medicine,,FL,MD,3.96,3.96,520,520,NR,,source row carried an asterisk
shemmassian,Shemmassian,https://www.shemmassianconsulting.com/blog/average-gpa-and-mcat-score-for-every-medical-school,44,Lake Erie College of Osteopathic Medicine Bradenton Campus,Lake Erie College of Osteopathic Medicine Bradenton Campus,,FL,DO,3.71,3.71,502,502,NR,,
shemmassian,Shemmassian,https://www.shemmassianconsulting.com/blog/average-gpa-and-mcat-score-for-every-medical-school,45,Nova Southeastern University Dr. Kiran C. Patel College of Allopathic Medicine,Nova Southeastern University Dr. Kiran C. Patel College of Allopathic Medicine,,FL,MD,3.75,3.75,512,512,NR,,
shemmassian,Shemmassian,https://www.shemmassianconsulting.com/blog/average-gpa-and-mcat-score-for-every-medical-school,46,Nova Southeastern University Dr. Kiran C. Patel College of Osteopathic Medicine,Nova Southeastern University Dr. Kiran C. Patel College of Osteopathic Medicine,,FL,DO,3.60,3.6,506,506,NR,,
shemmassian,Shemmassian,https://www.shemmassianconsulting.com/blog/average-gpa-and-mcat-score-for-every-medical-school,47,Emory University School of Medicine,Emory University School of Medicine,,GA,MD,3.70,3.7,514,514,NR,,
shemmassian,Shemmassian,https://www.shemmassianconsulting.com/blog/average-gpa-and-mcat-score-for-every-medical-school,48,Medical College of Georgia at Augusta University*,Medical College of Georgia at Augusta University,,GA,MD,3.80,3.8,512,512,NR,,source row carried an asterisk
shemmassian,Shemmassian,https://www.shemmassianconsulting.com/blog/average-gpa-and-mcat-score-for-every-medical-school,49,Mercer University School of Medicine,Mercer University School of Medicine,,GA,MD,3.69,3.69,503,503,493-494,493,
shemmassian,Shemmassian,https://www.shemmassianconsulting.com/blog/average-gpa-and-mcat-score-for-every-medical-school,50,Morehouse School of Medicine,Morehouse School of Medicine,,GA,MD,3.64,3.64,504.1,504.1,NR,,
shemmassian,Shemmassian,https://www.shemmassianconsulting.com/blog/average-gpa-and-mcat-score-for-every-medical-school,51,Georgia Campus Philadelphia College of Osteopathic Medicine,Georgia Campus Philadelphia College of Osteopathic Medicine,,GA,DO,NR,,503,503,NR,,
shemmassian,Shemmassian,https://www.shemmassianconsulting.com/blog/average-gpa-and-mcat-score-for-every-medical-school,52,University of Hawaii John A. Burns School of Medicine*,University of Hawaii John A. Burns School of Medicine,,HI,MD,3.79,3.79,512,512,NR,,source row carried an asterisk
shemmassian,Shemmassian,https://www.shemmassianconsulting.com/blog/average-gpa-and-mcat-score-for-every-medical-school,53,University of Iowa Carver College of Medicine*,University of Iowa Carver College of Medicine,,IA,MD,3.81,3.81,514,514,NR,,source row carried an asterisk
shemmassian,Shemmassian,https://www.shemmassianconsulting.com/blog/average-gpa-and-mcat-score-for-every-medical-school,54,Des Moines University College of Osteopathic Medicine,Des Moines University College of Osteopathic Medicine,,IA,DO,3.71,3.71,507,507,NR,,
shemmassian,Shemmassian,https://www.shemmassianconsulting.com/blog/average-gpa-and-mcat-score-for-every-medical-school,55,Idaho College of Osteopathic Medicine,Idaho College of Osteopathic Medicine,,ID,DO,3.56,3.56,503.65,503.65,501,501,
shemmassian,Shemmassian,https://www.shemmassianconsulting.com/blog/average-gpa-and-mcat-score-for-every-medical-school,56,Carle Illinois College of Medicine*,Carle Illinois College of Medicine,,IL,MD,3.73,3.73,513,513,498,498,source row carried an asterisk
shemmassian,Shemmassian,https://www.shemmassianconsulting.com/blog/average-gpa-and-mcat-score-for-every-medical-school,57,Chicago Medical School at Rosalind Franklin University of Medicine and Science,Chicago Medical School at Rosalind Franklin University of Medicine and Science,,IL,MD,3.69,3.69,508,508,510 The school notes most successful applicants have a 510 or above.,510,
shemmassian,Shemmassian,https://www.shemmassianconsulting.com/blog/average-gpa-and-mcat-score-for-every-medical-school,58,Loyola University of Chicago Stritch School of Medicine,Loyola University of Chicago Stritch School of Medicine,,IL,MD,3.8,3.8,512,512,NR,,
shemmassian,Shemmassian,https://www.shemmassianconsulting.com/blog/average-gpa-and-mcat-score-for-every-medical-school,59,Northwestern University The Feinberg School of Medicine,Northwestern University The Feinberg School of Medicine,,IL,MD,3.93,3.93,521,521,NR,,
shemmassian,Shemmassian,https://www.shemmassianconsulting.com/blog/average-gpa-and-mcat-score-for-every-medical-school,60,Rush Medical College of Rush University,Rush Medical College of Rush University,,IL,MD,3.72,3.72,510,510,NR,,
shemmassian,Shemmassian,https://www.shemmassianconsulting.com/blog/average-gpa-and-mcat-score-for-every-medical-school,61,Southern Illinois University School of Medicine*,Southern Illinois University School of Medicine,,IL,MD,3.7,3.7,508,508,498,498,source row carried an asterisk
shemmassian,Shemmassian,https://www.shemmassianconsulting.com/blog/average-gpa-and-mcat-score-for-every-medical-school,62,University of Chicago Pritzker School of Medicine,University of Chicago Pritzker School of Medicine,,IL,MD,3.91,3.91,521,521,NR,,
shemmassian,Shemmassian,https://www.shemmassianconsulting.com/blog/average-gpa-and-mcat-score-for-every-medical-school,63,University of Illinois College of Medicine*,University of Illinois College of Medicine,,IL,MD,3.82,3.82,511,511,NR,,source row carried an asterisk
shemmassian,Shemmassian,https://www.shemmassianconsulting.com/blog/average-gpa-and-mcat-score-for-every-medical-school,64,Chicago College of Osteopathic Medicine of Midwestern University,Chicago College of Osteopathic Medicine of Midwestern University,,IL,DO,3.65,3.65,509,509,NR,,
shemmassian,Shemmassian,https://www.shemmassianconsulting.com/blog/average-gpa-and-mcat-score-for-every-medical-school,65,Indiana University School of Medicine*,Indiana University School of Medicine,,IN,MD,3.85,3.85,512,512,NR,,source row carried an asterisk
shemmassian,Shemmassian,https://www.shemmassianconsulting.com/blog/average-gpa-and-mcat-score-for-every-medical-school,66,Marian University College of Osteopathic Medicine,Marian University College of Osteopathic Medicine,,IN,DO,3.76,3.76,501,501,491,491,
shemmassian,Shemmassian,https://www.shemmassianconsulting.com/blog/average-gpa-and-mcat-score-for-every-medical-school,67,University of Kansas School of Medicine*,University of Kansas School of Medicine,,KS,MD,3.84,3.84,509,509,NR,,source row carried an asterisk
shemmassian,Shemmassian,https://www.shemmassianconsulting.com/blog/average-gpa-and-mcat-score-for-every-medical-school,68,Kansas College of Osteopathic Medicine,Kansas College of Osteopathic Medicine,,KS,DO,3.0 Minimum for consideration,3,NR,,500,500,
shemmassian,Shemmassian,https://www.shemmassianconsulting.com/blog/average-gpa-and-mcat-score-for-every-medical-school,69,University of Kentucky College of Medicine*,University of Kentucky College of Medicine,,KY,MD,3.84,3.84,508,508,495,495,source row carried an asterisk
shemmassian,Shemmassian,https://www.shemmassianconsulting.com/blog/average-gpa-and-mcat-score-for-every-medical-school,70,University of Louisville School of Medicine*,University of Louisville School of Medicine,,KY,MD,3.78,3.78,507,507,NR,,source row carried an asterisk
shemmassian,Shemmassian,https://www.shemmassianconsulting.com/blog/average-gpa-and-mcat-score-for-every-medical-school,71,University of Pikeville Kentucky College of Osteopathic Medicine,University of Pikeville Kentucky College of Osteopathic Medicine,,KY,DO,3.50,3.5,502,502,NR,,
shemmassian,Shemmassian,https://www.shemmassianconsulting.com/blog/average-gpa-and-mcat-score-for-every-medical-school,72,Louisiana State University - New Orleans School of Medicine*,Louisiana State University - New Orleans School of Medicine,,LA,MD,3.76,3.76,509 (74th %-ile),509,NR,,source row carried an asterisk
shemmassian,Shemmassian,https://www.shemmassianconsulting.com/blog/average-gpa-and-mcat-score-for-every-medical-school,73,Louisiana State University - Shreveport School of Medicine*,Louisiana State University - Shreveport School of Medicine,,LA,MD,3.80,3.8,508,508,NR,,source row carried an asterisk
shemmassian,Shemmassian,https://www.shemmassianconsulting.com/blog/average-gpa-and-mcat-score-for-every-medical-school,74,Tulane University School of Medicine,Tulane University School of Medicine,,LA,MD,3.70,3.7,510,510,NR,,
shemmassian,Shemmassian,https://www.shemmassianconsulting.com/blog/average-gpa-and-mcat-score-for-every-medical-school,75,Edward Via College of Osteopathic Medicine - Louisiana Campus,Edward Via College of Osteopathic Medicine - Louisiana Campus,,LA,DO,3.70 (min 3.4),3.7,502,502,496,496,
shemmassian,Shemmassian,https://www.shemmassianconsulting.com/blog/average-gpa-and-mcat-score-for-every-medical-school,76,Boston University School of Medicine,Boston University School of Medicine,,MA,MD,3.76,3.76,517,517,NR,,
shemmassian,Shemmassian,https://www.shemmassianconsulting.com/blog/average-gpa-and-mcat-score-for-every-medical-school,77,Harvard Medical School,Harvard Medical School,,MA,MD,3.90,3.9,520.48,520.48,NR,,
shemmassian,Shemmassian,https://www.shemmassianconsulting.com/blog/average-gpa-and-mcat-score-for-every-medical-school,78,Tufts University School of Medicine,Tufts University School of Medicine,,MA,MD,3.82,3.82,514,514,NR,,
shemmassian,Shemmassian,https://www.shemmassianconsulting.com/blog/average-gpa-and-mcat-score-for-every-medical-school,79,University of Massachusetts Medical School*,University of Massachusetts Medical School,,MA,MD,3.76,3.76,511,511,NR,,source row carried an asterisk
shemmassian,Shemmassian,https://www.shemmassianconsulting.com/blog/average-gpa-and-mcat-score-for-every-medical-school,80,Johns Hopkins University School of Medicine,Johns Hopkins University School of Medicine,,MD,MD,3.92,3.92,521,521,NR,,
shemmassian,Shemmassian,https://www.shemmassianconsulting.com/blog/average-gpa-and-mcat-score-for-every-medical-school,81,Uniformed Services University of the Health Sciences F. Edward Hebert School of Medicine*,Uniformed Services University of the Health Sciences F. Edward Hebert School of Medicine,,MD,MD,3.70,3.7,510,510,496,496,source row carried an asterisk
shemmassian,Shemmassian,https://www.shemmassianconsulting.com/blog/average-gpa-and-mcat-score-for-every-medical-school,82,University of Maryland School of Medicine*,University of Maryland School of Medicine,,MD,MD,3.84,3.84,512,512,NR,,source row carried an asterisk
shemmassian,Shemmassian,https://www.shemmassianconsulting.com/blog/average-gpa-and-mcat-score-for-every-medical-school,83,University of New England College of Osteopathic Medicine,University of New England College of Osteopathic Medicine,,ME,DO,3.62,3.62,502,502,490,490,
shemmassian,Shemmassian,https://www.shemmassianconsulting.com/blog/average-gpa-and-mcat-score-for-every-medical-school,84,Central Michigan University College of Medicine*,Central Michigan University College of Medicine,,MI,MD,3.80,3.8,506,506,NR,,source row carried an asterisk
shemmassian,Shemmassian,https://www.shemmassianconsulting.com/blog/average-gpa-and-mcat-score-for-every-medical-school,85,Michigan State University College of Human Medicine*,Michigan State University College of Human Medicine,,MI,MD,3.7,3.7,507,507,NR,,source row carried an asterisk
shemmassian,Shemmassian,https://www.shemmassianconsulting.com/blog/average-gpa-and-mcat-score-for-every-medical-school,86,Oakland University William Beaumont School of Medicine,Oakland University William Beaumont School of Medicine,,MI,MD,3.89,3.89,510,510,NR,,
shemmassian,Shemmassian,https://www.shemmassianconsulting.com/blog/average-gpa-and-mcat-score-for-every-medical-school,87,University of Michigan Medical School*,University of Michigan Medical School,,MI,MD,3.85,3.85,516 (92nd %-ile),516,NR,,source row carried an asterisk
shemmassian,Shemmassian,https://www.shemmassianconsulting.com/blog/average-gpa-and-mcat-score-for-every-medical-school,88,Wayne State University School of Medicine*,Wayne State University School of Medicine,,MI,MD,3.78,3.78,511,511,NR,,source row carried an asterisk
shemmassian,Shemmassian,https://www.shemmassianconsulting.com/blog/average-gpa-and-mcat-score-for-every-medical-school,89,Western Michigan University School of Medicine,Western Michigan University School of Medicine,,MI,MD,3.81,3.81,512,512,497,497,
shemmassian,Shemmassian,https://www.shemmassianconsulting.com/blog/average-gpa-and-mcat-score-for-every-medical-school,90,Michigan State University College of Osteopathic Medicine*,Michigan State University College of Osteopathic Medicine,,MI,DO,3.50-3.70,3.5,506-508,506,NR,,source row carried an asterisk
shemmassian,Shemmassian,https://www.shemmassianconsulting.com/blog/average-gpa-and-mcat-score-for-every-medical-school,91,Mayo Clinic Alix School of Medicine,Mayo Clinic Alix School of Medicine,,MN,MD,3.95,3.95,521,521,NR,,
shemmassian,Shemmassian,https://www.shemmassianconsulting.com/blog/average-gpa-and-mcat-score-for-every-medical-school,92,University of Minnesota Medical School - Twin Cities*,University of Minnesota Medical School - Twin Cities,,MN,MD,3.84,3.84,511,511,NR,,source row carried an asterisk
shemmassian,Shemmassian,https://www.shemmassianconsulting.com/blog/average-gpa-and-mcat-score-for-every-medical-school,93,University of Minnesota Medical School - Duluth*,University of Minnesota Medical School - Duluth,,MN,MD,3.77,3.77,511.1,511.1,495,495,source row carried an asterisk
shemmassian,Shemmassian,https://www.shemmassianconsulting.com/blog/average-gpa-and-mcat-score-for-every-medical-school,94,University of Missouri - Columbia School of Medicine*,University of Missouri - Columbia School of Medicine,,MO,MD,3.83,3.83,509,509,494,494,source row carried an asterisk
shemmassian,Shemmassian,https://www.shemmassianconsulting.com/blog/average-gpa-and-mcat-score-for-every-medical-school,95,Saint Louis University School of Medicine,Saint Louis University School of Medicine,,MO,MD,3.90,3.9,514,514,NR,,
shemmassian,Shemmassian,https://www.shemmassianconsulting.com/blog/average-gpa-and-mcat-score-for-every-medical-school,96,University of Missouri - Kansas City School of Medicine*,University of Missouri - Kansas City School of Medicine,,MO,MD,3.78 3.5 Minimum required for OOS applicants. 3.0 minimum for IS applicants.,3.78,506,506,495,495,source row carried an asterisk
shemmassian,Shemmassian,https://www.shemmassianconsulting.com/blog/average-gpa-and-mcat-score-for-every-medical-school,97,Washington University School of Medicine,Washington University School of Medicine,,MO,MD,3.88,3.88,519.5,519.5,NR,,
shemmassian,Shemmassian,https://www.shemmassianconsulting.com/blog/average-gpa-and-mcat-score-for-every-medical-school,98,A.T. Still University of Health Sciences Kirksville College of Osteopathic Medicine,A.T. Still University of Health Sciences Kirksville College of Osteopathic Medicine,,MO,DO,3.69,3.69,503,503,NR,,
shemmassian,Shemmassian,https://www.shemmassianconsulting.com/blog/average-gpa-and-mcat-score-for-every-medical-school,99,Kansas City University of Medicine and Biosciences College of Osteopathic Medicine,Kansas City University of Medicine and Biosciences College of Osteopathic Medicine,,MO,DO,3.62,3.62,505,505,NR,,
shemmassian,Shemmassian,https://www.shemmassianconsulting.com/blog/average-gpa-and-mcat-score-for-every-medical-school,100,University of Mississippi School of Medicine*,University of Mississippi School of Medicine,,MS,MD,3.80,3.8,506,506,496,496,source row carried an asterisk
shemmassian,Shemmassian,https://www.shemmassianconsulting.com/blog/average-gpa-and-mcat-score-for-every-medical-school,101,William Carey University College of Osteopathic Medicine,William Carey University College of Osteopathic Medicine,,MS,DO,3.53,3.53,505,505,NR,,
shemmassian,Shemmassian,https://www.shemmassianconsulting.com/blog/average-gpa-and-mcat-score-for-every-medical-school,102,Duke University School of Medicine,Duke University School of Medicine,,NC,MD,3.90,3.9,519,519,NR,,
shemmassian,Shemmassian,https://www.shemmassianconsulting.com/blog/average-gpa-and-mcat-score-for-every-medical-school,103,East Carolina University Brody School of Medicine*,East Carolina University Brody School of Medicine,,NC,MD,3.77,3.77,510,510,NR,,source row carried an asterisk
shemmassian,Shemmassian,https://www.shemmassianconsulting.com/blog/average-gpa-and-mcat-score-for-every-medical-school,104,University of North Carolina at Chapel Hill School of Medicine*,University of North Carolina at Chapel Hill School of Medicine,,NC,MD,3.79,3.79,512,512,NR,,source row carried an asterisk
shemmassian,Shemmassian,https://www.shemmassianconsulting.com/blog/average-gpa-and-mcat-score-for-every-medical-school,105,Wake Forest School of Medicine,Wake Forest School of Medicine,,NC,MD,3.83,3.83,511,511,NR,,
shemmassian,Shemmassian,https://www.shemmassianconsulting.com/blog/average-gpa-and-mcat-score-for-every-medical-school,106,Campbell University Jerry M. Wallace School of Osteopathic Medicine,Campbell University Jerry M. Wallace School of Osteopathic Medicine,,NC,DO,3.61,3.61,506,506,NR,,
shemmassian,Shemmassian,https://www.shemmassianconsulting.com/blog/average-gpa-and-mcat-score-for-every-medical-school,107,University of North Dakota School of Medicine and Health Sciences*,University of North Dakota School of Medicine and Health Sciences,,ND,MD,3.80,3.8,507,507,NR,,source row carried an asterisk
shemmassian,Shemmassian,https://www.shemmassianconsulting.com/blog/average-gpa-and-mcat-score-for-every-medical-school,108,Creighton University School of Medicine,Creighton University School of Medicine,,NE,MD,3.86,3.86,513,513,NR,,
shemmassian,Shemmassian,https://www.shemmassianconsulting.com/blog/average-gpa-and-mcat-score-for-every-medical-school,109,University of Nebraska Medical Center College of Medicine,University of Nebraska Medical Center College of Medicine,,NE,MD,3.87,3.87,512,512,NR,,
shemmassian,Shemmassian,https://www.shemmassianconsulting.com/blog/average-gpa-and-mcat-score-for-every-medical-school,110,Geisel School of Medicine at Dartmouth,Geisel School of Medicine at Dartmouth,,NH,MD,3.77,3.77,516,516,NR,,
shemmassian,Shemmassian,https://www.shemmassianconsulting.com/blog/average-gpa-and-mcat-score-for-every-medical-school,111,Cooper Medical School of Rowan University*,Cooper Medical School of Rowan University,,NJ,MD,3.79,3.79,512,512,NR,,source row carried an asterisk
shemmassian,Shemmassian,https://www.shemmassianconsulting.com/blog/average-gpa-and-mcat-score-for-every-medical-school,112,Rutgers New Jersey Medical School*,Rutgers New Jersey Medical School,,NJ,MD,3.70,3.7,515,515,NR,,source row carried an asterisk
shemmassian,Shemmassian,https://www.shemmassianconsulting.com/blog/average-gpa-and-mcat-score-for-every-medical-school,113,Rutgers Robert Wood Johnson Medical School*,Rutgers Robert Wood Johnson Medical School,,NJ,MD,3.70,3.7,514,514,NR,,source row carried an asterisk
shemmassian,Shemmassian,https://www.shemmassianconsulting.com/blog/average-gpa-and-mcat-score-for-every-medical-school,114,Hackensack Meridian School of Medicine,Hackensack Meridian School of Medicine,,NJ,MD,3.8,3.8,514,514,NR,,
shemmassian,Shemmassian,https://www.shemmassianconsulting.com/blog/average-gpa-and-mcat-score-for-every-medical-school,115,Rowan University School of Osteopathic Medicine*,Rowan University School of Osteopathic Medicine,,NJ,DO,3.70,3.7,508,508,NR,,source row carried an asterisk
shemmassian,Shemmassian,https://www.shemmassianconsulting.com/blog/average-gpa-and-mcat-score-for-every-medical-school,116,University of New Mexico School of Medicine*,University of New Mexico School of Medicine,,NM,MD,3.75,3.75,507,507,494,494,source row carried an asterisk
shemmassian,Shemmassian,https://www.shemmassianconsulting.com/blog/average-gpa-and-mcat-score-for-every-medical-school,117,Burrell College of Osteopathic Medicine at New Mexico State University,Burrell College of Osteopathic Medicine at New Mexico State University,,NM,DO,3.50,3.5,500,500,493,493,
shemmassian,Shemmassian,https://www.shemmassianconsulting.com/blog/average-gpa-and-mcat-score-for-every-medical-school,118,University of Nevada Reno School of Medicine*,University of Nevada Reno School of Medicine,,NV,MD,3.76,3.76,509,509,500,500,source row carried an asterisk
shemmassian,Shemmassian,https://www.shemmassianconsulting.com/blog/average-gpa-and-mcat-score-for-every-medical-school,119,University of Nevada Las Vegas School of Medicine*,University of Nevada Las Vegas School of Medicine,,NV,MD,3.6-3.7,3.6,510,510,NR,,source row carried an asterisk
shemmassian,Shemmassian,https://www.shemmassianconsulting.com/blog/average-gpa-and-mcat-score-for-every-medical-school,120,Touro University - Nevada College of Osteopathic Medicine,Touro University - Nevada College of Osteopathic Medicine,,NV,DO,3.54,3.54,506.9,506.9,500,500,
shemmassian,Shemmassian,https://www.shemmassianconsulting.com/blog/average-gpa-and-mcat-score-for-every-medical-school,121,Albany Medical College,Albany Medical College,,NY,MD,3.80,3.8,512,512,NR,,
shemmassian,Shemmassian,https://www.shemmassianconsulting.com/blog/average-gpa-and-mcat-score-for-every-medical-school,122,Albert Einstein College of Medicine,Albert Einstein College of Medicine,,NY,MD,3.82,3.82,516,516,NR,,
shemmassian,Shemmassian,https://www.shemmassianconsulting.com/blog/average-gpa-and-mcat-score-for-every-medical-school,123,Columbia University College of Physicians and Surgeons,Columbia University College of Physicians and Surgeons,,NY,MD,3.85,3.85,521,521,NR,,
shemmassian,Shemmassian,https://www.shemmassianconsulting.com/blog/average-gpa-and-mcat-score-for-every-medical-school,124,Hofstra Northwell School of Medicine,Hofstra Northwell School of Medicine,,NY,MD,3.92,3.92,518,518,NR,,
shemmassian,Shemmassian,https://www.shemmassianconsulting.com/blog/average-gpa-and-mcat-score-for-every-medical-school,125,Icahn School of Medicine at Mount Sinai,Icahn School of Medicine at Mount Sinai,,NY,MD,3.81,3.81,519,519,NR,,
shemmassian,Shemmassian,https://www.shemmassianconsulting.com/blog/average-gpa-and-mcat-score-for-every-medical-school,126,New York Medical College,New York Medical College,,NY,MD,3.60,3.6,516,516,NR,,
shemmassian,Shemmassian,https://www.shemmassianconsulting.com/blog/average-gpa-and-mcat-score-for-every-medical-school,127,New York University Grossman School of Medicine,New York University Grossman School of Medicine,,NY,MD,3.98,3.98,523,523,NR,,
shemmassian,Shemmassian,https://www.shemmassianconsulting.com/blog/average-gpa-and-mcat-score-for-every-medical-school,128,New York University Long Island School of Medicine,New York University Long Island School of Medicine,,NY,MD,3.94,3.94,516,516,NR,,
shemmassian,Shemmassian,https://www.shemmassianconsulting.com/blog/average-gpa-and-mcat-score-for-every-medical-school,129,SUNY - Downstate Medical Center College of Medicine*,SUNY - Downstate Medical Center College of Medicine,,NY,MD,3.73,3.73,513,513,NR,,source row carried an asterisk
shemmassian,Shemmassian,https://www.shemmassianconsulting.com/blog/average-gpa-and-mcat-score-for-every-medical-school,130,University at Buffalo Jacobs School of Medicine and Biomedical Sciences*,University at Buffalo Jacobs School of Medicine and Biomedical Sciences,,NY,MD,3.70,3.7,510,510,NR,,source row carried an asterisk
shemmassian,Shemmassian,https://www.shemmassianconsulting.com/blog/average-gpa-and-mcat-score-for-every-medical-school,131,SUNY - Upstate Medical University*,SUNY - Upstate Medical University,,NY,MD,3.74,3.74,512,512,NR,,source row carried an asterisk
shemmassian,Shemmassian,https://www.shemmassianconsulting.com/blog/average-gpa-and-mcat-score-for-every-medical-school,132,Stony Brook University School of Medicine*,Stony Brook University School of Medicine,,NY,MD,3.89,3.89,514,514,NR,,source row carried an asterisk
shemmassian,Shemmassian,https://www.shemmassianconsulting.com/blog/average-gpa-and-mcat-score-for-every-medical-school,133,University of Rochester School of Medicine and Dentistry,University of Rochester School of Medicine and Dentistry,,NY,MD,3.60,3.6,517,517,NR,,
shemmassian,Shemmassian,https://www.shemmassianconsulting.com/blog/average-gpa-and-mcat-score-for-every-medical-school,134,Weill Cornell Medical College,Weill Cornell Medical College,,NY,MD,3.90,3.9,518,518,NR,,
shemmassian,Shemmassian,https://www.shemmassianconsulting.com/blog/average-gpa-and-mcat-score-for-every-medical-school,135,New York Institute of Technology College of Osteopathic Medicine,New York Institute of Technology College of Osteopathic Medicine,,NY,DO,3.62,3.62,506,506,NR,,
shemmassian,Shemmassian,https://www.shemmassianconsulting.com/blog/average-gpa-and-mcat-score-for-every-medical-school,136,Touro College of Osteopathic Medicine - Middletown Campus,Touro College of Osteopathic Medicine - Middletown Campus,,NY,DO,3.592,3.592,504.864,504.864,498,498,
shemmassian,Shemmassian,https://www.shemmassianconsulting.com/blog/average-gpa-and-mcat-score-for-every-medical-school,137,Touro College of Osteopathic Medicine - Harlem Campus,Touro College of Osteopathic Medicine - Harlem Campus,,NY,DO,3.584,3.584,505.376,505.376,498,498,
shemmassian,Shemmassian,https://www.shemmassianconsulting.com/blog/average-gpa-and-mcat-score-for-every-medical-school,138,Case Western Reserve University School of Medicine,Case Western Reserve University School of Medicine,,OH,MD,3.90,3.9,517,517,NR,,
shemmassian,Shemmassian,https://www.shemmassianconsulting.com/blog/average-gpa-and-mcat-score-for-every-medical-school,139,Northeast Ohio Medical University*,Northeast Ohio Medical University,,OH,MD,3.75,3.75,511,511,NR,,source row carried an asterisk
shemmassian,Shemmassian,https://www.shemmassianconsulting.com/blog/average-gpa-and-mcat-score-for-every-medical-school,140,The Ohio State University College of Medicine*,The Ohio State University College of Medicine,,OH,MD,3.83,3.83,514,514,NR,,source row carried an asterisk
shemmassian,Shemmassian,https://www.shemmassianconsulting.com/blog/average-gpa-and-mcat-score-for-every-medical-school,141,The University of Toledo College of Medicine and Life Sciences*,The University of Toledo College of Medicine and Life Sciences,,OH,MD,3.78,3.78,510,510,NR,,source row carried an asterisk
shemmassian,Shemmassian,https://www.shemmassianconsulting.com/blog/average-gpa-and-mcat-score-for-every-medical-school,142,University of Cincinnati College of Medicine*,University of Cincinnati College of Medicine,,OH,MD,3.86,3.86,514,514,NR,,source row carried an asterisk
shemmassian,Shemmassian,https://www.shemmassianconsulting.com/blog/average-gpa-and-mcat-score-for-every-medical-school,143,Wright State University Boonshoft School of Medicine*,Wright State University Boonshoft School of Medicine,,OH,MD,3.68,3.68,508.76,508.76,NR,,source row carried an asterisk
shemmassian,Shemmassian,https://www.shemmassianconsulting.com/blog/average-gpa-and-mcat-score-for-every-medical-school,144,Ohio University Heritage College of Osteopathic Medicine*,Ohio University Heritage College of Osteopathic Medicine,,OH,DO,3.68,3.68,503.46,503.46,NR,,source row carried an asterisk
shemmassian,Shemmassian,https://www.shemmassianconsulting.com/blog/average-gpa-and-mcat-score-for-every-medical-school,145,University of Oklahoma College of Medicine*,University of Oklahoma College of Medicine,,OK,MD,3.79,3.79,511,511,492,492,source row carried an asterisk
shemmassian,Shemmassian,https://www.shemmassianconsulting.com/blog/average-gpa-and-mcat-score-for-every-medical-school,146,Oklahoma State University Center for Health Sciences College of Osteopathic Medicine*,Oklahoma State University Center for Health Sciences College of Osteopathic Medicine,,OK,DO,3.60,3.6,500,500,492,492,source row carried an asterisk
shemmassian,Shemmassian,https://www.shemmassianconsulting.com/blog/average-gpa-and-mcat-score-for-every-medical-school,147,Oregon Health & Science University School of Medicine*,Oregon Health & Science University School of Medicine,,OR,MD,3.66,3.66,509,509,497,497,source row carried an asterisk
shemmassian,Shemmassian,https://www.shemmassianconsulting.com/blog/average-gpa-and-mcat-score-for-every-medical-school,148,Western University of Health Sciences College of Osteopathic Medicine of the Pacific Northwest,Western University of Health Sciences College of Osteopathic Medicine of the Pacific Northwest,,OR,DO,3.58,3.58,507,507,NR,,
shemmassian,Shemmassian,https://www.shemmassianconsulting.com/blog/average-gpa-and-mcat-score-for-every-medical-school,149,Drexel University College of Medicine,Drexel University College of Medicine,,PA,MD,3.76,3.76,512,512,NR,,
shemmassian,Shemmassian,https://www.shemmassianconsulting.com/blog/average-gpa-and-mcat-score-for-every-medical-school,150,Geisinger Commonwealth School of Medicine,Geisinger Commonwealth School of Medicine,,PA,MD,3.81,3.81,513.06,513.06,NR,,
shemmassian,Shemmassian,https://www.shemmassianconsulting.com/blog/average-gpa-and-mcat-score-for-every-medical-school,151,Pennsylvania State University College of Medicine*,Pennsylvania State University College of Medicine,,PA,MD,3.75,3.75,511,511,NR,,source row carried an asterisk
shemmassian,Shemmassian,https://www.shemmassianconsulting.com/blog/average-gpa-and-mcat-score-for-every-medical-school,152,Perelman School of Medicine University of Pennsylvania,Perelman School of Medicine University of Pennsylvania,,PA,MD,3.97,3.97,521,521,NR,,
shemmassian,Shemmassian,https://www.shemmassianconsulting.com/blog/average-gpa-and-mcat-score-for-every-medical-school,153,Sidney Kimmel Medical College at Thomas Jefferson University,Sidney Kimmel Medical College at Thomas Jefferson University,,PA,MD,3.80,3.8,513,513,NR,,
shemmassian,Shemmassian,https://www.shemmassianconsulting.com/blog/average-gpa-and-mcat-score-for-every-medical-school,154,Temple University Lewis Katz School of Medicine*,Temple University Lewis Katz School of Medicine,,PA,MD,3.70,3.7,510,510,NR,,source row carried an asterisk
shemmassian,Shemmassian,https://www.shemmassianconsulting.com/blog/average-gpa-and-mcat-score-for-every-medical-school,155,University of Pittsburgh School of Medicine*,University of Pittsburgh School of Medicine,,PA,MD,3.91,3.91,516,516,NR,,source row carried an asterisk
shemmassian,Shemmassian,https://www.shemmassianconsulting.com/blog/average-gpa-and-mcat-score-for-every-medical-school,156,Lake Erie College of Osteopathic Medicine,Lake Erie College of Osteopathic Medicine,,PA,DO,3.41,3.41,503,503,NR,,
shemmassian,Shemmassian,https://www.shemmassianconsulting.com/blog/average-gpa-and-mcat-score-for-every-medical-school,157,Philadelphia College of Osteopathic Medicine,Philadelphia College of Osteopathic Medicine,,PA,DO,3.50,3.5,504,504,NR,,
shemmassian,Shemmassian,https://www.shemmassianconsulting.com/blog/average-gpa-and-mcat-score-for-every-medical-school,158,Ponce School of Medicine and Health Sciences,Ponce School of Medicine and Health Sciences,,PR,MD,3.50,3.5,499,499,494,494,
shemmassian,Shemmassian,https://www.shemmassianconsulting.com/blog/average-gpa-and-mcat-score-for-every-medical-school,159,San Juan Bautista School of Medicine,San Juan Bautista School of Medicine,,PR,MD,3.57,3.57,499,499,492,492,
shemmassian,Shemmassian,https://www.shemmassianconsulting.com/blog/average-gpa-and-mcat-score-for-every-medical-school,160,Universidad Central Del Caribe School of Medicine,Universidad Central Del Caribe School of Medicine,,PR,MD,3.80,3.8,501,501,495,495,
shemmassian,Shemmassian,https://www.shemmassianconsulting.com/blog/average-gpa-and-mcat-score-for-every-medical-school,161,University of Puerto Rico School of Medicine*,University of Puerto Rico School of Medicine,,PR,MD,3.80,3.8,506,506,495,495,source row carried an asterisk
shemmassian,Shemmassian,https://www.shemmassianconsulting.com/blog/average-gpa-and-mcat-score-for-every-medical-school,162,Brown University The Warren Alpert Medical School,Brown University The Warren Alpert Medical School,,RI,MD,3.83,3.83,516,516,NR,,
shemmassian,Shemmassian,https://www.shemmassianconsulting.com/blog/average-gpa-and-mcat-score-for-every-medical-school,163,Medical University of South Carolina College of Medicine*,Medical University of South Carolina College of Medicine,,SC,MD,3.85,3.85,511.2,511.2,500,500,source row carried an asterisk
shemmassian,Shemmassian,https://www.shemmassianconsulting.com/blog/average-gpa-and-mcat-score-for-every-medical-school,164,University of South Carolina School of Medicine - Columbia*,University of South Carolina School of Medicine - Columbia,,SC,MD,3.77,3.77,508,508,NR,,source row carried an asterisk
shemmassian,Shemmassian,https://www.shemmassianconsulting.com/blog/average-gpa-and-mcat-score-for-every-medical-school,165,University of South Carolina School of Medicine - Greenville*,University of South Carolina School of Medicine - Greenville,,SC,MD,3.75,3.75,509,509,NR,,source row carried an asterisk
shemmassian,Shemmassian,https://www.shemmassianconsulting.com/blog/average-gpa-and-mcat-score-for-every-medical-school,166,Edward Via College of Osteopathic Medicine - Carolinas Campus,Edward Via College of Osteopathic Medicine - Carolinas Campus,,SC,DO,3.70,3.7,500-506,500,496,496,
shemmassian,Shemmassian,https://www.shemmassianconsulting.com/blog/average-gpa-and-mcat-score-for-every-medical-school,167,University of South Dakota Sanford School of Medicine*,University of South Dakota Sanford School of Medicine,,SD,MD,3.79,3.79,508.3,508.3,496,496,source row carried an asterisk
shemmassian,Shemmassian,https://www.shemmassianconsulting.com/blog/average-gpa-and-mcat-score-for-every-medical-school,168,East Tennessee State University Quillen College of Medicine*,East Tennessee State University Quillen College of Medicine,,TN,MD,3.85,3.85,513,513,NR,,source row carried an asterisk
shemmassian,Shemmassian,https://www.shemmassianconsulting.com/blog/average-gpa-and-mcat-score-for-every-medical-school,169,Meharry Medical College School of Medicine,Meharry Medical College School of Medicine,,TN,MD,3.46,3.46,503,503,NR,,
shemmassian,Shemmassian,https://www.shemmassianconsulting.com/blog/average-gpa-and-mcat-score-for-every-medical-school,170,University of Tennessee Health Science Center College of Medicine*,University of Tennessee Health Science Center College of Medicine,,TN,MD,3.83,3.83,513,513,NR,,source row carried an asterisk
shemmassian,Shemmassian,https://www.shemmassianconsulting.com/blog/average-gpa-and-mcat-score-for-every-medical-school,171,Vanderbilt University School of Medicine,Vanderbilt University School of Medicine,,TN,MD,3.5-4.0,3.5,508-528,508,NR,,
shemmassian,Shemmassian,https://www.shemmassianconsulting.com/blog/average-gpa-and-mcat-score-for-every-medical-school,172,Lincoln Memorial University DeBusk College of Osteopathic Medicine,Lincoln Memorial University DeBusk College of Osteopathic Medicine,,TN,DO,3.40,3.4,501,501,494,494,
shemmassian,Shemmassian,https://www.shemmassianconsulting.com/blog/average-gpa-and-mcat-score-for-every-medical-school,173,Baylor College of Medicine,Baylor College of Medicine,,TX,MD,3.92,3.92,518,518,NR,,
shemmassian,Shemmassian,https://www.shemmassianconsulting.com/blog/average-gpa-and-mcat-score-for-every-medical-school,174,TCU and UNTHSC School of Medicine,TCU and UNTHSC School of Medicine,,TX,MD,3.81,3.81,512,512,NR,,
shemmassian,Shemmassian,https://www.shemmassianconsulting.com/blog/average-gpa-and-mcat-score-for-every-medical-school,175,Texas A&M Health Science Center College of Medicine*,Texas A&M Health Science Center College of Medicine,,TX,MD,3.89,3.89,513,513,NR,,source row carried an asterisk
shemmassian,Shemmassian,https://www.shemmassianconsulting.com/blog/average-gpa-and-mcat-score-for-every-medical-school,176,Texas Tech University Health Sciences Center Paul L. Foster School of Medicine*,Texas Tech University Health Sciences Center Paul L. Foster School of Medicine,,TX,MD,3.84,3.84,509,509,NR,,source row carried an asterisk
shemmassian,Shemmassian,https://www.shemmassianconsulting.com/blog/average-gpa-and-mcat-score-for-every-medical-school,177,Texas Tech University Health Sciences Center School of Medicine - Lubbock*,Texas Tech University Health Sciences Center School of Medicine - Lubbock,,TX,MD,3.85,3.85,509,509,NR,,source row carried an asterisk
shemmassian,Shemmassian,https://www.shemmassianconsulting.com/blog/average-gpa-and-mcat-score-for-every-medical-school,178,University of Houston Tilman J. Fertitta Family College of Medicine*,University of Houston Tilman J. Fertitta Family College of Medicine,,TX,MD,3.84,3.84,512,512,NR,,source row carried an asterisk
shemmassian,Shemmassian,https://www.shemmassianconsulting.com/blog/average-gpa-and-mcat-score-for-every-medical-school,179,University of Texas at Austin Dell Medical School*,University of Texas at Austin Dell Medical School,,TX,MD,3.93,3.93,517,517,NR,,source row carried an asterisk
shemmassian,Shemmassian,https://www.shemmassianconsulting.com/blog/average-gpa-and-mcat-score-for-every-medical-school,180,University of Texas Medical Branch School of Medicine*,University of Texas Medical Branch School of Medicine,,TX,MD,3.78,3.78,512,512,NR,,source row carried an asterisk
shemmassian,Shemmassian,https://www.shemmassianconsulting.com/blog/average-gpa-and-mcat-score-for-every-medical-school,181,University of Texas McGovern Medical School at Houston*,University of Texas McGovern Medical School at Houston,,TX,MD,3.84,3.84,512,512,NR,,source row carried an asterisk
shemmassian,Shemmassian,https://www.shemmassianconsulting.com/blog/average-gpa-and-mcat-score-for-every-medical-school,182,University of Texas Rio Grande Valley School of Medicine*,University of Texas Rio Grande Valley School of Medicine,,TX,MD,3.85,3.85,509,509,495,495,source row carried an asterisk
shemmassian,Shemmassian,https://www.shemmassianconsulting.com/blog/average-gpa-and-mcat-score-for-every-medical-school,183,University of Texas School of Medicine at San Antonio*,University of Texas School of Medicine at San Antonio,,TX,MD,3.90,3.9,518.6,518.6,NR,,source row carried an asterisk
shemmassian,Shemmassian,https://www.shemmassianconsulting.com/blog/average-gpa-and-mcat-score-for-every-medical-school,184,University of Texas Southwestern Medical School*,University of Texas Southwestern Medical School,,TX,MD,3.96,3.96,517,517,NR,,source row carried an asterisk
shemmassian,Shemmassian,https://www.shemmassianconsulting.com/blog/average-gpa-and-mcat-score-for-every-medical-school,185,Sam Houston State University College of Osteopathic Medicine*,Sam Houston State University College of Osteopathic Medicine,,TX,DO,3.80,3.8,506,506,NR,,source row carried an asterisk
shemmassian,Shemmassian,https://www.shemmassianconsulting.com/blog/average-gpa-and-mcat-score-for-every-medical-school,186,University of the Incarnate Word School of Osteopathic Medicine,University of the Incarnate Word School of Osteopathic Medicine,,TX,DO,3.60,3.6,504,504,NR,,
shemmassian,Shemmassian,https://www.shemmassianconsulting.com/blog/average-gpa-and-mcat-score-for-every-medical-school,187,University of North Texas Health Science Center at Fort Worth Texas College of Osteopathic Medicine,University of North Texas Health Science Center at Fort Worth Texas College of Osteopathic Medicine,,TX,DO,3.82,3.82,507.2,507.2,NR,,
shemmassian,Shemmassian,https://www.shemmassianconsulting.com/blog/average-gpa-and-mcat-score-for-every-medical-school,188,University of Utah School of Medicine*,University of Utah School of Medicine,,UT,MD,3.87,3.87,514,514,500,500,source row carried an asterisk
shemmassian,Shemmassian,https://www.shemmassianconsulting.com/blog/average-gpa-and-mcat-score-for-every-medical-school,189,Noorda College of Osteopathic Medicine,Noorda College of Osteopathic Medicine,,UT,DO,3.50,3.5,504,504,500,500,
shemmassian,Shemmassian,https://www.shemmassianconsulting.com/blog/average-gpa-and-mcat-score-for-every-medical-school,190,Eastern Virginia Medical School*,Eastern Virginia Medical School,,VA,MD,3.70,3.7,513,513,NR,,source row carried an asterisk
shemmassian,Shemmassian,https://www.shemmassianconsulting.com/blog/average-gpa-and-mcat-score-for-every-medical-school,191,Virginia Commonwealth University School of Medicine*,Virginia Commonwealth University School of Medicine,,VA,MD,3.70,3.7,512,512,NR,,source row carried an asterisk
shemmassian,Shemmassian,https://www.shemmassianconsulting.com/blog/average-gpa-and-mcat-score-for-every-medical-school,192,Virginia Tech Carilion School of Medicine and Research Institute*,Virginia Tech Carilion School of Medicine and Research Institute,,VA,MD,3.67,3.67,512,512,NR,,source row carried an asterisk
shemmassian,Shemmassian,https://www.shemmassianconsulting.com/blog/average-gpa-and-mcat-score-for-every-medical-school,193,University of Virginia School of Medicine*,University of Virginia School of Medicine,,VA,MD,3.85,3.85,518,518,NR,,source row carried an asterisk
shemmassian,Shemmassian,https://www.shemmassianconsulting.com/blog/average-gpa-and-mcat-score-for-every-medical-school,194,Edward Via College of Osteopathic Medicine - Virginia Campus,Edward Via College of Osteopathic Medicine - Virginia Campus,,VA,DO,3.60,3.6,502,502,495,495,
shemmassian,Shemmassian,https://www.shemmassianconsulting.com/blog/average-gpa-and-mcat-score-for-every-medical-school,195,Liberty University College of Osteopathic Medicine,Liberty University College of Osteopathic Medicine,,VA,DO,3.40,3.4,504,504,501,501,
shemmassian,Shemmassian,https://www.shemmassianconsulting.com/blog/average-gpa-and-mcat-score-for-every-medical-school,196,The University of Vermont Larner College of Medicine*,The University of Vermont Larner College of Medicine,,VT,MD,3.70,3.7,512,512,NR,,source row carried an asterisk
shemmassian,Shemmassian,https://www.shemmassianconsulting.com/blog/average-gpa-and-mcat-score-for-every-medical-school,197,University of Washington School of Medicine*,University of Washington School of Medicine,,WA,MD,3.7,3.7,511,511,NR,,source row carried an asterisk
shemmassian,Shemmassian,https://www.shemmassianconsulting.com/blog/average-gpa-and-mcat-score-for-every-medical-school,198,Washington State University Elson S. Floyd College of Medicine*,Washington State University Elson S. Floyd College of Medicine,,WA,MD,3.64,3.64,507.9,507.9,NR,,source row carried an asterisk
shemmassian,Shemmassian,https://www.shemmassianconsulting.com/blog/average-gpa-and-mcat-score-for-every-medical-school,199,Pacific Northwestern University of Health Sciences College of Osteopathic Medicine,Pacific Northwestern University of Health Sciences College of Osteopathic Medicine,,WA,DO,3.60,3.6,503,503,NR,,
shemmassian,Shemmassian,https://www.shemmassianconsulting.com/blog/average-gpa-and-mcat-score-for-every-medical-school,200,Marshall University Joan C. Edwards School of Medicine*,Marshall University Joan C. Edwards School of Medicine,,WV,MD,3.81,3.81,506,506,496,496,source row carried an asterisk
shemmassian,Shemmassian,https://www.shemmassianconsulting.com/blog/average-gpa-and-mcat-score-for-every-medical-school,201,West Virginia University School of Medicine*,West Virginia University School of Medicine,,WV,MD,3.80,3.8,511,511,NR,,source row carried an asterisk
shemmassian,Shemmassian,https://www.shemmassianconsulting.com/blog/average-gpa-and-mcat-score-for-every-medical-school,202,West Virginia School of Osteopathic Medicine*,West Virginia School of Osteopathic Medicine,,WV,DO,3.53,3.53,502,502,495,495,source row carried an asterisk
shemmassian,Shemmassian,https://www.shemmassianconsulting.com/blog/average-gpa-and-mcat-score-for-every-medical-school,203,Medical College of Wisconsin,Medical College of Wisconsin,,WI,MD,3.70,3.7,508,508,NR,,
shemmassian,Shemmassian,https://www.shemmassianconsulting.com/blog/average-gpa-and-mcat-score-for-every-medical-school,204,University of Wisconsin School of Medicine and Public Health*,University of Wisconsin School of Medicine and Public Health,,WI,MD,3.78,3.78,511,511,NR,,source row carried an asterisk
matchguy,The Match Guy,https://thematchguy.com/average-mcat-gpa-medical-school-acceptance/,2,Albany Medical College,Albany Medical College,,,,3.77,3.77,512,512,,,
matchguy,The Match Guy,https://thematchguy.com/average-mcat-gpa-medical-school-acceptance/,3,Boston University Sch of Med,Boston University Sch of Med,,,,3.76,3.76,517,517,,,
matchguy,The Match Guy,https://thematchguy.com/average-mcat-gpa-medical-school-acceptance/,4,Brown University The Warren Alpert Medical School,Brown University The Warren Alpert Medical School,,,,3.76,3.76,516,516,,,
matchguy,The Match Guy,https://thematchguy.com/average-mcat-gpa-medical-school-acceptance/,5,California Northstate University College of Medicine,California Northstate University College of Medicine,,,,3.83,3.83,513.4,513.4,,,
matchguy,The Match Guy,https://thematchguy.com/average-mcat-gpa-medical-school-acceptance/,6,California University of Science and Medicine,California University of Science and Medicine,,,,,,510,510,,,
matchguy,The Match Guy,https://thematchguy.com/average-mcat-gpa-medical-school-acceptance/,7,Case Western Reserve University School of Medicine,Case Western Reserve University School of Medicine,,,,3.9,3.9,517,517,,,
matchguy,The Match Guy,https://thematchguy.com/average-mcat-gpa-medical-school-acceptance/,8,Chicago Medical School at Rosalind Franklin University of Medicine & Science,Chicago Medical School at Rosalind Franklin University of Medicine & Science,,,,3.69,3.69,508,508,,,
matchguy,The Match Guy,https://thematchguy.com/average-mcat-gpa-medical-school-acceptance/,9,Creighton University School of Medicine,Creighton University School of Medicine,,,,3.86,3.86,513,513,,,
matchguy,The Match Guy,https://thematchguy.com/average-mcat-gpa-medical-school-acceptance/,10,Dalhousie University Faculty of Medicine,Dalhousie University Faculty of Medicine,,,,3.8,3.8,505,505,,,
matchguy,The Match Guy,https://thematchguy.com/average-mcat-gpa-medical-school-acceptance/,11,Donald and Barbara Zucker School of Medicine at Hofstra/Northwell,Donald and Barbara Zucker School of Medicine at Hofstra/Northwell,,,,3.92,3.92,518,518,,,
matchguy,The Match Guy,https://thematchguy.com/average-mcat-gpa-medical-school-acceptance/,12,Drexel University College of Medicine,Drexel University College of Medicine,,,,3.76,3.76,512,512,,,
matchguy,The Match Guy,https://thematchguy.com/average-mcat-gpa-medical-school-acceptance/,13,East Tennessee State University James H. Quillen College of Medicine,East Tennessee State University James H. Quillen College of Medicine,,,,3.85,3.85,512.82,512.82,,,
matchguy,The Match Guy,https://thematchguy.com/average-mcat-gpa-medical-school-acceptance/,14,Eastern Virginia Medical School,Eastern Virginia Medical School,,,,3.7,3.7,513,513,,,
matchguy,The Match Guy,https://thematchguy.com/average-mcat-gpa-medical-school-acceptance/,15,Emory University School of Medicine,Emory University School of Medicine,,,,3.81,3.81,514.9,514.9,,,
matchguy,The Match Guy,https://thematchguy.com/average-mcat-gpa-medical-school-acceptance/,16,Florida Atlantic University Charles E. Schmidt College of Medicine,Florida Atlantic University Charles E. Schmidt College of Medicine,,,,3.83,3.83,513,513,,,
matchguy,The Match Guy,https://thematchguy.com/average-mcat-gpa-medical-school-acceptance/,17,Florida International University Herbert Wertheim College of Medicine,Florida International University Herbert Wertheim College of Medicine,,,,3.82,3.82,510,510,,,
matchguy,The Match Guy,https://thematchguy.com/average-mcat-gpa-medical-school-acceptance/,18,Frank H. Netter MD School of Medicine at Quinnipiac University,Frank H. Netter MD School of Medicine at Quinnipiac University,,,,3.7,3.7,511,511,,,
matchguy,The Match Guy,https://thematchguy.com/average-mcat-gpa-medical-school-acceptance/,19,Geisel School of Medicine at Dartmouth,Geisel School of Medicine at Dartmouth,,,,3.77,3.77,516,516,,,
matchguy,The Match Guy,https://thematchguy.com/average-mcat-gpa-medical-school-acceptance/,20,Geisinger Commonwealth School of Medicine,Geisinger Commonwealth School of Medicine,,,,3.81,3.81,513.06,513.06,,,
matchguy,The Match Guy,https://thematchguy.com/average-mcat-gpa-medical-school-acceptance/,21,George Washington University School of Medicine and Health Sciences,George Washington University School of Medicine and Health Sciences,,,,3.8,3.8,515,515,,,
matchguy,The Match Guy,https://thematchguy.com/average-mcat-gpa-medical-school-acceptance/,22,Georgetown University School of Medicine,Georgetown University School of Medicine,,,,3.76,3.76,513,513,,,
matchguy,The Match Guy,https://thematchguy.com/average-mcat-gpa-medical-school-acceptance/,23,Harvard Medical School,Harvard Medical School,,,,3.9,3.9,520.48,520.48,,,
matchguy,The Match Guy,https://thematchguy.com/average-mcat-gpa-medical-school-acceptance/,24,Indiana University School of Medicine,Indiana University School of Medicine,,,,3.85,3.85,512,512,,,
matchguy,The Match Guy,https://thematchguy.com/average-mcat-gpa-medical-school-acceptance/,25,Jacobs School of Medicine and Biomedical Sciences at the University at Buffalo,Jacobs School of Medicine and Biomedical Sciences at the University at Buffalo,,,,3.7,3.7,510,510,,,
matchguy,The Match Guy,https://thematchguy.com/average-mcat-gpa-medical-school-acceptance/,26,Johns Hopkins University School of Medicine,Johns Hopkins University School of Medicine,,,,3.94,3.94,520,520,,,
matchguy,The Match Guy,https://thematchguy.com/average-mcat-gpa-medical-school-acceptance/,27,Kaiser Permanente Bernard J. Tyson School of Medicine,Kaiser Permanente Bernard J. Tyson School of Medicine,,,,3.78,3.78,514,514,,,
matchguy,The Match Guy,https://thematchguy.com/average-mcat-gpa-medical-school-acceptance/,28,Keck School of Medicine of the University of Southern California,Keck School of Medicine of the University of Southern California,,,,3.85,3.85,517,517,,,
matchguy,The Match Guy,https://thematchguy.com/average-mcat-gpa-medical-school-acceptance/,29,Loma Linda University School of Medicine,Loma Linda University School of Medicine,,,,3.8,3.8,509,509,,,
matchguy,The Match Guy,https://thematchguy.com/average-mcat-gpa-medical-school-acceptance/,30,Louisiana State University School of Medicine in Shreveport,Louisiana State University School of Medicine in Shreveport,,,,3.7,3.7,507,507,,,
matchguy,The Match Guy,https://thematchguy.com/average-mcat-gpa-medical-school-acceptance/,31,Loyola University Chicago Stritch School of Medicine,Loyola University Chicago Stritch School of Medicine,,,,3.8,3.8,512,512,,,
matchguy,The Match Guy,https://thematchguy.com/average-mcat-gpa-medical-school-acceptance/,32,Marshall University Joan C. Edwards School of Medicine,Marshall University Joan C. Edwards School of Medicine,,,,3.81,3.81,506,506,,,
matchguy,The Match Guy,https://thematchguy.com/average-mcat-gpa-medical-school-acceptance/,33,"Max Rady College of Medicine, Rady Faculty of Health Sciences, University of Manitoba","Max Rady College of Medicine, Rady Faculty of Health Sciences, University of Manitoba",,,,4.27,4.27,513,513,,,
matchguy,The Match Guy,https://thematchguy.com/average-mcat-gpa-medical-school-acceptance/,34,Mayo Clinic Alix School of Medicine,Mayo Clinic Alix School of Medicine,,,,3.95,3.95,521,521,,,
matchguy,The Match Guy,https://thematchguy.com/average-mcat-gpa-medical-school-acceptance/,35,McGill University Faculty of Medicine,McGill University Faculty of Medicine,,,,3.8,3.8,,,,,
matchguy,The Match Guy,https://thematchguy.com/average-mcat-gpa-medical-school-acceptance/,36,Medical College of Georgia at Augusta University,Medical College of Georgia at Augusta University,,,,3.8,3.8,513,513,,,
matchguy,The Match Guy,https://thematchguy.com/average-mcat-gpa-medical-school-acceptance/,37,Medical University of South Carolina College of Medicine,Medical University of South Carolina College of Medicine,,,,3.7,3.7,511,511,,,
matchguy,The Match Guy,https://thematchguy.com/average-mcat-gpa-medical-school-acceptance/,38,Mercer University School of Medicine,Mercer University School of Medicine,,,,3.69,3.69,503,503,,,
matchguy,The Match Guy,https://thematchguy.com/average-mcat-gpa-medical-school-acceptance/,39,Michigan State University College of Human Medicine,Michigan State University College of Human Medicine,,,,3,3,,,,,
matchguy,The Match Guy,https://thematchguy.com/average-mcat-gpa-medical-school-acceptance/,40,Morehouse School of Medicine,Morehouse School of Medicine,,,,3.64,3.64,505.6,505.6,,,
matchguy,The Match Guy,https://thematchguy.com/average-mcat-gpa-medical-school-acceptance/,41,New York Medical College,New York Medical College,,,,3.73,3.73,515,515,,,
matchguy,The Match Guy,https://thematchguy.com/average-mcat-gpa-medical-school-acceptance/,42,New York University Grossman School of Medicine,New York University Grossman School of Medicine,,,,3.95,3.95,522.39,522.39,,,
matchguy,The Match Guy,https://thematchguy.com/average-mcat-gpa-medical-school-acceptance/,43,Northeast Ohio Medical University,Northeast Ohio Medical University,,,,3.75,3.75,511,511,,,
matchguy,The Match Guy,https://thematchguy.com/average-mcat-gpa-medical-school-acceptance/,44,Northern Ontario School of Medicine,Northern Ontario School of Medicine,,,,3.79,3.79,,,,,
matchguy,The Match Guy,https://thematchguy.com/average-mcat-gpa-medical-school-acceptance/,45,Northwestern University The Feinberg School of Medicine,Northwestern University The Feinberg School of Medicine,,,,3.93,3.93,521,521,,,
matchguy,The Match Guy,https://thematchguy.com/average-mcat-gpa-medical-school-acceptance/,46,Nova Southeastern University Dr. Kiran C. Patel College of Allopathic Medicine,Nova Southeastern University Dr. Kiran C. Patel College of Allopathic Medicine,,,,3.75,3.75,512,512,,,
matchguy,The Match Guy,https://thematchguy.com/average-mcat-gpa-medical-school-acceptance/,47,Oakland University William Beaumont School of Medicine,Oakland University William Beaumont School of Medicine,,,,3.89,3.89,510,510,,,
matchguy,The Match Guy,https://thematchguy.com/average-mcat-gpa-medical-school-acceptance/,48,Ohio State University College of Medicine,Ohio State University College of Medicine,,,,3.83,3.83,514,514,,,
matchguy,The Match Guy,https://thematchguy.com/average-mcat-gpa-medical-school-acceptance/,49,Oregon Health & Science University School of Medicine,Oregon Health & Science University School of Medicine,,,,3.66,3.66,509,509,,,
matchguy,The Match Guy,https://thematchguy.com/average-mcat-gpa-medical-school-acceptance/,50,Perelman School of Medicine at the University of Pennsylvania,Perelman School of Medicine at the University of Pennsylvania,,,,3.94,3.94,521.7,521.7,,,
matchguy,The Match Guy,https://thematchguy.com/average-mcat-gpa-medical-school-acceptance/,51,Queen’s University Faculty of Health Sciences,Queen’s University Faculty of Health Sciences,,,,3.75,3.75,513,513,,,
matchguy,The Match Guy,https://thematchguy.com/average-mcat-gpa-medical-school-acceptance/,52,Rush Medical College of Rush University Medical Center,Rush Medical College of Rush University Medical Center,,,,3.72,3.72,510,510,,,
matchguy,The Match Guy,https://thematchguy.com/average-mcat-gpa-medical-school-acceptance/,53,Saint Louis University School of Medicine,Saint Louis University School of Medicine,,,,3.9,3.9,514,514,,,
matchguy,The Match Guy,https://thematchguy.com/average-mcat-gpa-medical-school-acceptance/,54,Sidney Kimmel Medical College at Thomas Jefferson University,Sidney Kimmel Medical College at Thomas Jefferson University,,,,3.8,3.8,513,513,,,
matchguy,The Match Guy,https://thematchguy.com/average-mcat-gpa-medical-school-acceptance/,55,Southern Illinois University School of Medicine,Southern Illinois University School of Medicine,,,,2.8,2.8,,,,,
matchguy,The Match Guy,https://thematchguy.com/average-mcat-gpa-medical-school-acceptance/,56,Stanford University School of Medicine,Stanford University School of Medicine,,,,,,3.94,,,,
matchguy,The Match Guy,https://thematchguy.com/average-mcat-gpa-medical-school-acceptance/,57,State University of New York Upstate Medical University,State University of New York Upstate Medical University,,,,3.74,3.74,512,512,,,
matchguy,The Match Guy,https://thematchguy.com/average-mcat-gpa-medical-school-acceptance/,58,TCU and UNTHSC School of Medicine,TCU and UNTHSC School of Medicine,,,,3.81,3.81,512,512,,,
matchguy,The Match Guy,https://thematchguy.com/average-mcat-gpa-medical-school-acceptance/,59,Texas Tech University Health Sciences Center Paul L. Foster School of Medicine,Texas Tech University Health Sciences Center Paul L. Foster School of Medicine,,,,3.84,3.84,509,509,,,
matchguy,The Match Guy,https://thematchguy.com/average-mcat-gpa-medical-school-acceptance/,60,The University of Texas Health Science Center at San Antonio Joe R. and Teresa Lozano Long School of Medicine,The University of Texas Health Science Center at San Antonio Joe R. and Teresa Lozano Long School of Medicine,,,,3.87,3.87,517.6,517.6,,,
matchguy,The Match Guy,https://thematchguy.com/average-mcat-gpa-medical-school-acceptance/,61,The University of Toledo College of Medicine and Life Sciences,The University of Toledo College of Medicine and Life Sciences,,,,3.78,3.78,510,510,,,
matchguy,The Match Guy,https://thematchguy.com/average-mcat-gpa-medical-school-acceptance/,62,The University of Western Ontario - Schulich School of Medicine & Dentistry,The University of Western Ontario - Schulich School of Medicine & Dentistry,,,,3.96,3.96,513,513,,,
matchguy,The Match Guy,https://thematchguy.com/average-mcat-gpa-medical-school-acceptance/,63,Tufts University School of Medicine,Tufts University School of Medicine,,,,3.82,3.82,514,514,,,
matchguy,The Match Guy,https://thematchguy.com/average-mcat-gpa-medical-school-acceptance/,64,Tulane University School of Medicine,Tulane University School of Medicine,,,,3.7,3.7,510,510,,,
matchguy,The Match Guy,https://thematchguy.com/average-mcat-gpa-medical-school-acceptance/,65,Uniformed Services University of the Health Sciences F. Edward Hebert School of Medicine,Uniformed Services University of the Health Sciences F. Edward Hebert School of Medicine,,,,3.7,3.7,510,510,,,
matchguy,The Match Guy,https://thematchguy.com/average-mcat-gpa-medical-school-acceptance/,66,University of Alabama School of Medicine,University of Alabama School of Medicine,,,,3.87,3.87,509.4,509.4,,,
matchguy,The Match Guy,https://thematchguy.com/average-mcat-gpa-medical-school-acceptance/,67,University of Alberta Faculty of Medicine and Dentistry,University of Alberta Faculty of Medicine and Dentistry,,,,3.84,3.84,,,,,
matchguy,The Match Guy,https://thematchguy.com/average-mcat-gpa-medical-school-acceptance/,68,University of Arizona College of Medicine - Phoenix,University of Arizona College of Medicine - Phoenix,,,,3.8,3.8,516,516,,,
matchguy,The Match Guy,https://thematchguy.com/average-mcat-gpa-medical-school-acceptance/,69,University of Arizona College of Medicine - Tucson,University of Arizona College of Medicine - Tucson,,,,,,,,,,
matchguy,The Match Guy,https://thematchguy.com/average-mcat-gpa-medical-school-acceptance/,70,University of Arkansas for Medical Sciences College of Medicine,University of Arkansas for Medical Sciences College of Medicine,,,,3.83,3.83,509,509,,,
matchguy,The Match Guy,https://thematchguy.com/average-mcat-gpa-medical-school-acceptance/,71,"University of California, Davis, School of Medicine","University of California, Davis, School of Medicine",,,,3.72,3.72,509,509,,,
matchguy,The Match Guy,https://thematchguy.com/average-mcat-gpa-medical-school-acceptance/,72,"University of California, Irvine, School of Medicine","University of California, Irvine, School of Medicine",,,,3.86,3.86,516,516,,,
matchguy,The Match Guy,https://thematchguy.com/average-mcat-gpa-medical-school-acceptance/,73,"University of California, Riverside School of Medicine","University of California, Riverside School of Medicine",,,,3.66,3.66,509,509,,,
matchguy,The Match Guy,https://thematchguy.com/average-mcat-gpa-medical-school-acceptance/,74,"University of California, San Diego School of Medicine","University of California, San Diego School of Medicine",,,,3.83,3.83,514.4,514.4,,,
matchguy,The Match Guy,https://thematchguy.com/average-mcat-gpa-medical-school-acceptance/,75,University of Cincinnati College of Medicine,University of Cincinnati College of Medicine,,,,3.83,3.83,513,513,,,
matchguy,The Match Guy,https://thematchguy.com/average-mcat-gpa-medical-school-acceptance/,76,University of Colorado School of Medicine,University of Colorado School of Medicine,,,,,,500,500,,,
matchguy,The Match Guy,https://thematchguy.com/average-mcat-gpa-medical-school-acceptance/,77,University of Florida College of Medicine,University of Florida College of Medicine,,,,,,500,500,,,
matchguy,The Match Guy,https://thematchguy.com/average-mcat-gpa-medical-school-acceptance/,78,"University of Hawaii, John A. Burns School of Medicine","University of Hawaii, John A. Burns School of Medicine",,,,3.79,3.79,512,512,,,
matchguy,The Match Guy,https://thematchguy.com/average-mcat-gpa-medical-school-acceptance/,79,University of Houston College of Medicine,University of Houston College of Medicine,,,,3.84,3.84,512,512,,,
matchguy,The Match Guy,https://thematchguy.com/average-mcat-gpa-medical-school-acceptance/,80,University of Illinois College of Medicine,University of Illinois College of Medicine,,,,3.82,3.82,511,511,,,
matchguy,The Match Guy,https://thematchguy.com/average-mcat-gpa-medical-school-acceptance/,81,University of Iowa Roy J. and Lucille A. Carver College of Medicine,University of Iowa Roy J. and Lucille A. Carver College of Medicine,,,,3,3,514,514,,,
matchguy,The Match Guy,https://thematchguy.com/average-mcat-gpa-medical-school-acceptance/,82,University of Kansas School of Medicine,University of Kansas School of Medicine,,,,3.84,3.84,509,509,,,
matchguy,The Match Guy,https://thematchguy.com/average-mcat-gpa-medical-school-acceptance/,83,University of Kentucky College of Medicine,University of Kentucky College of Medicine,,,,3.83,3.83,506,506,,,
matchguy,The Match Guy,https://thematchguy.com/average-mcat-gpa-medical-school-acceptance/,84,University of Louisville School of Medicine,University of Louisville School of Medicine,,,,3.73,3.73,508,508,,,
matchguy,The Match Guy,https://thematchguy.com/average-mcat-gpa-medical-school-acceptance/,85,University of Maryland School of Medicine,University of Maryland School of Medicine,,,,3.83,3.83,,,,,
matchguy,The Match Guy,https://thematchguy.com/average-mcat-gpa-medical-school-acceptance/,86,University of Massachusetts Medical School,University of Massachusetts Medical School,,,,3.87,3.87,512,512,,,
matchguy,The Match Guy,https://thematchguy.com/average-mcat-gpa-medical-school-acceptance/,87,University of Miami Leonard M. Miller School of Medicine,University of Miami Leonard M. Miller School of Medicine,,,,3.85,3.85,516,516,,,
matchguy,The Match Guy,https://thematchguy.com/average-mcat-gpa-medical-school-acceptance/,88,University of Michigan Medical School,University of Michigan Medical School,,,,3.85,3.85,,,,,
matchguy,The Match Guy,https://thematchguy.com/average-mcat-gpa-medical-school-acceptance/,89,University of Mississippi School of Medicine,University of Mississippi School of Medicine,,,,3.8,3.8,506,506,,,
matchguy,The Match Guy,https://thematchguy.com/average-mcat-gpa-medical-school-acceptance/,90,University of Missouri-Columbia School of Medicine,University of Missouri-Columbia School of Medicine,,,,3.84,3.84,511,511,,,
matchguy,The Match Guy,https://thematchguy.com/average-mcat-gpa-medical-school-acceptance/,91,University of New Mexico School of Medicine,University of New Mexico School of Medicine,,,,3.75,3.75,507,507,,,
matchguy,The Match Guy,https://thematchguy.com/average-mcat-gpa-medical-school-acceptance/,92,University of North Carolina at Chapel Hill School of Medicine,University of North Carolina at Chapel Hill School of Medicine,,,,3.79,3.79,514,514,,,
matchguy,The Match Guy,https://thematchguy.com/average-mcat-gpa-medical-school-acceptance/,93,University of Oklahoma College of Medicine,University of Oklahoma College of Medicine,,,,3,3,,,,,
matchguy,The Match Guy,https://thematchguy.com/average-mcat-gpa-medical-school-acceptance/,94,University of Ottawa Faculty of Medicine,University of Ottawa Faculty of Medicine,,,,3.74,3.74,510,510,,,
matchguy,The Match Guy,https://thematchguy.com/average-mcat-gpa-medical-school-acceptance/,95,University of Pittsburgh School of Medicine,University of Pittsburgh School of Medicine,,,,3.91,3.91,516,516,,,
matchguy,The Match Guy,https://thematchguy.com/average-mcat-gpa-medical-school-acceptance/,96,University of Puerto Rico School of Medicine,University of Puerto Rico School of Medicine,,,,3.8,3.8,506,506,,,
matchguy,The Match Guy,https://thematchguy.com/average-mcat-gpa-medical-school-acceptance/,97,University of Rochester School of Medicine and Dentistry,University of Rochester School of Medicine and Dentistry,,,,3.43,3.43,517,517,,,
matchguy,The Match Guy,https://thematchguy.com/average-mcat-gpa-medical-school-acceptance/,98,University of Saskatchewan College of Medicine,University of Saskatchewan College of Medicine,,,,,,507,507,,,
matchguy,The Match Guy,https://thematchguy.com/average-mcat-gpa-medical-school-acceptance/,99,University of South Carolina School of Medicine Columbia,University of South Carolina School of Medicine Columbia,,,,3.77,3.77,508,508,,,
matchguy,The Match Guy,https://thematchguy.com/average-mcat-gpa-medical-school-acceptance/,100,University of South Carolina School of Medicine Greenville,University of South Carolina School of Medicine Greenville,,,,,,509,509,,,
matchguy,The Match Guy,https://thematchguy.com/average-mcat-gpa-medical-school-acceptance/,101,University of Tennessee Health Science Center College of Medicine,University of Tennessee Health Science Center College of Medicine,,,,3.83,3.83,513,513,,,
matchguy,The Match Guy,https://thematchguy.com/average-mcat-gpa-medical-school-acceptance/,102,University of Texas Medical Branch School of Medicine,University of Texas Medical Branch School of Medicine,,,,3.8,3.8,511,511,,,
matchguy,The Match Guy,https://thematchguy.com/average-mcat-gpa-medical-school-acceptance/,103,University of Texas Southwestern Medical School,University of Texas Southwestern Medical School,,,,3.89,3.89,516,516,,,
matchguy,The Match Guy,https://thematchguy.com/average-mcat-gpa-medical-school-acceptance/,104,University of Toronto Faculty of Medicine,University of Toronto Faculty of Medicine,,,,3.94,3.94,,,,,
matchguy,The Match Guy,https://thematchguy.com/average-mcat-gpa-medical-school-acceptance/,105,University of Virginia School of Medicine,University of Virginia School of Medicine,,,,3.85,3.85,518,518,,,
matchguy,The Match Guy,https://thematchguy.com/average-mcat-gpa-medical-school-acceptance/,106,University of Wisconsin School of Medicine and Public Health,University of Wisconsin School of Medicine and Public Health,,,,3.78,3.78,511,511,,,
matchguy,The Match Guy,https://thematchguy.com/average-mcat-gpa-medical-school-acceptance/,107,USF Health Morsani College of Medicine,USF Health Morsani College of Medicine,,,,3.96,3.96,520,520,,,
matchguy,The Match Guy,https://thematchguy.com/average-mcat-gpa-medical-school-acceptance/,108,Virginia Commonwealth University School of Medicine,Virginia Commonwealth University School of Medicine,,,,3.79,3.79,512,512,,,
matchguy,The Match Guy,https://thematchguy.com/average-mcat-gpa-medical-school-acceptance/,109,Virginia Tech Carilion School of Medicine,Virginia Tech Carilion School of Medicine,,,,3.67,3.67,512,512,,,
matchguy,The Match Guy,https://thematchguy.com/average-mcat-gpa-medical-school-acceptance/,110,Wake Forest School of Medicine of Wake Forest Baptist Medical Center,Wake Forest School of Medicine of Wake Forest Baptist Medical Center,,,,3.83,3.83,511,511,,,
matchguy,The Match Guy,https://thematchguy.com/average-mcat-gpa-medical-school-acceptance/,111,Washington State University Elson S. Floyd College of Medicine,Washington State University Elson S. Floyd College of Medicine,,,,3.64,3.64,507.9,507.9,,,
matchguy,The Match Guy,https://thematchguy.com/average-mcat-gpa-medical-school-acceptance/,112,Washington University in St. Louis School of Medicine,Washington University in St. Louis School of Medicine,,,,3.92,3.92,519.19,519.19,,,
matchguy,The Match Guy,https://thematchguy.com/average-mcat-gpa-medical-school-acceptance/,113,Wayne State University School of Medicine,Wayne State University School of Medicine,,,,3.78,3.78,,,,,
matchguy,The Match Guy,https://thematchguy.com/average-mcat-gpa-medical-school-acceptance/,114,West Virginia University School of Medicine,West Virginia University School of Medicine,,,,3.8,3.8,511,511,,,
matchguy,The Match Guy,https://thematchguy.com/average-mcat-gpa-medical-school-acceptance/,115,Western Michigan University Homer Stryker M.D. School of Medicine,Western Michigan University Homer Stryker M.D. School of Medicine,,,,3.81,3.81,512,512,,,
matchguy,The Match Guy,https://thematchguy.com/average-mcat-gpa-medical-school-acceptance/,116,Wright State University Boonshoft School of Medicine,Wright State University Boonshoft School of Medicine,,,,3.68,3.68,508.76,508.76,,,
matchguy,The Match Guy,https://thematchguy.com/average-mcat-gpa-medical-school-acceptance/,117,Yale School of Medicine,Yale School of Medicine,,,,3.94,3.94,521,521,,,
