source_key,source_name,source_url,explorer_slug,explorer_url,school_name_raw,school_name_clean,school_type,state,country,program_type,outcome,metric_context,total_tracked,percent_applicants_interviewed,percent_applicants_interviewed_n,percent_accepted_post_interview,percent_accepted_post_interview_n,percent_accepted_from_waitlist,percent_accepted_from_waitlist_n,median_cgpa_raw,median_cgpa,cgpa_min,cgpa_max,cgpa_n,median_sgpa_raw,median_sgpa,sgpa_min,sgpa_max,sgpa_n,median_mcat_raw,median_mcat,mcat_min,mcat_max,mcat_n,notes
cycletrack_explorer,CycleTrack School Explorer,https://cycletrack.org/explorer,A.T. Still - Arizona,https://cycletrack.org/explorer/school/A.T. Still - Arizona,A.T. Still University of Health Sciences (Arizona),A.T. Still University of Health Sciences (Arizona),DO,AZ,USA,DO,interviews,CycleTrack crowdsourced DO interviews median stats,187,52.48,282,,,,,"3.69 (3.00 - 4.00), (n=155)",3.69,3,4,155,"3.59 (2.90 - 4.00), (n=147)",3.59,2.9,4,147,"507.00 (497.00 - 522.00), (n=165)",507,497,522,165,
cycletrack_explorer,CycleTrack School Explorer,https://cycletrack.org/explorer,A.T. Still - Arizona,https://cycletrack.org/explorer/school/A.T. Still - Arizona,A.T. Still University of Health Sciences (Arizona),A.T. Still University of Health Sciences (Arizona),DO,AZ,USA,DO,acceptances,CycleTrack crowdsourced DO acceptances median stats,73,,,35.83,187,41.67,12,"3.69 (3.20 - 4.00), (n=64)",3.69,3.2,4,64,"3.59 (2.93 - 4.00), (n=61)",3.59,2.93,4,61,"507.00 (497.00 - 519.00), (n=67)",507,497,519,67,
cycletrack_explorer,CycleTrack School Explorer,https://cycletrack.org/explorer,A.T. Still - Arizona,https://cycletrack.org/explorer/school/A.T. Still - Arizona,A.T. Still University of Health Sciences (Arizona),A.T. Still University of Health Sciences (Arizona),DO,AZ,USA,DO-PhD,interviews,CycleTrack crowdsourced DO-PhD interviews median stats,1,,,,,,,X.XX,,,,,X.XX,,,,,XXX.X,,,,,cGPA suppressed by CycleTrack for small n; sGPA suppressed by CycleTrack for small n; MCAT suppressed by CycleTrack for small n
cycletrack_explorer,CycleTrack School Explorer,https://cycletrack.org/explorer,A.T. Still - Arizona,https://cycletrack.org/explorer/school/A.T. Still - Arizona,A.T. Still University of Health Sciences (Arizona),A.T. Still University of Health Sciences (Arizona),DO,AZ,USA,DO-PhD,acceptances,CycleTrack crowdsourced DO-PhD acceptances median stats,0,,,,,,,X.XX,,,,,X.XX,,,,,XXX.X,,,,,cGPA suppressed by CycleTrack for small n; sGPA suppressed by CycleTrack for small n; MCAT suppressed by CycleTrack for small n
cycletrack_explorer,CycleTrack School Explorer,https://cycletrack.org/explorer,A.T. Still - Kirksville,https://cycletrack.org/explorer/school/A.T. Still - Kirksville,A.T. Still University of Health Sciences (Kirksville),A.T. Still University of Health Sciences (Kirksville),DO,MO,USA,DO,interviews,CycleTrack crowdsourced DO interviews median stats,127,54.79,188,,,,,"3.77 (2.90 - 4.00), (n=105)",3.77,2.9,4,105,"3.66 (2.90 - 4.00), (n=96)",3.66,2.9,4,96,"506.00 (498.00 - 520.00), (n=110)",506,498,520,110,
cycletrack_explorer,CycleTrack School Explorer,https://cycletrack.org/explorer,A.T. Still - Kirksville,https://cycletrack.org/explorer/school/A.T. Still - Kirksville,A.T. Still University of Health Sciences (Kirksville),A.T. Still University of Health Sciences (Kirksville),DO,MO,USA,DO,acceptances,CycleTrack crowdsourced DO acceptances median stats,41,,,27.56,127,,,"3.77 (3.38 - 4.00), (n=38)",3.77,3.38,4,38,"3.62 (3.27 - 4.00), (n=34)",3.62,3.27,4,34,"505.00 (498.00 - 514.00), (n=40)",505,498,514,40,
cycletrack_explorer,CycleTrack School Explorer,https://cycletrack.org/explorer,A.T. Still - Kirksville,https://cycletrack.org/explorer/school/A.T. Still - Kirksville,A.T. Still University of Health Sciences (Kirksville),A.T. Still University of Health Sciences (Kirksville),DO,MO,USA,DO-PhD,interviews,CycleTrack crowdsourced DO-PhD interviews median stats,0,,,,,,,X.XX,,,,,X.XX,,,,,XXX.X,,,,,cGPA suppressed by CycleTrack for small n; sGPA suppressed by CycleTrack for small n; MCAT suppressed by CycleTrack for small n
cycletrack_explorer,CycleTrack School Explorer,https://cycletrack.org/explorer,A.T. Still - Kirksville,https://cycletrack.org/explorer/school/A.T. Still - Kirksville,A.T. Still University of Health Sciences (Kirksville),A.T. Still University of Health Sciences (Kirksville),DO,MO,USA,DO-PhD,acceptances,CycleTrack crowdsourced DO-PhD acceptances median stats,1,,,,,,,X.XX,,,,,X.XX,,,,,XXX.X,,,,,cGPA suppressed by CycleTrack for small n; sGPA suppressed by CycleTrack for small n; MCAT suppressed by CycleTrack for small n
cycletrack_explorer,CycleTrack School Explorer,https://cycletrack.org/explorer,Alabama,https://cycletrack.org/explorer/school/Alabama,University of Alabama at Birmingham,University of Alabama at Birmingham,MD,AL,USA,MD,interviews,CycleTrack crowdsourced MD interviews median stats,91,27.59,290,,,,,"3.90 (3.22 - 4.00), (n=76)",3.9,3.22,4,76,"3.89 (3.15 - 4.00), (n=67)",3.89,3.15,4,67,"513.00 (500.00 - 526.00), (n=77)",513,500,526,77,
cycletrack_explorer,CycleTrack School Explorer,https://cycletrack.org/explorer,Alabama,https://cycletrack.org/explorer/school/Alabama,University of Alabama at Birmingham,University of Alabama at Birmingham,MD,AL,USA,MD,acceptances,CycleTrack crowdsourced MD acceptances median stats,47,,,48.35,91,11.11,9,"3.91 (3.38 - 4.00), (n=39)",3.91,3.38,4,39,"3.90 (3.33 - 4.00), (n=36)",3.9,3.33,4,36,"513.00 (500.00 - 524.00), (n=40)",513,500,524,40,
cycletrack_explorer,CycleTrack School Explorer,https://cycletrack.org/explorer,Alabama,https://cycletrack.org/explorer/school/Alabama,University of Alabama at Birmingham,University of Alabama at Birmingham,MD,AL,USA,MD-PhD,interviews,CycleTrack crowdsourced MD-PhD interviews median stats,64,54.46,101,,,,,"3.90 (3.40 - 4.00), (n=56)",3.9,3.4,4,56,"3.87 (3.11 - 4.00), (n=51)",3.87,3.11,4,51,"516.00 (500.00 - 528.00), (n=57)",516,500,528,57,
cycletrack_explorer,CycleTrack School Explorer,https://cycletrack.org/explorer,Alabama,https://cycletrack.org/explorer/school/Alabama,University of Alabama at Birmingham,University of Alabama at Birmingham,MD,AL,USA,MD-PhD,acceptances,CycleTrack crowdsourced MD-PhD acceptances median stats,30,,,42.19,64,10.53,19,"3.87 (3.59 - 4.00), (n=27)",3.87,3.59,4,27,"3.83 (3.45 - 4.00), (n=26)",3.83,3.45,4,26,"515.00 (508.00 - 526.00), (n=27)",515,508,526,27,
cycletrack_explorer,CycleTrack School Explorer,https://cycletrack.org/explorer,Alabama COM,https://cycletrack.org/explorer/school/Alabama COM,Alabama College of Osteopathic Medicine,Alabama College of Osteopathic Medicine,DO,AL,USA,DO,interviews,CycleTrack crowdsourced DO interviews median stats,160,77.70,148,,,,,"3.65 (2.84 - 4.00), (n=124)",3.65,2.84,4,124,"3.50 (2.71 - 4.00), (n=114)",3.5,2.71,4,114,"504.00 (498.00 - 522.00), (n=131)",504,498,522,131,
cycletrack_explorer,CycleTrack School Explorer,https://cycletrack.org/explorer,Alabama COM,https://cycletrack.org/explorer/school/Alabama COM,Alabama College of Osteopathic Medicine,Alabama College of Osteopathic Medicine,DO,AL,USA,DO,acceptances,CycleTrack crowdsourced DO acceptances median stats,110,,,56.25,160,3.45,29,"3.70 (3.14 - 4.00), (n=89)",3.7,3.14,4,89,"3.60 (2.90 - 4.00), (n=79)",3.6,2.9,4,79,"505.00 (498.00 - 522.00), (n=95)",505,498,522,95,
cycletrack_explorer,CycleTrack School Explorer,https://cycletrack.org/explorer,Alabama COM,https://cycletrack.org/explorer/school/Alabama COM,Alabama College of Osteopathic Medicine,Alabama College of Osteopathic Medicine,DO,AL,USA,DO-PhD,interviews,CycleTrack crowdsourced DO-PhD interviews median stats,0,,,,,,,X.XX,,,,,X.XX,,,,,XXX.X,,,,,cGPA suppressed by CycleTrack for small n; sGPA suppressed by CycleTrack for small n; MCAT suppressed by CycleTrack for small n
cycletrack_explorer,CycleTrack School Explorer,https://cycletrack.org/explorer,Alabama COM,https://cycletrack.org/explorer/school/Alabama COM,Alabama College of Osteopathic Medicine,Alabama College of Osteopathic Medicine,DO,AL,USA,DO-PhD,acceptances,CycleTrack crowdsourced DO-PhD acceptances median stats,0,,,,,,,X.XX,,,,,X.XX,,,,,XXX.X,,,,,cGPA suppressed by CycleTrack for small n; sGPA suppressed by CycleTrack for small n; MCAT suppressed by CycleTrack for small n
cycletrack_explorer,CycleTrack School Explorer,https://cycletrack.org/explorer,Albany,https://cycletrack.org/explorer/school/Albany,Albany Medical College,Albany Medical College,MD,NY,USA,MD,interviews,CycleTrack crowdsourced MD interviews median stats,189,8.41,1748,,,,,"3.81 (3.18 - 4.00), (n=163)",3.81,3.18,4,163,"3.77 (3.10 - 4.00), (n=157)",3.77,3.1,4,157,"512.00 (502.00 - 526.00), (n=165)",512,502,526,165,
cycletrack_explorer,CycleTrack School Explorer,https://cycletrack.org/explorer,Albany,https://cycletrack.org/explorer/school/Albany,Albany Medical College,Albany Medical College,MD,NY,USA,MD,acceptances,CycleTrack crowdsourced MD acceptances median stats,51,,,22.75,189,15.32,111,"3.86 (3.18 - 4.00), (n=46)",3.86,3.18,4,46,"3.86 (3.10 - 4.00), (n=44)",3.86,3.1,4,44,"512.50 (506.00 - 524.00), (n=46)",512.5,506,524,46,
cycletrack_explorer,CycleTrack School Explorer,https://cycletrack.org/explorer,Albany,https://cycletrack.org/explorer/school/Albany,Albany Medical College,Albany Medical College,MD,NY,USA,MD-PhD,interviews,CycleTrack crowdsourced MD-PhD interviews median stats,0,,,,,,,X.XX,,,,,X.XX,,,,,XXX.X,,,,,cGPA suppressed by CycleTrack for small n; sGPA suppressed by CycleTrack for small n; MCAT suppressed by CycleTrack for small n
cycletrack_explorer,CycleTrack School Explorer,https://cycletrack.org/explorer,Albany,https://cycletrack.org/explorer/school/Albany,Albany Medical College,Albany Medical College,MD,NY,USA,MD-PhD,acceptances,CycleTrack crowdsourced MD-PhD acceptances median stats,0,,,,,,,X.XX,,,,,X.XX,,,,,XXX.X,,,,,cGPA suppressed by CycleTrack for small n; sGPA suppressed by CycleTrack for small n; MCAT suppressed by CycleTrack for small n
cycletrack_explorer,CycleTrack School Explorer,https://cycletrack.org/explorer,Albert Einstein,https://cycletrack.org/explorer/school/Albert Einstein,Albert Einstein College of Medicine,Albert Einstein College of Medicine,MD,NY,USA,MD,interviews,CycleTrack crowdsourced MD interviews median stats,436,14.39,2578,,,,,"3.92 (2.88 - 4.00), (n=369)",3.92,2.88,4,369,"3.91 (2.54 - 4.00), (n=354)",3.91,2.54,4,354,"519.00 (499.00 - 528.00), (n=369)",519,499,528,369,
cycletrack_explorer,CycleTrack School Explorer,https://cycletrack.org/explorer,Albert Einstein,https://cycletrack.org/explorer/school/Albert Einstein,Albert Einstein College of Medicine,Albert Einstein College of Medicine,MD,NY,USA,MD,acceptances,CycleTrack crowdsourced MD acceptances median stats,74,,,16.28,436,10.53,114,"3.93 (3.55 - 4.00), (n=58)",3.93,3.55,4,58,"3.91 (3.35 - 4.00), (n=57)",3.91,3.35,4,57,"519.00 (512.00 - 525.00), (n=58)",519,512,525,58,
cycletrack_explorer,CycleTrack School Explorer,https://cycletrack.org/explorer,Albert Einstein,https://cycletrack.org/explorer/school/Albert Einstein,Albert Einstein College of Medicine,Albert Einstein College of Medicine,MD,NY,USA,MD-PhD,interviews,CycleTrack crowdsourced MD-PhD interviews median stats,74,25.19,258,,,,,"3.88 (3.49 - 4.00), (n=57)",3.88,3.49,4,57,"3.87 (3.37 - 4.00), (n=52)",3.87,3.37,4,52,"517.00 (504.00 - 526.00), (n=59)",517,504,526,59,
cycletrack_explorer,CycleTrack School Explorer,https://cycletrack.org/explorer,Albert Einstein,https://cycletrack.org/explorer/school/Albert Einstein,Albert Einstein College of Medicine,Albert Einstein College of Medicine,MD,NY,USA,MD-PhD,acceptances,CycleTrack crowdsourced MD-PhD acceptances median stats,12,,,16.22,74,5.26,38,"3.90 (3.49 - 3.98), (n=11)",3.9,3.49,3.98,11,"3.86 (3.38 - 3.98), (n=9)",3.86,3.38,3.98,9,"515.50 (507.00 - 522.00), (n=12)",515.5,507,522,12,
cycletrack_explorer,CycleTrack School Explorer,https://cycletrack.org/explorer,Alberta,https://cycletrack.org/explorer/school/Alberta,University of Alberta,University of Alberta,MD,AB,CAN,MD,interviews,CycleTrack crowdsourced MD interviews median stats,1,0.00,9,,,,,X.XX,,,,,X.XX,,,,,XXX.X,,,,,cGPA suppressed by CycleTrack for small n; sGPA suppressed by CycleTrack for small n; MCAT suppressed by CycleTrack for small n
cycletrack_explorer,CycleTrack School Explorer,https://cycletrack.org/explorer,Alberta,https://cycletrack.org/explorer/school/Alberta,University of Alberta,University of Alberta,MD,AB,CAN,MD,acceptances,CycleTrack crowdsourced MD acceptances median stats,1,,,,,,,X.XX,,,,,X.XX,,,,,XXX.X,,,,,cGPA suppressed by CycleTrack for small n; sGPA suppressed by CycleTrack for small n; MCAT suppressed by CycleTrack for small n
cycletrack_explorer,CycleTrack School Explorer,https://cycletrack.org/explorer,Alberta,https://cycletrack.org/explorer/school/Alberta,University of Alberta,University of Alberta,MD,AB,CAN,MD-PhD,interviews,CycleTrack crowdsourced MD-PhD interviews median stats,0,,,,,,,X.XX,,,,,X.XX,,,,,XXX.X,,,,,cGPA suppressed by CycleTrack for small n; sGPA suppressed by CycleTrack for small n; MCAT suppressed by CycleTrack for small n
cycletrack_explorer,CycleTrack School Explorer,https://cycletrack.org/explorer,Alberta,https://cycletrack.org/explorer/school/Alberta,University of Alberta,University of Alberta,MD,AB,CAN,MD-PhD,acceptances,CycleTrack crowdsourced MD-PhD acceptances median stats,0,,,,,,,X.XX,,,,,X.XX,,,,,XXX.X,,,,,cGPA suppressed by CycleTrack for small n; sGPA suppressed by CycleTrack for small n; MCAT suppressed by CycleTrack for small n
cycletrack_explorer,CycleTrack School Explorer,https://cycletrack.org/explorer,Alice Walton,https://cycletrack.org/explorer/school/Alice Walton,Alice L. Walton School of Medicine,Alice L. Walton School of Medicine,MD,AR,USA,MD,interviews,CycleTrack crowdsourced MD interviews median stats,50,20.11,174,,,,,"3.88 (3.45 - 4.00), (n=49)",3.88,3.45,4,49,"3.88 (3.41 - 4.00), (n=46)",3.88,3.41,4,46,"513.00 (505.00 - 523.00), (n=48)",513,505,523,48,
cycletrack_explorer,CycleTrack School Explorer,https://cycletrack.org/explorer,Alice Walton,https://cycletrack.org/explorer/school/Alice Walton,Alice L. Walton School of Medicine,Alice L. Walton School of Medicine,MD,AR,USA,MD,acceptances,CycleTrack crowdsourced MD acceptances median stats,20,,,36.00,50,34.78,23,"3.95 (3.56 - 4.00), (n=20)",3.95,3.56,4,20,"3.96 (3.45 - 4.00), (n=19)",3.96,3.45,4,19,"513.50 (510.00 - 523.00), (n=20)",513.5,510,523,20,
cycletrack_explorer,CycleTrack School Explorer,https://cycletrack.org/explorer,Alice Walton,https://cycletrack.org/explorer/school/Alice Walton,Alice L. Walton School of Medicine,Alice L. Walton School of Medicine,MD,AR,USA,MD-PhD,interviews,CycleTrack crowdsourced MD-PhD interviews median stats,0,,,,,,,X.XX,,,,,X.XX,,,,,XXX.X,,,,,cGPA suppressed by CycleTrack for small n; sGPA suppressed by CycleTrack for small n; MCAT suppressed by CycleTrack for small n
cycletrack_explorer,CycleTrack School Explorer,https://cycletrack.org/explorer,Alice Walton,https://cycletrack.org/explorer/school/Alice Walton,Alice L. Walton School of Medicine,Alice L. Walton School of Medicine,MD,AR,USA,MD-PhD,acceptances,CycleTrack crowdsourced MD-PhD acceptances median stats,0,,,,,,,X.XX,,,,,X.XX,,,,,XXX.X,,,,,cGPA suppressed by CycleTrack for small n; sGPA suppressed by CycleTrack for small n; MCAT suppressed by CycleTrack for small n
cycletrack_explorer,CycleTrack School Explorer,https://cycletrack.org/explorer,Arizona - Phoenix,https://cycletrack.org/explorer/school/Arizona - Phoenix,University of Arizona (Phoenix),University of Arizona (Phoenix),MD,AZ,USA,MD,interviews,CycleTrack crowdsourced MD interviews median stats,179,21.06,755,,,,,"3.94 (3.10 - 4.00), (n=152)",3.94,3.1,4,152,"3.92 (3.00 - 4.00), (n=144)",3.92,3,4,144,"519.00 (499.00 - 528.00), (n=152)",519,499,528,152,
cycletrack_explorer,CycleTrack School Explorer,https://cycletrack.org/explorer,Arizona - Phoenix,https://cycletrack.org/explorer/school/Arizona - Phoenix,University of Arizona (Phoenix),University of Arizona (Phoenix),MD,AZ,USA,MD,acceptances,CycleTrack crowdsourced MD acceptances median stats,66,,,34.08,179,15.91,44,"3.96 (3.22 - 4.00), (n=61)",3.96,3.22,4,61,"3.96 (3.36 - 4.00), (n=59)",3.96,3.36,4,59,"519.00 (506.00 - 526.00), (n=60)",519,506,526,60,
cycletrack_explorer,CycleTrack School Explorer,https://cycletrack.org/explorer,Arizona - Phoenix,https://cycletrack.org/explorer/school/Arizona - Phoenix,University of Arizona (Phoenix),University of Arizona (Phoenix),MD,AZ,USA,MD-PhD,interviews,CycleTrack crowdsourced MD-PhD interviews median stats,22,60.71,28,,,,,"3.94 (3.40 - 4.00), (n=18)",3.94,3.4,4,18,"3.90 (3.20 - 4.00), (n=18)",3.9,3.2,4,18,"516.50 (508.00 - 522.00), (n=18)",516.5,508,522,18,
cycletrack_explorer,CycleTrack School Explorer,https://cycletrack.org/explorer,Arizona - Phoenix,https://cycletrack.org/explorer/school/Arizona - Phoenix,University of Arizona (Phoenix),University of Arizona (Phoenix),MD,AZ,USA,MD-PhD,acceptances,CycleTrack crowdsourced MD-PhD acceptances median stats,3,,,13.64,22,11.11,9,X.XX,,,,,X.XX,,,,,XXX.X,,,,,cGPA suppressed by CycleTrack for small n; sGPA suppressed by CycleTrack for small n; MCAT suppressed by CycleTrack for small n
cycletrack_explorer,CycleTrack School Explorer,https://cycletrack.org/explorer,Arizona - Tucson,https://cycletrack.org/explorer/school/Arizona - Tucson,University of Arizona (Tucson),University of Arizona (Tucson),MD,AZ,USA,MD,interviews,CycleTrack crowdsourced MD interviews median stats,87,15.59,449,,,,,"3.83 (3.27 - 4.00), (n=67)",3.83,3.27,4,67,"3.81 (3.10 - 4.00), (n=58)",3.81,3.1,4,58,"513.00 (500.00 - 525.00), (n=68)",513,500,525,68,
cycletrack_explorer,CycleTrack School Explorer,https://cycletrack.org/explorer,Arizona - Tucson,https://cycletrack.org/explorer/school/Arizona - Tucson,University of Arizona (Tucson),University of Arizona (Tucson),MD,AZ,USA,MD,acceptances,CycleTrack crowdsourced MD acceptances median stats,25,,,26.44,87,0.00,8,"3.85 (3.40 - 4.00), (n=23)",3.85,3.4,4,23,"3.77 (3.10 - 4.00), (n=22)",3.77,3.1,4,22,"513.00 (500.00 - 525.00), (n=23)",513,500,525,23,
cycletrack_explorer,CycleTrack School Explorer,https://cycletrack.org/explorer,Arizona - Tucson,https://cycletrack.org/explorer/school/Arizona - Tucson,University of Arizona (Tucson),University of Arizona (Tucson),MD,AZ,USA,MD-PhD,interviews,CycleTrack crowdsourced MD-PhD interviews median stats,37,49.06,53,,,,,"3.80 (3.40 - 4.00), (n=27)",3.8,3.4,4,27,"3.84 (3.11 - 4.00), (n=25)",3.84,3.11,4,25,"516.00 (504.00 - 527.00), (n=27)",516,504,527,27,
cycletrack_explorer,CycleTrack School Explorer,https://cycletrack.org/explorer,Arizona - Tucson,https://cycletrack.org/explorer/school/Arizona - Tucson,University of Arizona (Tucson),University of Arizona (Tucson),MD,AZ,USA,MD-PhD,acceptances,CycleTrack crowdsourced MD-PhD acceptances median stats,13,,,35.14,37,33.33,6,"3.70 (3.40 - 4.00), (n=11)",3.7,3.4,4,11,"3.63 (3.11 - 4.00), (n=10)",3.63,3.11,4,10,"513.00 (508.00 - 518.00), (n=10)",513,508,518,10,
cycletrack_explorer,CycleTrack School Explorer,https://cycletrack.org/explorer,Arizona State,https://cycletrack.org/explorer/school/Arizona State,Arizona State University,Arizona State University,MD,AZ,USA,MD,interviews,CycleTrack crowdsourced MD interviews median stats,21,60.71,28,,,,,"3.95 (3.53 - 4.00), (n=21)",3.95,3.53,4,21,"3.94 (3.43 - 4.00), (n=21)",3.94,3.43,4,21,"516.00 (504.00 - 525.00), (n=21)",516,504,525,21,
cycletrack_explorer,CycleTrack School Explorer,https://cycletrack.org/explorer,Arizona State,https://cycletrack.org/explorer/school/Arizona State,Arizona State University,Arizona State University,MD,AZ,USA,MD,acceptances,CycleTrack crowdsourced MD acceptances median stats,9,,,38.10,21,,,"3.96 (3.53 - 4.00), (n=9)",3.96,3.53,4,9,"3.96 (3.43 - 4.00), (n=9)",3.96,3.43,4,9,"516.00 (506.00 - 523.00), (n=9)",516,506,523,9,
cycletrack_explorer,CycleTrack School Explorer,https://cycletrack.org/explorer,Arizona State,https://cycletrack.org/explorer/school/Arizona State,Arizona State University,Arizona State University,MD,AZ,USA,MD-PhD,interviews,CycleTrack crowdsourced MD-PhD interviews median stats,0,,,,,,,X.XX,,,,,X.XX,,,,,XXX.X,,,,,cGPA suppressed by CycleTrack for small n; sGPA suppressed by CycleTrack for small n; MCAT suppressed by CycleTrack for small n
cycletrack_explorer,CycleTrack School Explorer,https://cycletrack.org/explorer,Arizona State,https://cycletrack.org/explorer/school/Arizona State,Arizona State University,Arizona State University,MD,AZ,USA,MD-PhD,acceptances,CycleTrack crowdsourced MD-PhD acceptances median stats,0,,,,,,,X.XX,,,,,X.XX,,,,,XXX.X,,,,,cGPA suppressed by CycleTrack for small n; sGPA suppressed by CycleTrack for small n; MCAT suppressed by CycleTrack for small n
cycletrack_explorer,CycleTrack School Explorer,https://cycletrack.org/explorer,Arkansas,https://cycletrack.org/explorer/school/Arkansas,University of Arkansas,University of Arkansas,MD,AR,USA,MD,interviews,CycleTrack crowdsourced MD interviews median stats,45,60.34,58,,,,,"3.88 (2.90 - 4.00), (n=40)",3.88,2.9,4,40,"3.86 (2.59 - 4.00), (n=39)",3.86,2.59,4,39,"511.00 (495.00 - 527.00), (n=40)",511,495,527,40,
cycletrack_explorer,CycleTrack School Explorer,https://cycletrack.org/explorer,Arkansas,https://cycletrack.org/explorer/school/Arkansas,University of Arkansas,University of Arkansas,MD,AR,USA,MD,acceptances,CycleTrack crowdsourced MD acceptances median stats,20,,,31.11,45,,,"3.89 (3.00 - 4.00), (n=19)",3.89,3,4,19,"3.86 (3.40 - 4.00), (n=15)",3.86,3.4,4,15,"511.50 (503.00 - 518.00), (n=18)",511.5,503,518,18,
cycletrack_explorer,CycleTrack School Explorer,https://cycletrack.org/explorer,Arkansas,https://cycletrack.org/explorer/school/Arkansas,University of Arkansas,University of Arkansas,MD,AR,USA,MD-PhD,interviews,CycleTrack crowdsourced MD-PhD interviews median stats,3,60.00,5,,,,,X.XX,,,,,X.XX,,,,,XXX.X,,,,,cGPA suppressed by CycleTrack for small n; sGPA suppressed by CycleTrack for small n; MCAT suppressed by CycleTrack for small n
cycletrack_explorer,CycleTrack School Explorer,https://cycletrack.org/explorer,Arkansas,https://cycletrack.org/explorer/school/Arkansas,University of Arkansas,University of Arkansas,MD,AR,USA,MD-PhD,acceptances,CycleTrack crowdsourced MD-PhD acceptances median stats,3,,,,,,,X.XX,,,,,X.XX,,,,,XXX.X,,,,,cGPA suppressed by CycleTrack for small n; sGPA suppressed by CycleTrack for small n; MCAT suppressed by CycleTrack for small n
cycletrack_explorer,CycleTrack School Explorer,https://cycletrack.org/explorer,Arkansas COM,https://cycletrack.org/explorer/school/Arkansas COM,Arkansas College of Osteopathic Medicine,Arkansas College of Osteopathic Medicine,DO,AR,USA,DO,interviews,CycleTrack crowdsourced DO interviews median stats,55,71.43,56,,,,,"3.75 (3.10 - 4.00), (n=46)",3.75,3.1,4,46,"3.69 (2.54 - 4.00), (n=45)",3.69,2.54,4,45,"503.00 (495.00 - 524.00), (n=45)",503,495,524,45,
cycletrack_explorer,CycleTrack School Explorer,https://cycletrack.org/explorer,Arkansas COM,https://cycletrack.org/explorer/school/Arkansas COM,Arkansas College of Osteopathic Medicine,Arkansas College of Osteopathic Medicine,DO,AR,USA,DO,acceptances,CycleTrack crowdsourced DO acceptances median stats,23,,,32.73,55,30.00,10,"3.75 (3.27 - 4.00), (n=19)",3.75,3.27,4,19,"3.71 (2.54 - 4.00), (n=19)",3.71,2.54,4,19,"503.00 (499.00 - 512.00), (n=18)",503,499,512,18,
cycletrack_explorer,CycleTrack School Explorer,https://cycletrack.org/explorer,Arkansas COM,https://cycletrack.org/explorer/school/Arkansas COM,Arkansas College of Osteopathic Medicine,Arkansas College of Osteopathic Medicine,DO,AR,USA,DO-PhD,interviews,CycleTrack crowdsourced DO-PhD interviews median stats,0,,,,,,,X.XX,,,,,X.XX,,,,,XXX.X,,,,,cGPA suppressed by CycleTrack for small n; sGPA suppressed by CycleTrack for small n; MCAT suppressed by CycleTrack for small n
cycletrack_explorer,CycleTrack School Explorer,https://cycletrack.org/explorer,Arkansas COM,https://cycletrack.org/explorer/school/Arkansas COM,Arkansas College of Osteopathic Medicine,Arkansas College of Osteopathic Medicine,DO,AR,USA,DO-PhD,acceptances,CycleTrack crowdsourced DO-PhD acceptances median stats,0,,,,,,,X.XX,,,,,X.XX,,,,,XXX.X,,,,,cGPA suppressed by CycleTrack for small n; sGPA suppressed by CycleTrack for small n; MCAT suppressed by CycleTrack for small n
cycletrack_explorer,CycleTrack School Explorer,https://cycletrack.org/explorer,Baptist Health Sciences University COM,https://cycletrack.org/explorer/school/Baptist Health Sciences University COM,Baptist Health Sciences University,Baptist Health Sciences University,DO,TN,USA,DO,interviews,CycleTrack crowdsourced DO interviews median stats,52,84.78,46,,,,,"3.67 (3.06 - 3.97), (n=45)",3.67,3.06,3.97,45,"3.50 (2.75 - 3.93), (n=37)",3.5,2.75,3.93,37,"503.00 (493.00 - 516.00), (n=47)",503,493,516,47,
cycletrack_explorer,CycleTrack School Explorer,https://cycletrack.org/explorer,Baptist Health Sciences University COM,https://cycletrack.org/explorer/school/Baptist Health Sciences University COM,Baptist Health Sciences University,Baptist Health Sciences University,DO,TN,USA,DO,acceptances,CycleTrack crowdsourced DO acceptances median stats,29,,,53.85,52,,,"3.62 (3.14 - 3.97), (n=25)",3.62,3.14,3.97,25,"3.40 (3.10 - 3.93), (n=19)",3.4,3.1,3.93,19,"505.00 (494.00 - 516.00), (n=26)",505,494,516,26,
cycletrack_explorer,CycleTrack School Explorer,https://cycletrack.org/explorer,Baptist Health Sciences University COM,https://cycletrack.org/explorer/school/Baptist Health Sciences University COM,Baptist Health Sciences University,Baptist Health Sciences University,DO,TN,USA,DO-PhD,interviews,CycleTrack crowdsourced DO-PhD interviews median stats,0,,,,,,,X.XX,,,,,X.XX,,,,,XXX.X,,,,,cGPA suppressed by CycleTrack for small n; sGPA suppressed by CycleTrack for small n; MCAT suppressed by CycleTrack for small n
cycletrack_explorer,CycleTrack School Explorer,https://cycletrack.org/explorer,Baptist Health Sciences University COM,https://cycletrack.org/explorer/school/Baptist Health Sciences University COM,Baptist Health Sciences University,Baptist Health Sciences University,DO,TN,USA,DO-PhD,acceptances,CycleTrack crowdsourced DO-PhD acceptances median stats,0,,,,,,,X.XX,,,,,X.XX,,,,,XXX.X,,,,,cGPA suppressed by CycleTrack for small n; sGPA suppressed by CycleTrack for small n; MCAT suppressed by CycleTrack for small n
cycletrack_explorer,CycleTrack School Explorer,https://cycletrack.org/explorer,Baylor,https://cycletrack.org/explorer/school/Baylor,Baylor,Baylor,MD,TX,USA,MD,interviews,CycleTrack crowdsourced MD interviews median stats,257,42.36,517,,,,,"3.95 (3.38 - 4.00), (n=207)",3.95,3.38,4,207,"3.94 (3.22 - 4.00), (n=191)",3.94,3.22,4,191,"519.00 (503.00 - 528.00), (n=213)",519,503,528,213,
cycletrack_explorer,CycleTrack School Explorer,https://cycletrack.org/explorer,Baylor,https://cycletrack.org/explorer/school/Baylor,Baylor,Baylor,MD,TX,USA,MD,acceptances,CycleTrack crowdsourced MD acceptances median stats,64,,,21.79,257,5.36,56,"3.97 (3.64 - 4.00), (n=54)",3.97,3.64,4,54,"3.96 (3.45 - 4.00), (n=50)",3.96,3.45,4,50,"522.00 (512.00 - 528.00), (n=55)",522,512,528,55,
cycletrack_explorer,CycleTrack School Explorer,https://cycletrack.org/explorer,Baylor,https://cycletrack.org/explorer/school/Baylor,Baylor,Baylor,MD,TX,USA,MD-PhD,interviews,CycleTrack crowdsourced MD-PhD interviews median stats,78,40.37,161,,,,,"3.97 (3.48 - 4.00), (n=67)",3.97,3.48,4,67,"3.96 (3.10 - 4.00), (n=62)",3.96,3.1,4,62,"522.00 (512.00 - 527.00), (n=67)",522,512,527,67,
cycletrack_explorer,CycleTrack School Explorer,https://cycletrack.org/explorer,Baylor,https://cycletrack.org/explorer/school/Baylor,Baylor,Baylor,MD,TX,USA,MD-PhD,acceptances,CycleTrack crowdsourced MD-PhD acceptances median stats,38,,,43.59,78,25.00,8,"3.95 (3.61 - 4.00), (n=36)",3.95,3.61,4,36,"3.96 (3.55 - 4.00), (n=31)",3.96,3.55,4,31,"520.00 (512.00 - 526.00), (n=36)",520,512,526,36,
cycletrack_explorer,CycleTrack School Explorer,https://cycletrack.org/explorer,Belmont University,https://cycletrack.org/explorer/school/Belmont University,Belmont University,Belmont University,MD,TN,USA,MD,interviews,CycleTrack crowdsourced MD interviews median stats,74,22.58,248,,,,,"3.84 (2.00 - 4.00), (n=66)",3.84,2,4,66,"3.84 (1.82 - 4.00), (n=63)",3.84,1.82,4,63,"513.50 (500.00 - 524.00), (n=68)",513.5,500,524,68,
cycletrack_explorer,CycleTrack School Explorer,https://cycletrack.org/explorer,Belmont University,https://cycletrack.org/explorer/school/Belmont University,Belmont University,Belmont University,MD,TN,USA,MD,acceptances,CycleTrack crowdsourced MD acceptances median stats,31,,,37.84,74,26.19,42,"3.90 (3.14 - 4.00), (n=28)",3.9,3.14,4,28,"3.84 (2.90 - 4.00), (n=26)",3.84,2.9,4,26,"513.50 (506.00 - 524.00), (n=28)",513.5,506,524,28,
cycletrack_explorer,CycleTrack School Explorer,https://cycletrack.org/explorer,Belmont University,https://cycletrack.org/explorer/school/Belmont University,Belmont University,Belmont University,MD,TN,USA,MD-PhD,interviews,CycleTrack crowdsourced MD-PhD interviews median stats,0,,,,,,,X.XX,,,,,X.XX,,,,,XXX.X,,,,,cGPA suppressed by CycleTrack for small n; sGPA suppressed by CycleTrack for small n; MCAT suppressed by CycleTrack for small n
cycletrack_explorer,CycleTrack School Explorer,https://cycletrack.org/explorer,Belmont University,https://cycletrack.org/explorer/school/Belmont University,Belmont University,Belmont University,MD,TN,USA,MD-PhD,acceptances,CycleTrack crowdsourced MD-PhD acceptances median stats,0,,,,,,,X.XX,,,,,X.XX,,,,,XXX.X,,,,,cGPA suppressed by CycleTrack for small n; sGPA suppressed by CycleTrack for small n; MCAT suppressed by CycleTrack for small n
cycletrack_explorer,CycleTrack School Explorer,https://cycletrack.org/explorer,Boston,https://cycletrack.org/explorer/school/Boston,Boston University,Boston University,MD,MA,USA,MD,interviews,CycleTrack crowdsourced MD interviews median stats,418,16.63,2165,,,,,"3.91 (3.18 - 4.00), (n=346)",3.91,3.18,4,346,"3.90 (3.00 - 4.00), (n=327)",3.9,3,4,327,"520.00 (509.00 - 528.00), (n=356)",520,509,528,356,
cycletrack_explorer,CycleTrack School Explorer,https://cycletrack.org/explorer,Boston,https://cycletrack.org/explorer/school/Boston,Boston University,Boston University,MD,MA,USA,MD,acceptances,CycleTrack crowdsourced MD acceptances median stats,107,,,24.64,418,2.31,130,"3.91 (3.23 - 4.00), (n=85)",3.91,3.23,4,85,"3.91 (3.00 - 4.00), (n=82)",3.91,3,4,82,"520.00 (507.00 - 528.00), (n=88)",520,507,528,88,
cycletrack_explorer,CycleTrack School Explorer,https://cycletrack.org/explorer,Boston,https://cycletrack.org/explorer/school/Boston,Boston University,Boston University,MD,MA,USA,MD-PhD,interviews,CycleTrack crowdsourced MD-PhD interviews median stats,45,31.67,120,,,,,"3.93 (3.71 - 4.00), (n=38)",3.93,3.71,4,38,"3.92 (3.65 - 4.00), (n=37)",3.92,3.65,4,37,"519.00 (515.00 - 527.00), (n=38)",519,515,527,38,
cycletrack_explorer,CycleTrack School Explorer,https://cycletrack.org/explorer,Boston,https://cycletrack.org/explorer/school/Boston,Boston University,Boston University,MD,MA,USA,MD-PhD,acceptances,CycleTrack crowdsourced MD-PhD acceptances median stats,13,,,24.44,45,5.26,19,"3.95 (3.87 - 3.99), (n=9)",3.95,3.87,3.99,9,"3.95 (3.85 - 4.00), (n=8)",3.95,3.85,4,8,"519.00 (517.00 - 523.00), (n=9)",519,517,523,9,
cycletrack_explorer,CycleTrack School Explorer,https://cycletrack.org/explorer,Brown,https://cycletrack.org/explorer/school/Brown,Brown University,Brown University,MD,RI,USA,MD,interviews,CycleTrack crowdsourced MD interviews median stats,155,6.65,1956,,,,,"3.90 (3.22 - 4.00), (n=134)",3.9,3.22,4,134,"3.89 (2.95 - 4.00), (n=125)",3.89,2.95,4,125,"518.00 (508.00 - 527.00), (n=138)",518,508,527,138,
cycletrack_explorer,CycleTrack School Explorer,https://cycletrack.org/explorer,Brown,https://cycletrack.org/explorer/school/Brown,Brown University,Brown University,MD,RI,USA,MD,acceptances,CycleTrack crowdsourced MD acceptances median stats,66,,,41.29,155,15.94,69,"3.90 (3.60 - 4.00), (n=60)",3.9,3.6,4,60,"3.88 (3.50 - 4.00), (n=57)",3.88,3.5,4,57,"517.00 (511.00 - 527.00), (n=61)",517,511,527,61,
cycletrack_explorer,CycleTrack School Explorer,https://cycletrack.org/explorer,Brown,https://cycletrack.org/explorer/school/Brown,Brown University,Brown University,MD,RI,USA,MD-PhD,interviews,CycleTrack crowdsourced MD-PhD interviews median stats,8,10.00,80,,,,,"4.00 (3.71 - 4.00), (n=7)",4,3.71,4,7,"4.00 (3.69 - 4.00), (n=7)",4,3.69,4,7,"520.50 (510.00 - 525.00), (n=8)",520.5,510,525,8,
cycletrack_explorer,CycleTrack School Explorer,https://cycletrack.org/explorer,Brown,https://cycletrack.org/explorer/school/Brown,Brown University,Brown University,MD,RI,USA,MD-PhD,acceptances,CycleTrack crowdsourced MD-PhD acceptances median stats,1,,,12.50,8,,,X.XX,,,,,X.XX,,,,,XXX.X,,,,,cGPA suppressed by CycleTrack for small n; sGPA suppressed by CycleTrack for small n; MCAT suppressed by CycleTrack for small n
cycletrack_explorer,CycleTrack School Explorer,https://cycletrack.org/explorer,Buffalo,https://cycletrack.org/explorer/school/Buffalo,University at Buffalo,University at Buffalo,MD,NY,USA,MD,interviews,CycleTrack crowdsourced MD interviews median stats,127,17.18,582,,,,,"3.83 (3.10 - 4.00), (n=102)",3.83,3.1,4,102,"3.81 (2.90 - 4.00), (n=96)",3.81,2.9,4,96,"514.00 (501.00 - 528.00), (n=102)",514,501,528,102,
cycletrack_explorer,CycleTrack School Explorer,https://cycletrack.org/explorer,Buffalo,https://cycletrack.org/explorer/school/Buffalo,University at Buffalo,University at Buffalo,MD,NY,USA,MD,acceptances,CycleTrack crowdsourced MD acceptances median stats,58,,,41.73,127,17.07,41,"3.84 (3.19 - 4.00), (n=48)",3.84,3.19,4,48,"3.81 (3.10 - 4.00), (n=44)",3.81,3.1,4,44,"515.00 (501.00 - 526.00), (n=49)",515,501,526,49,
cycletrack_explorer,CycleTrack School Explorer,https://cycletrack.org/explorer,Buffalo,https://cycletrack.org/explorer/school/Buffalo,University at Buffalo,University at Buffalo,MD,NY,USA,MD-PhD,interviews,CycleTrack crowdsourced MD-PhD interviews median stats,40,52.24,67,,,,,"3.82 (3.47 - 4.00), (n=31)",3.82,3.47,4,31,"3.79 (3.20 - 4.00), (n=31)",3.79,3.2,4,31,"516.00 (506.00 - 525.00), (n=32)",516,506,525,32,
cycletrack_explorer,CycleTrack School Explorer,https://cycletrack.org/explorer,Buffalo,https://cycletrack.org/explorer/school/Buffalo,University at Buffalo,University at Buffalo,MD,NY,USA,MD-PhD,acceptances,CycleTrack crowdsourced MD-PhD acceptances median stats,12,,,30.00,40,21.74,23,"3.82 (3.61 - 4.00), (n=11)",3.82,3.61,4,11,"3.79 (3.55 - 4.00), (n=11)",3.79,3.55,4,11,"512.00 (506.00 - 520.00), (n=11)",512,506,520,11,
cycletrack_explorer,CycleTrack School Explorer,https://cycletrack.org/explorer,Burrell COM,https://cycletrack.org/explorer/school/Burrell COM,Burrell College of Osteopathic Medicine,Burrell College of Osteopathic Medicine,DO,NM,USA,DO,interviews,CycleTrack crowdsourced DO interviews median stats,161,58.85,226,,,,,"3.67 (3.10 - 4.00), (n=135)",3.67,3.1,4,135,"3.51 (2.54 - 4.00), (n=127)",3.51,2.54,4,127,"504.00 (494.00 - 520.00), (n=137)",504,494,520,137,
cycletrack_explorer,CycleTrack School Explorer,https://cycletrack.org/explorer,Burrell COM,https://cycletrack.org/explorer/school/Burrell COM,Burrell College of Osteopathic Medicine,Burrell College of Osteopathic Medicine,DO,NM,USA,DO,acceptances,CycleTrack crowdsourced DO acceptances median stats,70,,,39.75,161,16.67,12,"3.67 (2.80 - 4.00), (n=59)",3.67,2.8,4,59,"3.49 (2.90 - 4.00), (n=53)",3.49,2.9,4,53,"504.50 (496.00 - 520.00), (n=60)",504.5,496,520,60,
cycletrack_explorer,CycleTrack School Explorer,https://cycletrack.org/explorer,Burrell COM,https://cycletrack.org/explorer/school/Burrell COM,Burrell College of Osteopathic Medicine,Burrell College of Osteopathic Medicine,DO,NM,USA,DO-PhD,interviews,CycleTrack crowdsourced DO-PhD interviews median stats,0,,,,,,,X.XX,,,,,X.XX,,,,,XXX.X,,,,,cGPA suppressed by CycleTrack for small n; sGPA suppressed by CycleTrack for small n; MCAT suppressed by CycleTrack for small n
cycletrack_explorer,CycleTrack School Explorer,https://cycletrack.org/explorer,Burrell COM,https://cycletrack.org/explorer/school/Burrell COM,Burrell College of Osteopathic Medicine,Burrell College of Osteopathic Medicine,DO,NM,USA,DO-PhD,acceptances,CycleTrack crowdsourced DO-PhD acceptances median stats,0,,,,,,,X.XX,,,,,X.XX,,,,,XXX.X,,,,,cGPA suppressed by CycleTrack for small n; sGPA suppressed by CycleTrack for small n; MCAT suppressed by CycleTrack for small n
cycletrack_explorer,CycleTrack School Explorer,https://cycletrack.org/explorer,Calgary,https://cycletrack.org/explorer/school/Calgary,University of Calgary,University of Calgary,MD,AB,CAN,MD,interviews,CycleTrack crowdsourced MD interviews median stats,3,9.09,11,,,,,X.XX,,,,,X.XX,,,,,XXX.X,,,,,cGPA suppressed by CycleTrack for small n; sGPA suppressed by CycleTrack for small n; MCAT suppressed by CycleTrack for small n
cycletrack_explorer,CycleTrack School Explorer,https://cycletrack.org/explorer,Calgary,https://cycletrack.org/explorer/school/Calgary,University of Calgary,University of Calgary,MD,AB,CAN,MD,acceptances,CycleTrack crowdsourced MD acceptances median stats,1,,,,,,,X.XX,,,,,X.XX,,,,,XXX.X,,,,,cGPA suppressed by CycleTrack for small n; sGPA suppressed by CycleTrack for small n; MCAT suppressed by CycleTrack for small n
cycletrack_explorer,CycleTrack School Explorer,https://cycletrack.org/explorer,Calgary,https://cycletrack.org/explorer/school/Calgary,University of Calgary,University of Calgary,MD,AB,CAN,MD-PhD,interviews,CycleTrack crowdsourced MD-PhD interviews median stats,0,,,,,,,X.XX,,,,,X.XX,,,,,XXX.X,,,,,cGPA suppressed by CycleTrack for small n; sGPA suppressed by CycleTrack for small n; MCAT suppressed by CycleTrack for small n
cycletrack_explorer,CycleTrack School Explorer,https://cycletrack.org/explorer,Calgary,https://cycletrack.org/explorer/school/Calgary,University of Calgary,University of Calgary,MD,AB,CAN,MD-PhD,acceptances,CycleTrack crowdsourced MD-PhD acceptances median stats,0,,,,,,,X.XX,,,,,X.XX,,,,,XXX.X,,,,,cGPA suppressed by CycleTrack for small n; sGPA suppressed by CycleTrack for small n; MCAT suppressed by CycleTrack for small n
cycletrack_explorer,CycleTrack School Explorer,https://cycletrack.org/explorer,California Health Sciences,https://cycletrack.org/explorer/school/California Health Sciences,California Health Sciences University,California Health Sciences University,DO,CA,USA,DO,interviews,CycleTrack crowdsourced DO interviews median stats,111,60.81,148,,,,,"3.70 (3.00 - 4.00), (n=91)",3.7,3,4,91,"3.64 (2.93 - 4.00), (n=85)",3.64,2.93,4,85,"509.00 (499.00 - 519.00), (n=95)",509,499,519,95,
cycletrack_explorer,CycleTrack School Explorer,https://cycletrack.org/explorer,California Health Sciences,https://cycletrack.org/explorer/school/California Health Sciences,California Health Sciences University,California Health Sciences University,DO,CA,USA,DO,acceptances,CycleTrack crowdsourced DO acceptances median stats,59,,,48.65,111,43.48,23,"3.75 (3.04 - 3.98), (n=46)",3.75,3.04,3.98,46,"3.71 (2.93 - 3.98), (n=44)",3.71,2.93,3.98,44,"510.50 (499.00 - 519.00), (n=48)",510.5,499,519,48,
cycletrack_explorer,CycleTrack School Explorer,https://cycletrack.org/explorer,California Health Sciences,https://cycletrack.org/explorer/school/California Health Sciences,California Health Sciences University,California Health Sciences University,DO,CA,USA,DO-PhD,interviews,CycleTrack crowdsourced DO-PhD interviews median stats,1,,,,,,,X.XX,,,,,X.XX,,,,,XXX.X,,,,,cGPA suppressed by CycleTrack for small n; sGPA suppressed by CycleTrack for small n; MCAT suppressed by CycleTrack for small n
cycletrack_explorer,CycleTrack School Explorer,https://cycletrack.org/explorer,California Health Sciences,https://cycletrack.org/explorer/school/California Health Sciences,California Health Sciences University,California Health Sciences University,DO,CA,USA,DO-PhD,acceptances,CycleTrack crowdsourced DO-PhD acceptances median stats,1,,,,,,,X.XX,,,,,X.XX,,,,,XXX.X,,,,,cGPA suppressed by CycleTrack for small n; sGPA suppressed by CycleTrack for small n; MCAT suppressed by CycleTrack for small n
cycletrack_explorer,CycleTrack School Explorer,https://cycletrack.org/explorer,California Northstate,https://cycletrack.org/explorer/school/California Northstate,California Northstate University,California Northstate University,MD,CA,USA,MD,interviews,CycleTrack crowdsourced MD interviews median stats,84,40.36,166,,,,,"3.86 (3.35 - 4.00), (n=66)",3.86,3.35,4,66,"3.83 (3.20 - 4.00), (n=63)",3.83,3.2,4,63,"514.00 (507.00 - 528.00), (n=69)",514,507,528,69,
cycletrack_explorer,CycleTrack School Explorer,https://cycletrack.org/explorer,California Northstate,https://cycletrack.org/explorer/school/California Northstate,California Northstate University,California Northstate University,MD,CA,USA,MD,acceptances,CycleTrack crowdsourced MD acceptances median stats,36,,,36.90,84,55.56,18,"3.85 (3.35 - 4.00), (n=29)",3.85,3.35,4,29,"3.81 (3.48 - 4.00), (n=26)",3.81,3.48,4,26,"516.00 (507.00 - 522.00), (n=29)",516,507,522,29,
cycletrack_explorer,CycleTrack School Explorer,https://cycletrack.org/explorer,California Northstate,https://cycletrack.org/explorer/school/California Northstate,California Northstate University,California Northstate University,MD,CA,USA,MD-PhD,interviews,CycleTrack crowdsourced MD-PhD interviews median stats,0,,,,,,,X.XX,,,,,X.XX,,,,,XXX.X,,,,,cGPA suppressed by CycleTrack for small n; sGPA suppressed by CycleTrack for small n; MCAT suppressed by CycleTrack for small n
cycletrack_explorer,CycleTrack School Explorer,https://cycletrack.org/explorer,California Northstate,https://cycletrack.org/explorer/school/California Northstate,California Northstate University,California Northstate University,MD,CA,USA,MD-PhD,acceptances,CycleTrack crowdsourced MD-PhD acceptances median stats,0,,,,,,,X.XX,,,,,X.XX,,,,,XXX.X,,,,,cGPA suppressed by CycleTrack for small n; sGPA suppressed by CycleTrack for small n; MCAT suppressed by CycleTrack for small n
cycletrack_explorer,CycleTrack School Explorer,https://cycletrack.org/explorer,California University of Science and Medicine,https://cycletrack.org/explorer/school/California University of Science and Medicine,California University of Science and Medicine,California University of Science and Medicine,MD,CA,USA,MD,interviews,CycleTrack crowdsourced MD interviews median stats,157,35.22,372,,,,,"3.84 (3.00 - 4.00), (n=124)",3.84,3,4,124,"3.81 (3.00 - 4.00), (n=119)",3.81,3,4,119,"516.00 (502.00 - 525.00), (n=125)",516,502,525,125,
cycletrack_explorer,CycleTrack School Explorer,https://cycletrack.org/explorer,California University of Science and Medicine,https://cycletrack.org/explorer/school/California University of Science and Medicine,California University of Science and Medicine,California University of Science and Medicine,MD,CA,USA,MD,acceptances,CycleTrack crowdsourced MD acceptances median stats,46,,,28.03,157,30.61,49,"3.79 (3.26 - 4.00), (n=39)",3.79,3.26,4,39,"3.72 (3.19 - 4.00), (n=38)",3.72,3.19,4,38,"515.00 (503.00 - 522.00), (n=39)",515,503,522,39,
cycletrack_explorer,CycleTrack School Explorer,https://cycletrack.org/explorer,California University of Science and Medicine,https://cycletrack.org/explorer/school/California University of Science and Medicine,California University of Science and Medicine,California University of Science and Medicine,MD,CA,USA,MD-PhD,interviews,CycleTrack crowdsourced MD-PhD interviews median stats,1,,,,,,,X.XX,,,,,X.XX,,,,,XXX.X,,,,,cGPA suppressed by CycleTrack for small n; sGPA suppressed by CycleTrack for small n; MCAT suppressed by CycleTrack for small n
cycletrack_explorer,CycleTrack School Explorer,https://cycletrack.org/explorer,California University of Science and Medicine,https://cycletrack.org/explorer/school/California University of Science and Medicine,California University of Science and Medicine,California University of Science and Medicine,MD,CA,USA,MD-PhD,acceptances,CycleTrack crowdsourced MD-PhD acceptances median stats,1,,,,,,,X.XX,,,,,X.XX,,,,,XXX.X,,,,,cGPA suppressed by CycleTrack for small n; sGPA suppressed by CycleTrack for small n; MCAT suppressed by CycleTrack for small n
cycletrack_explorer,CycleTrack School Explorer,https://cycletrack.org/explorer,Campbell,https://cycletrack.org/explorer/school/Campbell,Campbell University,Campbell University,DO,NC,USA,DO,interviews,CycleTrack crowdsourced DO interviews median stats,138,70.78,154,,,,,"3.75 (3.09 - 4.00), (n=122)",3.75,3.09,4,122,"3.62 (2.82 - 4.00), (n=110)",3.62,2.82,4,110,"507.00 (497.00 - 519.00), (n=126)",507,497,519,126,
cycletrack_explorer,CycleTrack School Explorer,https://cycletrack.org/explorer,Campbell,https://cycletrack.org/explorer/school/Campbell,Campbell University,Campbell University,DO,NC,USA,DO,acceptances,CycleTrack crowdsourced DO acceptances median stats,66,,,42.03,138,28.00,50,"3.75 (3.09 - 4.00), (n=57)",3.75,3.09,4,57,"3.68 (2.82 - 4.00), (n=49)",3.68,2.82,4,49,"508.00 (499.00 - 517.00), (n=60)",508,499,517,60,
cycletrack_explorer,CycleTrack School Explorer,https://cycletrack.org/explorer,Campbell,https://cycletrack.org/explorer/school/Campbell,Campbell University,Campbell University,DO,NC,USA,DO-PhD,interviews,CycleTrack crowdsourced DO-PhD interviews median stats,0,,,,,,,X.XX,,,,,X.XX,,,,,XXX.X,,,,,cGPA suppressed by CycleTrack for small n; sGPA suppressed by CycleTrack for small n; MCAT suppressed by CycleTrack for small n
cycletrack_explorer,CycleTrack School Explorer,https://cycletrack.org/explorer,Campbell,https://cycletrack.org/explorer/school/Campbell,Campbell University,Campbell University,DO,NC,USA,DO-PhD,acceptances,CycleTrack crowdsourced DO-PhD acceptances median stats,0,,,,,,,X.XX,,,,,X.XX,,,,,XXX.X,,,,,cGPA suppressed by CycleTrack for small n; sGPA suppressed by CycleTrack for small n; MCAT suppressed by CycleTrack for small n
cycletrack_explorer,CycleTrack School Explorer,https://cycletrack.org/explorer,Caribe,https://cycletrack.org/explorer/school/Caribe,Universidad Central del Caribe,Universidad Central del Caribe,MD,PR,USA,MD,interviews,CycleTrack crowdsourced MD interviews median stats,8,57.14,14,,,,,"3.70 (3.55 - 3.89), (n=7)",3.7,3.55,3.89,7,"3.60 (3.39 - 3.87), (n=7)",3.6,3.39,3.87,7,"502.00 (495.00 - 510.00), (n=7)",502,495,510,7,
cycletrack_explorer,CycleTrack School Explorer,https://cycletrack.org/explorer,Caribe,https://cycletrack.org/explorer/school/Caribe,Universidad Central del Caribe,Universidad Central del Caribe,MD,PR,USA,MD,acceptances,CycleTrack crowdsourced MD acceptances median stats,6,,,75.00,8,,,"3.70 (3.55 - 3.77), (n=5)",3.7,3.55,3.77,5,"3.60 (3.39 - 3.65), (n=5)",3.6,3.39,3.65,5,"501.00 (495.00 - 503.00), (n=5)",501,495,503,5,
cycletrack_explorer,CycleTrack School Explorer,https://cycletrack.org/explorer,Caribe,https://cycletrack.org/explorer/school/Caribe,Universidad Central del Caribe,Universidad Central del Caribe,MD,PR,USA,MD-PhD,interviews,CycleTrack crowdsourced MD-PhD interviews median stats,0,,,,,,,X.XX,,,,,X.XX,,,,,XXX.X,,,,,cGPA suppressed by CycleTrack for small n; sGPA suppressed by CycleTrack for small n; MCAT suppressed by CycleTrack for small n
cycletrack_explorer,CycleTrack School Explorer,https://cycletrack.org/explorer,Caribe,https://cycletrack.org/explorer/school/Caribe,Universidad Central del Caribe,Universidad Central del Caribe,MD,PR,USA,MD-PhD,acceptances,CycleTrack crowdsourced MD-PhD acceptances median stats,0,,,,,,,X.XX,,,,,X.XX,,,,,XXX.X,,,,,cGPA suppressed by CycleTrack for small n; sGPA suppressed by CycleTrack for small n; MCAT suppressed by CycleTrack for small n
cycletrack_explorer,CycleTrack School Explorer,https://cycletrack.org/explorer,Carle Illinois,https://cycletrack.org/explorer/school/Carle Illinois,Carle Illinois,Carle Illinois,MD,IL,USA,MD,interviews,CycleTrack crowdsourced MD interviews median stats,51,20.56,214,,,,,"3.85 (3.17 - 4.00), (n=37)",3.85,3.17,4,37,"3.84 (3.02 - 4.00), (n=36)",3.84,3.02,4,36,"519.00 (508.00 - 526.00), (n=37)",519,508,526,37,
cycletrack_explorer,CycleTrack School Explorer,https://cycletrack.org/explorer,Carle Illinois,https://cycletrack.org/explorer/school/Carle Illinois,Carle Illinois,Carle Illinois,MD,IL,USA,MD,acceptances,CycleTrack crowdsourced MD acceptances median stats,59,,,50.98,51,37.04,54,"3.84 (3.10 - 4.00), (n=46)",3.84,3.1,4,46,"3.84 (3.10 - 4.00), (n=45)",3.84,3.1,4,45,"518.00 (508.00 - 525.00), (n=46)",518,508,525,46,
cycletrack_explorer,CycleTrack School Explorer,https://cycletrack.org/explorer,Carle Illinois,https://cycletrack.org/explorer/school/Carle Illinois,Carle Illinois,Carle Illinois,MD,IL,USA,MD-PhD,interviews,CycleTrack crowdsourced MD-PhD interviews median stats,0,,,,,,,X.XX,,,,,X.XX,,,,,XXX.X,,,,,cGPA suppressed by CycleTrack for small n; sGPA suppressed by CycleTrack for small n; MCAT suppressed by CycleTrack for small n
cycletrack_explorer,CycleTrack School Explorer,https://cycletrack.org/explorer,Carle Illinois,https://cycletrack.org/explorer/school/Carle Illinois,Carle Illinois,Carle Illinois,MD,IL,USA,MD-PhD,acceptances,CycleTrack crowdsourced MD-PhD acceptances median stats,0,,,,,,,X.XX,,,,,X.XX,,,,,XXX.X,,,,,cGPA suppressed by CycleTrack for small n; sGPA suppressed by CycleTrack for small n; MCAT suppressed by CycleTrack for small n
cycletrack_explorer,CycleTrack School Explorer,https://cycletrack.org/explorer,Case Western,https://cycletrack.org/explorer/school/Case Western,Case Western Reserve,Case Western Reserve,MD,OH,USA,MD,interviews,CycleTrack crowdsourced MD interviews median stats,343,16.19,1853,,,,,"3.93 (3.29 - 4.00), (n=286)",3.93,3.29,4,286,"3.92 (3.05 - 4.00), (n=275)",3.92,3.05,4,275,"518.50 (506.00 - 527.00), (n=290)",518.5,506,527,290,
cycletrack_explorer,CycleTrack School Explorer,https://cycletrack.org/explorer,Case Western,https://cycletrack.org/explorer/school/Case Western,Case Western Reserve,Case Western Reserve,MD,OH,USA,MD,acceptances,CycleTrack crowdsourced MD acceptances median stats,138,,,38.48,343,3.85,130,"3.93 (3.53 - 4.00), (n=109)",3.93,3.53,4,109,"3.92 (3.36 - 4.00), (n=104)",3.92,3.36,4,104,"519.00 (510.00 - 527.00), (n=111)",519,510,527,111,
cycletrack_explorer,CycleTrack School Explorer,https://cycletrack.org/explorer,Case Western,https://cycletrack.org/explorer/school/Case Western,Case Western Reserve,Case Western Reserve,MD,OH,USA,MD-PhD,interviews,CycleTrack crowdsourced MD-PhD interviews median stats,90,33.47,236,,,,,"3.94 (3.33 - 4.00), (n=81)",3.94,3.33,4,81,"3.95 (3.19 - 4.00), (n=76)",3.95,3.19,4,76,"519.00 (512.00 - 527.00), (n=81)",519,512,527,81,
cycletrack_explorer,CycleTrack School Explorer,https://cycletrack.org/explorer,Case Western,https://cycletrack.org/explorer/school/Case Western,Case Western Reserve,Case Western Reserve,MD,OH,USA,MD-PhD,acceptances,CycleTrack crowdsourced MD-PhD acceptances median stats,45,,,45.56,90,30.43,23,"3.98 (3.65 - 4.00), (n=42)",3.98,3.65,4,42,"3.98 (3.45 - 4.00), (n=40)",3.98,3.45,4,40,"520.50 (512.00 - 526.00), (n=42)",520.5,512,526,42,
cycletrack_explorer,CycleTrack School Explorer,https://cycletrack.org/explorer,Central Michigan,https://cycletrack.org/explorer/school/Central Michigan,Central Michigan University,Central Michigan University,MD,MI,USA,MD,interviews,CycleTrack crowdsourced MD interviews median stats,86,13.85,520,,,,,"3.83 (2.90 - 4.00), (n=74)",3.83,2.9,4,74,"3.76 (2.90 - 4.00), (n=68)",3.76,2.9,4,68,"509.00 (500.00 - 525.00), (n=75)",509,500,525,75,
cycletrack_explorer,CycleTrack School Explorer,https://cycletrack.org/explorer,Central Michigan,https://cycletrack.org/explorer/school/Central Michigan,Central Michigan University,Central Michigan University,MD,MI,USA,MD,acceptances,CycleTrack crowdsourced MD acceptances median stats,40,,,41.86,86,14.29,21,"3.87 (3.30 - 4.00), (n=35)",3.87,3.3,4,35,"3.82 (3.14 - 4.00), (n=33)",3.82,3.14,4,33,"510.00 (502.00 - 523.00), (n=35)",510,502,523,35,
cycletrack_explorer,CycleTrack School Explorer,https://cycletrack.org/explorer,Central Michigan,https://cycletrack.org/explorer/school/Central Michigan,Central Michigan University,Central Michigan University,MD,MI,USA,MD-PhD,interviews,CycleTrack crowdsourced MD-PhD interviews median stats,0,,,,,,,X.XX,,,,,X.XX,,,,,XXX.X,,,,,cGPA suppressed by CycleTrack for small n; sGPA suppressed by CycleTrack for small n; MCAT suppressed by CycleTrack for small n
cycletrack_explorer,CycleTrack School Explorer,https://cycletrack.org/explorer,Central Michigan,https://cycletrack.org/explorer/school/Central Michigan,Central Michigan University,Central Michigan University,MD,MI,USA,MD-PhD,acceptances,CycleTrack crowdsourced MD-PhD acceptances median stats,0,,,,,,,X.XX,,,,,X.XX,,,,,XXX.X,,,,,cGPA suppressed by CycleTrack for small n; sGPA suppressed by CycleTrack for small n; MCAT suppressed by CycleTrack for small n
cycletrack_explorer,CycleTrack School Explorer,https://cycletrack.org/explorer,Charles R. Drew,https://cycletrack.org/explorer/school/Charles R. Drew,Charles R. Drew University of Medicine and Science,Charles R. Drew University of Medicine and Science,MD,CA,USA,MD,interviews,CycleTrack crowdsourced MD interviews median stats,68,53.70,108,,,,,"3.59 (3.04 - 4.00), (n=58)",3.59,3.04,4,58,"3.46 (3.00 - 4.00), (n=54)",3.46,3,4,54,"505.00 (494.00 - 519.00), (n=59)",505,494,519,59,
cycletrack_explorer,CycleTrack School Explorer,https://cycletrack.org/explorer,Charles R. Drew,https://cycletrack.org/explorer/school/Charles R. Drew,Charles R. Drew University of Medicine and Science,Charles R. Drew University of Medicine and Science,MD,CA,USA,MD,acceptances,CycleTrack crowdsourced MD acceptances median stats,10,,,13.24,68,18.18,11,"3.70 (3.27 - 3.96), (n=9)",3.7,3.27,3.96,9,"3.68 (3.18 - 3.94), (n=8)",3.68,3.18,3.94,8,"511.00 (503.00 - 514.00), (n=8)",511,503,514,8,
cycletrack_explorer,CycleTrack School Explorer,https://cycletrack.org/explorer,Charles R. Drew,https://cycletrack.org/explorer/school/Charles R. Drew,Charles R. Drew University of Medicine and Science,Charles R. Drew University of Medicine and Science,MD,CA,USA,MD-PhD,interviews,CycleTrack crowdsourced MD-PhD interviews median stats,0,,,,,,,X.XX,,,,,X.XX,,,,,XXX.X,,,,,cGPA suppressed by CycleTrack for small n; sGPA suppressed by CycleTrack for small n; MCAT suppressed by CycleTrack for small n
cycletrack_explorer,CycleTrack School Explorer,https://cycletrack.org/explorer,Charles R. Drew,https://cycletrack.org/explorer/school/Charles R. Drew,Charles R. Drew University of Medicine and Science,Charles R. Drew University of Medicine and Science,MD,CA,USA,MD-PhD,acceptances,CycleTrack crowdsourced MD-PhD acceptances median stats,0,,,,,,,X.XX,,,,,X.XX,,,,,XXX.X,,,,,cGPA suppressed by CycleTrack for small n; sGPA suppressed by CycleTrack for small n; MCAT suppressed by CycleTrack for small n
cycletrack_explorer,CycleTrack School Explorer,https://cycletrack.org/explorer,Charles R. Drew-UCLA,https://cycletrack.org/explorer/school/Charles R. Drew-UCLA,Charles R. Drew/UCLA Medical Education Program,Charles R. Drew/UCLA Medical Education Program,MD,CA,USA,MD,interviews,CycleTrack crowdsourced MD interviews median stats,9,15.15,33,,,,,"3.60 (3.29 - 3.85), (n=5)",3.6,3.29,3.85,5,X.XX,,,,,"510.50 (507.00 - 516.00), (n=6)",510.5,507,516,6,sGPA suppressed by CycleTrack for small n
cycletrack_explorer,CycleTrack School Explorer,https://cycletrack.org/explorer,Charles R. Drew-UCLA,https://cycletrack.org/explorer/school/Charles R. Drew-UCLA,Charles R. Drew/UCLA Medical Education Program,Charles R. Drew/UCLA Medical Education Program,MD,CA,USA,MD,acceptances,CycleTrack crowdsourced MD acceptances median stats,0,,,0.00,9,,,X.XX,,,,,X.XX,,,,,XXX.X,,,,,cGPA suppressed by CycleTrack for small n; sGPA suppressed by CycleTrack for small n; MCAT suppressed by CycleTrack for small n
cycletrack_explorer,CycleTrack School Explorer,https://cycletrack.org/explorer,Charles R. Drew-UCLA,https://cycletrack.org/explorer/school/Charles R. Drew-UCLA,Charles R. Drew/UCLA Medical Education Program,Charles R. Drew/UCLA Medical Education Program,MD,CA,USA,MD-PhD,interviews,CycleTrack crowdsourced MD-PhD interviews median stats,0,,,,,,,X.XX,,,,,X.XX,,,,,XXX.X,,,,,cGPA suppressed by CycleTrack for small n; sGPA suppressed by CycleTrack for small n; MCAT suppressed by CycleTrack for small n
cycletrack_explorer,CycleTrack School Explorer,https://cycletrack.org/explorer,Charles R. Drew-UCLA,https://cycletrack.org/explorer/school/Charles R. Drew-UCLA,Charles R. Drew/UCLA Medical Education Program,Charles R. Drew/UCLA Medical Education Program,MD,CA,USA,MD-PhD,acceptances,CycleTrack crowdsourced MD-PhD acceptances median stats,0,,,,,,,X.XX,,,,,X.XX,,,,,XXX.X,,,,,cGPA suppressed by CycleTrack for small n; sGPA suppressed by CycleTrack for small n; MCAT suppressed by CycleTrack for small n
cycletrack_explorer,CycleTrack School Explorer,https://cycletrack.org/explorer,Chicago,https://cycletrack.org/explorer/school/Chicago,University of Chicago,University of Chicago,MD,IL,USA,MD,interviews,CycleTrack crowdsourced MD interviews median stats,297,14.84,1678,,,,,"3.95 (2.98 - 4.00), (n=245)",3.95,2.98,4,245,"3.93 (2.96 - 4.00), (n=236)",3.93,2.96,4,236,"521.00 (506.00 - 528.00), (n=250)",521,506,528,250,
cycletrack_explorer,CycleTrack School Explorer,https://cycletrack.org/explorer,Chicago,https://cycletrack.org/explorer/school/Chicago,University of Chicago,University of Chicago,MD,IL,USA,MD,acceptances,CycleTrack crowdsourced MD acceptances median stats,88,,,28.62,297,9.00,100,"3.93 (2.98 - 4.00), (n=69)",3.93,2.98,4,69,"3.90 (2.96 - 4.00), (n=67)",3.9,2.96,4,67,"522.00 (509.00 - 527.00), (n=71)",522,509,527,71,
cycletrack_explorer,CycleTrack School Explorer,https://cycletrack.org/explorer,Chicago,https://cycletrack.org/explorer/school/Chicago,University of Chicago,University of Chicago,MD,IL,USA,MD-PhD,interviews,CycleTrack crowdsourced MD-PhD interviews median stats,61,20.35,285,,,,,"3.96 (3.50 - 4.00), (n=53)",3.96,3.5,4,53,"3.95 (3.44 - 4.00), (n=47)",3.95,3.44,4,47,"521.00 (511.00 - 528.00), (n=53)",521,511,528,53,
cycletrack_explorer,CycleTrack School Explorer,https://cycletrack.org/explorer,Chicago,https://cycletrack.org/explorer/school/Chicago,University of Chicago,University of Chicago,MD,IL,USA,MD-PhD,acceptances,CycleTrack crowdsourced MD-PhD acceptances median stats,37,,,52.46,61,0.00,8,"3.95 (3.68 - 4.00), (n=31)",3.95,3.68,4,31,"3.95 (3.44 - 4.00), (n=28)",3.95,3.44,4,28,"520.00 (511.00 - 528.00), (n=31)",520,511,528,31,
cycletrack_explorer,CycleTrack School Explorer,https://cycletrack.org/explorer,Cincinnati,https://cycletrack.org/explorer/school/Cincinnati,University of Cincinnati,University of Cincinnati,MD,OH,USA,MD,interviews,CycleTrack crowdsourced MD interviews median stats,217,14.89,1222,,,,,"3.93 (2.97 - 4.00), (n=188)",3.93,2.97,4,188,"3.92 (2.76 - 4.00), (n=179)",3.92,2.76,4,179,"517.00 (504.00 - 527.00), (n=191)",517,504,527,191,
cycletrack_explorer,CycleTrack School Explorer,https://cycletrack.org/explorer,Cincinnati,https://cycletrack.org/explorer/school/Cincinnati,University of Cincinnati,University of Cincinnati,MD,OH,USA,MD,acceptances,CycleTrack crowdsourced MD acceptances median stats,105,,,46.54,217,22.47,89,"3.93 (2.97 - 4.00), (n=91)",3.93,2.97,4,91,"3.93 (2.76 - 4.00), (n=86)",3.93,2.76,4,86,"517.00 (504.00 - 527.00), (n=92)",517,504,527,92,
cycletrack_explorer,CycleTrack School Explorer,https://cycletrack.org/explorer,Cincinnati,https://cycletrack.org/explorer/school/Cincinnati,University of Cincinnati,University of Cincinnati,MD,OH,USA,MD-PhD,interviews,CycleTrack crowdsourced MD-PhD interviews median stats,87,56.15,130,,,,,"3.92 (3.48 - 4.00), (n=76)",3.92,3.48,4,76,"3.91 (3.10 - 4.00), (n=71)",3.91,3.1,4,71,"519.00 (502.00 - 527.00), (n=75)",519,502,527,75,
cycletrack_explorer,CycleTrack School Explorer,https://cycletrack.org/explorer,Cincinnati,https://cycletrack.org/explorer/school/Cincinnati,University of Cincinnati,University of Cincinnati,MD,OH,USA,MD-PhD,acceptances,CycleTrack crowdsourced MD-PhD acceptances median stats,25,,,25.29,87,18.42,38,"3.96 (3.71 - 4.00), (n=24)",3.96,3.71,4,24,"3.95 (3.64 - 4.00), (n=23)",3.95,3.64,4,23,"521.00 (511.00 - 524.00), (n=23)",521,511,524,23,
cycletrack_explorer,CycleTrack School Explorer,https://cycletrack.org/explorer,City University of New York,https://cycletrack.org/explorer/school/City University of New York,City University of New York,City University of New York,MD,NY,USA,MD,interviews,CycleTrack crowdsourced MD interviews median stats,0,,,,,,,X.XX,,,,,X.XX,,,,,XXX.X,,,,,cGPA suppressed by CycleTrack for small n; sGPA suppressed by CycleTrack for small n; MCAT suppressed by CycleTrack for small n
cycletrack_explorer,CycleTrack School Explorer,https://cycletrack.org/explorer,City University of New York,https://cycletrack.org/explorer/school/City University of New York,City University of New York,City University of New York,MD,NY,USA,MD,acceptances,CycleTrack crowdsourced MD acceptances median stats,0,,,,,,,X.XX,,,,,X.XX,,,,,XXX.X,,,,,cGPA suppressed by CycleTrack for small n; sGPA suppressed by CycleTrack for small n; MCAT suppressed by CycleTrack for small n
cycletrack_explorer,CycleTrack School Explorer,https://cycletrack.org/explorer,City University of New York,https://cycletrack.org/explorer/school/City University of New York,City University of New York,City University of New York,MD,NY,USA,MD-PhD,interviews,CycleTrack crowdsourced MD-PhD interviews median stats,0,,,,,,,X.XX,,,,,X.XX,,,,,XXX.X,,,,,cGPA suppressed by CycleTrack for small n; sGPA suppressed by CycleTrack for small n; MCAT suppressed by CycleTrack for small n
cycletrack_explorer,CycleTrack School Explorer,https://cycletrack.org/explorer,City University of New York,https://cycletrack.org/explorer/school/City University of New York,City University of New York,City University of New York,MD,NY,USA,MD-PhD,acceptances,CycleTrack crowdsourced MD-PhD acceptances median stats,0,,,,,,,X.XX,,,,,X.XX,,,,,XXX.X,,,,,cGPA suppressed by CycleTrack for small n; sGPA suppressed by CycleTrack for small n; MCAT suppressed by CycleTrack for small n
cycletrack_explorer,CycleTrack School Explorer,https://cycletrack.org/explorer,Cleveland Clinic Lerner,https://cycletrack.org/explorer/school/Cleveland Clinic Lerner,Cleveland Clinic Lerner,Cleveland Clinic Lerner,MD,OH,USA,MD,interviews,CycleTrack crowdsourced MD interviews median stats,100,19.61,464,,,,,"3.96 (3.61 - 4.00), (n=85)",3.96,3.61,4,85,"3.96 (3.47 - 4.00), (n=76)",3.96,3.47,4,76,"520.00 (506.00 - 528.00), (n=87)",520,506,528,87,
cycletrack_explorer,CycleTrack School Explorer,https://cycletrack.org/explorer,Cleveland Clinic Lerner,https://cycletrack.org/explorer/school/Cleveland Clinic Lerner,Cleveland Clinic Lerner,Cleveland Clinic Lerner,MD,OH,USA,MD,acceptances,CycleTrack crowdsourced MD acceptances median stats,19,,,19.00,100,12.50,32,"3.97 (3.65 - 4.00), (n=17)",3.97,3.65,4,17,"3.96 (3.56 - 4.00), (n=16)",3.96,3.56,4,16,"520.00 (516.00 - 528.00), (n=17)",520,516,528,17,
cycletrack_explorer,CycleTrack School Explorer,https://cycletrack.org/explorer,Cleveland Clinic Lerner,https://cycletrack.org/explorer/school/Cleveland Clinic Lerner,Cleveland Clinic Lerner,Cleveland Clinic Lerner,MD,OH,USA,MD-PhD,interviews,CycleTrack crowdsourced MD-PhD interviews median stats,0,,,,,,,X.XX,,,,,X.XX,,,,,XXX.X,,,,,cGPA suppressed by CycleTrack for small n; sGPA suppressed by CycleTrack for small n; MCAT suppressed by CycleTrack for small n
cycletrack_explorer,CycleTrack School Explorer,https://cycletrack.org/explorer,Cleveland Clinic Lerner,https://cycletrack.org/explorer/school/Cleveland Clinic Lerner,Cleveland Clinic Lerner,Cleveland Clinic Lerner,MD,OH,USA,MD-PhD,acceptances,CycleTrack crowdsourced MD-PhD acceptances median stats,0,,,,,,,X.XX,,,,,X.XX,,,,,XXX.X,,,,,cGPA suppressed by CycleTrack for small n; sGPA suppressed by CycleTrack for small n; MCAT suppressed by CycleTrack for small n
cycletrack_explorer,CycleTrack School Explorer,https://cycletrack.org/explorer,Colorado,https://cycletrack.org/explorer/school/Colorado,University of Colorado,University of Colorado,MD,CO,USA,MD,interviews,CycleTrack crowdsourced MD interviews median stats,236,12.89,1575,,,,,"3.91 (3.07 - 4.00), (n=209)",3.91,3.07,4,209,"3.91 (3.05 - 4.00), (n=191)",3.91,3.05,4,191,"518.00 (508.00 - 528.00), (n=211)",518,508,528,211,
cycletrack_explorer,CycleTrack School Explorer,https://cycletrack.org/explorer,Colorado,https://cycletrack.org/explorer/school/Colorado,University of Colorado,University of Colorado,MD,CO,USA,MD,acceptances,CycleTrack crowdsourced MD acceptances median stats,125,,,49.58,236,11.54,52,"3.91 (3.34 - 4.00), (n=117)",3.91,3.34,4,117,"3.90 (3.20 - 4.00), (n=110)",3.9,3.2,4,110,"518.00 (509.00 - 528.00), (n=116)",518,509,528,116,
cycletrack_explorer,CycleTrack School Explorer,https://cycletrack.org/explorer,Colorado,https://cycletrack.org/explorer/school/Colorado,University of Colorado,University of Colorado,MD,CO,USA,MD-PhD,interviews,CycleTrack crowdsourced MD-PhD interviews median stats,95,41.21,199,,,,,"3.89 (3.49 - 4.00), (n=83)",3.89,3.49,4,83,"3.89 (3.38 - 4.00), (n=76)",3.89,3.38,4,76,"517.00 (507.00 - 528.00), (n=83)",517,507,528,83,
cycletrack_explorer,CycleTrack School Explorer,https://cycletrack.org/explorer,Colorado,https://cycletrack.org/explorer/school/Colorado,University of Colorado,University of Colorado,MD,CO,USA,MD-PhD,acceptances,CycleTrack crowdsourced MD-PhD acceptances median stats,25,,,23.16,95,11.29,62,"3.93 (3.61 - 4.00), (n=19)",3.93,3.61,4,19,"3.90 (3.45 - 4.00), (n=17)",3.9,3.45,4,17,"516.00 (507.00 - 528.00), (n=19)",516,507,528,19,
cycletrack_explorer,CycleTrack School Explorer,https://cycletrack.org/explorer,Columbia,https://cycletrack.org/explorer/school/Columbia,Columbia University,Columbia University,MD,NY,USA,MD,interviews,CycleTrack crowdsourced MD interviews median stats,308,16.22,1566,,,,,"3.96 (2.98 - 4.00), (n=263)",3.96,2.98,4,263,"3.96 (2.96 - 4.00), (n=250)",3.96,2.96,4,250,"522.00 (510.00 - 528.00), (n=263)",522,510,528,263,
cycletrack_explorer,CycleTrack School Explorer,https://cycletrack.org/explorer,Columbia,https://cycletrack.org/explorer/school/Columbia,Columbia University,Columbia University,MD,NY,USA,MD,acceptances,CycleTrack crowdsourced MD acceptances median stats,81,,,25.32,308,2.47,81,"3.96 (2.98 - 4.00), (n=74)",3.96,2.98,4,74,"3.98 (2.96 - 4.00), (n=72)",3.98,2.96,4,72,"524.00 (516.00 - 528.00), (n=74)",524,516,528,74,
cycletrack_explorer,CycleTrack School Explorer,https://cycletrack.org/explorer,Columbia,https://cycletrack.org/explorer/school/Columbia,Columbia University,Columbia University,MD,NY,USA,MD-PhD,interviews,CycleTrack crowdsourced MD-PhD interviews median stats,98,30.80,289,,,,,"3.97 (3.72 - 4.00), (n=81)",3.97,3.72,4,81,"3.96 (3.59 - 4.00), (n=77)",3.96,3.59,4,77,"522.00 (515.00 - 528.00), (n=81)",522,515,528,81,
cycletrack_explorer,CycleTrack School Explorer,https://cycletrack.org/explorer,Columbia,https://cycletrack.org/explorer/school/Columbia,Columbia University,Columbia University,MD,NY,USA,MD-PhD,acceptances,CycleTrack crowdsourced MD-PhD acceptances median stats,40,,,34.69,98,0.00,28,"3.98 (3.86 - 4.00), (n=35)",3.98,3.86,4,35,"3.98 (3.67 - 4.00), (n=34)",3.98,3.67,4,34,"523.00 (515.00 - 528.00), (n=35)",523,515,528,35,
cycletrack_explorer,CycleTrack School Explorer,https://cycletrack.org/explorer,Connecticut,https://cycletrack.org/explorer/school/Connecticut,University of Connecticut,University of Connecticut,MD,CT,USA,MD,interviews,CycleTrack crowdsourced MD interviews median stats,101,15.29,543,,,,,"3.85 (3.52 - 4.00), (n=90)",3.85,3.52,4,90,"3.80 (3.35 - 4.00), (n=83)",3.8,3.35,4,83,"515.00 (504.00 - 525.00), (n=90)",515,504,525,90,
cycletrack_explorer,CycleTrack School Explorer,https://cycletrack.org/explorer,Connecticut,https://cycletrack.org/explorer/school/Connecticut,University of Connecticut,University of Connecticut,MD,CT,USA,MD,acceptances,CycleTrack crowdsourced MD acceptances median stats,60,,,54.46,101,15.00,20,"3.87 (3.55 - 4.00), (n=55)",3.87,3.55,4,55,"3.83 (3.35 - 4.00), (n=51)",3.83,3.35,4,51,"514.00 (504.00 - 525.00), (n=55)",514,504,525,55,
cycletrack_explorer,CycleTrack School Explorer,https://cycletrack.org/explorer,Connecticut,https://cycletrack.org/explorer/school/Connecticut,University of Connecticut,University of Connecticut,MD,CT,USA,MD-PhD,interviews,CycleTrack crowdsourced MD-PhD interviews median stats,25,25.56,90,,,,,"3.91 (3.49 - 4.00), (n=18)",3.91,3.49,4,18,"3.92 (3.40 - 4.00), (n=17)",3.92,3.4,4,17,"518.00 (509.00 - 526.00), (n=18)",518,509,526,18,
cycletrack_explorer,CycleTrack School Explorer,https://cycletrack.org/explorer,Connecticut,https://cycletrack.org/explorer/school/Connecticut,University of Connecticut,University of Connecticut,MD,CT,USA,MD-PhD,acceptances,CycleTrack crowdsourced MD-PhD acceptances median stats,15,,,60.00,25,28.57,7,"3.92 (3.72 - 3.97), (n=11)",3.92,3.72,3.97,11,"3.96 (3.75 - 3.99), (n=11)",3.96,3.75,3.99,11,"518.00 (509.00 - 525.00), (n=11)",518,509,525,11,
cycletrack_explorer,CycleTrack School Explorer,https://cycletrack.org/explorer,Cooper Rowan,https://cycletrack.org/explorer/school/Cooper Rowan,Rowan University,Rowan University,MD,NJ,USA,MD,interviews,CycleTrack crowdsourced MD interviews median stats,114,19.83,484,,,,,"3.90 (3.60 - 4.00), (n=99)",3.9,3.6,4,99,"3.90 (3.47 - 4.00), (n=96)",3.9,3.47,4,96,"518.00 (503.00 - 526.00), (n=100)",518,503,526,100,
cycletrack_explorer,CycleTrack School Explorer,https://cycletrack.org/explorer,Cooper Rowan,https://cycletrack.org/explorer/school/Cooper Rowan,Rowan University,Rowan University,MD,NJ,USA,MD,acceptances,CycleTrack crowdsourced MD acceptances median stats,64,,,53.51,114,20.00,30,"3.91 (3.68 - 4.00), (n=53)",3.91,3.68,4,53,"3.90 (3.47 - 4.00), (n=52)",3.9,3.47,4,52,"518.00 (508.00 - 526.00), (n=54)",518,508,526,54,
cycletrack_explorer,CycleTrack School Explorer,https://cycletrack.org/explorer,Cooper Rowan,https://cycletrack.org/explorer/school/Cooper Rowan,Rowan University,Rowan University,MD,NJ,USA,MD-PhD,interviews,CycleTrack crowdsourced MD-PhD interviews median stats,2,,,,,,,X.XX,,,,,X.XX,,,,,XXX.X,,,,,cGPA suppressed by CycleTrack for small n; sGPA suppressed by CycleTrack for small n; MCAT suppressed by CycleTrack for small n
cycletrack_explorer,CycleTrack School Explorer,https://cycletrack.org/explorer,Cooper Rowan,https://cycletrack.org/explorer/school/Cooper Rowan,Rowan University,Rowan University,MD,NJ,USA,MD-PhD,acceptances,CycleTrack crowdsourced MD-PhD acceptances median stats,1,,,,,,,X.XX,,,,,X.XX,,,,,XXX.X,,,,,cGPA suppressed by CycleTrack for small n; sGPA suppressed by CycleTrack for small n; MCAT suppressed by CycleTrack for small n
cycletrack_explorer,CycleTrack School Explorer,https://cycletrack.org/explorer,Cornell,https://cycletrack.org/explorer/school/Cornell,Cornell University,Cornell University,MD,NY,USA,MD,interviews,CycleTrack crowdsourced MD interviews median stats,288,12.02,1971,,,,,"3.94 (3.50 - 4.00), (n=245)",3.94,3.5,4,245,"3.94 (3.05 - 4.00), (n=232)",3.94,3.05,4,232,"521.00 (500.00 - 528.00), (n=247)",521,500,528,247,
cycletrack_explorer,CycleTrack School Explorer,https://cycletrack.org/explorer,Cornell,https://cycletrack.org/explorer/school/Cornell,Cornell University,Cornell University,MD,NY,USA,MD,acceptances,CycleTrack crowdsourced MD acceptances median stats,45,,,15.28,288,2.44,123,"3.93 (3.67 - 4.00), (n=39)",3.93,3.67,4,39,"3.95 (3.48 - 4.00), (n=38)",3.95,3.48,4,38,"520.00 (514.00 - 528.00), (n=39)",520,514,528,39,
cycletrack_explorer,CycleTrack School Explorer,https://cycletrack.org/explorer,Cornell,https://cycletrack.org/explorer/school/Cornell,Cornell University,Cornell University,MD,NY,USA,MD-PhD,interviews,CycleTrack crowdsourced MD-PhD interviews median stats,72,20.48,293,,,,,"3.97 (3.55 - 4.00), (n=59)",3.97,3.55,4,59,"3.97 (3.42 - 4.00), (n=57)",3.97,3.42,4,57,"521.00 (514.00 - 528.00), (n=60)",521,514,528,60,
cycletrack_explorer,CycleTrack School Explorer,https://cycletrack.org/explorer,Cornell,https://cycletrack.org/explorer/school/Cornell,Cornell University,Cornell University,MD,NY,USA,MD-PhD,acceptances,CycleTrack crowdsourced MD-PhD acceptances median stats,39,,,51.39,72,0.00,20,"3.95 (3.55 - 4.00), (n=32)",3.95,3.55,4,32,"3.95 (3.42 - 4.00), (n=31)",3.95,3.42,4,31,"521.00 (515.00 - 528.00), (n=33)",521,515,528,33,
cycletrack_explorer,CycleTrack School Explorer,https://cycletrack.org/explorer,Creighton,https://cycletrack.org/explorer/school/Creighton,Creighton University,Creighton University,MD,NE,USA,MD,interviews,CycleTrack crowdsourced MD interviews median stats,261,26.16,799,,,,,"3.86 (3.13 - 4.00), (n=221)",3.86,3.13,4,221,"3.83 (3.21 - 4.00), (n=212)",3.83,3.21,4,212,"516.00 (504.00 - 527.00), (n=223)",516,504,527,223,
cycletrack_explorer,CycleTrack School Explorer,https://cycletrack.org/explorer,Creighton,https://cycletrack.org/explorer/school/Creighton,Creighton University,Creighton University,MD,NE,USA,MD,acceptances,CycleTrack crowdsourced MD acceptances median stats,160,,,57.09,261,20.29,69,"3.86 (3.13 - 4.00), (n=131)",3.86,3.13,4,131,"3.83 (3.30 - 4.00), (n=124)",3.83,3.3,4,124,"516.00 (507.00 - 527.00), (n=131)",516,507,527,131,
cycletrack_explorer,CycleTrack School Explorer,https://cycletrack.org/explorer,Creighton,https://cycletrack.org/explorer/school/Creighton,Creighton University,Creighton University,MD,NE,USA,MD-PhD,interviews,CycleTrack crowdsourced MD-PhD interviews median stats,3,40.00,5,,,,,X.XX,,,,,X.XX,,,,,XXX.X,,,,,cGPA suppressed by CycleTrack for small n; sGPA suppressed by CycleTrack for small n; MCAT suppressed by CycleTrack for small n
cycletrack_explorer,CycleTrack School Explorer,https://cycletrack.org/explorer,Creighton,https://cycletrack.org/explorer/school/Creighton,Creighton University,Creighton University,MD,NE,USA,MD-PhD,acceptances,CycleTrack crowdsourced MD-PhD acceptances median stats,1,,,,,,,X.XX,,,,,X.XX,,,,,XXX.X,,,,,cGPA suppressed by CycleTrack for small n; sGPA suppressed by CycleTrack for small n; MCAT suppressed by CycleTrack for small n
cycletrack_explorer,CycleTrack School Explorer,https://cycletrack.org/explorer,Dalhousie,https://cycletrack.org/explorer/school/Dalhousie,Dalhousie University,Dalhousie University,MD,NS,CAN,MD,interviews,CycleTrack crowdsourced MD interviews median stats,3,20.00,5,,,,,X.XX,,,,,X.XX,,,,,XXX.X,,,,,cGPA suppressed by CycleTrack for small n; sGPA suppressed by CycleTrack for small n; MCAT suppressed by CycleTrack for small n
cycletrack_explorer,CycleTrack School Explorer,https://cycletrack.org/explorer,Dalhousie,https://cycletrack.org/explorer/school/Dalhousie,Dalhousie University,Dalhousie University,MD,NS,CAN,MD,acceptances,CycleTrack crowdsourced MD acceptances median stats,1,,,,,,,X.XX,,,,,X.XX,,,,,XXX.X,,,,,cGPA suppressed by CycleTrack for small n; sGPA suppressed by CycleTrack for small n; MCAT suppressed by CycleTrack for small n
cycletrack_explorer,CycleTrack School Explorer,https://cycletrack.org/explorer,Dalhousie,https://cycletrack.org/explorer/school/Dalhousie,Dalhousie University,Dalhousie University,MD,NS,CAN,MD-PhD,interviews,CycleTrack crowdsourced MD-PhD interviews median stats,0,,,,,,,X.XX,,,,,X.XX,,,,,XXX.X,,,,,cGPA suppressed by CycleTrack for small n; sGPA suppressed by CycleTrack for small n; MCAT suppressed by CycleTrack for small n
cycletrack_explorer,CycleTrack School Explorer,https://cycletrack.org/explorer,Dalhousie,https://cycletrack.org/explorer/school/Dalhousie,Dalhousie University,Dalhousie University,MD,NS,CAN,MD-PhD,acceptances,CycleTrack crowdsourced MD-PhD acceptances median stats,0,,,,,,,X.XX,,,,,X.XX,,,,,XXX.X,,,,,cGPA suppressed by CycleTrack for small n; sGPA suppressed by CycleTrack for small n; MCAT suppressed by CycleTrack for small n
cycletrack_explorer,CycleTrack School Explorer,https://cycletrack.org/explorer,Dartmouth,https://cycletrack.org/explorer/school/Dartmouth,Dartmouth College,Dartmouth College,MD,NH,USA,MD,interviews,CycleTrack crowdsourced MD interviews median stats,286,11.65,2086,,,,,"3.90 (3.18 - 4.00), (n=239)",3.9,3.18,4,239,"3.89 (2.95 - 4.00), (n=222)",3.89,2.95,4,222,"517.00 (505.00 - 527.00), (n=244)",517,505,527,244,
cycletrack_explorer,CycleTrack School Explorer,https://cycletrack.org/explorer,Dartmouth,https://cycletrack.org/explorer/school/Dartmouth,Dartmouth College,Dartmouth College,MD,NH,USA,MD,acceptances,CycleTrack crowdsourced MD acceptances median stats,98,,,32.87,286,14.77,88,"3.91 (3.30 - 4.00), (n=85)",3.91,3.3,4,85,"3.87 (3.04 - 4.00), (n=83)",3.87,3.04,4,83,"516.00 (506.00 - 527.00), (n=86)",516,506,527,86,
cycletrack_explorer,CycleTrack School Explorer,https://cycletrack.org/explorer,Dartmouth,https://cycletrack.org/explorer/school/Dartmouth,Dartmouth College,Dartmouth College,MD,NH,USA,MD-PhD,interviews,CycleTrack crowdsourced MD-PhD interviews median stats,17,13.79,87,,,,,"3.91 (3.61 - 3.99), (n=13)",3.91,3.61,3.99,13,"3.92 (3.45 - 4.00), (n=11)",3.92,3.45,4,11,"519.00 (509.00 - 527.00), (n=15)",519,509,527,15,
cycletrack_explorer,CycleTrack School Explorer,https://cycletrack.org/explorer,Dartmouth,https://cycletrack.org/explorer/school/Dartmouth,Dartmouth College,Dartmouth College,MD,NH,USA,MD-PhD,acceptances,CycleTrack crowdsourced MD-PhD acceptances median stats,2,,,11.76,17,,,X.XX,,,,,X.XX,,,,,XXX.X,,,,,cGPA suppressed by CycleTrack for small n; sGPA suppressed by CycleTrack for small n; MCAT suppressed by CycleTrack for small n
cycletrack_explorer,CycleTrack School Explorer,https://cycletrack.org/explorer,Des Moines,https://cycletrack.org/explorer/school/Des Moines,Des Moines University,Des Moines University,DO,IA,USA,DO,interviews,CycleTrack crowdsourced DO interviews median stats,187,47.77,291,,,,,"3.80 (3.18 - 4.00), (n=161)",3.8,3.18,4,161,"3.70 (3.10 - 4.00), (n=151)",3.7,3.1,4,151,"509.00 (498.00 - 522.00), (n=169)",509,498,522,169,
cycletrack_explorer,CycleTrack School Explorer,https://cycletrack.org/explorer,Des Moines,https://cycletrack.org/explorer/school/Des Moines,Des Moines University,Des Moines University,DO,IA,USA,DO,acceptances,CycleTrack crowdsourced DO acceptances median stats,116,,,57.22,187,23.53,17,"3.79 (3.29 - 4.00), (n=100)",3.79,3.29,4,100,"3.73 (3.20 - 4.00), (n=90)",3.73,3.2,4,90,"509.50 (498.00 - 522.00), (n=102)",509.5,498,522,102,
cycletrack_explorer,CycleTrack School Explorer,https://cycletrack.org/explorer,Des Moines,https://cycletrack.org/explorer/school/Des Moines,Des Moines University,Des Moines University,DO,IA,USA,DO-PhD,interviews,CycleTrack crowdsourced DO-PhD interviews median stats,1,,,,,,,X.XX,,,,,X.XX,,,,,XXX.X,,,,,cGPA suppressed by CycleTrack for small n; sGPA suppressed by CycleTrack for small n; MCAT suppressed by CycleTrack for small n
cycletrack_explorer,CycleTrack School Explorer,https://cycletrack.org/explorer,Des Moines,https://cycletrack.org/explorer/school/Des Moines,Des Moines University,Des Moines University,DO,IA,USA,DO-PhD,acceptances,CycleTrack crowdsourced DO-PhD acceptances median stats,0,,,,,,,X.XX,,,,,X.XX,,,,,XXX.X,,,,,cGPA suppressed by CycleTrack for small n; sGPA suppressed by CycleTrack for small n; MCAT suppressed by CycleTrack for small n
cycletrack_explorer,CycleTrack School Explorer,https://cycletrack.org/explorer,Drexel,https://cycletrack.org/explorer/school/Drexel,Drexel University,Drexel University,MD,PA,USA,MD,interviews,CycleTrack crowdsourced MD interviews median stats,378,13.20,2319,,,,,"3.84 (3.06 - 4.00), (n=317)",3.84,3.06,4,317,"3.80 (2.91 - 4.00), (n=299)",3.8,2.91,4,299,"513.00 (507.00 - 523.00), (n=321)",513,507,523,321,
cycletrack_explorer,CycleTrack School Explorer,https://cycletrack.org/explorer,Drexel,https://cycletrack.org/explorer/school/Drexel,Drexel University,Drexel University,MD,PA,USA,MD,acceptances,CycleTrack crowdsourced MD acceptances median stats,120,,,29.37,378,8.60,93,"3.85 (3.38 - 4.00), (n=103)",3.85,3.38,4,103,"3.79 (3.10 - 4.00), (n=97)",3.79,3.1,4,97,"513.00 (508.00 - 520.00), (n=105)",513,508,520,105,
cycletrack_explorer,CycleTrack School Explorer,https://cycletrack.org/explorer,Drexel,https://cycletrack.org/explorer/school/Drexel,Drexel University,Drexel University,MD,PA,USA,MD-PhD,interviews,CycleTrack crowdsourced MD-PhD interviews median stats,12,21.28,47,,,,,"3.90 (3.49 - 3.99), (n=9)",3.9,3.49,3.99,9,"3.90 (3.59 - 3.99), (n=9)",3.9,3.59,3.99,9,"515.00 (509.00 - 520.00), (n=9)",515,509,520,9,
cycletrack_explorer,CycleTrack School Explorer,https://cycletrack.org/explorer,Drexel,https://cycletrack.org/explorer/school/Drexel,Drexel University,Drexel University,MD,PA,USA,MD-PhD,acceptances,CycleTrack crowdsourced MD-PhD acceptances median stats,3,,,25.00,12,,,X.XX,,,,,X.XX,,,,,XXX.X,,,,,cGPA suppressed by CycleTrack for small n; sGPA suppressed by CycleTrack for small n; MCAT suppressed by CycleTrack for small n
cycletrack_explorer,CycleTrack School Explorer,https://cycletrack.org/explorer,Duke,https://cycletrack.org/explorer/school/Duke,Duke University,Duke University,MD,NC,USA,MD,interviews,CycleTrack crowdsourced MD interviews median stats,256,15.31,1489,,,,,"3.92 (2.97 - 4.00), (n=227)",3.92,2.97,4,227,"3.92 (2.76 - 4.00), (n=217)",3.92,2.76,4,217,"521.00 (502.00 - 528.00), (n=226)",521,502,528,226,
cycletrack_explorer,CycleTrack School Explorer,https://cycletrack.org/explorer,Duke,https://cycletrack.org/explorer/school/Duke,Duke University,Duke University,MD,NC,USA,MD,acceptances,CycleTrack crowdsourced MD acceptances median stats,81,,,31.64,256,4.23,71,"3.90 (3.30 - 4.00), (n=74)",3.9,3.3,4,74,"3.91 (3.10 - 4.00), (n=74)",3.91,3.1,4,74,"520.00 (502.00 - 527.00), (n=74)",520,502,527,74,
cycletrack_explorer,CycleTrack School Explorer,https://cycletrack.org/explorer,Duke,https://cycletrack.org/explorer/school/Duke,Duke University,Duke University,MD,NC,USA,MD-PhD,interviews,CycleTrack crowdsourced MD-PhD interviews median stats,49,14.83,290,,,,,"3.96 (3.50 - 4.00), (n=40)",3.96,3.5,4,40,"3.95 (3.42 - 4.00), (n=39)",3.95,3.42,4,39,"520.50 (511.00 - 526.00), (n=40)",520.5,511,526,40,
cycletrack_explorer,CycleTrack School Explorer,https://cycletrack.org/explorer,Duke,https://cycletrack.org/explorer/school/Duke,Duke University,Duke University,MD,NC,USA,MD-PhD,acceptances,CycleTrack crowdsourced MD-PhD acceptances median stats,21,,,40.82,49,11.11,9,"3.95 (3.55 - 4.00), (n=15)",3.95,3.55,4,15,"3.97 (3.42 - 4.00), (n=14)",3.97,3.42,4,14,"522.00 (514.00 - 526.00), (n=15)",522,514,526,15,
cycletrack_explorer,CycleTrack School Explorer,https://cycletrack.org/explorer,Duquesne University COM,https://cycletrack.org/explorer/school/Duquesne University COM,Duquesne University,Duquesne University,DO,PA,USA,DO,interviews,CycleTrack crowdsourced DO interviews median stats,114,77.59,116,,,,,"3.79 (3.30 - 4.00), (n=105)",3.79,3.3,4,105,"3.70 (3.14 - 4.00), (n=93)",3.7,3.14,4,93,"506.50 (500.00 - 522.00), (n=106)",506.5,500,522,106,
cycletrack_explorer,CycleTrack School Explorer,https://cycletrack.org/explorer,Duquesne University COM,https://cycletrack.org/explorer/school/Duquesne University COM,Duquesne University,Duquesne University,DO,PA,USA,DO,acceptances,CycleTrack crowdsourced DO acceptances median stats,59,,,40.35,114,12.50,32,"3.86 (3.46 - 4.00), (n=51)",3.86,3.46,4,51,"3.75 (3.20 - 4.00), (n=43)",3.75,3.2,4,43,"508.00 (500.00 - 522.00), (n=52)",508,500,522,52,
cycletrack_explorer,CycleTrack School Explorer,https://cycletrack.org/explorer,Duquesne University COM,https://cycletrack.org/explorer/school/Duquesne University COM,Duquesne University,Duquesne University,DO,PA,USA,DO-PhD,interviews,CycleTrack crowdsourced DO-PhD interviews median stats,1,,,,,,,X.XX,,,,,X.XX,,,,,XXX.X,,,,,cGPA suppressed by CycleTrack for small n; sGPA suppressed by CycleTrack for small n; MCAT suppressed by CycleTrack for small n
cycletrack_explorer,CycleTrack School Explorer,https://cycletrack.org/explorer,Duquesne University COM,https://cycletrack.org/explorer/school/Duquesne University COM,Duquesne University,Duquesne University,DO,PA,USA,DO-PhD,acceptances,CycleTrack crowdsourced DO-PhD acceptances median stats,0,,,,,,,X.XX,,,,,X.XX,,,,,XXX.X,,,,,cGPA suppressed by CycleTrack for small n; sGPA suppressed by CycleTrack for small n; MCAT suppressed by CycleTrack for small n
cycletrack_explorer,CycleTrack School Explorer,https://cycletrack.org/explorer,East Carolina,https://cycletrack.org/explorer/school/East Carolina,East Carolina University,East Carolina University,MD,NC,USA,MD,interviews,CycleTrack crowdsourced MD interviews median stats,114,56.98,172,,,,,"3.85 (3.09 - 4.00), (n=98)",3.85,3.09,4,98,"3.80 (2.82 - 4.00), (n=92)",3.8,2.82,4,92,"515.50 (501.00 - 527.00), (n=102)",515.5,501,527,102,
cycletrack_explorer,CycleTrack School Explorer,https://cycletrack.org/explorer,East Carolina,https://cycletrack.org/explorer/school/East Carolina,East Carolina University,East Carolina University,MD,NC,USA,MD,acceptances,CycleTrack crowdsourced MD acceptances median stats,52,,,40.35,114,4.76,21,"3.89 (3.62 - 4.00), (n=42)",3.89,3.62,4,42,"3.85 (3.16 - 4.00), (n=39)",3.85,3.16,4,39,"515.00 (504.00 - 523.00), (n=44)",515,504,523,44,
cycletrack_explorer,CycleTrack School Explorer,https://cycletrack.org/explorer,East Carolina,https://cycletrack.org/explorer/school/East Carolina,East Carolina University,East Carolina University,MD,NC,USA,MD-PhD,interviews,CycleTrack crowdsourced MD-PhD interviews median stats,0,,,,,,,X.XX,,,,,X.XX,,,,,XXX.X,,,,,cGPA suppressed by CycleTrack for small n; sGPA suppressed by CycleTrack for small n; MCAT suppressed by CycleTrack for small n
cycletrack_explorer,CycleTrack School Explorer,https://cycletrack.org/explorer,East Carolina,https://cycletrack.org/explorer/school/East Carolina,East Carolina University,East Carolina University,MD,NC,USA,MD-PhD,acceptances,CycleTrack crowdsourced MD-PhD acceptances median stats,0,,,,,,,X.XX,,,,,X.XX,,,,,XXX.X,,,,,cGPA suppressed by CycleTrack for small n; sGPA suppressed by CycleTrack for small n; MCAT suppressed by CycleTrack for small n
cycletrack_explorer,CycleTrack School Explorer,https://cycletrack.org/explorer,East Tennessee,https://cycletrack.org/explorer/school/East Tennessee,East Tennessee State University,East Tennessee State University,MD,TN,USA,MD,interviews,CycleTrack crowdsourced MD interviews median stats,102,79.66,118,,,,,"3.85 (2.70 - 4.00), (n=86)",3.85,2.7,4,86,"3.83 (2.79 - 4.00), (n=76)",3.83,2.79,4,76,"512.00 (500.00 - 526.00), (n=89)",512,500,526,89,
cycletrack_explorer,CycleTrack School Explorer,https://cycletrack.org/explorer,East Tennessee,https://cycletrack.org/explorer/school/East Tennessee,East Tennessee State University,East Tennessee State University,MD,TN,USA,MD,acceptances,CycleTrack crowdsourced MD acceptances median stats,31,,,28.43,102,18.60,43,"3.94 (3.38 - 4.00), (n=26)",3.94,3.38,4,26,"3.95 (3.40 - 4.00), (n=24)",3.95,3.4,4,24,"514.00 (503.00 - 526.00), (n=27)",514,503,526,27,
cycletrack_explorer,CycleTrack School Explorer,https://cycletrack.org/explorer,East Tennessee,https://cycletrack.org/explorer/school/East Tennessee,East Tennessee State University,East Tennessee State University,MD,TN,USA,MD-PhD,interviews,CycleTrack crowdsourced MD-PhD interviews median stats,0,,,,,,,X.XX,,,,,X.XX,,,,,XXX.X,,,,,cGPA suppressed by CycleTrack for small n; sGPA suppressed by CycleTrack for small n; MCAT suppressed by CycleTrack for small n
cycletrack_explorer,CycleTrack School Explorer,https://cycletrack.org/explorer,East Tennessee,https://cycletrack.org/explorer/school/East Tennessee,East Tennessee State University,East Tennessee State University,MD,TN,USA,MD-PhD,acceptances,CycleTrack crowdsourced MD-PhD acceptances median stats,0,,,,,,,X.XX,,,,,X.XX,,,,,XXX.X,,,,,cGPA suppressed by CycleTrack for small n; sGPA suppressed by CycleTrack for small n; MCAT suppressed by CycleTrack for small n
cycletrack_explorer,CycleTrack School Explorer,https://cycletrack.org/explorer,Eastern Virginia,https://cycletrack.org/explorer/school/Eastern Virginia,Eastern Virginia Medical School,Eastern Virginia Medical School,MD,VA,USA,MD,interviews,CycleTrack crowdsourced MD interviews median stats,196,17.62,948,,,,,"3.83 (3.06 - 4.00), (n=154)",3.83,3.06,4,154,"3.80 (2.91 - 4.00), (n=146)",3.8,2.91,4,146,"513.00 (502.00 - 525.00), (n=163)",513,502,525,163,
cycletrack_explorer,CycleTrack School Explorer,https://cycletrack.org/explorer,Eastern Virginia,https://cycletrack.org/explorer/school/Eastern Virginia,Eastern Virginia Medical School,Eastern Virginia Medical School,MD,VA,USA,MD,acceptances,CycleTrack crowdsourced MD acceptances median stats,55,,,26.53,196,22.00,100,"3.79 (3.29 - 4.00), (n=44)",3.79,3.29,4,44,"3.71 (3.21 - 4.00), (n=40)",3.71,3.21,4,40,"514.50 (506.00 - 525.00), (n=46)",514.5,506,525,46,
cycletrack_explorer,CycleTrack School Explorer,https://cycletrack.org/explorer,Eastern Virginia,https://cycletrack.org/explorer/school/Eastern Virginia,Eastern Virginia Medical School,Eastern Virginia Medical School,MD,VA,USA,MD-PhD,interviews,CycleTrack crowdsourced MD-PhD interviews median stats,0,,,,,,,X.XX,,,,,X.XX,,,,,XXX.X,,,,,cGPA suppressed by CycleTrack for small n; sGPA suppressed by CycleTrack for small n; MCAT suppressed by CycleTrack for small n
cycletrack_explorer,CycleTrack School Explorer,https://cycletrack.org/explorer,Eastern Virginia,https://cycletrack.org/explorer/school/Eastern Virginia,Eastern Virginia Medical School,Eastern Virginia Medical School,MD,VA,USA,MD-PhD,acceptances,CycleTrack crowdsourced MD-PhD acceptances median stats,0,,,,,,,X.XX,,,,,X.XX,,,,,XXX.X,,,,,cGPA suppressed by CycleTrack for small n; sGPA suppressed by CycleTrack for small n; MCAT suppressed by CycleTrack for small n
cycletrack_explorer,CycleTrack School Explorer,https://cycletrack.org/explorer,Edward Via - Auburn,https://cycletrack.org/explorer/school/Edward Via - Auburn,Edward Via College of Osteopathic Medicine (Auburn),Edward Via College of Osteopathic Medicine (Auburn),DO,AL,USA,DO,interviews,CycleTrack crowdsourced DO interviews median stats,42,22.96,135,,,,,"3.75 (3.30 - 3.97), (n=36)",3.75,3.3,3.97,36,"3.67 (3.06 - 4.00), (n=33)",3.67,3.06,4,33,"507.00 (495.00 - 517.00), (n=37)",507,495,517,37,
cycletrack_explorer,CycleTrack School Explorer,https://cycletrack.org/explorer,Edward Via - Auburn,https://cycletrack.org/explorer/school/Edward Via - Auburn,Edward Via College of Osteopathic Medicine (Auburn),Edward Via College of Osteopathic Medicine (Auburn),DO,AL,USA,DO,acceptances,CycleTrack crowdsourced DO acceptances median stats,30,,,57.14,42,80.00,10,"3.75 (2.96 - 3.97), (n=25)",3.75,2.96,3.97,25,"3.69 (3.10 - 4.00), (n=22)",3.69,3.1,4,22,"506.50 (498.00 - 517.00), (n=26)",506.5,498,517,26,
cycletrack_explorer,CycleTrack School Explorer,https://cycletrack.org/explorer,Edward Via - Auburn,https://cycletrack.org/explorer/school/Edward Via - Auburn,Edward Via College of Osteopathic Medicine (Auburn),Edward Via College of Osteopathic Medicine (Auburn),DO,AL,USA,DO-PhD,interviews,CycleTrack crowdsourced DO-PhD interviews median stats,0,,,,,,,X.XX,,,,,X.XX,,,,,XXX.X,,,,,cGPA suppressed by CycleTrack for small n; sGPA suppressed by CycleTrack for small n; MCAT suppressed by CycleTrack for small n
cycletrack_explorer,CycleTrack School Explorer,https://cycletrack.org/explorer,Edward Via - Auburn,https://cycletrack.org/explorer/school/Edward Via - Auburn,Edward Via College of Osteopathic Medicine (Auburn),Edward Via College of Osteopathic Medicine (Auburn),DO,AL,USA,DO-PhD,acceptances,CycleTrack crowdsourced DO-PhD acceptances median stats,0,,,,,,,X.XX,,,,,X.XX,,,,,XXX.X,,,,,cGPA suppressed by CycleTrack for small n; sGPA suppressed by CycleTrack for small n; MCAT suppressed by CycleTrack for small n
cycletrack_explorer,CycleTrack School Explorer,https://cycletrack.org/explorer,Edward Via - Carolinas,https://cycletrack.org/explorer/school/Edward Via - Carolinas,Edward Via College of Osteopathic Medicine (Carolinas),Edward Via College of Osteopathic Medicine (Carolinas),DO,SC,USA,DO,interviews,CycleTrack crowdsourced DO interviews median stats,47,26.03,146,,,,,"3.74 (3.14 - 4.00), (n=39)",3.74,3.14,4,39,"3.70 (2.90 - 4.00), (n=33)",3.7,2.9,4,33,"505.00 (497.00 - 518.00), (n=41)",505,497,518,41,
cycletrack_explorer,CycleTrack School Explorer,https://cycletrack.org/explorer,Edward Via - Carolinas,https://cycletrack.org/explorer/school/Edward Via - Carolinas,Edward Via College of Osteopathic Medicine (Carolinas),Edward Via College of Osteopathic Medicine (Carolinas),DO,SC,USA,DO,acceptances,CycleTrack crowdsourced DO acceptances median stats,23,,,46.81,47,33.33,6,"3.77 (3.50 - 3.99), (n=20)",3.77,3.5,3.99,20,"3.68 (3.42 - 3.98), (n=17)",3.68,3.42,3.98,17,"505.00 (497.00 - 518.00), (n=21)",505,497,518,21,
cycletrack_explorer,CycleTrack School Explorer,https://cycletrack.org/explorer,Edward Via - Carolinas,https://cycletrack.org/explorer/school/Edward Via - Carolinas,Edward Via College of Osteopathic Medicine (Carolinas),Edward Via College of Osteopathic Medicine (Carolinas),DO,SC,USA,DO-PhD,interviews,CycleTrack crowdsourced DO-PhD interviews median stats,0,,,,,,,X.XX,,,,,X.XX,,,,,XXX.X,,,,,cGPA suppressed by CycleTrack for small n; sGPA suppressed by CycleTrack for small n; MCAT suppressed by CycleTrack for small n
cycletrack_explorer,CycleTrack School Explorer,https://cycletrack.org/explorer,Edward Via - Carolinas,https://cycletrack.org/explorer/school/Edward Via - Carolinas,Edward Via College of Osteopathic Medicine (Carolinas),Edward Via College of Osteopathic Medicine (Carolinas),DO,SC,USA,DO-PhD,acceptances,CycleTrack crowdsourced DO-PhD acceptances median stats,0,,,,,,,X.XX,,,,,X.XX,,,,,XXX.X,,,,,cGPA suppressed by CycleTrack for small n; sGPA suppressed by CycleTrack for small n; MCAT suppressed by CycleTrack for small n
cycletrack_explorer,CycleTrack School Explorer,https://cycletrack.org/explorer,Edward Via - Louisiana,https://cycletrack.org/explorer/school/Edward Via - Louisiana,Edward Via College of Osteopathic Medicine (Louisiana),Edward Via College of Osteopathic Medicine (Louisiana),DO,LA,USA,DO,interviews,CycleTrack crowdsourced DO interviews median stats,24,24.71,85,,,,,"3.76 (3.22 - 3.96), (n=21)",3.76,3.22,3.96,21,"3.64 (2.99 - 3.95), (n=19)",3.64,2.99,3.95,19,"504.00 (498.00 - 516.00), (n=22)",504,498,516,22,
cycletrack_explorer,CycleTrack School Explorer,https://cycletrack.org/explorer,Edward Via - Louisiana,https://cycletrack.org/explorer/school/Edward Via - Louisiana,Edward Via College of Osteopathic Medicine (Louisiana),Edward Via College of Osteopathic Medicine (Louisiana),DO,LA,USA,DO,acceptances,CycleTrack crowdsourced DO acceptances median stats,10,,,29.17,24,,,"3.85 (3.34 - 3.89), (n=7)",3.85,3.34,3.89,7,"3.79 (3.34 - 3.91), (n=7)",3.79,3.34,3.91,7,"507.00 (499.00 - 516.00), (n=8)",507,499,516,8,
cycletrack_explorer,CycleTrack School Explorer,https://cycletrack.org/explorer,Edward Via - Louisiana,https://cycletrack.org/explorer/school/Edward Via - Louisiana,Edward Via College of Osteopathic Medicine (Louisiana),Edward Via College of Osteopathic Medicine (Louisiana),DO,LA,USA,DO-PhD,interviews,CycleTrack crowdsourced DO-PhD interviews median stats,0,,,,,,,X.XX,,,,,X.XX,,,,,XXX.X,,,,,cGPA suppressed by CycleTrack for small n; sGPA suppressed by CycleTrack for small n; MCAT suppressed by CycleTrack for small n
cycletrack_explorer,CycleTrack School Explorer,https://cycletrack.org/explorer,Edward Via - Louisiana,https://cycletrack.org/explorer/school/Edward Via - Louisiana,Edward Via College of Osteopathic Medicine (Louisiana),Edward Via College of Osteopathic Medicine (Louisiana),DO,LA,USA,DO-PhD,acceptances,CycleTrack crowdsourced DO-PhD acceptances median stats,0,,,,,,,X.XX,,,,,X.XX,,,,,XXX.X,,,,,cGPA suppressed by CycleTrack for small n; sGPA suppressed by CycleTrack for small n; MCAT suppressed by CycleTrack for small n
cycletrack_explorer,CycleTrack School Explorer,https://cycletrack.org/explorer,Edward Via - Virginia,https://cycletrack.org/explorer/school/Edward Via - Virginia,Edward Via College of Osteopathic Medicine (Virginia),Edward Via College of Osteopathic Medicine (Virginia),DO,VA,USA,DO,interviews,CycleTrack crowdsourced DO interviews median stats,73,25.21,242,,,,,"3.81 (2.98 - 4.00), (n=64)",3.81,2.98,4,64,"3.73 (2.91 - 4.00), (n=57)",3.73,2.91,4,57,"507.50 (497.00 - 520.00), (n=66)",507.5,497,520,66,
cycletrack_explorer,CycleTrack School Explorer,https://cycletrack.org/explorer,Edward Via - Virginia,https://cycletrack.org/explorer/school/Edward Via - Virginia,Edward Via College of Osteopathic Medicine (Virginia),Edward Via College of Osteopathic Medicine (Virginia),DO,VA,USA,DO,acceptances,CycleTrack crowdsourced DO acceptances median stats,44,,,50.68,73,66.67,12,"3.81 (3.32 - 4.00), (n=40)",3.81,3.32,4,40,"3.72 (3.26 - 4.00), (n=35)",3.72,3.26,4,35,"507.00 (497.00 - 519.00), (n=40)",507,497,519,40,
cycletrack_explorer,CycleTrack School Explorer,https://cycletrack.org/explorer,Edward Via - Virginia,https://cycletrack.org/explorer/school/Edward Via - Virginia,Edward Via College of Osteopathic Medicine (Virginia),Edward Via College of Osteopathic Medicine (Virginia),DO,VA,USA,DO-PhD,interviews,CycleTrack crowdsourced DO-PhD interviews median stats,0,,,,,,,X.XX,,,,,X.XX,,,,,XXX.X,,,,,cGPA suppressed by CycleTrack for small n; sGPA suppressed by CycleTrack for small n; MCAT suppressed by CycleTrack for small n
cycletrack_explorer,CycleTrack School Explorer,https://cycletrack.org/explorer,Edward Via - Virginia,https://cycletrack.org/explorer/school/Edward Via - Virginia,Edward Via College of Osteopathic Medicine (Virginia),Edward Via College of Osteopathic Medicine (Virginia),DO,VA,USA,DO-PhD,acceptances,CycleTrack crowdsourced DO-PhD acceptances median stats,0,,,,,,,X.XX,,,,,X.XX,,,,,XXX.X,,,,,cGPA suppressed by CycleTrack for small n; sGPA suppressed by CycleTrack for small n; MCAT suppressed by CycleTrack for small n
cycletrack_explorer,CycleTrack School Explorer,https://cycletrack.org/explorer,Emory,https://cycletrack.org/explorer/school/Emory,Emory University,Emory University,MD,GA,USA,MD,interviews,CycleTrack crowdsourced MD interviews median stats,208,7.80,2283,,,,,"3.90 (3.18 - 4.00), (n=180)",3.9,3.18,4,180,"3.87 (2.99 - 4.00), (n=166)",3.87,2.99,4,166,"518.00 (505.00 - 528.00), (n=181)",518,505,528,181,
cycletrack_explorer,CycleTrack School Explorer,https://cycletrack.org/explorer,Emory,https://cycletrack.org/explorer/school/Emory,Emory University,Emory University,MD,GA,USA,MD,acceptances,CycleTrack crowdsourced MD acceptances median stats,88,,,39.42,208,6.06,66,"3.88 (3.29 - 4.00), (n=75)",3.88,3.29,4,75,"3.85 (3.09 - 4.00), (n=71)",3.85,3.09,4,71,"517.00 (509.00 - 528.00), (n=75)",517,509,528,75,
cycletrack_explorer,CycleTrack School Explorer,https://cycletrack.org/explorer,Emory,https://cycletrack.org/explorer/school/Emory,Emory University,Emory University,MD,GA,USA,MD-PhD,interviews,CycleTrack crowdsourced MD-PhD interviews median stats,50,16.12,273,,,,,"3.97 (3.61 - 4.00), (n=45)",3.97,3.61,4,45,"3.96 (3.45 - 4.00), (n=44)",3.96,3.45,4,44,"520.00 (510.00 - 526.00), (n=45)",520,510,526,45,
cycletrack_explorer,CycleTrack School Explorer,https://cycletrack.org/explorer,Emory,https://cycletrack.org/explorer/school/Emory,Emory University,Emory University,MD,GA,USA,MD-PhD,acceptances,CycleTrack crowdsourced MD-PhD acceptances median stats,19,,,34.00,50,13.33,15,"3.96 (3.61 - 4.00), (n=17)",3.96,3.61,4,17,"3.96 (3.45 - 4.00), (n=16)",3.96,3.45,4,16,"520.00 (513.00 - 526.00), (n=17)",520,513,526,17,
cycletrack_explorer,CycleTrack School Explorer,https://cycletrack.org/explorer,Florida,https://cycletrack.org/explorer/school/Florida,University of Florida,University of Florida,MD,FL,USA,MD,interviews,CycleTrack crowdsourced MD interviews median stats,90,18.80,415,,,,,"3.92 (3.38 - 4.00), (n=79)",3.92,3.38,4,79,"3.90 (3.48 - 4.00), (n=76)",3.9,3.48,4,76,"517.00 (509.00 - 526.00), (n=80)",517,509,526,80,
cycletrack_explorer,CycleTrack School Explorer,https://cycletrack.org/explorer,Florida,https://cycletrack.org/explorer/school/Florida,University of Florida,University of Florida,MD,FL,USA,MD,acceptances,CycleTrack crowdsourced MD acceptances median stats,57,,,61.11,90,4.76,21,"3.90 (3.38 - 4.00), (n=52)",3.9,3.38,4,52,"3.89 (3.48 - 4.00), (n=49)",3.89,3.48,4,49,"517.00 (509.00 - 526.00), (n=53)",517,509,526,53,
cycletrack_explorer,CycleTrack School Explorer,https://cycletrack.org/explorer,Florida,https://cycletrack.org/explorer/school/Florida,University of Florida,University of Florida,MD,FL,USA,MD-PhD,interviews,CycleTrack crowdsourced MD-PhD interviews median stats,17,36.36,44,,,,,"3.91 (3.50 - 4.00), (n=16)",3.91,3.5,4,16,"3.86 (3.44 - 4.00), (n=16)",3.86,3.44,4,16,"517.00 (509.00 - 520.00), (n=16)",517,509,520,16,
cycletrack_explorer,CycleTrack School Explorer,https://cycletrack.org/explorer,Florida,https://cycletrack.org/explorer/school/Florida,University of Florida,University of Florida,MD,FL,USA,MD-PhD,acceptances,CycleTrack crowdsourced MD-PhD acceptances median stats,6,,,35.29,17,0.00,8,"3.97 (3.67 - 4.00), (n=6)",3.97,3.67,4,6,"3.95 (3.65 - 4.00), (n=6)",3.95,3.65,4,6,"516.50 (509.00 - 519.00), (n=6)",516.5,509,519,6,
cycletrack_explorer,CycleTrack School Explorer,https://cycletrack.org/explorer,Florida Atlantic,https://cycletrack.org/explorer/school/Florida Atlantic,Florida Atlantic University,Florida Atlantic University,MD,FL,USA,MD,interviews,CycleTrack crowdsourced MD interviews median stats,123,23.21,392,,,,,"3.90 (3.11 - 4.00), (n=102)",3.9,3.11,4,102,"3.87 (3.12 - 4.00), (n=101)",3.87,3.12,4,101,"516.00 (506.00 - 526.00), (n=108)",516,506,526,108,
cycletrack_explorer,CycleTrack School Explorer,https://cycletrack.org/explorer,Florida Atlantic,https://cycletrack.org/explorer/school/Florida Atlantic,Florida Atlantic University,Florida Atlantic University,MD,FL,USA,MD,acceptances,CycleTrack crowdsourced MD acceptances median stats,72,,,50.41,123,30.77,52,"3.92 (3.40 - 4.00), (n=56)",3.92,3.4,4,56,"3.92 (3.30 - 4.00), (n=55)",3.92,3.3,4,55,"516.00 (507.00 - 526.00), (n=59)",516,507,526,59,
cycletrack_explorer,CycleTrack School Explorer,https://cycletrack.org/explorer,Florida Atlantic,https://cycletrack.org/explorer/school/Florida Atlantic,Florida Atlantic University,Florida Atlantic University,MD,FL,USA,MD-PhD,interviews,CycleTrack crowdsourced MD-PhD interviews median stats,0,,,,,,,X.XX,,,,,X.XX,,,,,XXX.X,,,,,cGPA suppressed by CycleTrack for small n; sGPA suppressed by CycleTrack for small n; MCAT suppressed by CycleTrack for small n
cycletrack_explorer,CycleTrack School Explorer,https://cycletrack.org/explorer,Florida Atlantic,https://cycletrack.org/explorer/school/Florida Atlantic,Florida Atlantic University,Florida Atlantic University,MD,FL,USA,MD-PhD,acceptances,CycleTrack crowdsourced MD-PhD acceptances median stats,0,,,,,,,X.XX,,,,,X.XX,,,,,XXX.X,,,,,cGPA suppressed by CycleTrack for small n; sGPA suppressed by CycleTrack for small n; MCAT suppressed by CycleTrack for small n
cycletrack_explorer,CycleTrack School Explorer,https://cycletrack.org/explorer,Florida International,https://cycletrack.org/explorer/school/Florida International,Florida International University,Florida International University,MD,FL,USA,MD,interviews,CycleTrack crowdsourced MD interviews median stats,85,14.10,468,,,,,"3.90 (3.50 - 4.00), (n=75)",3.9,3.5,4,75,"3.87 (3.42 - 4.00), (n=69)",3.87,3.42,4,69,"513.00 (502.00 - 524.00), (n=77)",513,502,524,77,
cycletrack_explorer,CycleTrack School Explorer,https://cycletrack.org/explorer,Florida International,https://cycletrack.org/explorer/school/Florida International,Florida International University,Florida International University,MD,FL,USA,MD,acceptances,CycleTrack crowdsourced MD acceptances median stats,52,,,57.65,85,19.23,26,"3.90 (3.50 - 4.00), (n=47)",3.9,3.5,4,47,"3.88 (3.48 - 4.00), (n=46)",3.88,3.48,4,46,"514.00 (504.00 - 524.00), (n=47)",514,504,524,47,
cycletrack_explorer,CycleTrack School Explorer,https://cycletrack.org/explorer,Florida International,https://cycletrack.org/explorer/school/Florida International,Florida International University,Florida International University,MD,FL,USA,MD-PhD,interviews,CycleTrack crowdsourced MD-PhD interviews median stats,0,,,,,,,X.XX,,,,,X.XX,,,,,XXX.X,,,,,cGPA suppressed by CycleTrack for small n; sGPA suppressed by CycleTrack for small n; MCAT suppressed by CycleTrack for small n
cycletrack_explorer,CycleTrack School Explorer,https://cycletrack.org/explorer,Florida International,https://cycletrack.org/explorer/school/Florida International,Florida International University,Florida International University,MD,FL,USA,MD-PhD,acceptances,CycleTrack crowdsourced MD-PhD acceptances median stats,0,,,,,,,X.XX,,,,,X.XX,,,,,XXX.X,,,,,cGPA suppressed by CycleTrack for small n; sGPA suppressed by CycleTrack for small n; MCAT suppressed by CycleTrack for small n
cycletrack_explorer,CycleTrack School Explorer,https://cycletrack.org/explorer,Florida State,https://cycletrack.org/explorer/school/Florida State,Florida State University,Florida State University,MD,FL,USA,MD,interviews,CycleTrack crowdsourced MD interviews median stats,50,11.83,338,,,,,"3.89 (3.54 - 4.00), (n=37)",3.89,3.54,4,37,"3.84 (3.29 - 4.00), (n=35)",3.84,3.29,4,35,"510.50 (494.00 - 519.00), (n=40)",510.5,494,519,40,
cycletrack_explorer,CycleTrack School Explorer,https://cycletrack.org/explorer,Florida State,https://cycletrack.org/explorer/school/Florida State,Florida State University,Florida State University,MD,FL,USA,MD,acceptances,CycleTrack crowdsourced MD acceptances median stats,20,,,40.00,50,6.67,15,"3.90 (3.76 - 3.98), (n=14)",3.9,3.76,3.98,14,"3.86 (3.70 - 3.96), (n=14)",3.86,3.7,3.96,14,"510.50 (504.00 - 517.00), (n=16)",510.5,504,517,16,
cycletrack_explorer,CycleTrack School Explorer,https://cycletrack.org/explorer,Florida State,https://cycletrack.org/explorer/school/Florida State,Florida State University,Florida State University,MD,FL,USA,MD-PhD,interviews,CycleTrack crowdsourced MD-PhD interviews median stats,0,,,,,,,X.XX,,,,,X.XX,,,,,XXX.X,,,,,cGPA suppressed by CycleTrack for small n; sGPA suppressed by CycleTrack for small n; MCAT suppressed by CycleTrack for small n
cycletrack_explorer,CycleTrack School Explorer,https://cycletrack.org/explorer,Florida State,https://cycletrack.org/explorer/school/Florida State,Florida State University,Florida State University,MD,FL,USA,MD-PhD,acceptances,CycleTrack crowdsourced MD-PhD acceptances median stats,0,,,,,,,X.XX,,,,,X.XX,,,,,XXX.X,,,,,cGPA suppressed by CycleTrack for small n; sGPA suppressed by CycleTrack for small n; MCAT suppressed by CycleTrack for small n
cycletrack_explorer,CycleTrack School Explorer,https://cycletrack.org/explorer,Geisinger Commonwealth,https://cycletrack.org/explorer/school/Geisinger Commonwealth,Geisinger Commonwealth School of Medicine,Geisinger Commonwealth School of Medicine,MD,PA,USA,MD,interviews,CycleTrack crowdsourced MD interviews median stats,278,29.02,834,,,,,"3.84 (3.26 - 4.00), (n=234)",3.84,3.26,4,234,"3.80 (3.22 - 4.00), (n=221)",3.8,3.22,4,221,"515.00 (501.00 - 526.00), (n=239)",515,501,526,239,
cycletrack_explorer,CycleTrack School Explorer,https://cycletrack.org/explorer,Geisinger Commonwealth,https://cycletrack.org/explorer/school/Geisinger Commonwealth,Geisinger Commonwealth School of Medicine,Geisinger Commonwealth School of Medicine,MD,PA,USA,MD,acceptances,CycleTrack crowdsourced MD acceptances median stats,105,,,35.25,278,11.11,54,"3.88 (3.46 - 4.00), (n=92)",3.88,3.46,4,92,"3.87 (3.32 - 4.00), (n=88)",3.87,3.32,4,88,"517.00 (505.00 - 526.00), (n=92)",517,505,526,92,
cycletrack_explorer,CycleTrack School Explorer,https://cycletrack.org/explorer,Geisinger Commonwealth,https://cycletrack.org/explorer/school/Geisinger Commonwealth,Geisinger Commonwealth School of Medicine,Geisinger Commonwealth School of Medicine,MD,PA,USA,MD-PhD,interviews,CycleTrack crowdsourced MD-PhD interviews median stats,0,,,,,,,X.XX,,,,,X.XX,,,,,XXX.X,,,,,cGPA suppressed by CycleTrack for small n; sGPA suppressed by CycleTrack for small n; MCAT suppressed by CycleTrack for small n
cycletrack_explorer,CycleTrack School Explorer,https://cycletrack.org/explorer,Geisinger Commonwealth,https://cycletrack.org/explorer/school/Geisinger Commonwealth,Geisinger Commonwealth School of Medicine,Geisinger Commonwealth School of Medicine,MD,PA,USA,MD-PhD,acceptances,CycleTrack crowdsourced MD-PhD acceptances median stats,0,,,,,,,X.XX,,,,,X.XX,,,,,XXX.X,,,,,cGPA suppressed by CycleTrack for small n; sGPA suppressed by CycleTrack for small n; MCAT suppressed by CycleTrack for small n
cycletrack_explorer,CycleTrack School Explorer,https://cycletrack.org/explorer,George Washington,https://cycletrack.org/explorer/school/George Washington,George Washington University,George Washington University,MD,DC,USA,MD,interviews,CycleTrack crowdsourced MD interviews median stats,208,7.42,2332,,,,,"3.90 (3.38 - 4.00), (n=174)",3.9,3.38,4,174,"3.85 (3.20 - 4.00), (n=167)",3.85,3.2,4,167,"516.00 (507.00 - 526.00), (n=172)",516,507,526,172,
cycletrack_explorer,CycleTrack School Explorer,https://cycletrack.org/explorer,George Washington,https://cycletrack.org/explorer/school/George Washington,George Washington University,George Washington University,MD,DC,USA,MD,acceptances,CycleTrack crowdsourced MD acceptances median stats,78,,,35.58,208,9.65,114,"3.89 (3.38 - 4.00), (n=69)",3.89,3.38,4,69,"3.83 (3.49 - 4.00), (n=66)",3.83,3.49,4,66,"517.00 (508.00 - 526.00), (n=68)",517,508,526,68,
cycletrack_explorer,CycleTrack School Explorer,https://cycletrack.org/explorer,George Washington,https://cycletrack.org/explorer/school/George Washington,George Washington University,George Washington University,MD,DC,USA,MD-PhD,interviews,CycleTrack crowdsourced MD-PhD interviews median stats,1,,,,,,,X.XX,,,,,X.XX,,,,,XXX.X,,,,,cGPA suppressed by CycleTrack for small n; sGPA suppressed by CycleTrack for small n; MCAT suppressed by CycleTrack for small n
cycletrack_explorer,CycleTrack School Explorer,https://cycletrack.org/explorer,George Washington,https://cycletrack.org/explorer/school/George Washington,George Washington University,George Washington University,MD,DC,USA,MD-PhD,acceptances,CycleTrack crowdsourced MD-PhD acceptances median stats,0,,,,,,,X.XX,,,,,X.XX,,,,,XXX.X,,,,,cGPA suppressed by CycleTrack for small n; sGPA suppressed by CycleTrack for small n; MCAT suppressed by CycleTrack for small n
cycletrack_explorer,CycleTrack School Explorer,https://cycletrack.org/explorer,Georgetown,https://cycletrack.org/explorer/school/Georgetown,Georgetown University,Georgetown University,MD,DC,USA,MD,interviews,CycleTrack crowdsourced MD interviews median stats,347,11.69,2369,,,,,"3.94 (2.70 - 4.00), (n=292)",3.94,2.7,4,292,"3.93 (2.79 - 4.00), (n=278)",3.93,2.79,4,278,"518.00 (504.00 - 528.00), (n=295)",518,504,528,295,
cycletrack_explorer,CycleTrack School Explorer,https://cycletrack.org/explorer,Georgetown,https://cycletrack.org/explorer/school/Georgetown,Georgetown University,Georgetown University,MD,DC,USA,MD,acceptances,CycleTrack crowdsourced MD acceptances median stats,89,,,23.34,347,17.96,167,"3.92 (3.15 - 4.00), (n=75)",3.92,3.15,4,75,"3.92 (3.12 - 4.00), (n=70)",3.92,3.12,4,70,"518.00 (508.00 - 526.00), (n=77)",518,508,526,77,
cycletrack_explorer,CycleTrack School Explorer,https://cycletrack.org/explorer,Georgetown,https://cycletrack.org/explorer/school/Georgetown,Georgetown University,Georgetown University,MD,DC,USA,MD-PhD,interviews,CycleTrack crowdsourced MD-PhD interviews median stats,18,16.28,86,,,,,"3.92 (3.56 - 4.00), (n=17)",3.92,3.56,4,17,"3.89 (3.43 - 4.00), (n=15)",3.89,3.43,4,15,"518.00 (508.00 - 520.00), (n=17)",518,508,520,17,
cycletrack_explorer,CycleTrack School Explorer,https://cycletrack.org/explorer,Georgetown,https://cycletrack.org/explorer/school/Georgetown,Georgetown University,Georgetown University,MD,DC,USA,MD-PhD,acceptances,CycleTrack crowdsourced MD-PhD acceptances median stats,2,,,5.56,18,16.67,6,X.XX,,,,,X.XX,,,,,XXX.X,,,,,cGPA suppressed by CycleTrack for small n; sGPA suppressed by CycleTrack for small n; MCAT suppressed by CycleTrack for small n
cycletrack_explorer,CycleTrack School Explorer,https://cycletrack.org/explorer,Hackensack Meridian,https://cycletrack.org/explorer/school/Hackensack Meridian,Hackensack Meridian School of Medicine,Hackensack Meridian School of Medicine,MD,NJ,USA,MD,interviews,CycleTrack crowdsourced MD interviews median stats,227,23.92,765,,,,,"3.84 (2.97 - 4.00), (n=195)",3.84,2.97,4,195,"3.80 (2.76 - 4.00), (n=181)",3.8,2.76,4,181,"516.00 (501.00 - 526.00), (n=201)",516,501,526,201,
cycletrack_explorer,CycleTrack School Explorer,https://cycletrack.org/explorer,Hackensack Meridian,https://cycletrack.org/explorer/school/Hackensack Meridian,Hackensack Meridian School of Medicine,Hackensack Meridian School of Medicine,MD,NJ,USA,MD,acceptances,CycleTrack crowdsourced MD acceptances median stats,96,,,40.97,227,24.56,57,"3.89 (3.39 - 4.00), (n=83)",3.89,3.39,4,83,"3.86 (3.20 - 4.00), (n=73)",3.86,3.2,4,73,"516.00 (508.00 - 526.00), (n=85)",516,508,526,85,
cycletrack_explorer,CycleTrack School Explorer,https://cycletrack.org/explorer,Hackensack Meridian,https://cycletrack.org/explorer/school/Hackensack Meridian,Hackensack Meridian School of Medicine,Hackensack Meridian School of Medicine,MD,NJ,USA,MD-PhD,interviews,CycleTrack crowdsourced MD-PhD interviews median stats,0,,,,,,,X.XX,,,,,X.XX,,,,,XXX.X,,,,,cGPA suppressed by CycleTrack for small n; sGPA suppressed by CycleTrack for small n; MCAT suppressed by CycleTrack for small n
cycletrack_explorer,CycleTrack School Explorer,https://cycletrack.org/explorer,Hackensack Meridian,https://cycletrack.org/explorer/school/Hackensack Meridian,Hackensack Meridian School of Medicine,Hackensack Meridian School of Medicine,MD,NJ,USA,MD-PhD,acceptances,CycleTrack crowdsourced MD-PhD acceptances median stats,0,,,,,,,X.XX,,,,,X.XX,,,,,XXX.X,,,,,cGPA suppressed by CycleTrack for small n; sGPA suppressed by CycleTrack for small n; MCAT suppressed by CycleTrack for small n
cycletrack_explorer,CycleTrack School Explorer,https://cycletrack.org/explorer,Harvard,https://cycletrack.org/explorer/school/Harvard,Harvard Medical School,Harvard Medical School,MD,MA,USA,MD,interviews,CycleTrack crowdsourced MD interviews median stats,301,14.27,1766,,,,,"3.97 (2.98 - 4.00), (n=258)",3.97,2.98,4,258,"3.98 (2.96 - 4.00), (n=250)",3.98,2.96,4,250,"522.00 (509.00 - 528.00), (n=261)",522,509,528,261,
cycletrack_explorer,CycleTrack School Explorer,https://cycletrack.org/explorer,Harvard,https://cycletrack.org/explorer/school/Harvard,Harvard Medical School,Harvard Medical School,MD,MA,USA,MD,acceptances,CycleTrack crowdsourced MD acceptances median stats,49,,,15.95,301,4.76,21,"3.98 (2.98 - 4.00), (n=44)",3.98,2.98,4,44,"3.99 (2.96 - 4.00), (n=41)",3.99,2.96,4,41,"521.00 (509.00 - 528.00), (n=44)",521,509,528,44,
cycletrack_explorer,CycleTrack School Explorer,https://cycletrack.org/explorer,Harvard,https://cycletrack.org/explorer/school/Harvard,Harvard Medical School,Harvard Medical School,MD,MA,USA,MD-PhD,interviews,CycleTrack crowdsourced MD-PhD interviews median stats,73,17.15,344,,,,,"3.97 (3.71 - 4.00), (n=64)",3.97,3.71,4,64,"3.97 (3.69 - 4.00), (n=62)",3.97,3.69,4,62,"523.00 (512.00 - 528.00), (n=63)",523,512,528,63,
cycletrack_explorer,CycleTrack School Explorer,https://cycletrack.org/explorer,Harvard,https://cycletrack.org/explorer/school/Harvard,Harvard Medical School,Harvard Medical School,MD,MA,USA,MD-PhD,acceptances,CycleTrack crowdsourced MD-PhD acceptances median stats,19,,,23.29,73,0.00,8,"3.97 (3.86 - 4.00), (n=16)",3.97,3.86,4,16,"3.96 (3.85 - 4.00), (n=16)",3.96,3.85,4,16,"523.00 (516.00 - 527.00), (n=16)",523,516,527,16,
cycletrack_explorer,CycleTrack School Explorer,https://cycletrack.org/explorer,Hawaii,https://cycletrack.org/explorer/school/Hawaii,University of Hawaii,University of Hawaii,MD,HI,USA,MD,interviews,CycleTrack crowdsourced MD interviews median stats,58,28.99,169,,,,,"3.93 (3.52 - 4.00), (n=45)",3.93,3.52,4,45,"3.91 (3.49 - 4.00), (n=43)",3.91,3.49,4,43,"514.00 (504.00 - 524.00), (n=47)",514,504,524,47,
cycletrack_explorer,CycleTrack School Explorer,https://cycletrack.org/explorer,Hawaii,https://cycletrack.org/explorer/school/Hawaii,University of Hawaii,University of Hawaii,MD,HI,USA,MD,acceptances,CycleTrack crowdsourced MD acceptances median stats,11,,,17.24,58,25.00,8,"3.95 (3.61 - 4.00), (n=9)",3.95,3.61,4,9,"3.91 (3.78 - 4.00), (n=9)",3.91,3.78,4,9,"516.50 (511.00 - 521.00), (n=10)",516.5,511,521,10,
cycletrack_explorer,CycleTrack School Explorer,https://cycletrack.org/explorer,Hawaii,https://cycletrack.org/explorer/school/Hawaii,University of Hawaii,University of Hawaii,MD,HI,USA,MD-PhD,interviews,CycleTrack crowdsourced MD-PhD interviews median stats,0,,,,,,,X.XX,,,,,X.XX,,,,,XXX.X,,,,,cGPA suppressed by CycleTrack for small n; sGPA suppressed by CycleTrack for small n; MCAT suppressed by CycleTrack for small n
cycletrack_explorer,CycleTrack School Explorer,https://cycletrack.org/explorer,Hawaii,https://cycletrack.org/explorer/school/Hawaii,University of Hawaii,University of Hawaii,MD,HI,USA,MD-PhD,acceptances,CycleTrack crowdsourced MD-PhD acceptances median stats,0,,,,,,,X.XX,,,,,X.XX,,,,,XXX.X,,,,,cGPA suppressed by CycleTrack for small n; sGPA suppressed by CycleTrack for small n; MCAT suppressed by CycleTrack for small n
cycletrack_explorer,CycleTrack School Explorer,https://cycletrack.org/explorer,Hofstra,https://cycletrack.org/explorer/school/Hofstra,Hofstra University,Hofstra University,MD,NY,USA,MD,interviews,CycleTrack crowdsourced MD interviews median stats,353,24.43,1191,,,,,"3.92 (2.99 - 4.00), (n=299)",3.92,2.99,4,299,"3.91 (2.70 - 4.00), (n=284)",3.91,2.7,4,284,"520.00 (502.00 - 528.00), (n=306)",520,502,528,306,
cycletrack_explorer,CycleTrack School Explorer,https://cycletrack.org/explorer,Hofstra,https://cycletrack.org/explorer/school/Hofstra,Hofstra University,Hofstra University,MD,NY,USA,MD,acceptances,CycleTrack crowdsourced MD acceptances median stats,90,,,24.93,353,3.33,120,"3.95 (3.26 - 4.00), (n=78)",3.95,3.26,4,78,"3.94 (3.23 - 4.00), (n=74)",3.94,3.23,4,74,"520.50 (502.00 - 527.00), (n=78)",520.5,502,527,78,
cycletrack_explorer,CycleTrack School Explorer,https://cycletrack.org/explorer,Hofstra,https://cycletrack.org/explorer/school/Hofstra,Hofstra University,Hofstra University,MD,NY,USA,MD-PhD,interviews,CycleTrack crowdsourced MD-PhD interviews median stats,35,60.42,48,,,,,"3.86 (3.20 - 4.00), (n=27)",3.86,3.2,4,27,"3.84 (3.00 - 4.00), (n=24)",3.84,3,4,24,"519.00 (500.00 - 528.00), (n=28)",519,500,528,28,
cycletrack_explorer,CycleTrack School Explorer,https://cycletrack.org/explorer,Hofstra,https://cycletrack.org/explorer/school/Hofstra,Hofstra University,Hofstra University,MD,NY,USA,MD-PhD,acceptances,CycleTrack crowdsourced MD-PhD acceptances median stats,9,,,22.86,35,0.00,10,"3.79 (3.50 - 4.00), (n=7)",3.79,3.5,4,7,"3.77 (3.61 - 4.00), (n=5)",3.77,3.61,4,5,"516.00 (514.00 - 527.00), (n=7)",516,514,527,7,
cycletrack_explorer,CycleTrack School Explorer,https://cycletrack.org/explorer,Houston,https://cycletrack.org/explorer/school/Houston,University of Houston,University of Houston,MD,TX,USA,MD,interviews,CycleTrack crowdsourced MD interviews median stats,45,14.34,251,,,,,"3.90 (3.20 - 4.00), (n=32)",3.9,3.2,4,32,"3.89 (3.01 - 4.00), (n=31)",3.89,3.01,4,31,"513.00 (498.00 - 523.00), (n=34)",513,498,523,34,
cycletrack_explorer,CycleTrack School Explorer,https://cycletrack.org/explorer,Houston,https://cycletrack.org/explorer/school/Houston,University of Houston,University of Houston,MD,TX,USA,MD,acceptances,CycleTrack crowdsourced MD acceptances median stats,16,,,31.11,45,,,"3.95 (3.25 - 4.00), (n=11)",3.95,3.25,4,11,"3.92 (3.72 - 4.00), (n=10)",3.92,3.72,4,10,"514.00 (500.00 - 521.00), (n=12)",514,500,521,12,
cycletrack_explorer,CycleTrack School Explorer,https://cycletrack.org/explorer,Houston,https://cycletrack.org/explorer/school/Houston,University of Houston,University of Houston,MD,TX,USA,MD-PhD,interviews,CycleTrack crowdsourced MD-PhD interviews median stats,1,,,,,,,X.XX,,,,,X.XX,,,,,XXX.X,,,,,cGPA suppressed by CycleTrack for small n; sGPA suppressed by CycleTrack for small n; MCAT suppressed by CycleTrack for small n
cycletrack_explorer,CycleTrack School Explorer,https://cycletrack.org/explorer,Houston,https://cycletrack.org/explorer/school/Houston,University of Houston,University of Houston,MD,TX,USA,MD-PhD,acceptances,CycleTrack crowdsourced MD-PhD acceptances median stats,0,,,,,,,X.XX,,,,,X.XX,,,,,XXX.X,,,,,cGPA suppressed by CycleTrack for small n; sGPA suppressed by CycleTrack for small n; MCAT suppressed by CycleTrack for small n
cycletrack_explorer,CycleTrack School Explorer,https://cycletrack.org/explorer,Howard,https://cycletrack.org/explorer/school/Howard,Howard University,Howard University,MD,DC,USA,MD,interviews,CycleTrack crowdsourced MD interviews median stats,56,10.34,416,,,,,"3.75 (3.10 - 4.00), (n=45)",3.75,3.1,4,45,"3.70 (2.76 - 4.00), (n=44)",3.7,2.76,4,44,"510.00 (497.00 - 526.00), (n=46)",510,497,526,46,
cycletrack_explorer,CycleTrack School Explorer,https://cycletrack.org/explorer,Howard,https://cycletrack.org/explorer/school/Howard,Howard University,Howard University,MD,DC,USA,MD,acceptances,CycleTrack crowdsourced MD acceptances median stats,41,,,64.29,56,0.00,7,"3.76 (3.10 - 4.00), (n=38)",3.76,3.1,4,38,"3.68 (2.76 - 4.00), (n=37)",3.68,2.76,4,37,"509.50 (495.00 - 526.00), (n=38)",509.5,495,526,38,
cycletrack_explorer,CycleTrack School Explorer,https://cycletrack.org/explorer,Howard,https://cycletrack.org/explorer/school/Howard,Howard University,Howard University,MD,DC,USA,MD-PhD,interviews,CycleTrack crowdsourced MD-PhD interviews median stats,0,0.00,10,,,,,X.XX,,,,,X.XX,,,,,XXX.X,,,,,cGPA suppressed by CycleTrack for small n; sGPA suppressed by CycleTrack for small n; MCAT suppressed by CycleTrack for small n
cycletrack_explorer,CycleTrack School Explorer,https://cycletrack.org/explorer,Howard,https://cycletrack.org/explorer/school/Howard,Howard University,Howard University,MD,DC,USA,MD-PhD,acceptances,CycleTrack crowdsourced MD-PhD acceptances median stats,0,,,,,,,X.XX,,,,,X.XX,,,,,XXX.X,,,,,cGPA suppressed by CycleTrack for small n; sGPA suppressed by CycleTrack for small n; MCAT suppressed by CycleTrack for small n
cycletrack_explorer,CycleTrack School Explorer,https://cycletrack.org/explorer,Idaho COM,https://cycletrack.org/explorer/school/Idaho COM,Idaho College of Osteopathic Medicine,Idaho College of Osteopathic Medicine,DO,ID,USA,DO,interviews,CycleTrack crowdsourced DO interviews median stats,115,79.49,117,,,,,"3.70 (2.96 - 4.00), (n=100)",3.7,2.96,4,100,"3.58 (2.86 - 4.00), (n=91)",3.58,2.86,4,91,"507.00 (498.00 - 523.00), (n=103)",507,498,523,103,
cycletrack_explorer,CycleTrack School Explorer,https://cycletrack.org/explorer,Idaho COM,https://cycletrack.org/explorer/school/Idaho COM,Idaho College of Osteopathic Medicine,Idaho College of Osteopathic Medicine,DO,ID,USA,DO,acceptances,CycleTrack crowdsourced DO acceptances median stats,78,,,57.39,115,,,"3.73 (2.78 - 3.99), (n=67)",3.73,2.78,3.99,67,"3.65 (2.95 - 3.98), (n=61)",3.65,2.95,3.98,61,"509.00 (498.00 - 523.00), (n=70)",509,498,523,70,
cycletrack_explorer,CycleTrack School Explorer,https://cycletrack.org/explorer,Idaho COM,https://cycletrack.org/explorer/school/Idaho COM,Idaho College of Osteopathic Medicine,Idaho College of Osteopathic Medicine,DO,ID,USA,DO-PhD,interviews,CycleTrack crowdsourced DO-PhD interviews median stats,1,,,,,,,X.XX,,,,,X.XX,,,,,XXX.X,,,,,cGPA suppressed by CycleTrack for small n; sGPA suppressed by CycleTrack for small n; MCAT suppressed by CycleTrack for small n
cycletrack_explorer,CycleTrack School Explorer,https://cycletrack.org/explorer,Idaho COM,https://cycletrack.org/explorer/school/Idaho COM,Idaho College of Osteopathic Medicine,Idaho College of Osteopathic Medicine,DO,ID,USA,DO-PhD,acceptances,CycleTrack crowdsourced DO-PhD acceptances median stats,1,,,,,,,X.XX,,,,,X.XX,,,,,XXX.X,,,,,cGPA suppressed by CycleTrack for small n; sGPA suppressed by CycleTrack for small n; MCAT suppressed by CycleTrack for small n
cycletrack_explorer,CycleTrack School Explorer,https://cycletrack.org/explorer,Illinois,https://cycletrack.org/explorer/school/Illinois,University of Illinois,University of Illinois,MD,IL,USA,MD,interviews,CycleTrack crowdsourced MD interviews median stats,146,11.38,1063,,,,,"3.83 (3.00 - 4.00), (n=119)",3.83,3,4,119,"3.76 (3.02 - 4.00), (n=110)",3.76,3.02,4,110,"513.00 (502.00 - 526.00), (n=121)",513,502,526,121,
cycletrack_explorer,CycleTrack School Explorer,https://cycletrack.org/explorer,Illinois,https://cycletrack.org/explorer/school/Illinois,University of Illinois,University of Illinois,MD,IL,USA,MD,acceptances,CycleTrack crowdsourced MD acceptances median stats,106,,,64.38,146,57.14,42,"3.82 (3.00 - 4.00), (n=88)",3.82,3,4,88,"3.76 (3.08 - 4.00), (n=83)",3.76,3.08,4,83,"512.00 (502.00 - 526.00), (n=89)",512,502,526,89,
cycletrack_explorer,CycleTrack School Explorer,https://cycletrack.org/explorer,Illinois,https://cycletrack.org/explorer/school/Illinois,University of Illinois,University of Illinois,MD,IL,USA,MD-PhD,interviews,CycleTrack crowdsourced MD-PhD interviews median stats,56,30.77,143,,,,,"3.78 (3.20 - 4.00), (n=46)",3.78,3.2,4,46,"3.74 (3.09 - 4.00), (n=44)",3.74,3.09,4,44,"516.00 (507.00 - 527.00), (n=47)",516,507,527,47,
cycletrack_explorer,CycleTrack School Explorer,https://cycletrack.org/explorer,Illinois,https://cycletrack.org/explorer/school/Illinois,University of Illinois,University of Illinois,MD,IL,USA,MD-PhD,acceptances,CycleTrack crowdsourced MD-PhD acceptances median stats,28,,,42.86,56,11.11,9,"3.73 (3.20 - 4.00), (n=26)",3.73,3.2,4,26,"3.67 (3.09 - 4.00), (n=26)",3.67,3.09,4,26,"515.50 (508.00 - 524.00), (n=26)",515.5,508,524,26,
cycletrack_explorer,CycleTrack School Explorer,https://cycletrack.org/explorer,Illinois COM,https://cycletrack.org/explorer/school/Illinois COM,Illinois College of Osteopathic Medicine,Illinois College of Osteopathic Medicine,DO,IL,USA,DO,interviews,CycleTrack crowdsourced DO interviews median stats,45,76.19,42,,,,,"3.62 (3.00 - 3.98), (n=42)",3.62,3,3.98,42,"3.44 (2.90 - 4.00), (n=38)",3.44,2.9,4,38,"506.50 (500.00 - 519.00), (n=42)",506.5,500,519,42,
cycletrack_explorer,CycleTrack School Explorer,https://cycletrack.org/explorer,Illinois COM,https://cycletrack.org/explorer/school/Illinois COM,Illinois College of Osteopathic Medicine,Illinois College of Osteopathic Medicine,DO,IL,USA,DO,acceptances,CycleTrack crowdsourced DO acceptances median stats,10,,,13.33,45,12.00,25,"3.73 (3.10 - 4.00), (n=10)",3.73,3.1,4,10,"3.54 (2.90 - 4.00), (n=9)",3.54,2.9,4,9,"511.00 (506.00 - 519.00), (n=9)",511,506,519,9,
cycletrack_explorer,CycleTrack School Explorer,https://cycletrack.org/explorer,Illinois COM,https://cycletrack.org/explorer/school/Illinois COM,Illinois College of Osteopathic Medicine,Illinois College of Osteopathic Medicine,DO,IL,USA,DO-PhD,interviews,CycleTrack crowdsourced DO-PhD interviews median stats,0,,,,,,,X.XX,,,,,X.XX,,,,,XXX.X,,,,,cGPA suppressed by CycleTrack for small n; sGPA suppressed by CycleTrack for small n; MCAT suppressed by CycleTrack for small n
cycletrack_explorer,CycleTrack School Explorer,https://cycletrack.org/explorer,Illinois COM,https://cycletrack.org/explorer/school/Illinois COM,Illinois College of Osteopathic Medicine,Illinois College of Osteopathic Medicine,DO,IL,USA,DO-PhD,acceptances,CycleTrack crowdsourced DO-PhD acceptances median stats,0,,,,,,,X.XX,,,,,X.XX,,,,,XXX.X,,,,,cGPA suppressed by CycleTrack for small n; sGPA suppressed by CycleTrack for small n; MCAT suppressed by CycleTrack for small n
cycletrack_explorer,CycleTrack School Explorer,https://cycletrack.org/explorer,Incarnate Word,https://cycletrack.org/explorer/school/Incarnate Word,University of the Incarnate Word,University of the Incarnate Word,DO,TX,USA,DO,interviews,CycleTrack crowdsourced DO interviews median stats,98,69.37,111,,,,,"3.76 (3.17 - 4.00), (n=82)",3.76,3.17,4,82,"3.66 (3.08 - 4.00), (n=78)",3.66,3.08,4,78,"506.00 (498.00 - 519.00), (n=86)",506,498,519,86,
cycletrack_explorer,CycleTrack School Explorer,https://cycletrack.org/explorer,Incarnate Word,https://cycletrack.org/explorer/school/Incarnate Word,University of the Incarnate Word,University of the Incarnate Word,DO,TX,USA,DO,acceptances,CycleTrack crowdsourced DO acceptances median stats,46,,,40.82,98,15.38,13,"3.80 (3.43 - 4.00), (n=38)",3.8,3.43,4,38,"3.75 (3.20 - 4.00), (n=35)",3.75,3.2,4,35,"507.00 (502.00 - 516.00), (n=40)",507,502,516,40,
cycletrack_explorer,CycleTrack School Explorer,https://cycletrack.org/explorer,Incarnate Word,https://cycletrack.org/explorer/school/Incarnate Word,University of the Incarnate Word,University of the Incarnate Word,DO,TX,USA,DO-PhD,interviews,CycleTrack crowdsourced DO-PhD interviews median stats,0,,,,,,,X.XX,,,,,X.XX,,,,,XXX.X,,,,,cGPA suppressed by CycleTrack for small n; sGPA suppressed by CycleTrack for small n; MCAT suppressed by CycleTrack for small n
cycletrack_explorer,CycleTrack School Explorer,https://cycletrack.org/explorer,Incarnate Word,https://cycletrack.org/explorer/school/Incarnate Word,University of the Incarnate Word,University of the Incarnate Word,DO,TX,USA,DO-PhD,acceptances,CycleTrack crowdsourced DO-PhD acceptances median stats,0,,,,,,,X.XX,,,,,X.XX,,,,,XXX.X,,,,,cGPA suppressed by CycleTrack for small n; sGPA suppressed by CycleTrack for small n; MCAT suppressed by CycleTrack for small n
cycletrack_explorer,CycleTrack School Explorer,https://cycletrack.org/explorer,Indiana,https://cycletrack.org/explorer/school/Indiana,Indiana University,Indiana University,MD,IN,USA,MD,interviews,CycleTrack crowdsourced MD interviews median stats,186,23.12,519,,,,,"3.93 (3.28 - 4.00), (n=153)",3.93,3.28,4,153,"3.94 (2.97 - 4.00), (n=142)",3.94,2.97,4,142,"518.00 (502.00 - 528.00), (n=153)",518,502,528,153,
cycletrack_explorer,CycleTrack School Explorer,https://cycletrack.org/explorer,Indiana,https://cycletrack.org/explorer/school/Indiana,Indiana University,Indiana University,MD,IN,USA,MD,acceptances,CycleTrack crowdsourced MD acceptances median stats,78,,,37.63,186,42.86,7,"3.95 (3.28 - 4.00), (n=71)",3.95,3.28,4,71,"3.94 (2.99 - 4.00), (n=69)",3.94,2.99,4,69,"519.00 (504.00 - 528.00), (n=70)",519,504,528,70,
cycletrack_explorer,CycleTrack School Explorer,https://cycletrack.org/explorer,Indiana,https://cycletrack.org/explorer/school/Indiana,Indiana University,Indiana University,MD,IN,USA,MD-PhD,interviews,CycleTrack crowdsourced MD-PhD interviews median stats,56,40.17,117,,,,,"3.93 (3.40 - 4.00), (n=46)",3.93,3.4,4,46,"3.90 (3.11 - 4.00), (n=45)",3.9,3.11,4,45,"517.50 (507.00 - 527.00), (n=46)",517.5,507,527,46,
cycletrack_explorer,CycleTrack School Explorer,https://cycletrack.org/explorer,Indiana,https://cycletrack.org/explorer/school/Indiana,Indiana University,Indiana University,MD,IN,USA,MD-PhD,acceptances,CycleTrack crowdsourced MD-PhD acceptances median stats,17,,,30.36,56,,,"3.94 (3.50 - 4.00), (n=15)",3.94,3.5,4,15,"3.92 (3.44 - 4.00), (n=15)",3.92,3.44,4,15,"518.00 (509.00 - 527.00), (n=15)",518,509,527,15,
cycletrack_explorer,CycleTrack School Explorer,https://cycletrack.org/explorer,Iowa,https://cycletrack.org/explorer/school/Iowa,University of Iowa,University of Iowa,MD,IA,USA,MD,interviews,CycleTrack crowdsourced MD interviews median stats,234,32.35,609,,,,,"3.90 (3.05 - 4.00), (n=198)",3.9,3.05,4,198,"3.89 (3.05 - 4.00), (n=184)",3.89,3.05,4,184,"516.00 (503.00 - 526.00), (n=201)",516,503,526,201,
cycletrack_explorer,CycleTrack School Explorer,https://cycletrack.org/explorer,Iowa,https://cycletrack.org/explorer/school/Iowa,University of Iowa,University of Iowa,MD,IA,USA,MD,acceptances,CycleTrack crowdsourced MD acceptances median stats,77,,,32.48,234,7.69,39,"3.92 (3.49 - 4.00), (n=69)",3.92,3.49,4,69,"3.92 (3.35 - 4.00), (n=67)",3.92,3.35,4,67,"519.00 (505.00 - 526.00), (n=71)",519,505,526,71,
cycletrack_explorer,CycleTrack School Explorer,https://cycletrack.org/explorer,Iowa,https://cycletrack.org/explorer/school/Iowa,University of Iowa,University of Iowa,MD,IA,USA,MD-PhD,interviews,CycleTrack crowdsourced MD-PhD interviews median stats,58,45.87,109,,,,,"3.92 (3.55 - 4.00), (n=50)",3.92,3.55,4,50,"3.91 (3.42 - 4.00), (n=47)",3.91,3.42,4,47,"518.00 (505.00 - 526.00), (n=50)",518,505,526,50,
cycletrack_explorer,CycleTrack School Explorer,https://cycletrack.org/explorer,Iowa,https://cycletrack.org/explorer/school/Iowa,University of Iowa,University of Iowa,MD,IA,USA,MD-PhD,acceptances,CycleTrack crowdsourced MD-PhD acceptances median stats,32,,,51.72,58,17.65,17,"3.91 (3.68 - 4.00), (n=26)",3.91,3.68,4,26,"3.92 (3.44 - 4.00), (n=26)",3.92,3.44,4,26,"518.00 (507.00 - 524.00), (n=26)",518,507,524,26,
cycletrack_explorer,CycleTrack School Explorer,https://cycletrack.org/explorer,Jefferson,https://cycletrack.org/explorer/school/Jefferson,Thomas Jefferson University,Thomas Jefferson University,MD,PA,USA,MD,interviews,CycleTrack crowdsourced MD interviews median stats,189,6.40,2327,,,,,"3.87 (3.19 - 4.00), (n=154)",3.87,3.19,4,154,"3.83 (3.08 - 4.00), (n=148)",3.83,3.08,4,148,"515.50 (502.00 - 525.00), (n=152)",515.5,502,525,152,
cycletrack_explorer,CycleTrack School Explorer,https://cycletrack.org/explorer,Jefferson,https://cycletrack.org/explorer/school/Jefferson,Thomas Jefferson University,Thomas Jefferson University,MD,PA,USA,MD,acceptances,CycleTrack crowdsourced MD acceptances median stats,95,,,46.56,189,2.56,39,"3.88 (3.24 - 4.00), (n=83)",3.88,3.24,4,83,"3.84 (3.38 - 4.00), (n=78)",3.84,3.38,4,78,"516.00 (504.00 - 525.00), (n=83)",516,504,525,83,
cycletrack_explorer,CycleTrack School Explorer,https://cycletrack.org/explorer,Jefferson,https://cycletrack.org/explorer/school/Jefferson,Thomas Jefferson University,Thomas Jefferson University,MD,PA,USA,MD-PhD,interviews,CycleTrack crowdsourced MD-PhD interviews median stats,28,32.56,86,,,,,"3.93 (3.35 - 4.00), (n=23)",3.93,3.35,4,23,"3.90 (3.57 - 4.00), (n=23)",3.9,3.57,4,23,"520.00 (513.00 - 525.00), (n=23)",520,513,525,23,
cycletrack_explorer,CycleTrack School Explorer,https://cycletrack.org/explorer,Jefferson,https://cycletrack.org/explorer/school/Jefferson,Thomas Jefferson University,Thomas Jefferson University,MD,PA,USA,MD-PhD,acceptances,CycleTrack crowdsourced MD-PhD acceptances median stats,2,,,7.14,28,18.18,11,X.XX,,,,,X.XX,,,,,XXX.X,,,,,cGPA suppressed by CycleTrack for small n; sGPA suppressed by CycleTrack for small n; MCAT suppressed by CycleTrack for small n
cycletrack_explorer,CycleTrack School Explorer,https://cycletrack.org/explorer,Johns Hopkins,https://cycletrack.org/explorer/school/Johns Hopkins,Johns Hopkins University,Johns Hopkins University,MD,MD,USA,MD,interviews,CycleTrack crowdsourced MD interviews median stats,231,16.80,1226,,,,,"3.96 (3.50 - 4.00), (n=200)",3.96,3.5,4,200,"3.96 (3.05 - 4.00), (n=196)",3.96,3.05,4,196,"522.00 (511.00 - 528.00), (n=201)",522,511,528,201,
cycletrack_explorer,CycleTrack School Explorer,https://cycletrack.org/explorer,Johns Hopkins,https://cycletrack.org/explorer/school/Johns Hopkins,Johns Hopkins University,Johns Hopkins University,MD,MD,USA,MD,acceptances,CycleTrack crowdsourced MD acceptances median stats,57,,,24.68,231,9.86,71,"3.97 (3.78 - 4.00), (n=51)",3.97,3.78,4,51,"3.96 (3.66 - 4.00), (n=50)",3.96,3.66,4,50,"522.00 (515.00 - 527.00), (n=52)",522,515,527,52,
cycletrack_explorer,CycleTrack School Explorer,https://cycletrack.org/explorer,Johns Hopkins,https://cycletrack.org/explorer/school/Johns Hopkins,Johns Hopkins University,Johns Hopkins University,MD,MD,USA,MD-PhD,interviews,CycleTrack crowdsourced MD-PhD interviews median stats,76,27.50,240,,,,,"3.96 (3.79 - 4.00), (n=64)",3.96,3.79,4,64,"3.95 (3.78 - 4.00), (n=61)",3.95,3.78,4,61,"521.00 (514.00 - 528.00), (n=63)",521,514,528,63,
cycletrack_explorer,CycleTrack School Explorer,https://cycletrack.org/explorer,Johns Hopkins,https://cycletrack.org/explorer/school/Johns Hopkins,Johns Hopkins University,Johns Hopkins University,MD,MD,USA,MD-PhD,acceptances,CycleTrack crowdsourced MD-PhD acceptances median stats,29,,,32.89,76,30.77,13,"3.99 (3.83 - 4.00), (n=23)",3.99,3.83,4,23,"3.99 (3.78 - 4.00), (n=20)",3.99,3.78,4,20,"522.00 (515.00 - 528.00), (n=23)",522,515,528,23,
cycletrack_explorer,CycleTrack School Explorer,https://cycletrack.org/explorer,Kaiser Permanente,https://cycletrack.org/explorer/school/Kaiser Permanente,Kaiser Permanente,Kaiser Permanente,MD,CA,USA,MD,interviews,CycleTrack crowdsourced MD interviews median stats,234,15.66,1226,,,,,"3.89 (3.19 - 4.00), (n=192)",3.89,3.19,4,192,"3.90 (3.05 - 4.00), (n=180)",3.9,3.05,4,180,"518.00 (504.00 - 528.00), (n=195)",518,504,528,195,
cycletrack_explorer,CycleTrack School Explorer,https://cycletrack.org/explorer,Kaiser Permanente,https://cycletrack.org/explorer/school/Kaiser Permanente,Kaiser Permanente,Kaiser Permanente,MD,CA,USA,MD,acceptances,CycleTrack crowdsourced MD acceptances median stats,29,,,11.97,234,11.11,27,"3.95 (3.59 - 4.00), (n=27)",3.95,3.59,4,27,"3.94 (3.20 - 4.00), (n=25)",3.94,3.2,4,25,"516.00 (506.00 - 525.00), (n=27)",516,506,525,27,
cycletrack_explorer,CycleTrack School Explorer,https://cycletrack.org/explorer,Kaiser Permanente,https://cycletrack.org/explorer/school/Kaiser Permanente,Kaiser Permanente,Kaiser Permanente,MD,CA,USA,MD-PhD,interviews,CycleTrack crowdsourced MD-PhD interviews median stats,23,37.93,58,,,,,"3.97 (3.85 - 4.00), (n=21)",3.97,3.85,4,21,"3.97 (3.76 - 4.00), (n=21)",3.97,3.76,4,21,"518.00 (511.00 - 525.00), (n=21)",518,511,525,21,
cycletrack_explorer,CycleTrack School Explorer,https://cycletrack.org/explorer,Kaiser Permanente,https://cycletrack.org/explorer/school/Kaiser Permanente,Kaiser Permanente,Kaiser Permanente,MD,CA,USA,MD-PhD,acceptances,CycleTrack crowdsourced MD-PhD acceptances median stats,3,,,13.04,23,,,X.XX,,,,,X.XX,,,,,XXX.X,,,,,cGPA suppressed by CycleTrack for small n; sGPA suppressed by CycleTrack for small n; MCAT suppressed by CycleTrack for small n
cycletrack_explorer,CycleTrack School Explorer,https://cycletrack.org/explorer,Kansas,https://cycletrack.org/explorer/school/Kansas,University of Kansas,University of Kansas,MD,KS,USA,MD,interviews,CycleTrack crowdsourced MD interviews median stats,59,25.62,203,,,,,"3.92 (2.97 - 4.00), (n=50)",3.92,2.97,4,50,"3.87 (3.10 - 4.00), (n=48)",3.87,3.1,4,48,"514.00 (500.00 - 526.00), (n=52)",514,500,526,52,
cycletrack_explorer,CycleTrack School Explorer,https://cycletrack.org/explorer,Kansas,https://cycletrack.org/explorer/school/Kansas,University of Kansas,University of Kansas,MD,KS,USA,MD,acceptances,CycleTrack crowdsourced MD acceptances median stats,27,,,38.98,59,38.46,13,"3.95 (3.42 - 4.00), (n=22)",3.95,3.42,4,22,"3.90 (3.23 - 4.00), (n=22)",3.9,3.23,4,22,"515.00 (503.00 - 526.00), (n=22)",515,503,526,22,
cycletrack_explorer,CycleTrack School Explorer,https://cycletrack.org/explorer,Kansas,https://cycletrack.org/explorer/school/Kansas,University of Kansas,University of Kansas,MD,KS,USA,MD-PhD,interviews,CycleTrack crowdsourced MD-PhD interviews median stats,15,31.71,41,,,,,"3.85 (3.55 - 4.00), (n=14)",3.85,3.55,4,14,"3.82 (3.49 - 4.00), (n=12)",3.82,3.49,4,12,"515.50 (509.00 - 522.00), (n=14)",515.5,509,522,14,
cycletrack_explorer,CycleTrack School Explorer,https://cycletrack.org/explorer,Kansas,https://cycletrack.org/explorer/school/Kansas,University of Kansas,University of Kansas,MD,KS,USA,MD-PhD,acceptances,CycleTrack crowdsourced MD-PhD acceptances median stats,3,,,20.00,15,,,X.XX,,,,,X.XX,,,,,XXX.X,,,,,cGPA suppressed by CycleTrack for small n; sGPA suppressed by CycleTrack for small n; MCAT suppressed by CycleTrack for small n
cycletrack_explorer,CycleTrack School Explorer,https://cycletrack.org/explorer,Kansas COM,https://cycletrack.org/explorer/school/Kansas COM,Kansas College of Osteopathic Medicine,Kansas College of Osteopathic Medicine,DO,KS,USA,DO,interviews,CycleTrack crowdsourced DO interviews median stats,75,74.12,85,,,,,"3.54 (2.96 - 4.00), (n=62)",3.54,2.96,4,62,"3.49 (2.99 - 4.00), (n=59)",3.49,2.99,4,59,"504.00 (492.00 - 513.00), (n=64)",504,492,513,64,
cycletrack_explorer,CycleTrack School Explorer,https://cycletrack.org/explorer,Kansas COM,https://cycletrack.org/explorer/school/Kansas COM,Kansas College of Osteopathic Medicine,Kansas College of Osteopathic Medicine,DO,KS,USA,DO,acceptances,CycleTrack crowdsourced DO acceptances median stats,42,,,50.67,75,33.33,9,"3.58 (2.96 - 4.00), (n=34)",3.58,2.96,4,34,"3.50 (2.99 - 4.00), (n=31)",3.5,2.99,4,31,"504.00 (494.00 - 513.00), (n=35)",504,494,513,35,
cycletrack_explorer,CycleTrack School Explorer,https://cycletrack.org/explorer,Kansas COM,https://cycletrack.org/explorer/school/Kansas COM,Kansas College of Osteopathic Medicine,Kansas College of Osteopathic Medicine,DO,KS,USA,DO-PhD,interviews,CycleTrack crowdsourced DO-PhD interviews median stats,1,,,,,,,X.XX,,,,,X.XX,,,,,XXX.X,,,,,cGPA suppressed by CycleTrack for small n; sGPA suppressed by CycleTrack for small n; MCAT suppressed by CycleTrack for small n
cycletrack_explorer,CycleTrack School Explorer,https://cycletrack.org/explorer,Kansas COM,https://cycletrack.org/explorer/school/Kansas COM,Kansas College of Osteopathic Medicine,Kansas College of Osteopathic Medicine,DO,KS,USA,DO-PhD,acceptances,CycleTrack crowdsourced DO-PhD acceptances median stats,1,,,,,,,X.XX,,,,,X.XX,,,,,XXX.X,,,,,cGPA suppressed by CycleTrack for small n; sGPA suppressed by CycleTrack for small n; MCAT suppressed by CycleTrack for small n
cycletrack_explorer,CycleTrack School Explorer,https://cycletrack.org/explorer,Kansas City University COM,https://cycletrack.org/explorer/school/Kansas City University COM,Kansas City University,Kansas City University,DO,MO,USA,DO,interviews,CycleTrack crowdsourced DO interviews median stats,258,74.34,265,,,,,"3.80 (3.14 - 4.00), (n=220)",3.8,3.14,4,220,"3.70 (2.90 - 4.00), (n=205)",3.7,2.9,4,205,"508.00 (497.00 - 523.00), (n=225)",508,497,523,225,
cycletrack_explorer,CycleTrack School Explorer,https://cycletrack.org/explorer,Kansas City University COM,https://cycletrack.org/explorer/school/Kansas City University COM,Kansas City University,Kansas City University,DO,MO,USA,DO,acceptances,CycleTrack crowdsourced DO acceptances median stats,166,,,57.36,258,2.33,43,"3.80 (3.14 - 4.00), (n=138)",3.8,3.14,4,138,"3.71 (2.90 - 4.00), (n=128)",3.71,2.9,4,128,"509.00 (498.00 - 522.00), (n=143)",509,498,522,143,
cycletrack_explorer,CycleTrack School Explorer,https://cycletrack.org/explorer,Kansas City University COM,https://cycletrack.org/explorer/school/Kansas City University COM,Kansas City University,Kansas City University,DO,MO,USA,DO-PhD,interviews,CycleTrack crowdsourced DO-PhD interviews median stats,0,,,,,,,X.XX,,,,,X.XX,,,,,XXX.X,,,,,cGPA suppressed by CycleTrack for small n; sGPA suppressed by CycleTrack for small n; MCAT suppressed by CycleTrack for small n
cycletrack_explorer,CycleTrack School Explorer,https://cycletrack.org/explorer,Kansas City University COM,https://cycletrack.org/explorer/school/Kansas City University COM,Kansas City University,Kansas City University,DO,MO,USA,DO-PhD,acceptances,CycleTrack crowdsourced DO-PhD acceptances median stats,0,,,,,,,X.XX,,,,,X.XX,,,,,XXX.X,,,,,cGPA suppressed by CycleTrack for small n; sGPA suppressed by CycleTrack for small n; MCAT suppressed by CycleTrack for small n
cycletrack_explorer,CycleTrack School Explorer,https://cycletrack.org/explorer,Kentucky,https://cycletrack.org/explorer/school/Kentucky,University of Kentucky,University of Kentucky,MD,KY,USA,MD,interviews,CycleTrack crowdsourced MD interviews median stats,97,35.92,206,,,,,"3.89 (3.04 - 4.00), (n=79)",3.89,3.04,4,79,"3.85 (2.93 - 4.00), (n=72)",3.85,2.93,4,72,"512.00 (497.00 - 524.00), (n=81)",512,497,524,81,
cycletrack_explorer,CycleTrack School Explorer,https://cycletrack.org/explorer,Kentucky,https://cycletrack.org/explorer/school/Kentucky,University of Kentucky,University of Kentucky,MD,KY,USA,MD,acceptances,CycleTrack crowdsourced MD acceptances median stats,43,,,37.11,97,12.00,25,"3.93 (3.47 - 4.00), (n=35)",3.93,3.47,4,35,"3.89 (3.26 - 4.00), (n=33)",3.89,3.26,4,33,"514.00 (497.00 - 524.00), (n=35)",514,497,524,35,
cycletrack_explorer,CycleTrack School Explorer,https://cycletrack.org/explorer,Kentucky,https://cycletrack.org/explorer/school/Kentucky,University of Kentucky,University of Kentucky,MD,KY,USA,MD-PhD,interviews,CycleTrack crowdsourced MD-PhD interviews median stats,32,71.43,35,,,,,"3.90 (3.40 - 3.99), (n=24)",3.9,3.4,3.99,24,"3.84 (3.19 - 4.00), (n=21)",3.84,3.19,4,21,"511.50 (502.00 - 524.00), (n=26)",511.5,502,524,26,
cycletrack_explorer,CycleTrack School Explorer,https://cycletrack.org/explorer,Kentucky,https://cycletrack.org/explorer/school/Kentucky,University of Kentucky,University of Kentucky,MD,KY,USA,MD-PhD,acceptances,CycleTrack crowdsourced MD-PhD acceptances median stats,5,,,15.62,32,11.11,18,X.XX,,,,,X.XX,,,,,"509.00 (509.00 - 520.00), (n=5)",509,509,520,5,cGPA suppressed by CycleTrack for small n; sGPA suppressed by CycleTrack for small n
cycletrack_explorer,CycleTrack School Explorer,https://cycletrack.org/explorer,Kentucky COM,https://cycletrack.org/explorer/school/Kentucky COM,Kentucky College of Osteopathic Medicine,Kentucky College of Osteopathic Medicine,DO,KY,USA,DO,interviews,CycleTrack crowdsourced DO interviews median stats,51,28.36,134,,,,,"3.67 (3.00 - 4.00), (n=41)",3.67,3,4,41,"3.60 (2.70 - 4.00), (n=40)",3.6,2.7,4,40,"504.00 (495.00 - 516.00), (n=42)",504,495,516,42,
cycletrack_explorer,CycleTrack School Explorer,https://cycletrack.org/explorer,Kentucky COM,https://cycletrack.org/explorer/school/Kentucky COM,Kentucky College of Osteopathic Medicine,Kentucky College of Osteopathic Medicine,DO,KY,USA,DO,acceptances,CycleTrack crowdsourced DO acceptances median stats,33,,,60.00,50,,,"3.61 (3.28 - 3.99), (n=26)",3.61,3.28,3.99,26,"3.51 (3.00 - 4.00), (n=26)",3.51,3,4,26,"504.00 (495.00 - 512.00), (n=26)",504,495,512,26,
cycletrack_explorer,CycleTrack School Explorer,https://cycletrack.org/explorer,Kentucky COM,https://cycletrack.org/explorer/school/Kentucky COM,Kentucky College of Osteopathic Medicine,Kentucky College of Osteopathic Medicine,DO,KY,USA,DO-PhD,interviews,CycleTrack crowdsourced DO-PhD interviews median stats,0,,,,,,,X.XX,,,,,X.XX,,,,,XXX.X,,,,,cGPA suppressed by CycleTrack for small n; sGPA suppressed by CycleTrack for small n; MCAT suppressed by CycleTrack for small n
cycletrack_explorer,CycleTrack School Explorer,https://cycletrack.org/explorer,Kentucky COM,https://cycletrack.org/explorer/school/Kentucky COM,Kentucky College of Osteopathic Medicine,Kentucky College of Osteopathic Medicine,DO,KY,USA,DO-PhD,acceptances,CycleTrack crowdsourced DO-PhD acceptances median stats,0,,,,,,,X.XX,,,,,X.XX,,,,,XXX.X,,,,,cGPA suppressed by CycleTrack for small n; sGPA suppressed by CycleTrack for small n; MCAT suppressed by CycleTrack for small n
cycletrack_explorer,CycleTrack School Explorer,https://cycletrack.org/explorer,LSU - New Orleans,https://cycletrack.org/explorer/school/LSU - New Orleans,Louisiana State University (New Orleans),Louisiana State University (New Orleans),MD,LA,USA,MD,interviews,CycleTrack crowdsourced MD interviews median stats,60,44.17,120,,,,,"3.86 (3.36 - 4.00), (n=50)",3.86,3.36,4,50,"3.77 (3.23 - 4.00), (n=46)",3.77,3.23,4,46,"513.00 (500.00 - 526.00), (n=51)",513,500,526,51,
cycletrack_explorer,CycleTrack School Explorer,https://cycletrack.org/explorer,LSU - New Orleans,https://cycletrack.org/explorer/school/LSU - New Orleans,Louisiana State University (New Orleans),Louisiana State University (New Orleans),MD,LA,USA,MD,acceptances,CycleTrack crowdsourced MD acceptances median stats,33,,,48.33,60,20.00,10,"3.90 (3.40 - 4.00), (n=30)",3.9,3.4,4,30,"3.90 (3.23 - 4.00), (n=27)",3.9,3.23,4,27,"515.00 (500.00 - 526.00), (n=30)",515,500,526,30,
cycletrack_explorer,CycleTrack School Explorer,https://cycletrack.org/explorer,LSU - New Orleans,https://cycletrack.org/explorer/school/LSU - New Orleans,Louisiana State University (New Orleans),Louisiana State University (New Orleans),MD,LA,USA,MD-PhD,interviews,CycleTrack crowdsourced MD-PhD interviews median stats,8,58.33,12,,,,,"3.86 (3.40 - 4.00), (n=7)",3.86,3.4,4,7,"3.90 (3.40 - 4.00), (n=7)",3.9,3.4,4,7,"516.00 (509.00 - 524.00), (n=7)",516,509,524,7,
cycletrack_explorer,CycleTrack School Explorer,https://cycletrack.org/explorer,LSU - New Orleans,https://cycletrack.org/explorer/school/LSU - New Orleans,Louisiana State University (New Orleans),Louisiana State University (New Orleans),MD,LA,USA,MD-PhD,acceptances,CycleTrack crowdsourced MD-PhD acceptances median stats,3,,,25.00,8,,,X.XX,,,,,X.XX,,,,,XXX.X,,,,,cGPA suppressed by CycleTrack for small n; sGPA suppressed by CycleTrack for small n; MCAT suppressed by CycleTrack for small n
cycletrack_explorer,CycleTrack School Explorer,https://cycletrack.org/explorer,LSU - Shreveport,https://cycletrack.org/explorer/school/LSU - Shreveport,Louisiana State University (Shreveport),Louisiana State University (Shreveport),MD,LA,USA,MD,interviews,CycleTrack crowdsourced MD interviews median stats,31,22.58,124,,,,,"3.87 (2.00 - 4.00), (n=26)",3.87,2,4,26,"3.81 (1.82 - 4.00), (n=26)",3.81,1.82,4,26,"511.50 (500.00 - 521.00), (n=26)",511.5,500,521,26,
cycletrack_explorer,CycleTrack School Explorer,https://cycletrack.org/explorer,LSU - Shreveport,https://cycletrack.org/explorer/school/LSU - Shreveport,Louisiana State University (Shreveport),Louisiana State University (Shreveport),MD,LA,USA,MD,acceptances,CycleTrack crowdsourced MD acceptances median stats,23,,,70.97,31,,,"3.94 (3.40 - 4.00), (n=20)",3.94,3.4,4,20,"3.90 (3.23 - 4.00), (n=20)",3.9,3.23,4,20,"510.50 (504.00 - 521.00), (n=20)",510.5,504,521,20,
cycletrack_explorer,CycleTrack School Explorer,https://cycletrack.org/explorer,LSU - Shreveport,https://cycletrack.org/explorer/school/LSU - Shreveport,Louisiana State University (Shreveport),Louisiana State University (Shreveport),MD,LA,USA,MD-PhD,interviews,CycleTrack crowdsourced MD-PhD interviews median stats,3,60.00,5,,,,,X.XX,,,,,X.XX,,,,,XXX.X,,,,,cGPA suppressed by CycleTrack for small n; sGPA suppressed by CycleTrack for small n; MCAT suppressed by CycleTrack for small n
cycletrack_explorer,CycleTrack School Explorer,https://cycletrack.org/explorer,LSU - Shreveport,https://cycletrack.org/explorer/school/LSU - Shreveport,Louisiana State University (Shreveport),Louisiana State University (Shreveport),MD,LA,USA,MD-PhD,acceptances,CycleTrack crowdsourced MD-PhD acceptances median stats,3,,,,,,,X.XX,,,,,X.XX,,,,,XXX.X,,,,,cGPA suppressed by CycleTrack for small n; sGPA suppressed by CycleTrack for small n; MCAT suppressed by CycleTrack for small n
cycletrack_explorer,CycleTrack School Explorer,https://cycletrack.org/explorer,Lake Erie,https://cycletrack.org/explorer/school/Lake Erie,Lake Erie College of Osteopathic Medicine (Erie),Lake Erie College of Osteopathic Medicine (Erie),DO,PA,USA,DO,interviews,CycleTrack crowdsourced DO interviews median stats,501,78.03,487,,,,,"3.72 (2.94 - 4.00), (n=401)",3.72,2.94,4,401,"3.60 (2.54 - 4.00), (n=358)",3.6,2.54,4,358,"507.00 (485.00 - 524.00), (n=411)",507,485,524,411,
cycletrack_explorer,CycleTrack School Explorer,https://cycletrack.org/explorer,Lake Erie,https://cycletrack.org/explorer/school/Lake Erie,Lake Erie College of Osteopathic Medicine (Erie),Lake Erie College of Osteopathic Medicine (Erie),DO,PA,USA,DO,acceptances,CycleTrack crowdsourced DO acceptances median stats,116,,,21.16,501,6.47,139,"3.79 (2.94 - 4.00), (n=99)",3.79,2.94,4,99,"3.70 (2.74 - 4.00), (n=93)",3.7,2.74,4,93,"509.00 (497.00 - 522.00), (n=98)",509,497,522,98,
cycletrack_explorer,CycleTrack School Explorer,https://cycletrack.org/explorer,Lake Erie,https://cycletrack.org/explorer/school/Lake Erie,Lake Erie College of Osteopathic Medicine (Erie),Lake Erie College of Osteopathic Medicine (Erie),DO,PA,USA,DO-PhD,interviews,CycleTrack crowdsourced DO-PhD interviews median stats,0,,,,,,,X.XX,,,,,X.XX,,,,,XXX.X,,,,,cGPA suppressed by CycleTrack for small n; sGPA suppressed by CycleTrack for small n; MCAT suppressed by CycleTrack for small n
cycletrack_explorer,CycleTrack School Explorer,https://cycletrack.org/explorer,Lake Erie,https://cycletrack.org/explorer/school/Lake Erie,Lake Erie College of Osteopathic Medicine (Erie),Lake Erie College of Osteopathic Medicine (Erie),DO,PA,USA,DO-PhD,acceptances,CycleTrack crowdsourced DO-PhD acceptances median stats,0,,,,,,,X.XX,,,,,X.XX,,,,,XXX.X,,,,,cGPA suppressed by CycleTrack for small n; sGPA suppressed by CycleTrack for small n; MCAT suppressed by CycleTrack for small n
cycletrack_explorer,CycleTrack School Explorer,https://cycletrack.org/explorer,Lake Erie - Bradenton,https://cycletrack.org/explorer/school/Lake Erie - Bradenton,Lake Erie College of Osteopathic Medicine (Bradenton),Lake Erie College of Osteopathic Medicine (Bradenton),DO,FL,USA,DO,interviews,CycleTrack crowdsourced DO interviews median stats,128,56.98,172,,,,,"3.79 (3.14 - 4.00), (n=117)",3.79,3.14,4,117,"3.67 (2.90 - 4.00), (n=102)",3.67,2.9,4,102,"507.00 (491.00 - 520.00), (n=117)",507,491,520,117,
cycletrack_explorer,CycleTrack School Explorer,https://cycletrack.org/explorer,Lake Erie - Bradenton,https://cycletrack.org/explorer/school/Lake Erie - Bradenton,Lake Erie College of Osteopathic Medicine (Bradenton),Lake Erie College of Osteopathic Medicine (Bradenton),DO,FL,USA,DO,acceptances,CycleTrack crowdsourced DO acceptances median stats,23,,,14.06,128,12.12,66,"3.87 (3.59 - 4.00), (n=21)",3.87,3.59,4,21,"3.82 (3.59 - 4.00), (n=19)",3.82,3.59,4,19,"509.00 (501.00 - 519.00), (n=21)",509,501,519,21,
cycletrack_explorer,CycleTrack School Explorer,https://cycletrack.org/explorer,Lake Erie - Bradenton,https://cycletrack.org/explorer/school/Lake Erie - Bradenton,Lake Erie College of Osteopathic Medicine (Bradenton),Lake Erie College of Osteopathic Medicine (Bradenton),DO,FL,USA,DO-PhD,interviews,CycleTrack crowdsourced DO-PhD interviews median stats,0,,,,,,,X.XX,,,,,X.XX,,,,,XXX.X,,,,,cGPA suppressed by CycleTrack for small n; sGPA suppressed by CycleTrack for small n; MCAT suppressed by CycleTrack for small n
cycletrack_explorer,CycleTrack School Explorer,https://cycletrack.org/explorer,Lake Erie - Bradenton,https://cycletrack.org/explorer/school/Lake Erie - Bradenton,Lake Erie College of Osteopathic Medicine (Bradenton),Lake Erie College of Osteopathic Medicine (Bradenton),DO,FL,USA,DO-PhD,acceptances,CycleTrack crowdsourced DO-PhD acceptances median stats,0,,,,,,,X.XX,,,,,X.XX,,,,,XXX.X,,,,,cGPA suppressed by CycleTrack for small n; sGPA suppressed by CycleTrack for small n; MCAT suppressed by CycleTrack for small n
cycletrack_explorer,CycleTrack School Explorer,https://cycletrack.org/explorer,Laval,https://cycletrack.org/explorer/school/Laval,Laval University,Laval University,MD,QC,CAN,MD,interviews,CycleTrack crowdsourced MD interviews median stats,0,,,,,,,X.XX,,,,,X.XX,,,,,XXX.X,,,,,cGPA suppressed by CycleTrack for small n; sGPA suppressed by CycleTrack for small n; MCAT suppressed by CycleTrack for small n
cycletrack_explorer,CycleTrack School Explorer,https://cycletrack.org/explorer,Laval,https://cycletrack.org/explorer/school/Laval,Laval University,Laval University,MD,QC,CAN,MD,acceptances,CycleTrack crowdsourced MD acceptances median stats,0,,,,,,,X.XX,,,,,X.XX,,,,,XXX.X,,,,,cGPA suppressed by CycleTrack for small n; sGPA suppressed by CycleTrack for small n; MCAT suppressed by CycleTrack for small n
cycletrack_explorer,CycleTrack School Explorer,https://cycletrack.org/explorer,Laval,https://cycletrack.org/explorer/school/Laval,Laval University,Laval University,MD,QC,CAN,MD-PhD,interviews,CycleTrack crowdsourced MD-PhD interviews median stats,0,,,,,,,X.XX,,,,,X.XX,,,,,XXX.X,,,,,cGPA suppressed by CycleTrack for small n; sGPA suppressed by CycleTrack for small n; MCAT suppressed by CycleTrack for small n
cycletrack_explorer,CycleTrack School Explorer,https://cycletrack.org/explorer,Laval,https://cycletrack.org/explorer/school/Laval,Laval University,Laval University,MD,QC,CAN,MD-PhD,acceptances,CycleTrack crowdsourced MD-PhD acceptances median stats,0,,,,,,,X.XX,,,,,X.XX,,,,,XXX.X,,,,,cGPA suppressed by CycleTrack for small n; sGPA suppressed by CycleTrack for small n; MCAT suppressed by CycleTrack for small n
cycletrack_explorer,CycleTrack School Explorer,https://cycletrack.org/explorer,Liberty,https://cycletrack.org/explorer/school/Liberty,Liberty University,Liberty University,DO,VA,USA,DO,interviews,CycleTrack crowdsourced DO interviews median stats,64,86.89,61,,,,,"3.78 (3.02 - 4.00), (n=53)",3.78,3.02,4,53,"3.62 (3.00 - 4.00), (n=48)",3.62,3,4,48,"504.00 (499.00 - 523.00), (n=56)",504,499,523,56,
cycletrack_explorer,CycleTrack School Explorer,https://cycletrack.org/explorer,Liberty,https://cycletrack.org/explorer/school/Liberty,Liberty University,Liberty University,DO,VA,USA,DO,acceptances,CycleTrack crowdsourced DO acceptances median stats,35,,,51.56,64,,,"3.79 (3.20 - 3.98), (n=27)",3.79,3.2,3.98,27,"3.62 (3.01 - 4.00), (n=26)",3.62,3.01,4,26,"504.00 (499.00 - 517.00), (n=28)",504,499,517,28,
cycletrack_explorer,CycleTrack School Explorer,https://cycletrack.org/explorer,Liberty,https://cycletrack.org/explorer/school/Liberty,Liberty University,Liberty University,DO,VA,USA,DO-PhD,interviews,CycleTrack crowdsourced DO-PhD interviews median stats,0,,,,,,,X.XX,,,,,X.XX,,,,,XXX.X,,,,,cGPA suppressed by CycleTrack for small n; sGPA suppressed by CycleTrack for small n; MCAT suppressed by CycleTrack for small n
cycletrack_explorer,CycleTrack School Explorer,https://cycletrack.org/explorer,Liberty,https://cycletrack.org/explorer/school/Liberty,Liberty University,Liberty University,DO,VA,USA,DO-PhD,acceptances,CycleTrack crowdsourced DO-PhD acceptances median stats,0,,,,,,,X.XX,,,,,X.XX,,,,,XXX.X,,,,,cGPA suppressed by CycleTrack for small n; sGPA suppressed by CycleTrack for small n; MCAT suppressed by CycleTrack for small n
cycletrack_explorer,CycleTrack School Explorer,https://cycletrack.org/explorer,Lincoln Memorial,https://cycletrack.org/explorer/school/Lincoln Memorial,Lincoln Memorial University,Lincoln Memorial University,DO,TN,USA,DO,interviews,CycleTrack crowdsourced DO interviews median stats,185,62.10,248,,,,,"3.68 (2.98 - 4.00), (n=157)",3.68,2.98,4,157,"3.55 (2.86 - 4.00), (n=142)",3.55,2.86,4,142,"503.00 (491.00 - 519.00), (n=159)",503,491,519,159,
cycletrack_explorer,CycleTrack School Explorer,https://cycletrack.org/explorer,Lincoln Memorial,https://cycletrack.org/explorer/school/Lincoln Memorial,Lincoln Memorial University,Lincoln Memorial University,DO,TN,USA,DO,acceptances,CycleTrack crowdsourced DO acceptances median stats,92,,,43.78,185,15.00,20,"3.71 (2.98 - 4.00), (n=77)",3.71,2.98,4,77,"3.60 (2.90 - 4.00), (n=71)",3.6,2.9,4,71,"504.00 (494.00 - 519.00), (n=78)",504,494,519,78,
cycletrack_explorer,CycleTrack School Explorer,https://cycletrack.org/explorer,Lincoln Memorial,https://cycletrack.org/explorer/school/Lincoln Memorial,Lincoln Memorial University,Lincoln Memorial University,DO,TN,USA,DO-PhD,interviews,CycleTrack crowdsourced DO-PhD interviews median stats,1,,,,,,,X.XX,,,,,X.XX,,,,,XXX.X,,,,,cGPA suppressed by CycleTrack for small n; sGPA suppressed by CycleTrack for small n; MCAT suppressed by CycleTrack for small n
cycletrack_explorer,CycleTrack School Explorer,https://cycletrack.org/explorer,Lincoln Memorial,https://cycletrack.org/explorer/school/Lincoln Memorial,Lincoln Memorial University,Lincoln Memorial University,DO,TN,USA,DO-PhD,acceptances,CycleTrack crowdsourced DO-PhD acceptances median stats,0,,,,,,,X.XX,,,,,X.XX,,,,,XXX.X,,,,,cGPA suppressed by CycleTrack for small n; sGPA suppressed by CycleTrack for small n; MCAT suppressed by CycleTrack for small n
cycletrack_explorer,CycleTrack School Explorer,https://cycletrack.org/explorer,Loma Linda,https://cycletrack.org/explorer/school/Loma Linda,Loma Linda University,Loma Linda University,MD,CA,USA,MD,interviews,CycleTrack crowdsourced MD interviews median stats,58,19.46,221,,,,,"3.90 (2.92 - 4.00), (n=52)",3.9,2.92,4,52,"3.89 (3.06 - 4.00), (n=51)",3.89,3.06,4,51,"514.00 (498.00 - 528.00), (n=53)",514,498,528,53,
cycletrack_explorer,CycleTrack School Explorer,https://cycletrack.org/explorer,Loma Linda,https://cycletrack.org/explorer/school/Loma Linda,Loma Linda University,Loma Linda University,MD,CA,USA,MD,acceptances,CycleTrack crowdsourced MD acceptances median stats,39,,,63.79,58,42.86,14,"3.90 (2.92 - 4.00), (n=34)",3.9,2.92,4,34,"3.90 (3.06 - 4.00), (n=32)",3.9,3.06,4,32,"516.00 (498.00 - 528.00), (n=35)",516,498,528,35,
cycletrack_explorer,CycleTrack School Explorer,https://cycletrack.org/explorer,Loma Linda,https://cycletrack.org/explorer/school/Loma Linda,Loma Linda University,Loma Linda University,MD,CA,USA,MD-PhD,interviews,CycleTrack crowdsourced MD-PhD interviews median stats,1,,,,,,,X.XX,,,,,X.XX,,,,,XXX.X,,,,,cGPA suppressed by CycleTrack for small n; sGPA suppressed by CycleTrack for small n; MCAT suppressed by CycleTrack for small n
cycletrack_explorer,CycleTrack School Explorer,https://cycletrack.org/explorer,Loma Linda,https://cycletrack.org/explorer/school/Loma Linda,Loma Linda University,Loma Linda University,MD,CA,USA,MD-PhD,acceptances,CycleTrack crowdsourced MD-PhD acceptances median stats,1,,,,,,,X.XX,,,,,X.XX,,,,,XXX.X,,,,,cGPA suppressed by CycleTrack for small n; sGPA suppressed by CycleTrack for small n; MCAT suppressed by CycleTrack for small n
cycletrack_explorer,CycleTrack School Explorer,https://cycletrack.org/explorer,Louisville,https://cycletrack.org/explorer/school/Louisville,University of Louisville,University of Louisville,MD,KY,USA,MD,interviews,CycleTrack crowdsourced MD interviews median stats,85,23.08,312,,,,,"3.87 (3.10 - 4.00), (n=70)",3.87,3.1,4,70,"3.80 (3.26 - 4.00), (n=62)",3.8,3.26,4,62,"511.00 (501.00 - 524.00), (n=71)",511,501,524,71,
cycletrack_explorer,CycleTrack School Explorer,https://cycletrack.org/explorer,Louisville,https://cycletrack.org/explorer/school/Louisville,University of Louisville,University of Louisville,MD,KY,USA,MD,acceptances,CycleTrack crowdsourced MD acceptances median stats,55,,,55.29,85,34.62,26,"3.84 (3.40 - 4.00), (n=42)",3.84,3.4,4,42,"3.80 (3.26 - 4.00), (n=39)",3.8,3.26,4,39,"514.00 (502.00 - 524.00), (n=42)",514,502,524,42,
cycletrack_explorer,CycleTrack School Explorer,https://cycletrack.org/explorer,Louisville,https://cycletrack.org/explorer/school/Louisville,University of Louisville,University of Louisville,MD,KY,USA,MD-PhD,interviews,CycleTrack crowdsourced MD-PhD interviews median stats,16,52.38,21,,,,,"3.81 (3.40 - 3.95), (n=13)",3.81,3.4,3.95,13,"3.79 (3.20 - 3.92), (n=12)",3.79,3.2,3.92,12,"513.00 (506.00 - 521.00), (n=13)",513,506,521,13,
cycletrack_explorer,CycleTrack School Explorer,https://cycletrack.org/explorer,Louisville,https://cycletrack.org/explorer/school/Louisville,University of Louisville,University of Louisville,MD,KY,USA,MD-PhD,acceptances,CycleTrack crowdsourced MD-PhD acceptances median stats,3,,,18.75,16,14.29,7,X.XX,,,,,X.XX,,,,,XXX.X,,,,,cGPA suppressed by CycleTrack for small n; sGPA suppressed by CycleTrack for small n; MCAT suppressed by CycleTrack for small n
cycletrack_explorer,CycleTrack School Explorer,https://cycletrack.org/explorer,Loyola,https://cycletrack.org/explorer/school/Loyola,Loyola University,Loyola University,MD,IL,USA,MD,interviews,CycleTrack crowdsourced MD interviews median stats,175,11.51,1294,,,,,"3.85 (3.26 - 4.00), (n=146)",3.85,3.26,4,146,"3.83 (3.10 - 4.00), (n=132)",3.83,3.1,4,132,"514.00 (496.00 - 526.00), (n=147)",514,496,526,147,
cycletrack_explorer,CycleTrack School Explorer,https://cycletrack.org/explorer,Loyola,https://cycletrack.org/explorer/school/Loyola,Loyola University,Loyola University,MD,IL,USA,MD,acceptances,CycleTrack crowdsourced MD acceptances median stats,102,,,54.86,175,20.83,24,"3.86 (3.27 - 4.00), (n=84)",3.86,3.27,4,84,"3.84 (3.10 - 4.00), (n=77)",3.84,3.1,4,77,"514.00 (503.00 - 526.00), (n=84)",514,503,526,84,
cycletrack_explorer,CycleTrack School Explorer,https://cycletrack.org/explorer,Loyola,https://cycletrack.org/explorer/school/Loyola,Loyola University,Loyola University,MD,IL,USA,MD-PhD,interviews,CycleTrack crowdsourced MD-PhD interviews median stats,19,43.59,39,,,,,"3.87 (3.27 - 3.99), (n=13)",3.87,3.27,3.99,13,"3.80 (3.09 - 3.99), (n=11)",3.8,3.09,3.99,11,"515.00 (511.00 - 525.00), (n=13)",515,511,525,13,
cycletrack_explorer,CycleTrack School Explorer,https://cycletrack.org/explorer,Loyola,https://cycletrack.org/explorer/school/Loyola,Loyola University,Loyola University,MD,IL,USA,MD-PhD,acceptances,CycleTrack crowdsourced MD-PhD acceptances median stats,4,,,21.05,19,,,X.XX,,,,,X.XX,,,,,XXX.X,,,,,cGPA suppressed by CycleTrack for small n; sGPA suppressed by CycleTrack for small n; MCAT suppressed by CycleTrack for small n
cycletrack_explorer,CycleTrack School Explorer,https://cycletrack.org/explorer,Manitoba,https://cycletrack.org/explorer/school/Manitoba,University of Manitoba,University of Manitoba,MD,MB,CAN,MD,interviews,CycleTrack crowdsourced MD interviews median stats,0,0.00,7,,,,,X.XX,,,,,X.XX,,,,,XXX.X,,,,,cGPA suppressed by CycleTrack for small n; sGPA suppressed by CycleTrack for small n; MCAT suppressed by CycleTrack for small n
cycletrack_explorer,CycleTrack School Explorer,https://cycletrack.org/explorer,Manitoba,https://cycletrack.org/explorer/school/Manitoba,University of Manitoba,University of Manitoba,MD,MB,CAN,MD,acceptances,CycleTrack crowdsourced MD acceptances median stats,0,,,,,,,X.XX,,,,,X.XX,,,,,XXX.X,,,,,cGPA suppressed by CycleTrack for small n; sGPA suppressed by CycleTrack for small n; MCAT suppressed by CycleTrack for small n
cycletrack_explorer,CycleTrack School Explorer,https://cycletrack.org/explorer,Manitoba,https://cycletrack.org/explorer/school/Manitoba,University of Manitoba,University of Manitoba,MD,MB,CAN,MD-PhD,interviews,CycleTrack crowdsourced MD-PhD interviews median stats,0,,,,,,,X.XX,,,,,X.XX,,,,,XXX.X,,,,,cGPA suppressed by CycleTrack for small n; sGPA suppressed by CycleTrack for small n; MCAT suppressed by CycleTrack for small n
cycletrack_explorer,CycleTrack School Explorer,https://cycletrack.org/explorer,Manitoba,https://cycletrack.org/explorer/school/Manitoba,University of Manitoba,University of Manitoba,MD,MB,CAN,MD-PhD,acceptances,CycleTrack crowdsourced MD-PhD acceptances median stats,0,,,,,,,X.XX,,,,,X.XX,,,,,XXX.X,,,,,cGPA suppressed by CycleTrack for small n; sGPA suppressed by CycleTrack for small n; MCAT suppressed by CycleTrack for small n
cycletrack_explorer,CycleTrack School Explorer,https://cycletrack.org/explorer,Marian,https://cycletrack.org/explorer/school/Marian,Marian University,Marian University,DO,IN,USA,DO,interviews,CycleTrack crowdsourced DO interviews median stats,87,37.30,185,,,,,"3.83 (3.37 - 4.00), (n=78)",3.83,3.37,4,78,"3.75 (3.17 - 4.00), (n=71)",3.75,3.17,4,71,"506.00 (494.00 - 522.00), (n=78)",506,494,522,78,
cycletrack_explorer,CycleTrack School Explorer,https://cycletrack.org/explorer,Marian,https://cycletrack.org/explorer/school/Marian,Marian University,Marian University,DO,IN,USA,DO,acceptances,CycleTrack crowdsourced DO acceptances median stats,33,,,34.48,87,18.52,27,"3.86 (3.40 - 4.00), (n=27)",3.86,3.4,4,27,"3.78 (3.40 - 4.00), (n=22)",3.78,3.4,4,22,"506.00 (500.00 - 522.00), (n=27)",506,500,522,27,
cycletrack_explorer,CycleTrack School Explorer,https://cycletrack.org/explorer,Marian,https://cycletrack.org/explorer/school/Marian,Marian University,Marian University,DO,IN,USA,DO-PhD,interviews,CycleTrack crowdsourced DO-PhD interviews median stats,0,,,,,,,X.XX,,,,,X.XX,,,,,XXX.X,,,,,cGPA suppressed by CycleTrack for small n; sGPA suppressed by CycleTrack for small n; MCAT suppressed by CycleTrack for small n
cycletrack_explorer,CycleTrack School Explorer,https://cycletrack.org/explorer,Marian,https://cycletrack.org/explorer/school/Marian,Marian University,Marian University,DO,IN,USA,DO-PhD,acceptances,CycleTrack crowdsourced DO-PhD acceptances median stats,0,,,,,,,X.XX,,,,,X.XX,,,,,XXX.X,,,,,cGPA suppressed by CycleTrack for small n; sGPA suppressed by CycleTrack for small n; MCAT suppressed by CycleTrack for small n
cycletrack_explorer,CycleTrack School Explorer,https://cycletrack.org/explorer,Marshall,https://cycletrack.org/explorer/school/Marshall,Marshall University,Marshall University,MD,WV,USA,MD,interviews,CycleTrack crowdsourced MD interviews median stats,61,33.54,158,,,,,"3.86 (3.46 - 4.00), (n=57)",3.86,3.46,4,57,"3.80 (3.32 - 4.00), (n=49)",3.8,3.32,4,49,"511.00 (504.00 - 524.00), (n=59)",511,504,524,59,
cycletrack_explorer,CycleTrack School Explorer,https://cycletrack.org/explorer,Marshall,https://cycletrack.org/explorer/school/Marshall,Marshall University,Marshall University,MD,WV,USA,MD,acceptances,CycleTrack crowdsourced MD acceptances median stats,34,,,45.90,61,27.78,18,"3.92 (3.46 - 4.00), (n=31)",3.92,3.46,4,31,"3.93 (3.32 - 4.00), (n=27)",3.93,3.32,4,27,"515.00 (504.00 - 524.00), (n=33)",515,504,524,33,
cycletrack_explorer,CycleTrack School Explorer,https://cycletrack.org/explorer,Marshall,https://cycletrack.org/explorer/school/Marshall,Marshall University,Marshall University,MD,WV,USA,MD-PhD,interviews,CycleTrack crowdsourced MD-PhD interviews median stats,1,20.00,5,,,,,X.XX,,,,,X.XX,,,,,XXX.X,,,,,cGPA suppressed by CycleTrack for small n; sGPA suppressed by CycleTrack for small n; MCAT suppressed by CycleTrack for small n
cycletrack_explorer,CycleTrack School Explorer,https://cycletrack.org/explorer,Marshall,https://cycletrack.org/explorer/school/Marshall,Marshall University,Marshall University,MD,WV,USA,MD-PhD,acceptances,CycleTrack crowdsourced MD-PhD acceptances median stats,1,,,,,,,X.XX,,,,,X.XX,,,,,XXX.X,,,,,cGPA suppressed by CycleTrack for small n; sGPA suppressed by CycleTrack for small n; MCAT suppressed by CycleTrack for small n
cycletrack_explorer,CycleTrack School Explorer,https://cycletrack.org/explorer,Maryland,https://cycletrack.org/explorer/school/Maryland,University of Maryland,University of Maryland,MD,MD,USA,MD,interviews,CycleTrack crowdsourced MD interviews median stats,210,21.01,809,,,,,"3.91 (3.50 - 4.00), (n=175)",3.91,3.5,4,175,"3.90 (3.30 - 4.00), (n=167)",3.9,3.3,4,167,"517.00 (503.00 - 527.00), (n=180)",517,503,527,180,
cycletrack_explorer,CycleTrack School Explorer,https://cycletrack.org/explorer,Maryland,https://cycletrack.org/explorer/school/Maryland,University of Maryland,University of Maryland,MD,MD,USA,MD,acceptances,CycleTrack crowdsourced MD acceptances median stats,97,,,42.86,210,0.00,63,"3.92 (3.26 - 4.00), (n=80)",3.92,3.26,4,80,"3.91 (3.10 - 4.00), (n=77)",3.91,3.1,4,77,"516.50 (505.00 - 526.00), (n=82)",516.5,505,526,82,
cycletrack_explorer,CycleTrack School Explorer,https://cycletrack.org/explorer,Maryland,https://cycletrack.org/explorer/school/Maryland,University of Maryland,University of Maryland,MD,MD,USA,MD-PhD,interviews,CycleTrack crowdsourced MD-PhD interviews median stats,36,19.33,150,,,,,"3.95 (3.49 - 4.00), (n=32)",3.95,3.49,4,32,"3.91 (3.45 - 4.00), (n=32)",3.91,3.45,4,32,"516.00 (507.00 - 526.00), (n=33)",516,507,526,33,
cycletrack_explorer,CycleTrack School Explorer,https://cycletrack.org/explorer,Maryland,https://cycletrack.org/explorer/school/Maryland,University of Maryland,University of Maryland,MD,MD,USA,MD-PhD,acceptances,CycleTrack crowdsourced MD-PhD acceptances median stats,11,,,30.56,36,0.00,11,"3.88 (3.49 - 3.99), (n=10)",3.88,3.49,3.99,10,"3.84 (3.45 - 4.00), (n=10)",3.84,3.45,4,10,"516.50 (510.00 - 523.00), (n=10)",516.5,510,523,10,
cycletrack_explorer,CycleTrack School Explorer,https://cycletrack.org/explorer,Massachussetts,https://cycletrack.org/explorer/school/Massachussetts,University of Massachusetts,University of Massachusetts,MD,MA,USA,MD,interviews,CycleTrack crowdsourced MD interviews median stats,345,32.95,865,,,,,"3.86 (3.18 - 4.00), (n=280)",3.86,3.18,4,280,"3.85 (2.93 - 4.00), (n=255)",3.85,2.93,4,255,"516.00 (500.00 - 526.00), (n=281)",516,500,526,281,
cycletrack_explorer,CycleTrack School Explorer,https://cycletrack.org/explorer,Massachussetts,https://cycletrack.org/explorer/school/Massachussetts,University of Massachusetts,University of Massachusetts,MD,MA,USA,MD,acceptances,CycleTrack crowdsourced MD acceptances median stats,114,,,31.01,345,11.11,45,"3.85 (3.20 - 4.00), (n=88)",3.85,3.2,4,88,"3.83 (3.10 - 4.00), (n=83)",3.83,3.1,4,83,"515.00 (501.00 - 526.00), (n=87)",515,501,526,87,
cycletrack_explorer,CycleTrack School Explorer,https://cycletrack.org/explorer,Massachussetts,https://cycletrack.org/explorer/school/Massachussetts,University of Massachusetts,University of Massachusetts,MD,MA,USA,MD-PhD,interviews,CycleTrack crowdsourced MD-PhD interviews median stats,77,64.42,104,,,,,"3.89 (3.47 - 4.00), (n=65)",3.89,3.47,4,65,"3.89 (3.20 - 4.00), (n=59)",3.89,3.2,4,59,"516.00 (500.00 - 526.00), (n=66)",516,500,526,66,
cycletrack_explorer,CycleTrack School Explorer,https://cycletrack.org/explorer,Massachussetts,https://cycletrack.org/explorer/school/Massachussetts,University of Massachusetts,University of Massachusetts,MD,MA,USA,MD-PhD,acceptances,CycleTrack crowdsourced MD-PhD acceptances median stats,19,,,24.68,77,5.88,17,"3.87 (3.47 - 4.00), (n=17)",3.87,3.47,4,17,"3.89 (3.20 - 4.00), (n=15)",3.89,3.2,4,15,"517.00 (507.00 - 525.00), (n=17)",517,507,525,17,
cycletrack_explorer,CycleTrack School Explorer,https://cycletrack.org/explorer,Mayo,https://cycletrack.org/explorer/school/Mayo,Mayo Clinic,Mayo Clinic,MD,MN,USA,MD,interviews,CycleTrack crowdsourced MD interviews median stats,346,22.35,1347,,,,,"3.95 (3.13 - 4.00), (n=293)",3.95,3.13,4,293,"3.95 (3.25 - 4.00), (n=281)",3.95,3.25,4,281,"521.00 (508.00 - 528.00), (n=299)",521,508,528,299,
cycletrack_explorer,CycleTrack School Explorer,https://cycletrack.org/explorer,Mayo,https://cycletrack.org/explorer/school/Mayo,Mayo Clinic,Mayo Clinic,MD,MN,USA,MD,acceptances,CycleTrack crowdsourced MD acceptances median stats,63,,,17.34,346,5.47,128,"3.95 (3.13 - 4.00), (n=57)",3.95,3.13,4,57,"3.93 (3.00 - 4.00), (n=53)",3.93,3,4,53,"522.00 (508.00 - 528.00), (n=56)",522,508,528,56,
cycletrack_explorer,CycleTrack School Explorer,https://cycletrack.org/explorer,Mayo,https://cycletrack.org/explorer/school/Mayo,Mayo Clinic,Mayo Clinic,MD,MN,USA,MD-PhD,interviews,CycleTrack crowdsourced MD-PhD interviews median stats,57,25.24,206,,,,,"3.98 (3.24 - 4.00), (n=43)",3.98,3.24,4,43,"3.98 (3.18 - 4.00), (n=41)",3.98,3.18,4,41,"522.00 (513.00 - 528.00), (n=44)",522,513,528,44,
cycletrack_explorer,CycleTrack School Explorer,https://cycletrack.org/explorer,Mayo,https://cycletrack.org/explorer/school/Mayo,Mayo Clinic,Mayo Clinic,MD,MN,USA,MD-PhD,acceptances,CycleTrack crowdsourced MD-PhD acceptances median stats,16,,,26.32,57,9.38,32,"3.94 (3.67 - 4.00), (n=14)",3.94,3.67,4,14,"3.94 (3.75 - 4.00), (n=14)",3.94,3.75,4,14,"521.00 (514.00 - 526.00), (n=14)",521,514,526,14,
cycletrack_explorer,CycleTrack School Explorer,https://cycletrack.org/explorer,McGill,https://cycletrack.org/explorer/school/McGill,McGill University,McGill University,MD,QC,CAN,MD,interviews,CycleTrack crowdsourced MD interviews median stats,3,,,,,,,X.XX,,,,,X.XX,,,,,XXX.X,,,,,cGPA suppressed by CycleTrack for small n; sGPA suppressed by CycleTrack for small n; MCAT suppressed by CycleTrack for small n
cycletrack_explorer,CycleTrack School Explorer,https://cycletrack.org/explorer,McGill,https://cycletrack.org/explorer/school/McGill,McGill University,McGill University,MD,QC,CAN,MD,acceptances,CycleTrack crowdsourced MD acceptances median stats,0,,,,,,,X.XX,,,,,X.XX,,,,,XXX.X,,,,,cGPA suppressed by CycleTrack for small n; sGPA suppressed by CycleTrack for small n; MCAT suppressed by CycleTrack for small n
cycletrack_explorer,CycleTrack School Explorer,https://cycletrack.org/explorer,McGill,https://cycletrack.org/explorer/school/McGill,McGill University,McGill University,MD,QC,CAN,MD-PhD,interviews,CycleTrack crowdsourced MD-PhD interviews median stats,1,,,,,,,X.XX,,,,,X.XX,,,,,XXX.X,,,,,cGPA suppressed by CycleTrack for small n; sGPA suppressed by CycleTrack for small n; MCAT suppressed by CycleTrack for small n
cycletrack_explorer,CycleTrack School Explorer,https://cycletrack.org/explorer,McGill,https://cycletrack.org/explorer/school/McGill,McGill University,McGill University,MD,QC,CAN,MD-PhD,acceptances,CycleTrack crowdsourced MD-PhD acceptances median stats,1,,,,,,,X.XX,,,,,X.XX,,,,,XXX.X,,,,,cGPA suppressed by CycleTrack for small n; sGPA suppressed by CycleTrack for small n; MCAT suppressed by CycleTrack for small n
cycletrack_explorer,CycleTrack School Explorer,https://cycletrack.org/explorer,McMaster,https://cycletrack.org/explorer/school/McMaster,McMaster University,McMaster University,MD,ON,CAN,MD,interviews,CycleTrack crowdsourced MD interviews median stats,6,22.22,18,,,,,X.XX,,,,,X.XX,,,,,XXX.X,,,,,cGPA suppressed by CycleTrack for small n; sGPA suppressed by CycleTrack for small n; MCAT suppressed by CycleTrack for small n
cycletrack_explorer,CycleTrack School Explorer,https://cycletrack.org/explorer,McMaster,https://cycletrack.org/explorer/school/McMaster,McMaster University,McMaster University,MD,ON,CAN,MD,acceptances,CycleTrack crowdsourced MD acceptances median stats,2,,,33.33,6,,,X.XX,,,,,X.XX,,,,,XXX.X,,,,,cGPA suppressed by CycleTrack for small n; sGPA suppressed by CycleTrack for small n; MCAT suppressed by CycleTrack for small n
cycletrack_explorer,CycleTrack School Explorer,https://cycletrack.org/explorer,McMaster,https://cycletrack.org/explorer/school/McMaster,McMaster University,McMaster University,MD,ON,CAN,MD-PhD,interviews,CycleTrack crowdsourced MD-PhD interviews median stats,1,,,,,,,X.XX,,,,,X.XX,,,,,XXX.X,,,,,cGPA suppressed by CycleTrack for small n; sGPA suppressed by CycleTrack for small n; MCAT suppressed by CycleTrack for small n
cycletrack_explorer,CycleTrack School Explorer,https://cycletrack.org/explorer,McMaster,https://cycletrack.org/explorer/school/McMaster,McMaster University,McMaster University,MD,ON,CAN,MD-PhD,acceptances,CycleTrack crowdsourced MD-PhD acceptances median stats,0,,,,,,,X.XX,,,,,X.XX,,,,,XXX.X,,,,,cGPA suppressed by CycleTrack for small n; sGPA suppressed by CycleTrack for small n; MCAT suppressed by CycleTrack for small n
cycletrack_explorer,CycleTrack School Explorer,https://cycletrack.org/explorer,Medical College of Georgia,https://cycletrack.org/explorer/school/Medical College of Georgia,Medical College of Georgia,Medical College of Georgia,MD,GA,USA,MD,interviews,CycleTrack crowdsourced MD interviews median stats,168,54.83,259,,,,,"3.86 (3.05 - 4.00), (n=144)",3.86,3.05,4,144,"3.84 (2.98 - 4.00), (n=136)",3.84,2.98,4,136,"515.00 (501.00 - 526.00), (n=146)",515,501,526,146,
cycletrack_explorer,CycleTrack School Explorer,https://cycletrack.org/explorer,Medical College of Georgia,https://cycletrack.org/explorer/school/Medical College of Georgia,Medical College of Georgia,Medical College of Georgia,MD,GA,USA,MD,acceptances,CycleTrack crowdsourced MD acceptances median stats,88,,,48.81,168,21.05,38,"3.89 (3.05 - 4.00), (n=78)",3.89,3.05,4,78,"3.85 (3.15 - 4.00), (n=73)",3.85,3.15,4,73,"516.00 (501.00 - 526.00), (n=78)",516,501,526,78,
cycletrack_explorer,CycleTrack School Explorer,https://cycletrack.org/explorer,Medical College of Georgia,https://cycletrack.org/explorer/school/Medical College of Georgia,Medical College of Georgia,Medical College of Georgia,MD,GA,USA,MD-PhD,interviews,CycleTrack crowdsourced MD-PhD interviews median stats,9,32.00,25,,,,,"3.87 (3.71 - 4.00), (n=9)",3.87,3.71,4,9,"3.96 (3.64 - 4.00), (n=8)",3.96,3.64,4,8,"517.00 (505.00 - 524.00), (n=9)",517,505,524,9,
cycletrack_explorer,CycleTrack School Explorer,https://cycletrack.org/explorer,Medical College of Georgia,https://cycletrack.org/explorer/school/Medical College of Georgia,Medical College of Georgia,Medical College of Georgia,MD,GA,USA,MD-PhD,acceptances,CycleTrack crowdsourced MD-PhD acceptances median stats,4,,,33.33,9,,,X.XX,,,,,X.XX,,,,,XXX.X,,,,,cGPA suppressed by CycleTrack for small n; sGPA suppressed by CycleTrack for small n; MCAT suppressed by CycleTrack for small n
cycletrack_explorer,CycleTrack School Explorer,https://cycletrack.org/explorer,Medical College of Wisconsin,https://cycletrack.org/explorer/school/Medical College of Wisconsin,Medical College of Wisconsin,Medical College of Wisconsin,MD,WI,USA,MD,interviews,CycleTrack crowdsourced MD interviews median stats,214,13.83,1280,,,,,"3.87 (3.22 - 4.00), (n=185)",3.87,3.22,4,185,"3.85 (2.95 - 4.00), (n=176)",3.85,2.95,4,176,"514.00 (502.00 - 528.00), (n=185)",514,502,528,185,
cycletrack_explorer,CycleTrack School Explorer,https://cycletrack.org/explorer,Medical College of Wisconsin,https://cycletrack.org/explorer/school/Medical College of Wisconsin,Medical College of Wisconsin,Medical College of Wisconsin,MD,WI,USA,MD,acceptances,CycleTrack crowdsourced MD acceptances median stats,128,,,57.01,214,5.77,52,"3.86 (3.31 - 4.00), (n=114)",3.86,3.31,4,114,"3.82 (2.99 - 4.00), (n=110)",3.82,2.99,4,110,"514.00 (502.00 - 528.00), (n=111)",514,502,528,111,
cycletrack_explorer,CycleTrack School Explorer,https://cycletrack.org/explorer,Medical College of Wisconsin,https://cycletrack.org/explorer/school/Medical College of Wisconsin,Medical College of Wisconsin,Medical College of Wisconsin,MD,WI,USA,MD-PhD,interviews,CycleTrack crowdsourced MD-PhD interviews median stats,68,55.45,110,,,,,"3.87 (3.10 - 4.00), (n=58)",3.87,3.1,4,58,"3.81 (3.02 - 4.00), (n=55)",3.81,3.02,4,55,"516.00 (495.00 - 527.00), (n=59)",516,495,527,59,
cycletrack_explorer,CycleTrack School Explorer,https://cycletrack.org/explorer,Medical College of Wisconsin,https://cycletrack.org/explorer/school/Medical College of Wisconsin,Medical College of Wisconsin,Medical College of Wisconsin,MD,WI,USA,MD-PhD,acceptances,CycleTrack crowdsourced MD-PhD acceptances median stats,21,,,29.41,68,20.00,15,"3.87 (3.10 - 4.00), (n=20)",3.87,3.1,4,20,"3.83 (3.02 - 4.00), (n=19)",3.83,3.02,4,19,"516.00 (495.00 - 527.00), (n=19)",516,495,527,19,
cycletrack_explorer,CycleTrack School Explorer,https://cycletrack.org/explorer,Medical University of South Carolina,https://cycletrack.org/explorer/school/Medical University of South Carolina,Medical University of South Carolina,Medical University of South Carolina,MD,SC,USA,MD,interviews,CycleTrack crowdsourced MD interviews median stats,53,38.78,98,,,,,"3.81 (3.43 - 4.00), (n=45)",3.81,3.43,4,45,"3.76 (3.12 - 4.00), (n=39)",3.76,3.12,4,39,"515.00 (502.00 - 526.00), (n=46)",515,502,526,46,
cycletrack_explorer,CycleTrack School Explorer,https://cycletrack.org/explorer,Medical University of South Carolina,https://cycletrack.org/explorer/school/Medical University of South Carolina,Medical University of South Carolina,Medical University of South Carolina,MD,SC,USA,MD,acceptances,CycleTrack crowdsourced MD acceptances median stats,27,,,47.17,53,31.25,16,"3.85 (3.45 - 4.00), (n=25)",3.85,3.45,4,25,"3.81 (3.28 - 4.00), (n=22)",3.81,3.28,4,22,"517.00 (503.00 - 526.00), (n=25)",517,503,526,25,
cycletrack_explorer,CycleTrack School Explorer,https://cycletrack.org/explorer,Medical University of South Carolina,https://cycletrack.org/explorer/school/Medical University of South Carolina,Medical University of South Carolina,Medical University of South Carolina,MD,SC,USA,MD-PhD,interviews,CycleTrack crowdsourced MD-PhD interviews median stats,34,48.48,66,,,,,"3.90 (3.36 - 4.00), (n=29)",3.9,3.36,4,29,"3.85 (3.13 - 4.00), (n=28)",3.85,3.13,4,28,"515.00 (505.00 - 524.00), (n=29)",515,505,524,29,
cycletrack_explorer,CycleTrack School Explorer,https://cycletrack.org/explorer,Medical University of South Carolina,https://cycletrack.org/explorer/school/Medical University of South Carolina,Medical University of South Carolina,Medical University of South Carolina,MD,SC,USA,MD-PhD,acceptances,CycleTrack crowdsourced MD-PhD acceptances median stats,4,,,11.76,34,16.67,6,X.XX,,,,,X.XX,,,,,XXX.X,,,,,cGPA suppressed by CycleTrack for small n; sGPA suppressed by CycleTrack for small n; MCAT suppressed by CycleTrack for small n
cycletrack_explorer,CycleTrack School Explorer,https://cycletrack.org/explorer,Meharry,https://cycletrack.org/explorer/school/Meharry,Meharry Medical College,Meharry Medical College,MD,TN,USA,MD,interviews,CycleTrack crowdsourced MD interviews median stats,33,14.69,177,,,,,"3.77 (2.92 - 4.00), (n=30)",3.77,2.92,4,30,"3.65 (3.00 - 4.00), (n=27)",3.65,3,4,27,"509.50 (494.00 - 520.00), (n=30)",509.5,494,520,30,
cycletrack_explorer,CycleTrack School Explorer,https://cycletrack.org/explorer,Meharry,https://cycletrack.org/explorer/school/Meharry,Meharry Medical College,Meharry Medical College,MD,TN,USA,MD,acceptances,CycleTrack crowdsourced MD acceptances median stats,21,,,57.58,33,,,"3.72 (3.11 - 4.00), (n=19)",3.72,3.11,4,19,"3.65 (3.00 - 4.00), (n=19)",3.65,3,4,19,"511.00 (494.00 - 520.00), (n=19)",511,494,520,19,
cycletrack_explorer,CycleTrack School Explorer,https://cycletrack.org/explorer,Meharry,https://cycletrack.org/explorer/school/Meharry,Meharry Medical College,Meharry Medical College,MD,TN,USA,MD-PhD,interviews,CycleTrack crowdsourced MD-PhD interviews median stats,0,,,,,,,X.XX,,,,,X.XX,,,,,XXX.X,,,,,cGPA suppressed by CycleTrack for small n; sGPA suppressed by CycleTrack for small n; MCAT suppressed by CycleTrack for small n
cycletrack_explorer,CycleTrack School Explorer,https://cycletrack.org/explorer,Meharry,https://cycletrack.org/explorer/school/Meharry,Meharry Medical College,Meharry Medical College,MD,TN,USA,MD-PhD,acceptances,CycleTrack crowdsourced MD-PhD acceptances median stats,0,,,,,,,X.XX,,,,,X.XX,,,,,XXX.X,,,,,cGPA suppressed by CycleTrack for small n; sGPA suppressed by CycleTrack for small n; MCAT suppressed by CycleTrack for small n
cycletrack_explorer,CycleTrack School Explorer,https://cycletrack.org/explorer,Memorial,https://cycletrack.org/explorer/school/Memorial,Memorial University,Memorial University,MD,NL,CAN,MD,interviews,CycleTrack crowdsourced MD interviews median stats,2,,,,,,,X.XX,,,,,X.XX,,,,,XXX.X,,,,,cGPA suppressed by CycleTrack for small n; sGPA suppressed by CycleTrack for small n; MCAT suppressed by CycleTrack for small n
cycletrack_explorer,CycleTrack School Explorer,https://cycletrack.org/explorer,Memorial,https://cycletrack.org/explorer/school/Memorial,Memorial University,Memorial University,MD,NL,CAN,MD,acceptances,CycleTrack crowdsourced MD acceptances median stats,0,,,,,,,X.XX,,,,,X.XX,,,,,XXX.X,,,,,cGPA suppressed by CycleTrack for small n; sGPA suppressed by CycleTrack for small n; MCAT suppressed by CycleTrack for small n
cycletrack_explorer,CycleTrack School Explorer,https://cycletrack.org/explorer,Memorial,https://cycletrack.org/explorer/school/Memorial,Memorial University,Memorial University,MD,NL,CAN,MD-PhD,interviews,CycleTrack crowdsourced MD-PhD interviews median stats,0,,,,,,,X.XX,,,,,X.XX,,,,,XXX.X,,,,,cGPA suppressed by CycleTrack for small n; sGPA suppressed by CycleTrack for small n; MCAT suppressed by CycleTrack for small n
cycletrack_explorer,CycleTrack School Explorer,https://cycletrack.org/explorer,Memorial,https://cycletrack.org/explorer/school/Memorial,Memorial University,Memorial University,MD,NL,CAN,MD-PhD,acceptances,CycleTrack crowdsourced MD-PhD acceptances median stats,0,,,,,,,X.XX,,,,,X.XX,,,,,XXX.X,,,,,cGPA suppressed by CycleTrack for small n; sGPA suppressed by CycleTrack for small n; MCAT suppressed by CycleTrack for small n
cycletrack_explorer,CycleTrack School Explorer,https://cycletrack.org/explorer,Mercer,https://cycletrack.org/explorer/school/Mercer,Mercer University,Mercer University,MD,GA,USA,MD,interviews,CycleTrack crowdsourced MD interviews median stats,47,36.52,115,,,,,"3.80 (3.00 - 4.00), (n=40)",3.8,3,4,40,"3.69 (3.00 - 4.00), (n=35)",3.69,3,4,35,"510.00 (496.00 - 523.00), (n=41)",510,496,523,41,
cycletrack_explorer,CycleTrack School Explorer,https://cycletrack.org/explorer,Mercer,https://cycletrack.org/explorer/school/Mercer,Mercer University,Mercer University,MD,GA,USA,MD,acceptances,CycleTrack crowdsourced MD acceptances median stats,25,,,46.81,47,0.00,9,"3.83 (3.00 - 4.00), (n=22)",3.83,3,4,22,"3.74 (3.00 - 4.00), (n=19)",3.74,3,4,19,"511.00 (496.00 - 516.00), (n=22)",511,496,516,22,
cycletrack_explorer,CycleTrack School Explorer,https://cycletrack.org/explorer,Mercer,https://cycletrack.org/explorer/school/Mercer,Mercer University,Mercer University,MD,GA,USA,MD-PhD,interviews,CycleTrack crowdsourced MD-PhD interviews median stats,0,,,,,,,X.XX,,,,,X.XX,,,,,XXX.X,,,,,cGPA suppressed by CycleTrack for small n; sGPA suppressed by CycleTrack for small n; MCAT suppressed by CycleTrack for small n
cycletrack_explorer,CycleTrack School Explorer,https://cycletrack.org/explorer,Mercer,https://cycletrack.org/explorer/school/Mercer,Mercer University,Mercer University,MD,GA,USA,MD-PhD,acceptances,CycleTrack crowdsourced MD-PhD acceptances median stats,0,,,,,,,X.XX,,,,,X.XX,,,,,XXX.X,,,,,cGPA suppressed by CycleTrack for small n; sGPA suppressed by CycleTrack for small n; MCAT suppressed by CycleTrack for small n
cycletrack_explorer,CycleTrack School Explorer,https://cycletrack.org/explorer,Meritus SOM,https://cycletrack.org/explorer/school/Meritus SOM,Meritus School of Osteopathic Medicine,Meritus School of Osteopathic Medicine,DO,MD,USA,DO,interviews,CycleTrack crowdsourced DO interviews median stats,69,76.12,67,,,,,"3.65 (3.06 - 3.96), (n=60)",3.65,3.06,3.96,60,"3.50 (2.91 - 4.00), (n=54)",3.5,2.91,4,54,"505.00 (490.00 - 521.00), (n=61)",505,490,521,61,
cycletrack_explorer,CycleTrack School Explorer,https://cycletrack.org/explorer,Meritus SOM,https://cycletrack.org/explorer/school/Meritus SOM,Meritus School of Osteopathic Medicine,Meritus School of Osteopathic Medicine,DO,MD,USA,DO,acceptances,CycleTrack crowdsourced DO acceptances median stats,41,,,49.28,69,28.00,25,"3.69 (3.06 - 3.96), (n=37)",3.69,3.06,3.96,37,"3.56 (2.91 - 3.95), (n=36)",3.56,2.91,3.95,36,"506.00 (498.00 - 521.00), (n=37)",506,498,521,37,
cycletrack_explorer,CycleTrack School Explorer,https://cycletrack.org/explorer,Meritus SOM,https://cycletrack.org/explorer/school/Meritus SOM,Meritus School of Osteopathic Medicine,Meritus School of Osteopathic Medicine,DO,MD,USA,DO-PhD,interviews,CycleTrack crowdsourced DO-PhD interviews median stats,0,,,,,,,X.XX,,,,,X.XX,,,,,XXX.X,,,,,cGPA suppressed by CycleTrack for small n; sGPA suppressed by CycleTrack for small n; MCAT suppressed by CycleTrack for small n
cycletrack_explorer,CycleTrack School Explorer,https://cycletrack.org/explorer,Meritus SOM,https://cycletrack.org/explorer/school/Meritus SOM,Meritus School of Osteopathic Medicine,Meritus School of Osteopathic Medicine,DO,MD,USA,DO-PhD,acceptances,CycleTrack crowdsourced DO-PhD acceptances median stats,0,,,,,,,X.XX,,,,,X.XX,,,,,XXX.X,,,,,cGPA suppressed by CycleTrack for small n; sGPA suppressed by CycleTrack for small n; MCAT suppressed by CycleTrack for small n
cycletrack_explorer,CycleTrack School Explorer,https://cycletrack.org/explorer,Methodist University,https://cycletrack.org/explorer/school/Methodist University,Methodist University,Methodist University,MD,NC,USA,MD,interviews,CycleTrack crowdsourced MD interviews median stats,34,81.25,32,,,,,"3.78 (3.20 - 4.00), (n=31)",3.78,3.2,4,31,"3.72 (3.30 - 4.00), (n=25)",3.72,3.3,4,25,"510.00 (500.00 - 523.00), (n=31)",510,500,523,31,
cycletrack_explorer,CycleTrack School Explorer,https://cycletrack.org/explorer,Methodist University,https://cycletrack.org/explorer/school/Methodist University,Methodist University,Methodist University,MD,NC,USA,MD,acceptances,CycleTrack crowdsourced MD acceptances median stats,12,,,29.41,34,0.00,11,"3.82 (3.40 - 4.00), (n=11)",3.82,3.4,4,11,"3.59 (3.20 - 4.00), (n=7)",3.59,3.2,4,7,"512.00 (504.00 - 520.00), (n=11)",512,504,520,11,
cycletrack_explorer,CycleTrack School Explorer,https://cycletrack.org/explorer,Methodist University,https://cycletrack.org/explorer/school/Methodist University,Methodist University,Methodist University,MD,NC,USA,MD-PhD,interviews,CycleTrack crowdsourced MD-PhD interviews median stats,0,,,,,,,X.XX,,,,,X.XX,,,,,XXX.X,,,,,cGPA suppressed by CycleTrack for small n; sGPA suppressed by CycleTrack for small n; MCAT suppressed by CycleTrack for small n
cycletrack_explorer,CycleTrack School Explorer,https://cycletrack.org/explorer,Methodist University,https://cycletrack.org/explorer/school/Methodist University,Methodist University,Methodist University,MD,NC,USA,MD-PhD,acceptances,CycleTrack crowdsourced MD-PhD acceptances median stats,0,,,,,,,X.XX,,,,,X.XX,,,,,XXX.X,,,,,cGPA suppressed by CycleTrack for small n; sGPA suppressed by CycleTrack for small n; MCAT suppressed by CycleTrack for small n
cycletrack_explorer,CycleTrack School Explorer,https://cycletrack.org/explorer,Miami,https://cycletrack.org/explorer/school/Miami,University of Miami,University of Miami,MD,FL,USA,MD,interviews,CycleTrack crowdsourced MD interviews median stats,207,13.24,1231,,,,,"3.90 (3.10 - 4.00), (n=184)",3.9,3.1,4,184,"3.87 (3.10 - 4.00), (n=173)",3.87,3.1,4,173,"517.00 (505.00 - 527.00), (n=186)",517,505,527,186,
cycletrack_explorer,CycleTrack School Explorer,https://cycletrack.org/explorer,Miami,https://cycletrack.org/explorer/school/Miami,University of Miami,University of Miami,MD,FL,USA,MD,acceptances,CycleTrack crowdsourced MD acceptances median stats,109,,,48.79,207,25.33,75,"3.91 (3.44 - 4.00), (n=95)",3.91,3.44,4,95,"3.88 (3.30 - 4.00), (n=89)",3.88,3.3,4,89,"517.00 (510.00 - 526.00), (n=94)",517,510,526,94,
cycletrack_explorer,CycleTrack School Explorer,https://cycletrack.org/explorer,Miami,https://cycletrack.org/explorer/school/Miami,University of Miami,University of Miami,MD,FL,USA,MD-PhD,interviews,CycleTrack crowdsourced MD-PhD interviews median stats,36,37.50,80,,,,,"3.84 (3.55 - 4.00), (n=31)",3.84,3.55,4,31,"3.76 (3.42 - 4.00), (n=31)",3.76,3.42,4,31,"516.00 (512.00 - 526.00), (n=32)",516,512,526,32,
cycletrack_explorer,CycleTrack School Explorer,https://cycletrack.org/explorer,Miami,https://cycletrack.org/explorer/school/Miami,University of Miami,University of Miami,MD,FL,USA,MD-PhD,acceptances,CycleTrack crowdsourced MD-PhD acceptances median stats,16,,,33.33,36,7.69,13,"3.84 (3.59 - 3.95), (n=13)",3.84,3.59,3.95,13,"3.79 (3.45 - 3.91), (n=13)",3.79,3.45,3.91,13,"517.00 (512.00 - 524.00), (n=13)",517,512,524,13,
cycletrack_explorer,CycleTrack School Explorer,https://cycletrack.org/explorer,Michigan,https://cycletrack.org/explorer/school/Michigan,University of Michigan,University of Michigan,MD,MI,USA,MD,interviews,CycleTrack crowdsourced MD interviews median stats,160,6.65,2046,,,,,"3.91 (3.26 - 4.00), (n=135)",3.91,3.26,4,135,"3.90 (3.09 - 4.00), (n=127)",3.9,3.09,4,127,"520.00 (510.00 - 527.00), (n=138)",520,510,527,138,
cycletrack_explorer,CycleTrack School Explorer,https://cycletrack.org/explorer,Michigan,https://cycletrack.org/explorer/school/Michigan,University of Michigan,University of Michigan,MD,MI,USA,MD,acceptances,CycleTrack crowdsourced MD acceptances median stats,97,,,57.50,160,4.17,24,"3.94 (3.20 - 4.00), (n=87)",3.94,3.2,4,87,"3.92 (3.10 - 4.00), (n=83)",3.92,3.1,4,83,"520.00 (511.00 - 528.00), (n=88)",520,511,528,88,
cycletrack_explorer,CycleTrack School Explorer,https://cycletrack.org/explorer,Michigan,https://cycletrack.org/explorer/school/Michigan,University of Michigan,University of Michigan,MD,MI,USA,MD-PhD,interviews,CycleTrack crowdsourced MD-PhD interviews median stats,62,15.85,328,,,,,"3.95 (3.72 - 4.00), (n=47)",3.95,3.72,4,47,"3.95 (3.59 - 4.00), (n=43)",3.95,3.59,4,43,"520.00 (508.00 - 528.00), (n=47)",520,508,528,47,
cycletrack_explorer,CycleTrack School Explorer,https://cycletrack.org/explorer,Michigan,https://cycletrack.org/explorer/school/Michigan,University of Michigan,University of Michigan,MD,MI,USA,MD-PhD,acceptances,CycleTrack crowdsourced MD-PhD acceptances median stats,31,,,43.55,62,19.44,36,"3.93 (3.72 - 4.00), (n=23)",3.93,3.72,4,23,"3.94 (3.59 - 4.00), (n=21)",3.94,3.59,4,21,"521.50 (511.00 - 527.00), (n=22)",521.5,511,527,22,
cycletrack_explorer,CycleTrack School Explorer,https://cycletrack.org/explorer,Michigan State,https://cycletrack.org/explorer/school/Michigan State,Michigan State University,Michigan State University,MD,MI,USA,MD,interviews,CycleTrack crowdsourced MD interviews median stats,98,13.60,603,,,,,"3.83 (2.90 - 4.00), (n=85)",3.83,2.9,4,85,"3.79 (2.90 - 4.00), (n=80)",3.79,2.9,4,80,"511.00 (499.00 - 527.00), (n=87)",511,499,527,87,
cycletrack_explorer,CycleTrack School Explorer,https://cycletrack.org/explorer,Michigan State,https://cycletrack.org/explorer/school/Michigan State,Michigan State University,Michigan State University,MD,MI,USA,MD,acceptances,CycleTrack crowdsourced MD acceptances median stats,60,,,55.10,98,7.69,26,"3.83 (3.25 - 4.00), (n=55)",3.83,3.25,4,55,"3.79 (3.05 - 4.00), (n=53)",3.79,3.05,4,53,"512.00 (500.00 - 527.00), (n=55)",512,500,527,55,
cycletrack_explorer,CycleTrack School Explorer,https://cycletrack.org/explorer,Michigan State,https://cycletrack.org/explorer/school/Michigan State,Michigan State University,Michigan State University,MD,MI,USA,MD-PhD,interviews,CycleTrack crowdsourced MD-PhD interviews median stats,10,45.00,20,,,,,"3.90 (3.27 - 4.00), (n=8)",3.9,3.27,4,8,"3.88 (3.09 - 4.00), (n=7)",3.88,3.09,4,7,"512.50 (508.00 - 520.00), (n=8)",512.5,508,520,8,
cycletrack_explorer,CycleTrack School Explorer,https://cycletrack.org/explorer,Michigan State,https://cycletrack.org/explorer/school/Michigan State,Michigan State University,Michigan State University,MD,MI,USA,MD-PhD,acceptances,CycleTrack crowdsourced MD-PhD acceptances median stats,4,,,40.00,10,,,X.XX,,,,,X.XX,,,,,XXX.X,,,,,cGPA suppressed by CycleTrack for small n; sGPA suppressed by CycleTrack for small n; MCAT suppressed by CycleTrack for small n
cycletrack_explorer,CycleTrack School Explorer,https://cycletrack.org/explorer,Michigan State COM,https://cycletrack.org/explorer/school/Michigan State COM,Michigan State University,Michigan State University,DO,MI,USA,DO,interviews,CycleTrack crowdsourced DO interviews median stats,138,20.04,564,,,,,"3.76 (2.90 - 4.00), (n=124)",3.76,2.9,4,124,"3.70 (2.74 - 4.00), (n=112)",3.7,2.74,4,112,"509.00 (498.00 - 523.00), (n=125)",509,498,523,125,
cycletrack_explorer,CycleTrack School Explorer,https://cycletrack.org/explorer,Michigan State COM,https://cycletrack.org/explorer/school/Michigan State COM,Michigan State University,Michigan State University,DO,MI,USA,DO,acceptances,CycleTrack crowdsourced DO acceptances median stats,68,,,47.10,138,4.55,22,"3.77 (2.90 - 4.00), (n=63)",3.77,2.9,4,63,"3.67 (2.74 - 4.00), (n=56)",3.67,2.74,4,56,"510.00 (500.00 - 523.00), (n=63)",510,500,523,63,
cycletrack_explorer,CycleTrack School Explorer,https://cycletrack.org/explorer,Michigan State COM,https://cycletrack.org/explorer/school/Michigan State COM,Michigan State University,Michigan State University,DO,MI,USA,DO-PhD,interviews,CycleTrack crowdsourced DO-PhD interviews median stats,3,18.18,11,,,,,X.XX,,,,,X.XX,,,,,XXX.X,,,,,cGPA suppressed by CycleTrack for small n; sGPA suppressed by CycleTrack for small n; MCAT suppressed by CycleTrack for small n
cycletrack_explorer,CycleTrack School Explorer,https://cycletrack.org/explorer,Michigan State COM,https://cycletrack.org/explorer/school/Michigan State COM,Michigan State University,Michigan State University,DO,MI,USA,DO-PhD,acceptances,CycleTrack crowdsourced DO-PhD acceptances median stats,2,,,,,,,X.XX,,,,,X.XX,,,,,XXX.X,,,,,cGPA suppressed by CycleTrack for small n; sGPA suppressed by CycleTrack for small n; MCAT suppressed by CycleTrack for small n
cycletrack_explorer,CycleTrack School Explorer,https://cycletrack.org/explorer,Midwestern - Arizona,https://cycletrack.org/explorer/school/Midwestern - Arizona,Arizona College of Osteopathic Medicine,Arizona College of Osteopathic Medicine,DO,AZ,USA,DO,interviews,CycleTrack crowdsourced DO interviews median stats,127,48.19,193,,,,,"3.77 (3.07 - 4.00), (n=108)",3.77,3.07,4,108,"3.69 (2.93 - 4.00), (n=96)",3.69,2.93,4,96,"509.00 (496.00 - 523.00), (n=110)",509,496,523,110,
cycletrack_explorer,CycleTrack School Explorer,https://cycletrack.org/explorer,Midwestern - Arizona,https://cycletrack.org/explorer/school/Midwestern - Arizona,Arizona College of Osteopathic Medicine,Arizona College of Osteopathic Medicine,DO,AZ,USA,DO,acceptances,CycleTrack crowdsourced DO acceptances median stats,73,,,47.24,127,10.53,19,"3.77 (3.07 - 4.00), (n=65)",3.77,3.07,4,65,"3.71 (2.93 - 4.00), (n=59)",3.71,2.93,4,59,"511.00 (500.00 - 522.00), (n=67)",511,500,522,67,
cycletrack_explorer,CycleTrack School Explorer,https://cycletrack.org/explorer,Midwestern - Arizona,https://cycletrack.org/explorer/school/Midwestern - Arizona,Arizona College of Osteopathic Medicine,Arizona College of Osteopathic Medicine,DO,AZ,USA,DO-PhD,interviews,CycleTrack crowdsourced DO-PhD interviews median stats,0,,,,,,,X.XX,,,,,X.XX,,,,,XXX.X,,,,,cGPA suppressed by CycleTrack for small n; sGPA suppressed by CycleTrack for small n; MCAT suppressed by CycleTrack for small n
cycletrack_explorer,CycleTrack School Explorer,https://cycletrack.org/explorer,Midwestern - Arizona,https://cycletrack.org/explorer/school/Midwestern - Arizona,Arizona College of Osteopathic Medicine,Arizona College of Osteopathic Medicine,DO,AZ,USA,DO-PhD,acceptances,CycleTrack crowdsourced DO-PhD acceptances median stats,0,,,,,,,X.XX,,,,,X.XX,,,,,XXX.X,,,,,cGPA suppressed by CycleTrack for small n; sGPA suppressed by CycleTrack for small n; MCAT suppressed by CycleTrack for small n
cycletrack_explorer,CycleTrack School Explorer,https://cycletrack.org/explorer,Midwestern - Chicago,https://cycletrack.org/explorer/school/Midwestern - Chicago,Midwestern University,Midwestern University,DO,IL,USA,DO,interviews,CycleTrack crowdsourced DO interviews median stats,134,28.49,365,,,,,"3.78 (3.05 - 4.00), (n=116)",3.78,3.05,4,116,"3.67 (3.00 - 4.00), (n=107)",3.67,3,4,107,"511.00 (503.00 - 524.00), (n=117)",511,503,524,117,
cycletrack_explorer,CycleTrack School Explorer,https://cycletrack.org/explorer,Midwestern - Chicago,https://cycletrack.org/explorer/school/Midwestern - Chicago,Midwestern University,Midwestern University,DO,IL,USA,DO,acceptances,CycleTrack crowdsourced DO acceptances median stats,79,,,52.99,134,43.75,16,"3.80 (3.05 - 4.00), (n=69)",3.8,3.05,4,69,"3.70 (3.00 - 4.00), (n=62)",3.7,3,4,62,"512.00 (504.00 - 524.00), (n=70)",512,504,524,70,
cycletrack_explorer,CycleTrack School Explorer,https://cycletrack.org/explorer,Midwestern - Chicago,https://cycletrack.org/explorer/school/Midwestern - Chicago,Midwestern University,Midwestern University,DO,IL,USA,DO-PhD,interviews,CycleTrack crowdsourced DO-PhD interviews median stats,0,,,,,,,X.XX,,,,,X.XX,,,,,XXX.X,,,,,cGPA suppressed by CycleTrack for small n; sGPA suppressed by CycleTrack for small n; MCAT suppressed by CycleTrack for small n
cycletrack_explorer,CycleTrack School Explorer,https://cycletrack.org/explorer,Midwestern - Chicago,https://cycletrack.org/explorer/school/Midwestern - Chicago,Midwestern University,Midwestern University,DO,IL,USA,DO-PhD,acceptances,CycleTrack crowdsourced DO-PhD acceptances median stats,0,,,,,,,X.XX,,,,,X.XX,,,,,XXX.X,,,,,cGPA suppressed by CycleTrack for small n; sGPA suppressed by CycleTrack for small n; MCAT suppressed by CycleTrack for small n
cycletrack_explorer,CycleTrack School Explorer,https://cycletrack.org/explorer,Minnesota,https://cycletrack.org/explorer/school/Minnesota,University of Minnesota,University of Minnesota,MD,MN,USA,MD,interviews,CycleTrack crowdsourced MD interviews median stats,213,31.81,547,,,,,"3.87 (3.13 - 4.00), (n=176)",3.87,3.13,4,176,"3.86 (2.88 - 4.00), (n=163)",3.86,2.88,4,163,"515.00 (495.00 - 527.00), (n=177)",515,495,527,177,
cycletrack_explorer,CycleTrack School Explorer,https://cycletrack.org/explorer,Minnesota,https://cycletrack.org/explorer/school/Minnesota,University of Minnesota,University of Minnesota,MD,MN,USA,MD,acceptances,CycleTrack crowdsourced MD acceptances median stats,85,,,38.97,213,26.09,69,"3.87 (3.29 - 4.00), (n=70)",3.87,3.29,4,70,"3.85 (3.10 - 4.00), (n=68)",3.85,3.1,4,68,"515.00 (502.00 - 525.00), (n=71)",515,502,525,71,
cycletrack_explorer,CycleTrack School Explorer,https://cycletrack.org/explorer,Minnesota,https://cycletrack.org/explorer/school/Minnesota,University of Minnesota,University of Minnesota,MD,MN,USA,MD-PhD,interviews,CycleTrack crowdsourced MD-PhD interviews median stats,52,21.74,207,,,,,"3.94 (3.67 - 4.00), (n=44)",3.94,3.67,4,44,"3.91 (3.44 - 4.00), (n=41)",3.91,3.44,4,41,"517.00 (495.00 - 528.00), (n=43)",517,495,528,43,
cycletrack_explorer,CycleTrack School Explorer,https://cycletrack.org/explorer,Minnesota,https://cycletrack.org/explorer/school/Minnesota,University of Minnesota,University of Minnesota,MD,MN,USA,MD-PhD,acceptances,CycleTrack crowdsourced MD-PhD acceptances median stats,23,,,38.46,52,8.70,23,"3.94 (3.67 - 4.00), (n=20)",3.94,3.67,4,20,"3.91 (3.59 - 4.00), (n=19)",3.91,3.59,4,19,"518.00 (495.00 - 523.00), (n=19)",518,495,523,19,
cycletrack_explorer,CycleTrack School Explorer,https://cycletrack.org/explorer,Mississippi,https://cycletrack.org/explorer/school/Mississippi,University of Mississippi,University of Mississippi,MD,MS,USA,MD,interviews,CycleTrack crowdsourced MD interviews median stats,10,53.85,13,,,,,"3.95 (3.77 - 4.00), (n=6)",3.95,3.77,4,6,"3.92 (3.50 - 4.00), (n=6)",3.92,3.5,4,6,"520.50 (508.00 - 524.00), (n=6)",520.5,508,524,6,
cycletrack_explorer,CycleTrack School Explorer,https://cycletrack.org/explorer,Mississippi,https://cycletrack.org/explorer/school/Mississippi,University of Mississippi,University of Mississippi,MD,MS,USA,MD,acceptances,CycleTrack crowdsourced MD acceptances median stats,9,,,80.00,10,,,"3.95 (3.87 - 4.00), (n=6)",3.95,3.87,4,6,"3.92 (3.77 - 4.00), (n=6)",3.92,3.77,4,6,"520.50 (509.00 - 524.00), (n=6)",520.5,509,524,6,
cycletrack_explorer,CycleTrack School Explorer,https://cycletrack.org/explorer,Mississippi,https://cycletrack.org/explorer/school/Mississippi,University of Mississippi,University of Mississippi,MD,MS,USA,MD-PhD,interviews,CycleTrack crowdsourced MD-PhD interviews median stats,0,,,,,,,X.XX,,,,,X.XX,,,,,XXX.X,,,,,cGPA suppressed by CycleTrack for small n; sGPA suppressed by CycleTrack for small n; MCAT suppressed by CycleTrack for small n
cycletrack_explorer,CycleTrack School Explorer,https://cycletrack.org/explorer,Mississippi,https://cycletrack.org/explorer/school/Mississippi,University of Mississippi,University of Mississippi,MD,MS,USA,MD-PhD,acceptances,CycleTrack crowdsourced MD-PhD acceptances median stats,0,,,,,,,X.XX,,,,,X.XX,,,,,XXX.X,,,,,cGPA suppressed by CycleTrack for small n; sGPA suppressed by CycleTrack for small n; MCAT suppressed by CycleTrack for small n
cycletrack_explorer,CycleTrack School Explorer,https://cycletrack.org/explorer,Missouri - Columbia,https://cycletrack.org/explorer/school/Missouri - Columbia,University of Missouri (Columbia),University of Missouri (Columbia),MD,MO,USA,MD,interviews,CycleTrack crowdsourced MD interviews median stats,76,65.14,109,,,,,"3.90 (3.30 - 4.00), (n=66)",3.9,3.3,4,66,"3.86 (3.23 - 4.00), (n=65)",3.86,3.23,4,65,"514.00 (501.00 - 526.00), (n=69)",514,501,526,69,
cycletrack_explorer,CycleTrack School Explorer,https://cycletrack.org/explorer,Missouri - Columbia,https://cycletrack.org/explorer/school/Missouri - Columbia,University of Missouri (Columbia),University of Missouri (Columbia),MD,MO,USA,MD,acceptances,CycleTrack crowdsourced MD acceptances median stats,23,,,30.26,76,35.29,17,"3.91 (3.30 - 4.00), (n=20)",3.91,3.3,4,20,"3.87 (3.30 - 4.00), (n=20)",3.87,3.3,4,20,"518.00 (504.00 - 526.00), (n=21)",518,504,526,21,
cycletrack_explorer,CycleTrack School Explorer,https://cycletrack.org/explorer,Missouri - Columbia,https://cycletrack.org/explorer/school/Missouri - Columbia,University of Missouri (Columbia),University of Missouri (Columbia),MD,MO,USA,MD-PhD,interviews,CycleTrack crowdsourced MD-PhD interviews median stats,7,75.00,8,,,,,"3.65 (3.40 - 4.00), (n=6)",3.65,3.4,4,6,"3.61 (3.10 - 4.00), (n=6)",3.61,3.1,4,6,"515.00 (496.00 - 519.00), (n=6)",515,496,519,6,
cycletrack_explorer,CycleTrack School Explorer,https://cycletrack.org/explorer,Missouri - Columbia,https://cycletrack.org/explorer/school/Missouri - Columbia,University of Missouri (Columbia),University of Missouri (Columbia),MD,MO,USA,MD-PhD,acceptances,CycleTrack crowdsourced MD-PhD acceptances median stats,3,,,42.86,7,60.00,5,X.XX,,,,,X.XX,,,,,XXX.X,,,,,cGPA suppressed by CycleTrack for small n; sGPA suppressed by CycleTrack for small n; MCAT suppressed by CycleTrack for small n
cycletrack_explorer,CycleTrack School Explorer,https://cycletrack.org/explorer,Missouri - Kansas City,https://cycletrack.org/explorer/school/Missouri - Kansas City,University of Missouri (Kansas City),University of Missouri (Kansas City),MD,MO,USA,MD,interviews,CycleTrack crowdsourced MD interviews median stats,25,26.03,73,,,,,"3.88 (3.42 - 4.00), (n=22)",3.88,3.42,4,22,"3.83 (3.21 - 4.00), (n=22)",3.83,3.21,4,22,"511.50 (499.00 - 520.00), (n=22)",511.5,499,520,22,
cycletrack_explorer,CycleTrack School Explorer,https://cycletrack.org/explorer,Missouri - Kansas City,https://cycletrack.org/explorer/school/Missouri - Kansas City,University of Missouri (Kansas City),University of Missouri (Kansas City),MD,MO,USA,MD,acceptances,CycleTrack crowdsourced MD acceptances median stats,13,,,48.00,25,57.14,7,"3.90 (3.43 - 3.99), (n=13)",3.9,3.43,3.99,13,"3.86 (3.21 - 3.98), (n=13)",3.86,3.21,3.98,13,"515.00 (499.00 - 519.00), (n=13)",515,499,519,13,
cycletrack_explorer,CycleTrack School Explorer,https://cycletrack.org/explorer,Missouri - Kansas City,https://cycletrack.org/explorer/school/Missouri - Kansas City,University of Missouri (Kansas City),University of Missouri (Kansas City),MD,MO,USA,MD-PhD,interviews,CycleTrack crowdsourced MD-PhD interviews median stats,0,,,,,,,X.XX,,,,,X.XX,,,,,XXX.X,,,,,cGPA suppressed by CycleTrack for small n; sGPA suppressed by CycleTrack for small n; MCAT suppressed by CycleTrack for small n
cycletrack_explorer,CycleTrack School Explorer,https://cycletrack.org/explorer,Missouri - Kansas City,https://cycletrack.org/explorer/school/Missouri - Kansas City,University of Missouri (Kansas City),University of Missouri (Kansas City),MD,MO,USA,MD-PhD,acceptances,CycleTrack crowdsourced MD-PhD acceptances median stats,0,,,,,,,X.XX,,,,,X.XX,,,,,XXX.X,,,,,cGPA suppressed by CycleTrack for small n; sGPA suppressed by CycleTrack for small n; MCAT suppressed by CycleTrack for small n
cycletrack_explorer,CycleTrack School Explorer,https://cycletrack.org/explorer,Montréal,https://cycletrack.org/explorer/school/Montréal,Universite de Montreal,Universite de Montreal,MD,QC,CAN,MD,interviews,CycleTrack crowdsourced MD interviews median stats,0,,,,,,,X.XX,,,,,X.XX,,,,,XXX.X,,,,,cGPA suppressed by CycleTrack for small n; sGPA suppressed by CycleTrack for small n; MCAT suppressed by CycleTrack for small n
cycletrack_explorer,CycleTrack School Explorer,https://cycletrack.org/explorer,Montréal,https://cycletrack.org/explorer/school/Montréal,Universite de Montreal,Universite de Montreal,MD,QC,CAN,MD,acceptances,CycleTrack crowdsourced MD acceptances median stats,0,,,,,,,X.XX,,,,,X.XX,,,,,XXX.X,,,,,cGPA suppressed by CycleTrack for small n; sGPA suppressed by CycleTrack for small n; MCAT suppressed by CycleTrack for small n
cycletrack_explorer,CycleTrack School Explorer,https://cycletrack.org/explorer,Montréal,https://cycletrack.org/explorer/school/Montréal,Universite de Montreal,Universite de Montreal,MD,QC,CAN,MD-PhD,interviews,CycleTrack crowdsourced MD-PhD interviews median stats,0,,,,,,,X.XX,,,,,X.XX,,,,,XXX.X,,,,,cGPA suppressed by CycleTrack for small n; sGPA suppressed by CycleTrack for small n; MCAT suppressed by CycleTrack for small n
cycletrack_explorer,CycleTrack School Explorer,https://cycletrack.org/explorer,Montréal,https://cycletrack.org/explorer/school/Montréal,Universite de Montreal,Universite de Montreal,MD,QC,CAN,MD-PhD,acceptances,CycleTrack crowdsourced MD-PhD acceptances median stats,0,,,,,,,X.XX,,,,,X.XX,,,,,XXX.X,,,,,cGPA suppressed by CycleTrack for small n; sGPA suppressed by CycleTrack for small n; MCAT suppressed by CycleTrack for small n
cycletrack_explorer,CycleTrack School Explorer,https://cycletrack.org/explorer,Morehouse,https://cycletrack.org/explorer/school/Morehouse,Morehouse School of Medicine,Morehouse School of Medicine,MD,GA,USA,MD,interviews,CycleTrack crowdsourced MD interviews median stats,92,30.93,236,,,,,"3.77 (3.30 - 4.00), (n=71)",3.77,3.3,4,71,"3.70 (3.04 - 4.00), (n=67)",3.7,3.04,4,67,"511.00 (502.00 - 528.00), (n=71)",511,502,528,71,
cycletrack_explorer,CycleTrack School Explorer,https://cycletrack.org/explorer,Morehouse,https://cycletrack.org/explorer/school/Morehouse,Morehouse School of Medicine,Morehouse School of Medicine,MD,GA,USA,MD,acceptances,CycleTrack crowdsourced MD acceptances median stats,29,,,30.43,92,16.67,36,"3.78 (3.42 - 4.00), (n=23)",3.78,3.42,4,23,"3.68 (3.28 - 4.00), (n=23)",3.68,3.28,4,23,"511.50 (503.00 - 528.00), (n=24)",511.5,503,528,24,
cycletrack_explorer,CycleTrack School Explorer,https://cycletrack.org/explorer,Morehouse,https://cycletrack.org/explorer/school/Morehouse,Morehouse School of Medicine,Morehouse School of Medicine,MD,GA,USA,MD-PhD,interviews,CycleTrack crowdsourced MD-PhD interviews median stats,2,25.00,8,,,,,X.XX,,,,,X.XX,,,,,XXX.X,,,,,cGPA suppressed by CycleTrack for small n; sGPA suppressed by CycleTrack for small n; MCAT suppressed by CycleTrack for small n
cycletrack_explorer,CycleTrack School Explorer,https://cycletrack.org/explorer,Morehouse,https://cycletrack.org/explorer/school/Morehouse,Morehouse School of Medicine,Morehouse School of Medicine,MD,GA,USA,MD-PhD,acceptances,CycleTrack crowdsourced MD-PhD acceptances median stats,0,,,,,,,X.XX,,,,,X.XX,,,,,XXX.X,,,,,cGPA suppressed by CycleTrack for small n; sGPA suppressed by CycleTrack for small n; MCAT suppressed by CycleTrack for small n
cycletrack_explorer,CycleTrack School Explorer,https://cycletrack.org/explorer,Mount Sinai,https://cycletrack.org/explorer/school/Mount Sinai,Icahn School of Medicine,Icahn School of Medicine,MD,NY,USA,MD,interviews,CycleTrack crowdsourced MD interviews median stats,276,11.88,2021,,,,,"3.94 (3.15 - 4.00), (n=243)",3.94,3.15,4,243,"3.94 (3.09 - 4.00), (n=230)",3.94,3.09,4,230,"520.00 (507.00 - 528.00), (n=244)",520,507,528,244,
cycletrack_explorer,CycleTrack School Explorer,https://cycletrack.org/explorer,Mount Sinai,https://cycletrack.org/explorer/school/Mount Sinai,Icahn School of Medicine,Icahn School of Medicine,MD,NY,USA,MD,acceptances,CycleTrack crowdsourced MD acceptances median stats,81,,,28.62,276,8.97,78,"3.93 (3.62 - 4.00), (n=73)",3.93,3.62,4,73,"3.95 (3.55 - 4.00), (n=66)",3.95,3.55,4,66,"521.00 (512.00 - 527.00), (n=71)",521,512,527,71,
cycletrack_explorer,CycleTrack School Explorer,https://cycletrack.org/explorer,Mount Sinai,https://cycletrack.org/explorer/school/Mount Sinai,Icahn School of Medicine,Icahn School of Medicine,MD,NY,USA,MD-PhD,interviews,CycleTrack crowdsourced MD-PhD interviews median stats,84,26.57,286,,,,,"3.95 (3.65 - 4.00), (n=71)",3.95,3.65,4,71,"3.95 (3.44 - 4.00), (n=69)",3.95,3.44,4,69,"520.50 (500.00 - 528.00), (n=70)",520.5,500,528,70,
cycletrack_explorer,CycleTrack School Explorer,https://cycletrack.org/explorer,Mount Sinai,https://cycletrack.org/explorer/school/Mount Sinai,Icahn School of Medicine,Icahn School of Medicine,MD,NY,USA,MD-PhD,acceptances,CycleTrack crowdsourced MD-PhD acceptances median stats,28,,,32.14,84,8.33,36,"3.97 (3.67 - 4.00), (n=26)",3.97,3.67,4,26,"3.97 (3.72 - 4.00), (n=26)",3.97,3.72,4,26,"522.00 (514.00 - 528.00), (n=25)",522,514,528,25,
cycletrack_explorer,CycleTrack School Explorer,https://cycletrack.org/explorer,Nebraska,https://cycletrack.org/explorer/school/Nebraska,University of Nebraska,University of Nebraska,MD,NE,USA,MD,interviews,CycleTrack crowdsourced MD interviews median stats,64,40.15,132,,,,,"3.83 (3.30 - 4.00), (n=57)",3.83,3.3,4,57,"3.77 (2.95 - 4.00), (n=52)",3.77,2.95,4,52,"514.00 (503.00 - 526.00), (n=57)",514,503,526,57,
cycletrack_explorer,CycleTrack School Explorer,https://cycletrack.org/explorer,Nebraska,https://cycletrack.org/explorer/school/Nebraska,University of Nebraska,University of Nebraska,MD,NE,USA,MD,acceptances,CycleTrack crowdsourced MD acceptances median stats,32,,,45.31,64,,,"3.90 (3.43 - 4.00), (n=32)",3.9,3.43,4,32,"3.84 (3.21 - 4.00), (n=29)",3.84,3.21,4,29,"515.00 (509.00 - 526.00), (n=31)",515,509,526,31,
cycletrack_explorer,CycleTrack School Explorer,https://cycletrack.org/explorer,Nebraska,https://cycletrack.org/explorer/school/Nebraska,University of Nebraska,University of Nebraska,MD,NE,USA,MD-PhD,interviews,CycleTrack crowdsourced MD-PhD interviews median stats,21,45.00,40,,,,,"3.80 (3.40 - 4.00), (n=18)",3.8,3.4,4,18,"3.77 (3.11 - 4.00), (n=17)",3.77,3.11,4,17,"516.50 (509.00 - 523.00), (n=18)",516.5,509,523,18,
cycletrack_explorer,CycleTrack School Explorer,https://cycletrack.org/explorer,Nebraska,https://cycletrack.org/explorer/school/Nebraska,University of Nebraska,University of Nebraska,MD,NE,USA,MD-PhD,acceptances,CycleTrack crowdsourced MD-PhD acceptances median stats,6,,,23.81,21,33.33,6,"3.94 (3.40 - 3.97), (n=5)",3.94,3.4,3.97,5,"3.94 (3.11 - 3.98), (n=5)",3.94,3.11,3.98,5,"512.00 (509.00 - 522.00), (n=5)",512,509,522,5,
cycletrack_explorer,CycleTrack School Explorer,https://cycletrack.org/explorer,Nevada Reno,https://cycletrack.org/explorer/school/Nevada Reno,University of Nevada,University of Nevada,MD,NV,USA,MD,interviews,CycleTrack crowdsourced MD interviews median stats,50,35.04,117,,,,,"3.82 (2.90 - 4.00), (n=39)",3.82,2.9,4,39,"3.76 (2.80 - 4.00), (n=37)",3.76,2.8,4,37,"511.00 (499.00 - 525.00), (n=41)",511,499,525,41,
cycletrack_explorer,CycleTrack School Explorer,https://cycletrack.org/explorer,Nevada Reno,https://cycletrack.org/explorer/school/Nevada Reno,University of Nevada,University of Nevada,MD,NV,USA,MD,acceptances,CycleTrack crowdsourced MD acceptances median stats,17,,,32.00,50,0.00,10,"3.84 (2.90 - 4.00), (n=14)",3.84,2.9,4,14,"3.77 (2.80 - 4.00), (n=13)",3.77,2.8,4,13,"514.50 (504.00 - 525.00), (n=14)",514.5,504,525,14,
cycletrack_explorer,CycleTrack School Explorer,https://cycletrack.org/explorer,Nevada Reno,https://cycletrack.org/explorer/school/Nevada Reno,University of Nevada,University of Nevada,MD,NV,USA,MD-PhD,interviews,CycleTrack crowdsourced MD-PhD interviews median stats,4,,,,,,,X.XX,,,,,X.XX,,,,,XXX.X,,,,,cGPA suppressed by CycleTrack for small n; sGPA suppressed by CycleTrack for small n; MCAT suppressed by CycleTrack for small n
cycletrack_explorer,CycleTrack School Explorer,https://cycletrack.org/explorer,Nevada Reno,https://cycletrack.org/explorer/school/Nevada Reno,University of Nevada,University of Nevada,MD,NV,USA,MD-PhD,acceptances,CycleTrack crowdsourced MD-PhD acceptances median stats,3,,,,,,,X.XX,,,,,X.XX,,,,,XXX.X,,,,,cGPA suppressed by CycleTrack for small n; sGPA suppressed by CycleTrack for small n; MCAT suppressed by CycleTrack for small n
cycletrack_explorer,CycleTrack School Explorer,https://cycletrack.org/explorer,New England,https://cycletrack.org/explorer/school/New England,University of New England,University of New England,DO,ME,USA,DO,interviews,CycleTrack crowdsourced DO interviews median stats,120,27.37,369,,,,,"3.65 (2.92 - 4.00), (n=103)",3.65,2.92,4,103,"3.57 (2.90 - 4.00), (n=97)",3.57,2.9,4,97,"506.00 (488.00 - 520.00), (n=107)",506,488,520,107,
cycletrack_explorer,CycleTrack School Explorer,https://cycletrack.org/explorer,New England,https://cycletrack.org/explorer/school/New England,University of New England,University of New England,DO,ME,USA,DO,acceptances,CycleTrack crowdsourced DO acceptances median stats,59,,,39.17,120,23.81,42,"3.71 (3.20 - 4.00), (n=54)",3.71,3.2,4,54,"3.61 (3.01 - 4.00), (n=51)",3.61,3.01,4,51,"507.00 (495.00 - 519.00), (n=55)",507,495,519,55,
cycletrack_explorer,CycleTrack School Explorer,https://cycletrack.org/explorer,New England,https://cycletrack.org/explorer/school/New England,University of New England,University of New England,DO,ME,USA,DO-PhD,interviews,CycleTrack crowdsourced DO-PhD interviews median stats,0,,,,,,,X.XX,,,,,X.XX,,,,,XXX.X,,,,,cGPA suppressed by CycleTrack for small n; sGPA suppressed by CycleTrack for small n; MCAT suppressed by CycleTrack for small n
cycletrack_explorer,CycleTrack School Explorer,https://cycletrack.org/explorer,New England,https://cycletrack.org/explorer/school/New England,University of New England,University of New England,DO,ME,USA,DO-PhD,acceptances,CycleTrack crowdsourced DO-PhD acceptances median stats,0,,,,,,,X.XX,,,,,X.XX,,,,,XXX.X,,,,,cGPA suppressed by CycleTrack for small n; sGPA suppressed by CycleTrack for small n; MCAT suppressed by CycleTrack for small n
cycletrack_explorer,CycleTrack School Explorer,https://cycletrack.org/explorer,New Mexico,https://cycletrack.org/explorer/school/New Mexico,University of New Mexico,University of New Mexico,MD,NM,USA,MD,interviews,CycleTrack crowdsourced MD interviews median stats,30,61.36,44,,,,,"3.80 (2.98 - 4.00), (n=25)",3.8,2.98,4,25,"3.76 (3.12 - 4.00), (n=24)",3.76,3.12,4,24,"511.00 (504.00 - 518.00), (n=25)",511,504,518,25,
cycletrack_explorer,CycleTrack School Explorer,https://cycletrack.org/explorer,New Mexico,https://cycletrack.org/explorer/school/New Mexico,University of New Mexico,University of New Mexico,MD,NM,USA,MD,acceptances,CycleTrack crowdsourced MD acceptances median stats,16,,,40.00,30,,,"3.80 (2.98 - 3.99), (n=15)",3.8,2.98,3.99,15,"3.76 (3.12 - 3.99), (n=15)",3.76,3.12,3.99,15,"512.00 (504.00 - 524.00), (n=15)",512,504,524,15,
cycletrack_explorer,CycleTrack School Explorer,https://cycletrack.org/explorer,New Mexico,https://cycletrack.org/explorer/school/New Mexico,University of New Mexico,University of New Mexico,MD,NM,USA,MD-PhD,interviews,CycleTrack crowdsourced MD-PhD interviews median stats,4,,,,,,,X.XX,,,,,X.XX,,,,,XXX.X,,,,,cGPA suppressed by CycleTrack for small n; sGPA suppressed by CycleTrack for small n; MCAT suppressed by CycleTrack for small n
cycletrack_explorer,CycleTrack School Explorer,https://cycletrack.org/explorer,New Mexico,https://cycletrack.org/explorer/school/New Mexico,University of New Mexico,University of New Mexico,MD,NM,USA,MD-PhD,acceptances,CycleTrack crowdsourced MD-PhD acceptances median stats,1,,,,,,,X.XX,,,,,X.XX,,,,,XXX.X,,,,,cGPA suppressed by CycleTrack for small n; sGPA suppressed by CycleTrack for small n; MCAT suppressed by CycleTrack for small n
cycletrack_explorer,CycleTrack School Explorer,https://cycletrack.org/explorer,New York Institute of Technology,https://cycletrack.org/explorer/school/New York Institute of Technology,New York Institute of Technology,New York Institute of Technology,DO,NY,USA,DO,interviews,CycleTrack crowdsourced DO interviews median stats,276,36.18,633,,,,,"3.76 (3.06 - 4.00), (n=242)",3.76,3.06,4,242,"3.67 (2.91 - 4.00), (n=225)",3.67,2.91,4,225,"509.00 (480.00 - 523.00), (n=246)",509,480,523,246,
cycletrack_explorer,CycleTrack School Explorer,https://cycletrack.org/explorer,New York Institute of Technology,https://cycletrack.org/explorer/school/New York Institute of Technology,New York Institute of Technology,New York Institute of Technology,DO,NY,USA,DO,acceptances,CycleTrack crowdsourced DO acceptances median stats,182,,,57.25,276,2.44,41,"3.78 (3.15 - 4.00), (n=156)",3.78,3.15,4,156,"3.69 (3.00 - 4.00), (n=147)",3.69,3,4,147,"509.00 (494.00 - 524.00), (n=158)",509,494,524,158,
cycletrack_explorer,CycleTrack School Explorer,https://cycletrack.org/explorer,New York Institute of Technology,https://cycletrack.org/explorer/school/New York Institute of Technology,New York Institute of Technology,New York Institute of Technology,DO,NY,USA,DO-PhD,interviews,CycleTrack crowdsourced DO-PhD interviews median stats,0,,,,,,,X.XX,,,,,X.XX,,,,,XXX.X,,,,,cGPA suppressed by CycleTrack for small n; sGPA suppressed by CycleTrack for small n; MCAT suppressed by CycleTrack for small n
cycletrack_explorer,CycleTrack School Explorer,https://cycletrack.org/explorer,New York Institute of Technology,https://cycletrack.org/explorer/school/New York Institute of Technology,New York Institute of Technology,New York Institute of Technology,DO,NY,USA,DO-PhD,acceptances,CycleTrack crowdsourced DO-PhD acceptances median stats,0,,,,,,,X.XX,,,,,X.XX,,,,,XXX.X,,,,,cGPA suppressed by CycleTrack for small n; sGPA suppressed by CycleTrack for small n; MCAT suppressed by CycleTrack for small n
cycletrack_explorer,CycleTrack School Explorer,https://cycletrack.org/explorer,New York Medical College,https://cycletrack.org/explorer/school/New York Medical College,New York Medical College,New York Medical College,MD,NY,USA,MD,interviews,CycleTrack crowdsourced MD interviews median stats,411,19.90,1633,,,,,"3.88 (3.10 - 4.00), (n=344)",3.88,3.1,4,344,"3.86 (3.09 - 4.00), (n=332)",3.86,3.09,4,332,"517.00 (507.00 - 528.00), (n=352)",517,507,528,352,
cycletrack_explorer,CycleTrack School Explorer,https://cycletrack.org/explorer,New York Medical College,https://cycletrack.org/explorer/school/New York Medical College,New York Medical College,New York Medical College,MD,NY,USA,MD,acceptances,CycleTrack crowdsourced MD acceptances median stats,198,,,44.77,411,1.08,93,"3.90 (3.15 - 4.00), (n=175)",3.9,3.15,4,175,"3.88 (3.30 - 4.00), (n=170)",3.88,3.3,4,170,"518.00 (510.00 - 528.00), (n=179)",518,510,528,179,
cycletrack_explorer,CycleTrack School Explorer,https://cycletrack.org/explorer,New York Medical College,https://cycletrack.org/explorer/school/New York Medical College,New York Medical College,New York Medical College,MD,NY,USA,MD-PhD,interviews,CycleTrack crowdsourced MD-PhD interviews median stats,1,20.00,5,,,,,X.XX,,,,,X.XX,,,,,XXX.X,,,,,cGPA suppressed by CycleTrack for small n; sGPA suppressed by CycleTrack for small n; MCAT suppressed by CycleTrack for small n
cycletrack_explorer,CycleTrack School Explorer,https://cycletrack.org/explorer,New York Medical College,https://cycletrack.org/explorer/school/New York Medical College,New York Medical College,New York Medical College,MD,NY,USA,MD-PhD,acceptances,CycleTrack crowdsourced MD-PhD acceptances median stats,0,,,,,,,X.XX,,,,,X.XX,,,,,XXX.X,,,,,cGPA suppressed by CycleTrack for small n; sGPA suppressed by CycleTrack for small n; MCAT suppressed by CycleTrack for small n
cycletrack_explorer,CycleTrack School Explorer,https://cycletrack.org/explorer,New York University - Grossman,https://cycletrack.org/explorer/school/New York University - Grossman,NYU Grossman,NYU Grossman,MD,NY,USA,MD,interviews,CycleTrack crowdsourced MD interviews median stats,364,20.04,1522,,,,,"3.97 (3.53 - 4.00), (n=324)",3.97,3.53,4,324,"3.98 (3.42 - 4.00), (n=316)",3.98,3.42,4,316,"523.00 (516.00 - 528.00), (n=324)",523,516,528,324,
cycletrack_explorer,CycleTrack School Explorer,https://cycletrack.org/explorer,New York University - Grossman,https://cycletrack.org/explorer/school/New York University - Grossman,NYU Grossman,NYU Grossman,MD,NY,USA,MD,acceptances,CycleTrack crowdsourced MD acceptances median stats,64,,,16.48,364,10.00,70,"3.97 (3.72 - 4.00), (n=55)",3.97,3.72,4,55,"3.96 (3.51 - 4.00), (n=54)",3.96,3.51,4,54,"523.00 (518.00 - 528.00), (n=55)",523,518,528,55,
cycletrack_explorer,CycleTrack School Explorer,https://cycletrack.org/explorer,New York University - Grossman,https://cycletrack.org/explorer/school/New York University - Grossman,NYU Grossman,NYU Grossman,MD,NY,USA,MD-PhD,interviews,CycleTrack crowdsourced MD-PhD interviews median stats,65,34.73,167,,,,,"3.97 (3.79 - 4.00), (n=52)",3.97,3.79,4,52,"3.98 (3.82 - 4.00), (n=47)",3.98,3.82,4,47,"523.00 (517.00 - 528.00), (n=52)",523,517,528,52,
cycletrack_explorer,CycleTrack School Explorer,https://cycletrack.org/explorer,New York University - Grossman,https://cycletrack.org/explorer/school/New York University - Grossman,NYU Grossman,NYU Grossman,MD,NY,USA,MD-PhD,acceptances,CycleTrack crowdsourced MD-PhD acceptances median stats,21,,,32.31,65,0.00,7,"3.97 (3.87 - 4.00), (n=15)",3.97,3.87,4,15,"3.98 (3.86 - 4.00), (n=15)",3.98,3.86,4,15,"524.00 (517.00 - 528.00), (n=15)",524,517,528,15,
cycletrack_explorer,CycleTrack School Explorer,https://cycletrack.org/explorer,New York University - Long Island,https://cycletrack.org/explorer/school/New York University - Long Island,NYU Grossman (Long Island),NYU Grossman (Long Island),MD,NY,USA,MD,interviews,CycleTrack crowdsourced MD interviews median stats,97,17.06,463,,,,,"3.87 (3.59 - 4.00), (n=77)",3.87,3.59,4,77,"3.86 (3.52 - 4.00), (n=73)",3.86,3.52,4,73,"516.00 (507.00 - 528.00), (n=79)",516,507,528,79,
cycletrack_explorer,CycleTrack School Explorer,https://cycletrack.org/explorer,New York University - Long Island,https://cycletrack.org/explorer/school/New York University - Long Island,NYU Grossman (Long Island),NYU Grossman (Long Island),MD,NY,USA,MD,acceptances,CycleTrack crowdsourced MD acceptances median stats,5,,,5.15,97,0.00,17,X.XX,,,,,X.XX,,,,,XXX.X,,,,,cGPA suppressed by CycleTrack for small n; sGPA suppressed by CycleTrack for small n; MCAT suppressed by CycleTrack for small n
cycletrack_explorer,CycleTrack School Explorer,https://cycletrack.org/explorer,New York University - Long Island,https://cycletrack.org/explorer/school/New York University - Long Island,NYU Grossman (Long Island),NYU Grossman (Long Island),MD,NY,USA,MD-PhD,interviews,CycleTrack crowdsourced MD-PhD interviews median stats,0,,,,,,,X.XX,,,,,X.XX,,,,,XXX.X,,,,,cGPA suppressed by CycleTrack for small n; sGPA suppressed by CycleTrack for small n; MCAT suppressed by CycleTrack for small n
cycletrack_explorer,CycleTrack School Explorer,https://cycletrack.org/explorer,New York University - Long Island,https://cycletrack.org/explorer/school/New York University - Long Island,NYU Grossman (Long Island),NYU Grossman (Long Island),MD,NY,USA,MD-PhD,acceptances,CycleTrack crowdsourced MD-PhD acceptances median stats,0,,,,,,,X.XX,,,,,X.XX,,,,,XXX.X,,,,,cGPA suppressed by CycleTrack for small n; sGPA suppressed by CycleTrack for small n; MCAT suppressed by CycleTrack for small n
cycletrack_explorer,CycleTrack School Explorer,https://cycletrack.org/explorer,Noorda,https://cycletrack.org/explorer/school/Noorda,Noorda College of Osteopathic Medicine,Noorda College of Osteopathic Medicine,DO,UT,USA,DO,interviews,CycleTrack crowdsourced DO interviews median stats,81,75.95,79,,,,,"3.57 (2.90 - 4.00), (n=66)",3.57,2.9,4,66,"3.40 (2.54 - 4.00), (n=57)",3.4,2.54,4,57,"502.00 (495.00 - 519.00), (n=66)",502,495,519,66,
cycletrack_explorer,CycleTrack School Explorer,https://cycletrack.org/explorer,Noorda,https://cycletrack.org/explorer/school/Noorda,Noorda College of Osteopathic Medicine,Noorda College of Osteopathic Medicine,DO,UT,USA,DO,acceptances,CycleTrack crowdsourced DO acceptances median stats,55,,,62.96,81,28.00,25,"3.65 (2.98 - 4.00), (n=44)",3.65,2.98,4,44,"3.48 (2.75 - 4.00), (n=39)",3.48,2.75,4,39,"503.50 (495.00 - 519.00), (n=44)",503.5,495,519,44,
cycletrack_explorer,CycleTrack School Explorer,https://cycletrack.org/explorer,Noorda,https://cycletrack.org/explorer/school/Noorda,Noorda College of Osteopathic Medicine,Noorda College of Osteopathic Medicine,DO,UT,USA,DO-PhD,interviews,CycleTrack crowdsourced DO-PhD interviews median stats,0,,,,,,,X.XX,,,,,X.XX,,,,,XXX.X,,,,,cGPA suppressed by CycleTrack for small n; sGPA suppressed by CycleTrack for small n; MCAT suppressed by CycleTrack for small n
cycletrack_explorer,CycleTrack School Explorer,https://cycletrack.org/explorer,Noorda,https://cycletrack.org/explorer/school/Noorda,Noorda College of Osteopathic Medicine,Noorda College of Osteopathic Medicine,DO,UT,USA,DO-PhD,acceptances,CycleTrack crowdsourced DO-PhD acceptances median stats,0,,,,,,,X.XX,,,,,X.XX,,,,,XXX.X,,,,,cGPA suppressed by CycleTrack for small n; sGPA suppressed by CycleTrack for small n; MCAT suppressed by CycleTrack for small n
cycletrack_explorer,CycleTrack School Explorer,https://cycletrack.org/explorer,North Carolina,https://cycletrack.org/explorer/school/North Carolina,University of North Carolina Chapel Hill,University of North Carolina Chapel Hill,MD,NC,USA,MD,interviews,CycleTrack crowdsourced MD interviews median stats,252,28.74,755,,,,,"3.85 (2.70 - 4.00), (n=212)",3.85,2.7,4,212,"3.82 (2.79 - 4.00), (n=196)",3.82,2.79,4,196,"516.00 (496.00 - 528.00), (n=217)",516,496,528,217,
cycletrack_explorer,CycleTrack School Explorer,https://cycletrack.org/explorer,North Carolina,https://cycletrack.org/explorer/school/North Carolina,University of North Carolina Chapel Hill,University of North Carolina Chapel Hill,MD,NC,USA,MD,acceptances,CycleTrack crowdsourced MD acceptances median stats,97,,,35.32,252,8.96,67,"3.90 (3.18 - 4.00), (n=79)",3.9,3.18,4,79,"3.88 (2.99 - 4.00), (n=77)",3.88,2.99,4,77,"517.00 (502.00 - 528.00), (n=82)",517,502,528,82,
cycletrack_explorer,CycleTrack School Explorer,https://cycletrack.org/explorer,North Carolina,https://cycletrack.org/explorer/school/North Carolina,University of North Carolina Chapel Hill,University of North Carolina Chapel Hill,MD,NC,USA,MD-PhD,interviews,CycleTrack crowdsourced MD-PhD interviews median stats,66,26.22,225,,,,,"3.95 (3.61 - 4.00), (n=56)",3.95,3.61,4,56,"3.96 (3.55 - 4.00), (n=53)",3.96,3.55,4,53,"520.00 (508.00 - 526.00), (n=56)",520,508,526,56,
cycletrack_explorer,CycleTrack School Explorer,https://cycletrack.org/explorer,North Carolina,https://cycletrack.org/explorer/school/North Carolina,University of North Carolina Chapel Hill,University of North Carolina Chapel Hill,MD,NC,USA,MD-PhD,acceptances,CycleTrack crowdsourced MD-PhD acceptances median stats,31,,,43.94,66,16.67,12,"3.91 (3.61 - 4.00), (n=25)",3.91,3.61,4,25,"3.93 (3.55 - 4.00), (n=23)",3.93,3.55,4,23,"519.00 (508.00 - 526.00), (n=25)",519,508,526,25,
cycletrack_explorer,CycleTrack School Explorer,https://cycletrack.org/explorer,North Dakota,https://cycletrack.org/explorer/school/North Dakota,University of North Dakota,University of North Dakota,MD,ND,USA,MD,interviews,CycleTrack crowdsourced MD interviews median stats,43,40.00,85,,,,,"3.82 (3.35 - 4.00), (n=33)",3.82,3.35,4,33,"3.80 (2.99 - 4.00), (n=30)",3.8,2.99,4,30,"510.00 (501.00 - 523.00), (n=33)",510,501,523,33,
cycletrack_explorer,CycleTrack School Explorer,https://cycletrack.org/explorer,North Dakota,https://cycletrack.org/explorer/school/North Dakota,University of North Dakota,University of North Dakota,MD,ND,USA,MD,acceptances,CycleTrack crowdsourced MD acceptances median stats,21,,,41.86,43,20.00,15,"3.87 (3.50 - 4.00), (n=17)",3.87,3.5,4,17,"3.80 (3.46 - 4.00), (n=16)",3.8,3.46,4,16,"511.00 (503.00 - 519.00), (n=17)",511,503,519,17,
cycletrack_explorer,CycleTrack School Explorer,https://cycletrack.org/explorer,North Dakota,https://cycletrack.org/explorer/school/North Dakota,University of North Dakota,University of North Dakota,MD,ND,USA,MD-PhD,interviews,CycleTrack crowdsourced MD-PhD interviews median stats,0,,,,,,,X.XX,,,,,X.XX,,,,,XXX.X,,,,,cGPA suppressed by CycleTrack for small n; sGPA suppressed by CycleTrack for small n; MCAT suppressed by CycleTrack for small n
cycletrack_explorer,CycleTrack School Explorer,https://cycletrack.org/explorer,North Dakota,https://cycletrack.org/explorer/school/North Dakota,University of North Dakota,University of North Dakota,MD,ND,USA,MD-PhD,acceptances,CycleTrack crowdsourced MD-PhD acceptances median stats,0,,,,,,,X.XX,,,,,X.XX,,,,,XXX.X,,,,,cGPA suppressed by CycleTrack for small n; sGPA suppressed by CycleTrack for small n; MCAT suppressed by CycleTrack for small n
cycletrack_explorer,CycleTrack School Explorer,https://cycletrack.org/explorer,North Texas,https://cycletrack.org/explorer/school/North Texas,Texas College of Osteopathic Medicine,Texas College of Osteopathic Medicine,DO,TX,USA,DO,interviews,CycleTrack crowdsourced DO interviews median stats,87,35.38,195,,,,,"3.86 (3.20 - 4.00), (n=77)",3.86,3.2,4,77,"3.80 (2.99 - 4.00), (n=73)",3.8,2.99,4,73,"512.00 (503.00 - 526.00), (n=78)",512,503,526,78,
cycletrack_explorer,CycleTrack School Explorer,https://cycletrack.org/explorer,North Texas,https://cycletrack.org/explorer/school/North Texas,Texas College of Osteopathic Medicine,Texas College of Osteopathic Medicine,DO,TX,USA,DO,acceptances,CycleTrack crowdsourced DO acceptances median stats,43,,,45.98,87,0.00,9,"3.90 (3.20 - 4.00), (n=40)",3.9,3.2,4,40,"3.87 (2.99 - 4.00), (n=38)",3.87,2.99,4,38,"512.00 (503.00 - 524.00), (n=40)",512,503,524,40,
cycletrack_explorer,CycleTrack School Explorer,https://cycletrack.org/explorer,North Texas,https://cycletrack.org/explorer/school/North Texas,Texas College of Osteopathic Medicine,Texas College of Osteopathic Medicine,DO,TX,USA,DO-PhD,interviews,CycleTrack crowdsourced DO-PhD interviews median stats,0,,,,,,,X.XX,,,,,X.XX,,,,,XXX.X,,,,,cGPA suppressed by CycleTrack for small n; sGPA suppressed by CycleTrack for small n; MCAT suppressed by CycleTrack for small n
cycletrack_explorer,CycleTrack School Explorer,https://cycletrack.org/explorer,North Texas,https://cycletrack.org/explorer/school/North Texas,Texas College of Osteopathic Medicine,Texas College of Osteopathic Medicine,DO,TX,USA,DO-PhD,acceptances,CycleTrack crowdsourced DO-PhD acceptances median stats,0,,,,,,,X.XX,,,,,X.XX,,,,,XXX.X,,,,,cGPA suppressed by CycleTrack for small n; sGPA suppressed by CycleTrack for small n; MCAT suppressed by CycleTrack for small n
cycletrack_explorer,CycleTrack School Explorer,https://cycletrack.org/explorer,Northeast Ohio,https://cycletrack.org/explorer/school/Northeast Ohio,Northeast Ohio Medical University,Northeast Ohio Medical University,MD,OH,USA,MD,interviews,CycleTrack crowdsourced MD interviews median stats,186,48.25,315,,,,,"3.85 (3.34 - 4.00), (n=156)",3.85,3.34,4,156,"3.80 (3.20 - 4.00), (n=139)",3.8,3.2,4,139,"514.00 (502.00 - 526.00), (n=159)",514,502,526,159,
cycletrack_explorer,CycleTrack School Explorer,https://cycletrack.org/explorer,Northeast Ohio,https://cycletrack.org/explorer/school/Northeast Ohio,Northeast Ohio Medical University,Northeast Ohio Medical University,MD,OH,USA,MD,acceptances,CycleTrack crowdsourced MD acceptances median stats,53,,,27.42,186,25.26,95,"3.84 (3.47 - 4.00), (n=46)",3.84,3.47,4,46,"3.80 (3.20 - 4.00), (n=43)",3.8,3.2,4,43,"515.00 (506.00 - 526.00), (n=47)",515,506,526,47,
cycletrack_explorer,CycleTrack School Explorer,https://cycletrack.org/explorer,Northeast Ohio,https://cycletrack.org/explorer/school/Northeast Ohio,Northeast Ohio Medical University,Northeast Ohio Medical University,MD,OH,USA,MD-PhD,interviews,CycleTrack crowdsourced MD-PhD interviews median stats,0,,,,,,,X.XX,,,,,X.XX,,,,,XXX.X,,,,,cGPA suppressed by CycleTrack for small n; sGPA suppressed by CycleTrack for small n; MCAT suppressed by CycleTrack for small n
cycletrack_explorer,CycleTrack School Explorer,https://cycletrack.org/explorer,Northeast Ohio,https://cycletrack.org/explorer/school/Northeast Ohio,Northeast Ohio Medical University,Northeast Ohio Medical University,MD,OH,USA,MD-PhD,acceptances,CycleTrack crowdsourced MD-PhD acceptances median stats,0,,,,,,,X.XX,,,,,X.XX,,,,,XXX.X,,,,,cGPA suppressed by CycleTrack for small n; sGPA suppressed by CycleTrack for small n; MCAT suppressed by CycleTrack for small n
cycletrack_explorer,CycleTrack School Explorer,https://cycletrack.org/explorer,Northern Ontario School of Medicine,https://cycletrack.org/explorer/school/Northern Ontario School of Medicine,Northern Ontario School of Medicine,Northern Ontario School of Medicine,MD,ON,CAN,MD,interviews,CycleTrack crowdsourced MD interviews median stats,0,0.00,11,,,,,X.XX,,,,,X.XX,,,,,XXX.X,,,,,cGPA suppressed by CycleTrack for small n; sGPA suppressed by CycleTrack for small n; MCAT suppressed by CycleTrack for small n
cycletrack_explorer,CycleTrack School Explorer,https://cycletrack.org/explorer,Northern Ontario School of Medicine,https://cycletrack.org/explorer/school/Northern Ontario School of Medicine,Northern Ontario School of Medicine,Northern Ontario School of Medicine,MD,ON,CAN,MD,acceptances,CycleTrack crowdsourced MD acceptances median stats,0,,,,,,,X.XX,,,,,X.XX,,,,,XXX.X,,,,,cGPA suppressed by CycleTrack for small n; sGPA suppressed by CycleTrack for small n; MCAT suppressed by CycleTrack for small n
cycletrack_explorer,CycleTrack School Explorer,https://cycletrack.org/explorer,Northern Ontario School of Medicine,https://cycletrack.org/explorer/school/Northern Ontario School of Medicine,Northern Ontario School of Medicine,Northern Ontario School of Medicine,MD,ON,CAN,MD-PhD,interviews,CycleTrack crowdsourced MD-PhD interviews median stats,0,,,,,,,X.XX,,,,,X.XX,,,,,XXX.X,,,,,cGPA suppressed by CycleTrack for small n; sGPA suppressed by CycleTrack for small n; MCAT suppressed by CycleTrack for small n
cycletrack_explorer,CycleTrack School Explorer,https://cycletrack.org/explorer,Northern Ontario School of Medicine,https://cycletrack.org/explorer/school/Northern Ontario School of Medicine,Northern Ontario School of Medicine,Northern Ontario School of Medicine,MD,ON,CAN,MD-PhD,acceptances,CycleTrack crowdsourced MD-PhD acceptances median stats,0,,,,,,,X.XX,,,,,X.XX,,,,,XXX.X,,,,,cGPA suppressed by CycleTrack for small n; sGPA suppressed by CycleTrack for small n; MCAT suppressed by CycleTrack for small n
cycletrack_explorer,CycleTrack School Explorer,https://cycletrack.org/explorer,Northwestern,https://cycletrack.org/explorer/school/Northwestern,Northwestern University,Northwestern University,MD,IL,USA,MD,interviews,CycleTrack crowdsourced MD interviews median stats,278,13.33,1801,,,,,"3.95 (3.36 - 4.00), (n=237)",3.95,3.36,4,237,"3.95 (3.17 - 4.00), (n=228)",3.95,3.17,4,228,"522.00 (511.00 - 528.00), (n=239)",522,511,528,239,
cycletrack_explorer,CycleTrack School Explorer,https://cycletrack.org/explorer,Northwestern,https://cycletrack.org/explorer/school/Northwestern,Northwestern University,Northwestern University,MD,IL,USA,MD,acceptances,CycleTrack crowdsourced MD acceptances median stats,89,,,30.58,278,1.94,103,"3.95 (3.36 - 4.00), (n=73)",3.95,3.36,4,73,"3.94 (3.17 - 4.00), (n=70)",3.94,3.17,4,70,"521.00 (511.00 - 527.00), (n=73)",521,511,527,73,
cycletrack_explorer,CycleTrack School Explorer,https://cycletrack.org/explorer,Northwestern,https://cycletrack.org/explorer/school/Northwestern,Northwestern University,Northwestern University,MD,IL,USA,MD-PhD,interviews,CycleTrack crowdsourced MD-PhD interviews median stats,117,29.43,333,,,,,"3.97 (3.61 - 4.00), (n=100)",3.97,3.61,4,100,"3.98 (3.57 - 4.00), (n=98)",3.98,3.57,4,98,"521.00 (508.00 - 528.00), (n=100)",521,508,528,100,
cycletrack_explorer,CycleTrack School Explorer,https://cycletrack.org/explorer,Northwestern,https://cycletrack.org/explorer/school/Northwestern,Northwestern University,Northwestern University,MD,IL,USA,MD-PhD,acceptances,CycleTrack crowdsourced MD-PhD acceptances median stats,52,,,41.88,117,5.00,40,"3.97 (3.74 - 4.00), (n=44)",3.97,3.74,4,44,"3.98 (3.67 - 4.00), (n=43)",3.98,3.67,4,43,"522.00 (512.00 - 528.00), (n=45)",522,512,528,45,
cycletrack_explorer,CycleTrack School Explorer,https://cycletrack.org/explorer,Nova Southeastern,https://cycletrack.org/explorer/school/Nova Southeastern,Nova Southeastern University,Nova Southeastern University,MD,FL,USA,MD,interviews,CycleTrack crowdsourced MD interviews median stats,78,14.75,366,,,,,"3.80 (3.30 - 4.00), (n=67)",3.8,3.3,4,67,"3.75 (2.93 - 4.00), (n=62)",3.75,2.93,4,62,"513.00 (502.00 - 524.00), (n=67)",513,502,524,67,
cycletrack_explorer,CycleTrack School Explorer,https://cycletrack.org/explorer,Nova Southeastern,https://cycletrack.org/explorer/school/Nova Southeastern,Nova Southeastern University,Nova Southeastern University,MD,FL,USA,MD,acceptances,CycleTrack crowdsourced MD acceptances median stats,21,,,24.36,78,17.24,29,"3.76 (3.31 - 4.00), (n=19)",3.76,3.31,4,19,"3.69 (3.20 - 4.00), (n=18)",3.69,3.2,4,18,"512.00 (506.00 - 519.00), (n=19)",512,506,519,19,
cycletrack_explorer,CycleTrack School Explorer,https://cycletrack.org/explorer,Nova Southeastern,https://cycletrack.org/explorer/school/Nova Southeastern,Nova Southeastern University,Nova Southeastern University,MD,FL,USA,MD-PhD,interviews,CycleTrack crowdsourced MD-PhD interviews median stats,0,,,,,,,X.XX,,,,,X.XX,,,,,XXX.X,,,,,cGPA suppressed by CycleTrack for small n; sGPA suppressed by CycleTrack for small n; MCAT suppressed by CycleTrack for small n
cycletrack_explorer,CycleTrack School Explorer,https://cycletrack.org/explorer,Nova Southeastern,https://cycletrack.org/explorer/school/Nova Southeastern,Nova Southeastern University,Nova Southeastern University,MD,FL,USA,MD-PhD,acceptances,CycleTrack crowdsourced MD-PhD acceptances median stats,0,,,,,,,X.XX,,,,,X.XX,,,,,XXX.X,,,,,cGPA suppressed by CycleTrack for small n; sGPA suppressed by CycleTrack for small n; MCAT suppressed by CycleTrack for small n
cycletrack_explorer,CycleTrack School Explorer,https://cycletrack.org/explorer,Nova Southeastern COM,https://cycletrack.org/explorer/school/Nova Southeastern COM,Nova Southeastern University,Nova Southeastern University,DO,FL,USA,DO,interviews,CycleTrack crowdsourced DO interviews median stats,131,36.84,285,,,,,"3.75 (3.25 - 4.00), (n=110)",3.75,3.25,4,110,"3.67 (3.14 - 4.00), (n=98)",3.67,3.14,4,98,"507.00 (500.00 - 519.00), (n=110)",507,500,519,110,
cycletrack_explorer,CycleTrack School Explorer,https://cycletrack.org/explorer,Nova Southeastern COM,https://cycletrack.org/explorer/school/Nova Southeastern COM,Nova Southeastern University,Nova Southeastern University,DO,FL,USA,DO,acceptances,CycleTrack crowdsourced DO acceptances median stats,85,,,59.54,131,45.45,11,"3.72 (3.26 - 4.00), (n=71)",3.72,3.26,4,71,"3.67 (3.14 - 4.00), (n=62)",3.67,3.14,4,62,"507.00 (498.00 - 519.00), (n=71)",507,498,519,71,
cycletrack_explorer,CycleTrack School Explorer,https://cycletrack.org/explorer,Nova Southeastern COM,https://cycletrack.org/explorer/school/Nova Southeastern COM,Nova Southeastern University,Nova Southeastern University,DO,FL,USA,DO-PhD,interviews,CycleTrack crowdsourced DO-PhD interviews median stats,0,,,,,,,X.XX,,,,,X.XX,,,,,XXX.X,,,,,cGPA suppressed by CycleTrack for small n; sGPA suppressed by CycleTrack for small n; MCAT suppressed by CycleTrack for small n
cycletrack_explorer,CycleTrack School Explorer,https://cycletrack.org/explorer,Nova Southeastern COM,https://cycletrack.org/explorer/school/Nova Southeastern COM,Nova Southeastern University,Nova Southeastern University,DO,FL,USA,DO-PhD,acceptances,CycleTrack crowdsourced DO-PhD acceptances median stats,0,,,,,,,X.XX,,,,,X.XX,,,,,XXX.X,,,,,cGPA suppressed by CycleTrack for small n; sGPA suppressed by CycleTrack for small n; MCAT suppressed by CycleTrack for small n
cycletrack_explorer,CycleTrack School Explorer,https://cycletrack.org/explorer,Oakland,https://cycletrack.org/explorer/school/Oakland,Oakland University,Oakland University,MD,MI,USA,MD,interviews,CycleTrack crowdsourced MD interviews median stats,109,9.90,859,,,,,"3.90 (3.13 - 4.00), (n=91)",3.9,3.13,4,91,"3.90 (3.01 - 4.00), (n=85)",3.9,3.01,4,85,"512.00 (503.00 - 523.00), (n=92)",512,503,523,92,
cycletrack_explorer,CycleTrack School Explorer,https://cycletrack.org/explorer,Oakland,https://cycletrack.org/explorer/school/Oakland,Oakland University,Oakland University,MD,MI,USA,MD,acceptances,CycleTrack crowdsourced MD acceptances median stats,52,,,44.04,109,14.81,27,"3.93 (3.26 - 4.00), (n=43)",3.93,3.26,4,43,"3.92 (3.01 - 4.00), (n=40)",3.92,3.01,4,40,"513.50 (506.00 - 522.00), (n=44)",513.5,506,522,44,
cycletrack_explorer,CycleTrack School Explorer,https://cycletrack.org/explorer,Oakland,https://cycletrack.org/explorer/school/Oakland,Oakland University,Oakland University,MD,MI,USA,MD-PhD,interviews,CycleTrack crowdsourced MD-PhD interviews median stats,0,,,,,,,X.XX,,,,,X.XX,,,,,XXX.X,,,,,cGPA suppressed by CycleTrack for small n; sGPA suppressed by CycleTrack for small n; MCAT suppressed by CycleTrack for small n
cycletrack_explorer,CycleTrack School Explorer,https://cycletrack.org/explorer,Oakland,https://cycletrack.org/explorer/school/Oakland,Oakland University,Oakland University,MD,MI,USA,MD-PhD,acceptances,CycleTrack crowdsourced MD-PhD acceptances median stats,0,,,,,,,X.XX,,,,,X.XX,,,,,XXX.X,,,,,cGPA suppressed by CycleTrack for small n; sGPA suppressed by CycleTrack for small n; MCAT suppressed by CycleTrack for small n
cycletrack_explorer,CycleTrack School Explorer,https://cycletrack.org/explorer,Ohio State,https://cycletrack.org/explorer/school/Ohio State,Ohio State University,Ohio State University,MD,OH,USA,MD,interviews,CycleTrack crowdsourced MD interviews median stats,220,13.29,1392,,,,,"3.90 (3.00 - 4.00), (n=196)",3.9,3,4,196,"3.88 (3.01 - 4.00), (n=186)",3.88,3.01,4,186,"516.00 (497.00 - 527.00), (n=197)",516,497,527,197,
cycletrack_explorer,CycleTrack School Explorer,https://cycletrack.org/explorer,Ohio State,https://cycletrack.org/explorer/school/Ohio State,Ohio State University,Ohio State University,MD,OH,USA,MD,acceptances,CycleTrack crowdsourced MD acceptances median stats,114,,,50.00,220,21.43,84,"3.92 (3.00 - 4.00), (n=100)",3.92,3,4,100,"3.93 (3.01 - 4.00), (n=94)",3.93,3.01,4,94,"518.00 (497.00 - 527.00), (n=100)",518,497,527,100,
cycletrack_explorer,CycleTrack School Explorer,https://cycletrack.org/explorer,Ohio State,https://cycletrack.org/explorer/school/Ohio State,Ohio State University,Ohio State University,MD,OH,USA,MD-PhD,interviews,CycleTrack crowdsourced MD-PhD interviews median stats,57,34.44,151,,,,,"3.94 (3.55 - 4.00), (n=51)",3.94,3.55,4,51,"3.95 (3.39 - 4.00), (n=47)",3.95,3.39,4,47,"519.00 (509.00 - 526.00), (n=51)",519,509,526,51,
cycletrack_explorer,CycleTrack School Explorer,https://cycletrack.org/explorer,Ohio State,https://cycletrack.org/explorer/school/Ohio State,Ohio State University,Ohio State University,MD,OH,USA,MD-PhD,acceptances,CycleTrack crowdsourced MD-PhD acceptances median stats,26,,,43.86,57,5.56,18,"3.93 (3.64 - 4.00), (n=23)",3.93,3.64,4,23,"3.94 (3.44 - 4.00), (n=21)",3.94,3.44,4,21,"520.00 (511.00 - 525.00), (n=23)",520,511,525,23,
cycletrack_explorer,CycleTrack School Explorer,https://cycletrack.org/explorer,Ohio University,https://cycletrack.org/explorer/school/Ohio University,Ohio University,Ohio University,DO,OH,USA,DO,interviews,CycleTrack crowdsourced DO interviews median stats,54,26.44,174,,,,,"3.73 (3.09 - 4.00), (n=44)",3.73,3.09,4,44,"3.67 (2.82 - 4.00), (n=38)",3.67,2.82,4,38,"510.00 (501.00 - 519.00), (n=45)",510,501,519,45,
cycletrack_explorer,CycleTrack School Explorer,https://cycletrack.org/explorer,Ohio University,https://cycletrack.org/explorer/school/Ohio University,Ohio University,Ohio University,DO,OH,USA,DO,acceptances,CycleTrack crowdsourced DO acceptances median stats,43,,,68.52,54,26.67,15,"3.79 (3.09 - 4.00), (n=38)",3.79,3.09,4,38,"3.70 (2.82 - 4.00), (n=32)",3.7,2.82,4,32,"510.00 (498.00 - 519.00), (n=37)",510,498,519,37,
cycletrack_explorer,CycleTrack School Explorer,https://cycletrack.org/explorer,Ohio University,https://cycletrack.org/explorer/school/Ohio University,Ohio University,Ohio University,DO,OH,USA,DO-PhD,interviews,CycleTrack crowdsourced DO-PhD interviews median stats,0,,,,,,,X.XX,,,,,X.XX,,,,,XXX.X,,,,,cGPA suppressed by CycleTrack for small n; sGPA suppressed by CycleTrack for small n; MCAT suppressed by CycleTrack for small n
cycletrack_explorer,CycleTrack School Explorer,https://cycletrack.org/explorer,Ohio University,https://cycletrack.org/explorer/school/Ohio University,Ohio University,Ohio University,DO,OH,USA,DO-PhD,acceptances,CycleTrack crowdsourced DO-PhD acceptances median stats,0,,,,,,,X.XX,,,,,X.XX,,,,,XXX.X,,,,,cGPA suppressed by CycleTrack for small n; sGPA suppressed by CycleTrack for small n; MCAT suppressed by CycleTrack for small n
cycletrack_explorer,CycleTrack School Explorer,https://cycletrack.org/explorer,Oklahoma,https://cycletrack.org/explorer/school/Oklahoma,University of Oklahoma,University of Oklahoma,MD,OK,USA,MD,interviews,CycleTrack crowdsourced MD interviews median stats,95,60.87,138,,,,,"3.90 (3.15 - 4.00), (n=87)",3.9,3.15,4,87,"3.89 (2.80 - 4.00), (n=84)",3.89,2.8,4,84,"514.00 (502.00 - 527.00), (n=89)",514,502,527,89,
cycletrack_explorer,CycleTrack School Explorer,https://cycletrack.org/explorer,Oklahoma,https://cycletrack.org/explorer/school/Oklahoma,University of Oklahoma,University of Oklahoma,MD,OK,USA,MD,acceptances,CycleTrack crowdsourced MD acceptances median stats,47,,,43.16,95,20.00,25,"3.90 (3.29 - 4.00), (n=41)",3.9,3.29,4,41,"3.90 (3.10 - 4.00), (n=38)",3.9,3.1,4,38,"516.00 (503.00 - 524.00), (n=43)",516,503,524,43,
cycletrack_explorer,CycleTrack School Explorer,https://cycletrack.org/explorer,Oklahoma,https://cycletrack.org/explorer/school/Oklahoma,University of Oklahoma,University of Oklahoma,MD,OK,USA,MD-PhD,interviews,CycleTrack crowdsourced MD-PhD interviews median stats,4,33.33,9,,,,,X.XX,,,,,X.XX,,,,,XXX.X,,,,,cGPA suppressed by CycleTrack for small n; sGPA suppressed by CycleTrack for small n; MCAT suppressed by CycleTrack for small n
cycletrack_explorer,CycleTrack School Explorer,https://cycletrack.org/explorer,Oklahoma,https://cycletrack.org/explorer/school/Oklahoma,University of Oklahoma,University of Oklahoma,MD,OK,USA,MD-PhD,acceptances,CycleTrack crowdsourced MD-PhD acceptances median stats,1,,,,,,,X.XX,,,,,X.XX,,,,,XXX.X,,,,,cGPA suppressed by CycleTrack for small n; sGPA suppressed by CycleTrack for small n; MCAT suppressed by CycleTrack for small n
cycletrack_explorer,CycleTrack School Explorer,https://cycletrack.org/explorer,Oklahoma State,https://cycletrack.org/explorer/school/Oklahoma State,Oklahoma State University,Oklahoma State University,DO,OK,USA,DO,interviews,CycleTrack crowdsourced DO interviews median stats,29,13.37,187,,,,,"3.90 (3.42 - 4.00), (n=26)",3.9,3.42,4,26,"3.87 (3.43 - 4.00), (n=25)",3.87,3.43,4,25,"505.00 (499.00 - 517.00), (n=25)",505,499,517,25,
cycletrack_explorer,CycleTrack School Explorer,https://cycletrack.org/explorer,Oklahoma State,https://cycletrack.org/explorer/school/Oklahoma State,Oklahoma State University,Oklahoma State University,DO,OK,USA,DO,acceptances,CycleTrack crowdsourced DO acceptances median stats,21,,,62.07,29,33.33,12,"3.93 (3.60 - 4.00), (n=17)",3.93,3.6,4,17,"3.94 (3.48 - 4.00), (n=15)",3.94,3.48,4,15,"506.00 (499.00 - 517.00), (n=18)",506,499,517,18,
cycletrack_explorer,CycleTrack School Explorer,https://cycletrack.org/explorer,Oklahoma State,https://cycletrack.org/explorer/school/Oklahoma State,Oklahoma State University,Oklahoma State University,DO,OK,USA,DO-PhD,interviews,CycleTrack crowdsourced DO-PhD interviews median stats,0,,,,,,,X.XX,,,,,X.XX,,,,,XXX.X,,,,,cGPA suppressed by CycleTrack for small n; sGPA suppressed by CycleTrack for small n; MCAT suppressed by CycleTrack for small n
cycletrack_explorer,CycleTrack School Explorer,https://cycletrack.org/explorer,Oklahoma State,https://cycletrack.org/explorer/school/Oklahoma State,Oklahoma State University,Oklahoma State University,DO,OK,USA,DO-PhD,acceptances,CycleTrack crowdsourced DO-PhD acceptances median stats,0,,,,,,,X.XX,,,,,X.XX,,,,,XXX.X,,,,,cGPA suppressed by CycleTrack for small n; sGPA suppressed by CycleTrack for small n; MCAT suppressed by CycleTrack for small n
cycletrack_explorer,CycleTrack School Explorer,https://cycletrack.org/explorer,Oregon Health and Science,https://cycletrack.org/explorer/school/Oregon Health and Science,Oregon Health & Science University,Oregon Health & Science University,MD,OR,USA,MD,interviews,CycleTrack crowdsourced MD interviews median stats,138,24.95,493,,,,,"3.86 (3.04 - 4.00), (n=109)",3.86,3.04,4,109,"3.83 (2.93 - 4.00), (n=103)",3.83,2.93,4,103,"515.00 (500.00 - 527.00), (n=113)",515,500,527,113,
cycletrack_explorer,CycleTrack School Explorer,https://cycletrack.org/explorer,Oregon Health and Science,https://cycletrack.org/explorer/school/Oregon Health and Science,Oregon Health & Science University,Oregon Health & Science University,MD,OR,USA,MD,acceptances,CycleTrack crowdsourced MD acceptances median stats,54,,,38.41,138,33.33,30,"3.80 (3.15 - 4.00), (n=40)",3.8,3.15,4,40,"3.82 (2.95 - 4.00), (n=38)",3.82,2.95,4,38,"515.00 (500.00 - 523.00), (n=42)",515,500,523,42,
cycletrack_explorer,CycleTrack School Explorer,https://cycletrack.org/explorer,Oregon Health and Science,https://cycletrack.org/explorer/school/Oregon Health and Science,Oregon Health & Science University,Oregon Health & Science University,MD,OR,USA,MD-PhD,interviews,CycleTrack crowdsourced MD-PhD interviews median stats,45,30.60,134,,,,,"3.91 (3.50 - 4.00), (n=38)",3.91,3.5,4,38,"3.91 (3.44 - 4.00), (n=36)",3.91,3.44,4,36,"518.00 (508.00 - 528.00), (n=39)",518,508,528,39,
cycletrack_explorer,CycleTrack School Explorer,https://cycletrack.org/explorer,Oregon Health and Science,https://cycletrack.org/explorer/school/Oregon Health and Science,Oregon Health & Science University,Oregon Health & Science University,MD,OR,USA,MD-PhD,acceptances,CycleTrack crowdsourced MD-PhD acceptances median stats,16,,,31.11,45,20.00,10,"3.95 (3.50 - 4.00), (n=16)",3.95,3.5,4,16,"3.96 (3.45 - 4.00), (n=16)",3.96,3.45,4,16,"516.50 (508.00 - 528.00), (n=16)",516.5,508,528,16,
cycletrack_explorer,CycleTrack School Explorer,https://cycletrack.org/explorer,Orlando COM,https://cycletrack.org/explorer/school/Orlando COM,Orlando College of Osteopathic Medicine,Orlando College of Osteopathic Medicine,DO,FL,USA,DO,interviews,CycleTrack crowdsourced DO interviews median stats,84,74.16,89,,,,,"3.67 (2.96 - 4.00), (n=73)",3.67,2.96,4,73,"3.55 (2.83 - 4.00), (n=67)",3.55,2.83,4,67,"504.00 (495.00 - 517.00), (n=74)",504,495,517,74,
cycletrack_explorer,CycleTrack School Explorer,https://cycletrack.org/explorer,Orlando COM,https://cycletrack.org/explorer/school/Orlando COM,Orlando College of Osteopathic Medicine,Orlando College of Osteopathic Medicine,DO,FL,USA,DO,acceptances,CycleTrack crowdsourced DO acceptances median stats,37,,,34.52,84,34.78,23,"3.71 (3.21 - 4.00), (n=31)",3.71,3.21,4,31,"3.60 (3.01 - 4.00), (n=27)",3.6,3.01,4,27,"506.00 (497.00 - 517.00), (n=33)",506,497,517,33,
cycletrack_explorer,CycleTrack School Explorer,https://cycletrack.org/explorer,Orlando COM,https://cycletrack.org/explorer/school/Orlando COM,Orlando College of Osteopathic Medicine,Orlando College of Osteopathic Medicine,DO,FL,USA,DO-PhD,interviews,CycleTrack crowdsourced DO-PhD interviews median stats,0,,,,,,,X.XX,,,,,X.XX,,,,,XXX.X,,,,,cGPA suppressed by CycleTrack for small n; sGPA suppressed by CycleTrack for small n; MCAT suppressed by CycleTrack for small n
cycletrack_explorer,CycleTrack School Explorer,https://cycletrack.org/explorer,Orlando COM,https://cycletrack.org/explorer/school/Orlando COM,Orlando College of Osteopathic Medicine,Orlando College of Osteopathic Medicine,DO,FL,USA,DO-PhD,acceptances,CycleTrack crowdsourced DO-PhD acceptances median stats,0,,,,,,,X.XX,,,,,X.XX,,,,,XXX.X,,,,,cGPA suppressed by CycleTrack for small n; sGPA suppressed by CycleTrack for small n; MCAT suppressed by CycleTrack for small n
cycletrack_explorer,CycleTrack School Explorer,https://cycletrack.org/explorer,Ottawa,https://cycletrack.org/explorer/school/Ottawa,University of Ottawa,University of Ottawa,MD,ON,CAN,MD,interviews,CycleTrack crowdsourced MD interviews median stats,2,10.00,10,,,,,X.XX,,,,,X.XX,,,,,XXX.X,,,,,cGPA suppressed by CycleTrack for small n; sGPA suppressed by CycleTrack for small n; MCAT suppressed by CycleTrack for small n
cycletrack_explorer,CycleTrack School Explorer,https://cycletrack.org/explorer,Ottawa,https://cycletrack.org/explorer/school/Ottawa,University of Ottawa,University of Ottawa,MD,ON,CAN,MD,acceptances,CycleTrack crowdsourced MD acceptances median stats,1,,,,,,,X.XX,,,,,X.XX,,,,,XXX.X,,,,,cGPA suppressed by CycleTrack for small n; sGPA suppressed by CycleTrack for small n; MCAT suppressed by CycleTrack for small n
cycletrack_explorer,CycleTrack School Explorer,https://cycletrack.org/explorer,Ottawa,https://cycletrack.org/explorer/school/Ottawa,University of Ottawa,University of Ottawa,MD,ON,CAN,MD-PhD,interviews,CycleTrack crowdsourced MD-PhD interviews median stats,1,,,,,,,X.XX,,,,,X.XX,,,,,XXX.X,,,,,cGPA suppressed by CycleTrack for small n; sGPA suppressed by CycleTrack for small n; MCAT suppressed by CycleTrack for small n
cycletrack_explorer,CycleTrack School Explorer,https://cycletrack.org/explorer,Ottawa,https://cycletrack.org/explorer/school/Ottawa,University of Ottawa,University of Ottawa,MD,ON,CAN,MD-PhD,acceptances,CycleTrack crowdsourced MD-PhD acceptances median stats,1,,,,,,,X.XX,,,,,X.XX,,,,,XXX.X,,,,,cGPA suppressed by CycleTrack for small n; sGPA suppressed by CycleTrack for small n; MCAT suppressed by CycleTrack for small n
cycletrack_explorer,CycleTrack School Explorer,https://cycletrack.org/explorer,Pacific Northwest,https://cycletrack.org/explorer/school/Pacific Northwest,Pacific Northwest University,Pacific Northwest University,DO,WA,USA,DO,interviews,CycleTrack crowdsourced DO interviews median stats,96,52.98,151,,,,,"3.69 (2.82 - 4.00), (n=78)",3.69,2.82,4,78,"3.60 (2.79 - 4.00), (n=75)",3.6,2.79,4,75,"508.50 (495.00 - 524.00), (n=82)",508.5,495,524,82,
cycletrack_explorer,CycleTrack School Explorer,https://cycletrack.org/explorer,Pacific Northwest,https://cycletrack.org/explorer/school/Pacific Northwest,Pacific Northwest University,Pacific Northwest University,DO,WA,USA,DO,acceptances,CycleTrack crowdsourced DO acceptances median stats,65,,,54.17,96,33.33,6,"3.68 (3.19 - 4.00), (n=56)",3.68,3.19,4,56,"3.62 (3.00 - 4.00), (n=52)",3.62,3,4,52,"507.00 (497.00 - 522.00), (n=58)",507,497,522,58,
cycletrack_explorer,CycleTrack School Explorer,https://cycletrack.org/explorer,Pacific Northwest,https://cycletrack.org/explorer/school/Pacific Northwest,Pacific Northwest University,Pacific Northwest University,DO,WA,USA,DO-PhD,interviews,CycleTrack crowdsourced DO-PhD interviews median stats,0,,,,,,,X.XX,,,,,X.XX,,,,,XXX.X,,,,,cGPA suppressed by CycleTrack for small n; sGPA suppressed by CycleTrack for small n; MCAT suppressed by CycleTrack for small n
cycletrack_explorer,CycleTrack School Explorer,https://cycletrack.org/explorer,Pacific Northwest,https://cycletrack.org/explorer/school/Pacific Northwest,Pacific Northwest University,Pacific Northwest University,DO,WA,USA,DO-PhD,acceptances,CycleTrack crowdsourced DO-PhD acceptances median stats,0,,,,,,,X.XX,,,,,X.XX,,,,,XXX.X,,,,,cGPA suppressed by CycleTrack for small n; sGPA suppressed by CycleTrack for small n; MCAT suppressed by CycleTrack for small n
cycletrack_explorer,CycleTrack School Explorer,https://cycletrack.org/explorer,Penn State,https://cycletrack.org/explorer/school/Penn State,Pennsylvania State University,Pennsylvania State University,MD,PA,USA,MD,interviews,CycleTrack crowdsourced MD interviews median stats,187,9.00,1711,,,,,"3.85 (3.39 - 4.00), (n=165)",3.85,3.39,4,165,"3.82 (3.06 - 4.00), (n=159)",3.82,3.06,4,159,"513.00 (503.00 - 524.00), (n=165)",513,503,524,165,
cycletrack_explorer,CycleTrack School Explorer,https://cycletrack.org/explorer,Penn State,https://cycletrack.org/explorer/school/Penn State,Pennsylvania State University,Pennsylvania State University,MD,PA,USA,MD,acceptances,CycleTrack crowdsourced MD acceptances median stats,68,,,35.83,187,18.03,61,"3.87 (3.39 - 4.00), (n=61)",3.87,3.39,4,61,"3.82 (3.06 - 4.00), (n=57)",3.82,3.06,4,57,"512.50 (504.00 - 524.00), (n=60)",512.5,504,524,60,
cycletrack_explorer,CycleTrack School Explorer,https://cycletrack.org/explorer,Penn State,https://cycletrack.org/explorer/school/Penn State,Pennsylvania State University,Pennsylvania State University,MD,PA,USA,MD-PhD,interviews,CycleTrack crowdsourced MD-PhD interviews median stats,40,34.58,107,,,,,"3.90 (3.36 - 4.00), (n=34)",3.9,3.36,4,34,"3.88 (3.13 - 4.00), (n=33)",3.88,3.13,4,33,"520.00 (507.00 - 528.00), (n=35)",520,507,528,35,
cycletrack_explorer,CycleTrack School Explorer,https://cycletrack.org/explorer,Penn State,https://cycletrack.org/explorer/school/Penn State,Pennsylvania State University,Pennsylvania State University,MD,PA,USA,MD-PhD,acceptances,CycleTrack crowdsourced MD-PhD acceptances median stats,17,,,37.50,40,30.77,13,"3.91 (3.74 - 4.00), (n=14)",3.91,3.74,4,14,"3.90 (3.69 - 4.00), (n=14)",3.9,3.69,4,14,"520.00 (511.00 - 526.00), (n=15)",520,511,526,15,
cycletrack_explorer,CycleTrack School Explorer,https://cycletrack.org/explorer,Pennsylvania,https://cycletrack.org/explorer/school/Pennsylvania,University of Pennsylvania,University of Pennsylvania,MD,PA,USA,MD,interviews,CycleTrack crowdsourced MD interviews median stats,328,19.32,1475,,,,,"3.97 (3.58 - 4.00), (n=292)",3.97,3.58,4,292,"3.97 (3.55 - 4.00), (n=283)",3.97,3.55,4,283,"522.00 (511.00 - 528.00), (n=293)",522,511,528,293,
cycletrack_explorer,CycleTrack School Explorer,https://cycletrack.org/explorer,Pennsylvania,https://cycletrack.org/explorer/school/Pennsylvania,University of Pennsylvania,University of Pennsylvania,MD,PA,USA,MD,acceptances,CycleTrack crowdsourced MD acceptances median stats,72,,,21.65,328,2.78,108,"3.97 (3.58 - 4.00), (n=65)",3.97,3.58,4,65,"3.97 (3.55 - 4.00), (n=65)",3.97,3.55,4,65,"523.00 (514.00 - 528.00), (n=65)",523,514,528,65,
cycletrack_explorer,CycleTrack School Explorer,https://cycletrack.org/explorer,Pennsylvania,https://cycletrack.org/explorer/school/Pennsylvania,University of Pennsylvania,University of Pennsylvania,MD,PA,USA,MD-PhD,interviews,CycleTrack crowdsourced MD-PhD interviews median stats,106,24.45,364,,,,,"3.96 (3.62 - 4.00), (n=92)",3.96,3.62,4,92,"3.97 (3.60 - 4.00), (n=86)",3.97,3.6,4,86,"520.00 (511.00 - 528.00), (n=91)",520,511,528,91,
cycletrack_explorer,CycleTrack School Explorer,https://cycletrack.org/explorer,Pennsylvania,https://cycletrack.org/explorer/school/Pennsylvania,University of Pennsylvania,University of Pennsylvania,MD,PA,USA,MD-PhD,acceptances,CycleTrack crowdsourced MD-PhD acceptances median stats,39,,,35.85,106,2.56,39,"3.96 (3.62 - 4.00), (n=35)",3.96,3.62,4,35,"3.96 (3.60 - 4.00), (n=35)",3.96,3.6,4,35,"522.50 (514.00 - 528.00), (n=34)",522.5,514,528,34,
cycletrack_explorer,CycleTrack School Explorer,https://cycletrack.org/explorer,Philadelphia COM,https://cycletrack.org/explorer/school/Philadelphia COM,Philadelphia College of Osteopathic Medicine,Philadelphia College of Osteopathic Medicine,DO,PA,USA,DO,interviews,CycleTrack crowdsourced DO interviews median stats,157,21.34,595,,,,,"3.80 (2.98 - 4.00), (n=135)",3.8,2.98,4,135,"3.71 (2.54 - 4.00), (n=130)",3.71,2.54,4,130,"510.00 (496.00 - 525.00), (n=138)",510,496,525,138,
cycletrack_explorer,CycleTrack School Explorer,https://cycletrack.org/explorer,Philadelphia COM,https://cycletrack.org/explorer/school/Philadelphia COM,Philadelphia College of Osteopathic Medicine,Philadelphia College of Osteopathic Medicine,DO,PA,USA,DO,acceptances,CycleTrack crowdsourced DO acceptances median stats,88,,,50.32,157,28.57,21,"3.77 (2.98 - 4.00), (n=77)",3.77,2.98,4,77,"3.71 (2.54 - 4.00), (n=74)",3.71,2.54,4,74,"510.50 (496.00 - 523.00), (n=78)",510.5,496,523,78,
cycletrack_explorer,CycleTrack School Explorer,https://cycletrack.org/explorer,Philadelphia COM,https://cycletrack.org/explorer/school/Philadelphia COM,Philadelphia College of Osteopathic Medicine,Philadelphia College of Osteopathic Medicine,DO,PA,USA,DO-PhD,interviews,CycleTrack crowdsourced DO-PhD interviews median stats,0,,,,,,,X.XX,,,,,X.XX,,,,,XXX.X,,,,,cGPA suppressed by CycleTrack for small n; sGPA suppressed by CycleTrack for small n; MCAT suppressed by CycleTrack for small n
cycletrack_explorer,CycleTrack School Explorer,https://cycletrack.org/explorer,Philadelphia COM,https://cycletrack.org/explorer/school/Philadelphia COM,Philadelphia College of Osteopathic Medicine,Philadelphia College of Osteopathic Medicine,DO,PA,USA,DO-PhD,acceptances,CycleTrack crowdsourced DO-PhD acceptances median stats,0,,,,,,,X.XX,,,,,X.XX,,,,,XXX.X,,,,,cGPA suppressed by CycleTrack for small n; sGPA suppressed by CycleTrack for small n; MCAT suppressed by CycleTrack for small n
cycletrack_explorer,CycleTrack School Explorer,https://cycletrack.org/explorer,Philadelphia COM - Georgia,https://cycletrack.org/explorer/school/Philadelphia COM - Georgia,Philadelphia College of Osteopathic Medicine (Georgia),Philadelphia College of Osteopathic Medicine (Georgia),DO,GA,USA,DO,interviews,CycleTrack crowdsourced DO interviews median stats,53,21.99,191,,,,,"3.75 (3.18 - 4.00), (n=45)",3.75,3.18,4,45,"3.67 (3.08 - 4.00), (n=43)",3.67,3.08,4,43,"506.00 (498.00 - 519.00), (n=48)",506,498,519,48,
cycletrack_explorer,CycleTrack School Explorer,https://cycletrack.org/explorer,Philadelphia COM - Georgia,https://cycletrack.org/explorer/school/Philadelphia COM - Georgia,Philadelphia College of Osteopathic Medicine (Georgia),Philadelphia College of Osteopathic Medicine (Georgia),DO,GA,USA,DO,acceptances,CycleTrack crowdsourced DO acceptances median stats,28,,,47.17,53,46.67,15,"3.75 (3.18 - 4.00), (n=26)",3.75,3.18,4,26,"3.74 (3.08 - 4.00), (n=24)",3.74,3.08,4,24,"506.50 (500.00 - 519.00), (n=28)",506.5,500,519,28,
cycletrack_explorer,CycleTrack School Explorer,https://cycletrack.org/explorer,Philadelphia COM - Georgia,https://cycletrack.org/explorer/school/Philadelphia COM - Georgia,Philadelphia College of Osteopathic Medicine (Georgia),Philadelphia College of Osteopathic Medicine (Georgia),DO,GA,USA,DO-PhD,interviews,CycleTrack crowdsourced DO-PhD interviews median stats,0,,,,,,,X.XX,,,,,X.XX,,,,,XXX.X,,,,,cGPA suppressed by CycleTrack for small n; sGPA suppressed by CycleTrack for small n; MCAT suppressed by CycleTrack for small n
cycletrack_explorer,CycleTrack School Explorer,https://cycletrack.org/explorer,Philadelphia COM - Georgia,https://cycletrack.org/explorer/school/Philadelphia COM - Georgia,Philadelphia College of Osteopathic Medicine (Georgia),Philadelphia College of Osteopathic Medicine (Georgia),DO,GA,USA,DO-PhD,acceptances,CycleTrack crowdsourced DO-PhD acceptances median stats,0,,,,,,,X.XX,,,,,X.XX,,,,,XXX.X,,,,,cGPA suppressed by CycleTrack for small n; sGPA suppressed by CycleTrack for small n; MCAT suppressed by CycleTrack for small n
cycletrack_explorer,CycleTrack School Explorer,https://cycletrack.org/explorer,Philadelphia COM - South Georgia,https://cycletrack.org/explorer/school/Philadelphia COM - South Georgia,Philadelphia College of Osteopathic Medicine (South Georgia),Philadelphia College of Osteopathic Medicine (South Georgia),DO,GA,USA,DO,interviews,CycleTrack crowdsourced DO interviews median stats,29,22.12,104,,,,,"3.70 (3.20 - 4.00), (n=26)",3.7,3.2,4,26,"3.55 (3.10 - 4.00), (n=26)",3.55,3.1,4,26,"503.00 (494.00 - 517.00), (n=27)",503,494,517,27,
cycletrack_explorer,CycleTrack School Explorer,https://cycletrack.org/explorer,Philadelphia COM - South Georgia,https://cycletrack.org/explorer/school/Philadelphia COM - South Georgia,Philadelphia College of Osteopathic Medicine (South Georgia),Philadelphia College of Osteopathic Medicine (South Georgia),DO,GA,USA,DO,acceptances,CycleTrack crowdsourced DO acceptances median stats,14,,,48.28,29,64.29,14,"3.71 (3.33 - 3.93), (n=12)",3.71,3.33,3.93,12,"3.62 (3.10 - 3.92), (n=12)",3.62,3.1,3.92,12,"503.00 (494.00 - 517.00), (n=13)",503,494,517,13,
cycletrack_explorer,CycleTrack School Explorer,https://cycletrack.org/explorer,Philadelphia COM - South Georgia,https://cycletrack.org/explorer/school/Philadelphia COM - South Georgia,Philadelphia College of Osteopathic Medicine (South Georgia),Philadelphia College of Osteopathic Medicine (South Georgia),DO,GA,USA,DO-PhD,interviews,CycleTrack crowdsourced DO-PhD interviews median stats,0,,,,,,,X.XX,,,,,X.XX,,,,,XXX.X,,,,,cGPA suppressed by CycleTrack for small n; sGPA suppressed by CycleTrack for small n; MCAT suppressed by CycleTrack for small n
cycletrack_explorer,CycleTrack School Explorer,https://cycletrack.org/explorer,Philadelphia COM - South Georgia,https://cycletrack.org/explorer/school/Philadelphia COM - South Georgia,Philadelphia College of Osteopathic Medicine (South Georgia),Philadelphia College of Osteopathic Medicine (South Georgia),DO,GA,USA,DO-PhD,acceptances,CycleTrack crowdsourced DO-PhD acceptances median stats,0,,,,,,,X.XX,,,,,X.XX,,,,,XXX.X,,,,,cGPA suppressed by CycleTrack for small n; sGPA suppressed by CycleTrack for small n; MCAT suppressed by CycleTrack for small n
cycletrack_explorer,CycleTrack School Explorer,https://cycletrack.org/explorer,Pittsburgh,https://cycletrack.org/explorer/school/Pittsburgh,University of Pittsburgh,University of Pittsburgh,MD,PA,USA,MD,interviews,CycleTrack crowdsourced MD interviews median stats,368,13.83,2191,,,,,"3.91 (3.10 - 4.00), (n=298)",3.91,3.1,4,298,"3.90 (3.09 - 4.00), (n=287)",3.9,3.09,4,287,"518.00 (506.00 - 528.00), (n=307)",518,506,528,307,
cycletrack_explorer,CycleTrack School Explorer,https://cycletrack.org/explorer,Pittsburgh,https://cycletrack.org/explorer/school/Pittsburgh,University of Pittsburgh,University of Pittsburgh,MD,PA,USA,MD,acceptances,CycleTrack crowdsourced MD acceptances median stats,91,,,23.37,368,6.67,120,"3.95 (3.34 - 4.00), (n=78)",3.95,3.34,4,78,"3.94 (3.34 - 4.00), (n=75)",3.94,3.34,4,75,"520.00 (506.00 - 528.00), (n=81)",520,506,528,81,
cycletrack_explorer,CycleTrack School Explorer,https://cycletrack.org/explorer,Pittsburgh,https://cycletrack.org/explorer/school/Pittsburgh,University of Pittsburgh,University of Pittsburgh,MD,PA,USA,MD-PhD,interviews,CycleTrack crowdsourced MD-PhD interviews median stats,69,21.11,289,,,,,"3.95 (3.70 - 4.00), (n=60)",3.95,3.7,4,60,"3.95 (3.57 - 4.00), (n=57)",3.95,3.57,4,57,"520.00 (506.00 - 528.00), (n=58)",520,506,528,58,
cycletrack_explorer,CycleTrack School Explorer,https://cycletrack.org/explorer,Pittsburgh,https://cycletrack.org/explorer/school/Pittsburgh,University of Pittsburgh,University of Pittsburgh,MD,PA,USA,MD-PhD,acceptances,CycleTrack crowdsourced MD-PhD acceptances median stats,40,,,49.28,69,21.43,14,"3.95 (3.70 - 4.00), (n=35)",3.95,3.7,4,35,"3.95 (3.57 - 4.00), (n=33)",3.95,3.57,4,33,"521.00 (507.00 - 527.00), (n=34)",521,507,527,34,
cycletrack_explorer,CycleTrack School Explorer,https://cycletrack.org/explorer,Ponce Health Sciences,https://cycletrack.org/explorer/school/Ponce Health Sciences,Ponce Health Sciences University,Ponce Health Sciences University,MD,PR,USA,MD,interviews,CycleTrack crowdsourced MD interviews median stats,44,59.68,62,,,,,"3.72 (3.10 - 4.00), (n=37)",3.72,3.1,4,37,"3.62 (2.90 - 4.00), (n=36)",3.62,2.9,4,36,"505.00 (495.00 - 516.00), (n=38)",505,495,516,38,
cycletrack_explorer,CycleTrack School Explorer,https://cycletrack.org/explorer,Ponce Health Sciences,https://cycletrack.org/explorer/school/Ponce Health Sciences,Ponce Health Sciences University,Ponce Health Sciences University,MD,PR,USA,MD,acceptances,CycleTrack crowdsourced MD acceptances median stats,21,,,45.45,44,,,"3.71 (3.22 - 4.00), (n=18)",3.71,3.22,4,18,"3.62 (2.93 - 4.00), (n=18)",3.62,2.93,4,18,"503.00 (495.00 - 515.00), (n=19)",503,495,515,19,
cycletrack_explorer,CycleTrack School Explorer,https://cycletrack.org/explorer,Ponce Health Sciences,https://cycletrack.org/explorer/school/Ponce Health Sciences,Ponce Health Sciences University,Ponce Health Sciences University,MD,PR,USA,MD-PhD,interviews,CycleTrack crowdsourced MD-PhD interviews median stats,0,,,,,,,X.XX,,,,,X.XX,,,,,XXX.X,,,,,cGPA suppressed by CycleTrack for small n; sGPA suppressed by CycleTrack for small n; MCAT suppressed by CycleTrack for small n
cycletrack_explorer,CycleTrack School Explorer,https://cycletrack.org/explorer,Ponce Health Sciences,https://cycletrack.org/explorer/school/Ponce Health Sciences,Ponce Health Sciences University,Ponce Health Sciences University,MD,PR,USA,MD-PhD,acceptances,CycleTrack crowdsourced MD-PhD acceptances median stats,0,,,,,,,X.XX,,,,,X.XX,,,,,XXX.X,,,,,cGPA suppressed by CycleTrack for small n; sGPA suppressed by CycleTrack for small n; MCAT suppressed by CycleTrack for small n
cycletrack_explorer,CycleTrack School Explorer,https://cycletrack.org/explorer,Queen's,https://cycletrack.org/explorer/school/Queen's,Queen's University,Queen's University,MD,ON,CAN,MD,interviews,CycleTrack crowdsourced MD interviews median stats,4,18.75,16,,,,,X.XX,,,,,X.XX,,,,,XXX.X,,,,,cGPA suppressed by CycleTrack for small n; sGPA suppressed by CycleTrack for small n; MCAT suppressed by CycleTrack for small n
cycletrack_explorer,CycleTrack School Explorer,https://cycletrack.org/explorer,Queen's,https://cycletrack.org/explorer/school/Queen's,Queen's University,Queen's University,MD,ON,CAN,MD,acceptances,CycleTrack crowdsourced MD acceptances median stats,1,,,,,,,X.XX,,,,,X.XX,,,,,XXX.X,,,,,cGPA suppressed by CycleTrack for small n; sGPA suppressed by CycleTrack for small n; MCAT suppressed by CycleTrack for small n
cycletrack_explorer,CycleTrack School Explorer,https://cycletrack.org/explorer,Queen's,https://cycletrack.org/explorer/school/Queen's,Queen's University,Queen's University,MD,ON,CAN,MD-PhD,interviews,CycleTrack crowdsourced MD-PhD interviews median stats,0,,,,,,,X.XX,,,,,X.XX,,,,,XXX.X,,,,,cGPA suppressed by CycleTrack for small n; sGPA suppressed by CycleTrack for small n; MCAT suppressed by CycleTrack for small n
cycletrack_explorer,CycleTrack School Explorer,https://cycletrack.org/explorer,Queen's,https://cycletrack.org/explorer/school/Queen's,Queen's University,Queen's University,MD,ON,CAN,MD-PhD,acceptances,CycleTrack crowdsourced MD-PhD acceptances median stats,0,,,,,,,X.XX,,,,,X.XX,,,,,XXX.X,,,,,cGPA suppressed by CycleTrack for small n; sGPA suppressed by CycleTrack for small n; MCAT suppressed by CycleTrack for small n
cycletrack_explorer,CycleTrack School Explorer,https://cycletrack.org/explorer,Quinnipiac,https://cycletrack.org/explorer/school/Quinnipiac,Quinnipiac University,Quinnipiac University,MD,CT,USA,MD,interviews,CycleTrack crowdsourced MD interviews median stats,227,13.05,1364,,,,,"3.82 (3.13 - 4.00), (n=189)",3.82,3.13,4,189,"3.76 (2.90 - 4.00), (n=176)",3.76,2.9,4,176,"513.00 (500.00 - 526.00), (n=193)",513,500,526,193,
cycletrack_explorer,CycleTrack School Explorer,https://cycletrack.org/explorer,Quinnipiac,https://cycletrack.org/explorer/school/Quinnipiac,Quinnipiac University,Quinnipiac University,MD,CT,USA,MD,acceptances,CycleTrack crowdsourced MD acceptances median stats,110,,,45.81,227,14.00,50,"3.82 (3.13 - 4.00), (n=87)",3.82,3.13,4,87,"3.75 (3.13 - 4.00), (n=78)",3.75,3.13,4,78,"514.00 (500.00 - 525.00), (n=89)",514,500,525,89,
cycletrack_explorer,CycleTrack School Explorer,https://cycletrack.org/explorer,Quinnipiac,https://cycletrack.org/explorer/school/Quinnipiac,Quinnipiac University,Quinnipiac University,MD,CT,USA,MD-PhD,interviews,CycleTrack crowdsourced MD-PhD interviews median stats,0,0.00,5,,,,,X.XX,,,,,X.XX,,,,,XXX.X,,,,,cGPA suppressed by CycleTrack for small n; sGPA suppressed by CycleTrack for small n; MCAT suppressed by CycleTrack for small n
cycletrack_explorer,CycleTrack School Explorer,https://cycletrack.org/explorer,Quinnipiac,https://cycletrack.org/explorer/school/Quinnipiac,Quinnipiac University,Quinnipiac University,MD,CT,USA,MD-PhD,acceptances,CycleTrack crowdsourced MD-PhD acceptances median stats,0,,,,,,,X.XX,,,,,X.XX,,,,,XXX.X,,,,,cGPA suppressed by CycleTrack for small n; sGPA suppressed by CycleTrack for small n; MCAT suppressed by CycleTrack for small n
cycletrack_explorer,CycleTrack School Explorer,https://cycletrack.org/explorer,Rochester,https://cycletrack.org/explorer/school/Rochester,University of Rochester,University of Rochester,MD,NY,USA,MD,interviews,CycleTrack crowdsourced MD interviews median stats,232,15.48,1292,,,,,"3.92 (3.50 - 4.00), (n=198)",3.92,3.5,4,198,"3.91 (3.23 - 4.00), (n=188)",3.91,3.23,4,188,"520.00 (511.00 - 528.00), (n=197)",520,511,528,197,
cycletrack_explorer,CycleTrack School Explorer,https://cycletrack.org/explorer,Rochester,https://cycletrack.org/explorer/school/Rochester,University of Rochester,University of Rochester,MD,NY,USA,MD,acceptances,CycleTrack crowdsourced MD acceptances median stats,97,,,40.09,232,5.06,79,"3.93 (3.64 - 4.00), (n=86)",3.93,3.64,4,86,"3.91 (3.60 - 4.00), (n=78)",3.91,3.6,4,78,"519.00 (512.00 - 528.00), (n=84)",519,512,528,84,
cycletrack_explorer,CycleTrack School Explorer,https://cycletrack.org/explorer,Rochester,https://cycletrack.org/explorer/school/Rochester,University of Rochester,University of Rochester,MD,NY,USA,MD-PhD,interviews,CycleTrack crowdsourced MD-PhD interviews median stats,83,43.53,170,,,,,"3.95 (3.68 - 4.00), (n=75)",3.95,3.68,4,75,"3.95 (3.65 - 4.00), (n=73)",3.95,3.65,4,73,"519.50 (508.00 - 528.00), (n=74)",519.5,508,528,74,
cycletrack_explorer,CycleTrack School Explorer,https://cycletrack.org/explorer,Rochester,https://cycletrack.org/explorer/school/Rochester,University of Rochester,University of Rochester,MD,NY,USA,MD-PhD,acceptances,CycleTrack crowdsourced MD-PhD acceptances median stats,20,,,20.48,83,11.54,26,"3.98 (3.78 - 4.00), (n=18)",3.98,3.78,4,18,"3.98 (3.65 - 4.00), (n=18)",3.98,3.65,4,18,"520.00 (512.00 - 526.00), (n=18)",520,512,526,18,
cycletrack_explorer,CycleTrack School Explorer,https://cycletrack.org/explorer,Rocky Vista,https://cycletrack.org/explorer/school/Rocky Vista,Rocky Vista University,Rocky Vista University,DO,CO,USA,DO,interviews,CycleTrack crowdsourced DO interviews median stats,222,55.35,327,,,,,"3.79 (3.00 - 4.00), (n=196)",3.79,3,4,196,"3.70 (2.99 - 4.00), (n=179)",3.7,2.99,4,179,"508.00 (498.00 - 523.00), (n=201)",508,498,523,201,
cycletrack_explorer,CycleTrack School Explorer,https://cycletrack.org/explorer,Rocky Vista,https://cycletrack.org/explorer/school/Rocky Vista,Rocky Vista University,Rocky Vista University,DO,CO,USA,DO,acceptances,CycleTrack crowdsourced DO acceptances median stats,177,,,64.86,222,25.00,8,"3.80 (3.00 - 4.00), (n=154)",3.8,3,4,154,"3.72 (3.01 - 4.00), (n=137)",3.72,3.01,4,137,"510.00 (498.00 - 525.00), (n=157)",510,498,525,157,
cycletrack_explorer,CycleTrack School Explorer,https://cycletrack.org/explorer,Rocky Vista,https://cycletrack.org/explorer/school/Rocky Vista,Rocky Vista University,Rocky Vista University,DO,CO,USA,DO-PhD,interviews,CycleTrack crowdsourced DO-PhD interviews median stats,1,,,,,,,X.XX,,,,,X.XX,,,,,XXX.X,,,,,cGPA suppressed by CycleTrack for small n; sGPA suppressed by CycleTrack for small n; MCAT suppressed by CycleTrack for small n
cycletrack_explorer,CycleTrack School Explorer,https://cycletrack.org/explorer,Rocky Vista,https://cycletrack.org/explorer/school/Rocky Vista,Rocky Vista University,Rocky Vista University,DO,CO,USA,DO-PhD,acceptances,CycleTrack crowdsourced DO-PhD acceptances median stats,1,,,,,,,X.XX,,,,,X.XX,,,,,XXX.X,,,,,cGPA suppressed by CycleTrack for small n; sGPA suppressed by CycleTrack for small n; MCAT suppressed by CycleTrack for small n
cycletrack_explorer,CycleTrack School Explorer,https://cycletrack.org/explorer,Rocky Vista - Montana,https://cycletrack.org/explorer/school/Rocky Vista - Montana,Rocky Vista University (Montana),Rocky Vista University (Montana),DO,MT,USA,DO,interviews,CycleTrack crowdsourced DO interviews median stats,55,71.64,67,,,,,"3.64 (3.01 - 4.00), (n=51)",3.64,3.01,4,51,"3.50 (3.01 - 4.00), (n=45)",3.5,3.01,4,45,"504.00 (495.00 - 515.00), (n=51)",504,495,515,51,
cycletrack_explorer,CycleTrack School Explorer,https://cycletrack.org/explorer,Rocky Vista - Montana,https://cycletrack.org/explorer/school/Rocky Vista - Montana,Rocky Vista University (Montana),Rocky Vista University (Montana),DO,MT,USA,DO,acceptances,CycleTrack crowdsourced DO acceptances median stats,54,,,74.55,55,,,"3.69 (3.01 - 4.00), (n=51)",3.69,3.01,4,51,"3.58 (3.01 - 4.00), (n=46)",3.58,3.01,4,46,"505.00 (495.00 - 516.00), (n=50)",505,495,516,50,
cycletrack_explorer,CycleTrack School Explorer,https://cycletrack.org/explorer,Rocky Vista - Montana,https://cycletrack.org/explorer/school/Rocky Vista - Montana,Rocky Vista University (Montana),Rocky Vista University (Montana),DO,MT,USA,DO-PhD,interviews,CycleTrack crowdsourced DO-PhD interviews median stats,0,,,,,,,X.XX,,,,,X.XX,,,,,XXX.X,,,,,cGPA suppressed by CycleTrack for small n; sGPA suppressed by CycleTrack for small n; MCAT suppressed by CycleTrack for small n
cycletrack_explorer,CycleTrack School Explorer,https://cycletrack.org/explorer,Rocky Vista - Montana,https://cycletrack.org/explorer/school/Rocky Vista - Montana,Rocky Vista University (Montana),Rocky Vista University (Montana),DO,MT,USA,DO-PhD,acceptances,CycleTrack crowdsourced DO-PhD acceptances median stats,0,,,,,,,X.XX,,,,,X.XX,,,,,XXX.X,,,,,cGPA suppressed by CycleTrack for small n; sGPA suppressed by CycleTrack for small n; MCAT suppressed by CycleTrack for small n
cycletrack_explorer,CycleTrack School Explorer,https://cycletrack.org/explorer,Rosalind Franklin,https://cycletrack.org/explorer/school/Rosalind Franklin,Rosalind Franklin University,Rosalind Franklin University,MD,IL,USA,MD,interviews,CycleTrack crowdsourced MD interviews median stats,197,10.62,1535,,,,,"3.81 (3.20 - 4.00), (n=157)",3.81,3.2,4,157,"3.76 (2.93 - 4.00), (n=148)",3.76,2.93,4,148,"513.00 (503.00 - 528.00), (n=162)",513,503,528,162,
cycletrack_explorer,CycleTrack School Explorer,https://cycletrack.org/explorer,Rosalind Franklin,https://cycletrack.org/explorer/school/Rosalind Franklin,Rosalind Franklin University,Rosalind Franklin University,MD,IL,USA,MD,acceptances,CycleTrack crowdsourced MD acceptances median stats,79,,,37.56,197,25.93,81,"3.78 (3.26 - 4.00), (n=65)",3.78,3.26,4,65,"3.75 (2.93 - 4.00), (n=63)",3.75,2.93,4,63,"513.00 (503.00 - 528.00), (n=64)",513,503,528,64,
cycletrack_explorer,CycleTrack School Explorer,https://cycletrack.org/explorer,Rosalind Franklin,https://cycletrack.org/explorer/school/Rosalind Franklin,Rosalind Franklin University,Rosalind Franklin University,MD,IL,USA,MD-PhD,interviews,CycleTrack crowdsourced MD-PhD interviews median stats,3,11.54,26,,,,,X.XX,,,,,X.XX,,,,,XXX.X,,,,,cGPA suppressed by CycleTrack for small n; sGPA suppressed by CycleTrack for small n; MCAT suppressed by CycleTrack for small n
cycletrack_explorer,CycleTrack School Explorer,https://cycletrack.org/explorer,Rosalind Franklin,https://cycletrack.org/explorer/school/Rosalind Franklin,Rosalind Franklin University,Rosalind Franklin University,MD,IL,USA,MD-PhD,acceptances,CycleTrack crowdsourced MD-PhD acceptances median stats,1,,,,,,,X.XX,,,,,X.XX,,,,,XXX.X,,,,,cGPA suppressed by CycleTrack for small n; sGPA suppressed by CycleTrack for small n; MCAT suppressed by CycleTrack for small n
cycletrack_explorer,CycleTrack School Explorer,https://cycletrack.org/explorer,Roseman,https://cycletrack.org/explorer/school/Roseman,Roseman University College of Medicine,Roseman University College of Medicine,MD,NV,USA,MD,interviews,CycleTrack crowdsourced MD interviews median stats,36,50.00,70,,,,,"3.79 (3.30 - 4.00), (n=32)",3.79,3.3,4,32,"3.70 (3.00 - 4.00), (n=27)",3.7,3,4,27,"510.00 (500.00 - 522.00), (n=34)",510,500,522,34,
cycletrack_explorer,CycleTrack School Explorer,https://cycletrack.org/explorer,Roseman,https://cycletrack.org/explorer/school/Roseman,Roseman University College of Medicine,Roseman University College of Medicine,MD,NV,USA,MD,acceptances,CycleTrack crowdsourced MD acceptances median stats,22,,,58.33,36,10.00,10,"3.79 (3.30 - 4.00), (n=19)",3.79,3.3,4,19,"3.66 (3.22 - 4.00), (n=17)",3.66,3.22,4,17,"508.50 (500.00 - 522.00), (n=20)",508.5,500,522,20,
cycletrack_explorer,CycleTrack School Explorer,https://cycletrack.org/explorer,Roseman,https://cycletrack.org/explorer/school/Roseman,Roseman University College of Medicine,Roseman University College of Medicine,MD,NV,USA,MD-PhD,interviews,CycleTrack crowdsourced MD-PhD interviews median stats,0,,,,,,,X.XX,,,,,X.XX,,,,,XXX.X,,,,,cGPA suppressed by CycleTrack for small n; sGPA suppressed by CycleTrack for small n; MCAT suppressed by CycleTrack for small n
cycletrack_explorer,CycleTrack School Explorer,https://cycletrack.org/explorer,Roseman,https://cycletrack.org/explorer/school/Roseman,Roseman University College of Medicine,Roseman University College of Medicine,MD,NV,USA,MD-PhD,acceptances,CycleTrack crowdsourced MD-PhD acceptances median stats,0,,,,,,,X.XX,,,,,X.XX,,,,,XXX.X,,,,,cGPA suppressed by CycleTrack for small n; sGPA suppressed by CycleTrack for small n; MCAT suppressed by CycleTrack for small n
cycletrack_explorer,CycleTrack School Explorer,https://cycletrack.org/explorer,Rowan,https://cycletrack.org/explorer/school/Rowan,Rowan-Virtua School of Osteopathic Medicine,Rowan-Virtua School of Osteopathic Medicine,DO,NJ,USA,DO,interviews,CycleTrack crowdsourced DO interviews median stats,141,30.75,374,,,,,"3.80 (3.25 - 4.00), (n=122)",3.8,3.25,4,122,"3.75 (3.10 - 4.00), (n=114)",3.75,3.1,4,114,"511.00 (501.00 - 525.00), (n=127)",511,501,525,127,
cycletrack_explorer,CycleTrack School Explorer,https://cycletrack.org/explorer,Rowan,https://cycletrack.org/explorer/school/Rowan,Rowan-Virtua School of Osteopathic Medicine,Rowan-Virtua School of Osteopathic Medicine,DO,NJ,USA,DO,acceptances,CycleTrack crowdsourced DO acceptances median stats,84,,,52.48,141,20.59,34,"3.82 (3.26 - 4.00), (n=73)",3.82,3.26,4,73,"3.76 (3.23 - 4.00), (n=65)",3.76,3.23,4,65,"512.00 (498.00 - 525.00), (n=75)",512,498,525,75,
cycletrack_explorer,CycleTrack School Explorer,https://cycletrack.org/explorer,Rowan,https://cycletrack.org/explorer/school/Rowan,Rowan-Virtua School of Osteopathic Medicine,Rowan-Virtua School of Osteopathic Medicine,DO,NJ,USA,DO-PhD,interviews,CycleTrack crowdsourced DO-PhD interviews median stats,0,,,,,,,X.XX,,,,,X.XX,,,,,XXX.X,,,,,cGPA suppressed by CycleTrack for small n; sGPA suppressed by CycleTrack for small n; MCAT suppressed by CycleTrack for small n
cycletrack_explorer,CycleTrack School Explorer,https://cycletrack.org/explorer,Rowan,https://cycletrack.org/explorer/school/Rowan,Rowan-Virtua School of Osteopathic Medicine,Rowan-Virtua School of Osteopathic Medicine,DO,NJ,USA,DO-PhD,acceptances,CycleTrack crowdsourced DO-PhD acceptances median stats,0,,,,,,,X.XX,,,,,X.XX,,,,,XXX.X,,,,,cGPA suppressed by CycleTrack for small n; sGPA suppressed by CycleTrack for small n; MCAT suppressed by CycleTrack for small n
cycletrack_explorer,CycleTrack School Explorer,https://cycletrack.org/explorer,Rush,https://cycletrack.org/explorer/school/Rush,Rush University,Rush University,MD,IL,USA,MD,interviews,CycleTrack crowdsourced MD interviews median stats,124,7.05,1461,,,,,"3.75 (2.90 - 4.00), (n=104)",3.75,2.9,4,104,"3.69 (2.90 - 4.00), (n=101)",3.69,2.9,4,101,"512.00 (500.00 - 524.00), (n=108)",512,500,524,108,
cycletrack_explorer,CycleTrack School Explorer,https://cycletrack.org/explorer,Rush,https://cycletrack.org/explorer/school/Rush,Rush University,Rush University,MD,IL,USA,MD,acceptances,CycleTrack crowdsourced MD acceptances median stats,72,,,54.84,124,22.86,35,"3.80 (3.10 - 4.00), (n=61)",3.8,3.1,4,61,"3.70 (3.06 - 4.00), (n=60)",3.7,3.06,4,60,"514.00 (503.00 - 524.00), (n=61)",514,503,524,61,
cycletrack_explorer,CycleTrack School Explorer,https://cycletrack.org/explorer,Rush,https://cycletrack.org/explorer/school/Rush,Rush University,Rush University,MD,IL,USA,MD-PhD,interviews,CycleTrack crowdsourced MD-PhD interviews median stats,0,,,,,,,X.XX,,,,,X.XX,,,,,XXX.X,,,,,cGPA suppressed by CycleTrack for small n; sGPA suppressed by CycleTrack for small n; MCAT suppressed by CycleTrack for small n
cycletrack_explorer,CycleTrack School Explorer,https://cycletrack.org/explorer,Rush,https://cycletrack.org/explorer/school/Rush,Rush University,Rush University,MD,IL,USA,MD-PhD,acceptances,CycleTrack crowdsourced MD-PhD acceptances median stats,0,,,,,,,X.XX,,,,,X.XX,,,,,XXX.X,,,,,cGPA suppressed by CycleTrack for small n; sGPA suppressed by CycleTrack for small n; MCAT suppressed by CycleTrack for small n
cycletrack_explorer,CycleTrack School Explorer,https://cycletrack.org/explorer,Rutgers - New Jersey,https://cycletrack.org/explorer/school/Rutgers - New Jersey,Rutgers University (New Jersey),Rutgers University (New Jersey),MD,NJ,USA,MD,interviews,CycleTrack crowdsourced MD interviews median stats,164,21.68,641,,,,,"3.88 (2.88 - 4.00), (n=138)",3.88,2.88,4,138,"3.86 (2.76 - 4.00), (n=132)",3.86,2.76,4,132,"516.00 (507.00 - 525.00), (n=140)",516,507,525,140,
cycletrack_explorer,CycleTrack School Explorer,https://cycletrack.org/explorer,Rutgers - New Jersey,https://cycletrack.org/explorer/school/Rutgers - New Jersey,Rutgers University (New Jersey),Rutgers University (New Jersey),MD,NJ,USA,MD,acceptances,CycleTrack crowdsourced MD acceptances median stats,55,,,32.32,164,1.75,57,"3.89 (2.88 - 4.00), (n=45)",3.89,2.88,4,45,"3.85 (2.91 - 4.00), (n=44)",3.85,2.91,4,44,"516.00 (507.00 - 525.00), (n=49)",516,507,525,49,
cycletrack_explorer,CycleTrack School Explorer,https://cycletrack.org/explorer,Rutgers - New Jersey,https://cycletrack.org/explorer/school/Rutgers - New Jersey,Rutgers University (New Jersey),Rutgers University (New Jersey),MD,NJ,USA,MD-PhD,interviews,CycleTrack crowdsourced MD-PhD interviews median stats,15,27.08,48,,,,,"3.97 (3.81 - 4.00), (n=11)",3.97,3.81,4,11,"3.92 (3.57 - 4.00), (n=10)",3.92,3.57,4,10,"519.00 (511.00 - 524.00), (n=11)",519,511,524,11,
cycletrack_explorer,CycleTrack School Explorer,https://cycletrack.org/explorer,Rutgers - New Jersey,https://cycletrack.org/explorer/school/Rutgers - New Jersey,Rutgers University (New Jersey),Rutgers University (New Jersey),MD,NJ,USA,MD-PhD,acceptances,CycleTrack crowdsourced MD-PhD acceptances median stats,8,,,53.33,15,,,"3.95 (3.81 - 4.00), (n=8)",3.95,3.81,4,8,"3.90 (3.57 - 4.00), (n=7)",3.9,3.57,4,7,"517.50 (514.00 - 524.00), (n=8)",517.5,514,524,8,
cycletrack_explorer,CycleTrack School Explorer,https://cycletrack.org/explorer,Rutgers - Robert Wood Johnson,https://cycletrack.org/explorer/school/Rutgers - Robert Wood Johnson,Rutgers University (Robert Wood Johnson),Rutgers University (Robert Wood Johnson),MD,NJ,USA,MD,interviews,CycleTrack crowdsourced MD interviews median stats,119,15.28,615,,,,,"3.89 (2.97 - 4.00), (n=105)",3.89,2.97,4,105,"3.86 (2.76 - 4.00), (n=98)",3.86,2.76,4,98,"517.00 (506.00 - 526.00), (n=105)",517,506,526,105,
cycletrack_explorer,CycleTrack School Explorer,https://cycletrack.org/explorer,Rutgers - Robert Wood Johnson,https://cycletrack.org/explorer/school/Rutgers - Robert Wood Johnson,Rutgers University (Robert Wood Johnson),Rutgers University (Robert Wood Johnson),MD,NJ,USA,MD,acceptances,CycleTrack crowdsourced MD acceptances median stats,50,,,37.82,119,3.33,30,"3.88 (3.26 - 4.00), (n=42)",3.88,3.26,4,42,"3.85 (3.24 - 4.00), (n=38)",3.85,3.24,4,38,"517.00 (501.00 - 526.00), (n=42)",517,501,526,42,
cycletrack_explorer,CycleTrack School Explorer,https://cycletrack.org/explorer,Rutgers - Robert Wood Johnson,https://cycletrack.org/explorer/school/Rutgers - Robert Wood Johnson,Rutgers University (Robert Wood Johnson),Rutgers University (Robert Wood Johnson),MD,NJ,USA,MD-PhD,interviews,CycleTrack crowdsourced MD-PhD interviews median stats,29,27.27,99,,,,,"3.92 (3.59 - 4.00), (n=27)",3.92,3.59,4,27,"3.91 (3.33 - 4.00), (n=27)",3.91,3.33,4,27,"520.00 (509.00 - 527.00), (n=27)",520,509,527,27,
cycletrack_explorer,CycleTrack School Explorer,https://cycletrack.org/explorer,Rutgers - Robert Wood Johnson,https://cycletrack.org/explorer/school/Rutgers - Robert Wood Johnson,Rutgers University (Robert Wood Johnson),Rutgers University (Robert Wood Johnson),MD,NJ,USA,MD-PhD,acceptances,CycleTrack crowdsourced MD-PhD acceptances median stats,14,,,48.28,29,0.00,8,"3.90 (3.71 - 4.00), (n=13)",3.9,3.71,4,13,"3.91 (3.67 - 4.00), (n=13)",3.91,3.67,4,13,"520.00 (509.00 - 527.00), (n=13)",520,509,527,13,
cycletrack_explorer,CycleTrack School Explorer,https://cycletrack.org/explorer,SUNY Downstate,https://cycletrack.org/explorer/school/SUNY Downstate,State University of New York Downstate Health Sciences University,State University of New York Downstate Health Sciences University,MD,NY,USA,MD,interviews,CycleTrack crowdsourced MD interviews median stats,294,27.22,834,,,,,"3.84 (2.88 - 4.00), (n=242)",3.84,2.88,4,242,"3.80 (2.90 - 4.00), (n=224)",3.8,2.9,4,224,"515.00 (500.00 - 528.00), (n=247)",515,500,528,247,
cycletrack_explorer,CycleTrack School Explorer,https://cycletrack.org/explorer,SUNY Downstate,https://cycletrack.org/explorer/school/SUNY Downstate,State University of New York Downstate Health Sciences University,State University of New York Downstate Health Sciences University,MD,NY,USA,MD,acceptances,CycleTrack crowdsourced MD acceptances median stats,59,,,18.71,294,18.60,86,"3.83 (3.30 - 4.00), (n=45)",3.83,3.3,4,45,"3.81 (3.30 - 4.00), (n=43)",3.81,3.3,4,43,"516.00 (507.00 - 526.00), (n=47)",516,507,526,47,
cycletrack_explorer,CycleTrack School Explorer,https://cycletrack.org/explorer,SUNY Downstate,https://cycletrack.org/explorer/school/SUNY Downstate,State University of New York Downstate Health Sciences University,State University of New York Downstate Health Sciences University,MD,NY,USA,MD-PhD,interviews,CycleTrack crowdsourced MD-PhD interviews median stats,7,38.89,18,,,,,"3.79 (3.36 - 4.00), (n=5)",3.79,3.36,4,5,"3.83 (3.13 - 4.00), (n=5)",3.83,3.13,4,5,"520.00 (510.00 - 523.00), (n=6)",520,510,523,6,
cycletrack_explorer,CycleTrack School Explorer,https://cycletrack.org/explorer,SUNY Downstate,https://cycletrack.org/explorer/school/SUNY Downstate,State University of New York Downstate Health Sciences University,State University of New York Downstate Health Sciences University,MD,NY,USA,MD-PhD,acceptances,CycleTrack crowdsourced MD-PhD acceptances median stats,2,,,28.57,7,,,X.XX,,,,,X.XX,,,,,XXX.X,,,,,cGPA suppressed by CycleTrack for small n; sGPA suppressed by CycleTrack for small n; MCAT suppressed by CycleTrack for small n
cycletrack_explorer,CycleTrack School Explorer,https://cycletrack.org/explorer,SUNY Upstate,https://cycletrack.org/explorer/school/SUNY Upstate,State University of New York Upstate Medical University,State University of New York Upstate Medical University,MD,NY,USA,MD,interviews,CycleTrack crowdsourced MD interviews median stats,131,16.88,616,,,,,"3.84 (2.88 - 4.00), (n=102)",3.84,2.88,4,102,"3.79 (2.91 - 4.00), (n=96)",3.79,2.91,4,96,"515.00 (502.00 - 528.00), (n=113)",515,502,528,113,
cycletrack_explorer,CycleTrack School Explorer,https://cycletrack.org/explorer,SUNY Upstate,https://cycletrack.org/explorer/school/SUNY Upstate,State University of New York Upstate Medical University,State University of New York Upstate Medical University,MD,NY,USA,MD,acceptances,CycleTrack crowdsourced MD acceptances median stats,79,,,57.25,131,6.90,29,"3.84 (2.88 - 4.00), (n=66)",3.84,2.88,4,66,"3.80 (2.91 - 4.00), (n=64)",3.8,2.91,4,64,"515.00 (506.00 - 526.00), (n=71)",515,506,526,71,
cycletrack_explorer,CycleTrack School Explorer,https://cycletrack.org/explorer,SUNY Upstate,https://cycletrack.org/explorer/school/SUNY Upstate,State University of New York Upstate Medical University,State University of New York Upstate Medical University,MD,NY,USA,MD-PhD,interviews,CycleTrack crowdsourced MD-PhD interviews median stats,18,38.46,39,,,,,"3.79 (3.40 - 3.90), (n=14)",3.79,3.4,3.9,14,"3.70 (3.11 - 3.92), (n=13)",3.7,3.11,3.92,13,"514.00 (505.00 - 523.00), (n=15)",514,505,523,15,
cycletrack_explorer,CycleTrack School Explorer,https://cycletrack.org/explorer,SUNY Upstate,https://cycletrack.org/explorer/school/SUNY Upstate,State University of New York Upstate Medical University,State University of New York Upstate Medical University,MD,NY,USA,MD-PhD,acceptances,CycleTrack crowdsourced MD-PhD acceptances median stats,7,,,38.89,18,16.67,6,"3.81 (3.40 - 3.88), (n=5)",3.81,3.4,3.88,5,X.XX,,,,,"517.00 (511.00 - 520.00), (n=5)",517,511,520,5,sGPA suppressed by CycleTrack for small n
cycletrack_explorer,CycleTrack School Explorer,https://cycletrack.org/explorer,Saint Louis,https://cycletrack.org/explorer/school/Saint Louis,Saint Louis University,Saint Louis University,MD,MO,USA,MD,interviews,CycleTrack crowdsourced MD interviews median stats,219,19.53,932,,,,,"3.91 (3.13 - 4.00), (n=181)",3.91,3.13,4,181,"3.90 (3.23 - 4.00), (n=173)",3.9,3.23,4,173,"517.00 (507.00 - 526.00), (n=183)",517,507,526,183,
cycletrack_explorer,CycleTrack School Explorer,https://cycletrack.org/explorer,Saint Louis,https://cycletrack.org/explorer/school/Saint Louis,Saint Louis University,Saint Louis University,MD,MO,USA,MD,acceptances,CycleTrack crowdsourced MD acceptances median stats,126,,,54.34,219,25.37,67,"3.91 (3.18 - 4.00), (n=105)",3.91,3.18,4,105,"3.90 (3.23 - 4.00), (n=100)",3.9,3.23,4,100,"517.00 (508.00 - 526.00), (n=105)",517,508,526,105,
cycletrack_explorer,CycleTrack School Explorer,https://cycletrack.org/explorer,Saint Louis,https://cycletrack.org/explorer/school/Saint Louis,Saint Louis University,Saint Louis University,MD,MO,USA,MD-PhD,interviews,CycleTrack crowdsourced MD-PhD interviews median stats,4,14.29,21,,,,,X.XX,,,,,X.XX,,,,,XXX.X,,,,,cGPA suppressed by CycleTrack for small n; sGPA suppressed by CycleTrack for small n; MCAT suppressed by CycleTrack for small n
cycletrack_explorer,CycleTrack School Explorer,https://cycletrack.org/explorer,Saint Louis,https://cycletrack.org/explorer/school/Saint Louis,Saint Louis University,Saint Louis University,MD,MO,USA,MD-PhD,acceptances,CycleTrack crowdsourced MD-PhD acceptances median stats,0,,,,,,,X.XX,,,,,X.XX,,,,,XXX.X,,,,,cGPA suppressed by CycleTrack for small n; sGPA suppressed by CycleTrack for small n; MCAT suppressed by CycleTrack for small n
cycletrack_explorer,CycleTrack School Explorer,https://cycletrack.org/explorer,Sam Houston,https://cycletrack.org/explorer/school/Sam Houston,Sam Houston State University,Sam Houston State University,DO,TX,USA,DO,interviews,CycleTrack crowdsourced DO interviews median stats,106,52.20,159,,,,,"3.81 (3.20 - 4.00), (n=88)",3.81,3.2,4,88,"3.77 (2.90 - 4.00), (n=84)",3.77,2.9,4,84,"510.00 (502.00 - 522.00), (n=89)",510,502,522,89,
cycletrack_explorer,CycleTrack School Explorer,https://cycletrack.org/explorer,Sam Houston,https://cycletrack.org/explorer/school/Sam Houston,Sam Houston State University,Sam Houston State University,DO,TX,USA,DO,acceptances,CycleTrack crowdsourced DO acceptances median stats,25,,,19.81,106,0.00,11,"3.84 (3.20 - 4.00), (n=22)",3.84,3.2,4,22,"3.77 (3.20 - 4.00), (n=21)",3.77,3.2,4,21,"510.00 (502.00 - 520.00), (n=21)",510,502,520,21,
cycletrack_explorer,CycleTrack School Explorer,https://cycletrack.org/explorer,Sam Houston,https://cycletrack.org/explorer/school/Sam Houston,Sam Houston State University,Sam Houston State University,DO,TX,USA,DO-PhD,interviews,CycleTrack crowdsourced DO-PhD interviews median stats,1,,,,,,,X.XX,,,,,X.XX,,,,,XXX.X,,,,,cGPA suppressed by CycleTrack for small n; sGPA suppressed by CycleTrack for small n; MCAT suppressed by CycleTrack for small n
cycletrack_explorer,CycleTrack School Explorer,https://cycletrack.org/explorer,Sam Houston,https://cycletrack.org/explorer/school/Sam Houston,Sam Houston State University,Sam Houston State University,DO,TX,USA,DO-PhD,acceptances,CycleTrack crowdsourced DO-PhD acceptances median stats,1,,,,,,,X.XX,,,,,X.XX,,,,,XXX.X,,,,,cGPA suppressed by CycleTrack for small n; sGPA suppressed by CycleTrack for small n; MCAT suppressed by CycleTrack for small n
cycletrack_explorer,CycleTrack School Explorer,https://cycletrack.org/explorer,San Juan Bautista,https://cycletrack.org/explorer/school/San Juan Bautista,San Juan Bautista School of Medicine,San Juan Bautista School of Medicine,MD,PR,USA,MD,interviews,CycleTrack crowdsourced MD interviews median stats,21,78.95,19,,,,,"3.72 (3.34 - 4.00), (n=19)",3.72,3.34,4,19,"3.62 (3.06 - 4.00), (n=18)",3.62,3.06,4,18,"503.00 (495.00 - 516.00), (n=20)",503,495,516,20,
cycletrack_explorer,CycleTrack School Explorer,https://cycletrack.org/explorer,San Juan Bautista,https://cycletrack.org/explorer/school/San Juan Bautista,San Juan Bautista School of Medicine,San Juan Bautista School of Medicine,MD,PR,USA,MD,acceptances,CycleTrack crowdsourced MD acceptances median stats,8,,,38.10,21,,,"3.72 (3.47 - 4.00), (n=6)",3.72,3.47,4,6,"3.67 (3.20 - 4.00), (n=6)",3.67,3.2,4,6,"506.00 (499.00 - 516.00), (n=7)",506,499,516,7,
cycletrack_explorer,CycleTrack School Explorer,https://cycletrack.org/explorer,San Juan Bautista,https://cycletrack.org/explorer/school/San Juan Bautista,San Juan Bautista School of Medicine,San Juan Bautista School of Medicine,MD,PR,USA,MD-PhD,interviews,CycleTrack crowdsourced MD-PhD interviews median stats,0,,,,,,,X.XX,,,,,X.XX,,,,,XXX.X,,,,,cGPA suppressed by CycleTrack for small n; sGPA suppressed by CycleTrack for small n; MCAT suppressed by CycleTrack for small n
cycletrack_explorer,CycleTrack School Explorer,https://cycletrack.org/explorer,San Juan Bautista,https://cycletrack.org/explorer/school/San Juan Bautista,San Juan Bautista School of Medicine,San Juan Bautista School of Medicine,MD,PR,USA,MD-PhD,acceptances,CycleTrack crowdsourced MD-PhD acceptances median stats,0,,,,,,,X.XX,,,,,X.XX,,,,,XXX.X,,,,,cGPA suppressed by CycleTrack for small n; sGPA suppressed by CycleTrack for small n; MCAT suppressed by CycleTrack for small n
cycletrack_explorer,CycleTrack School Explorer,https://cycletrack.org/explorer,Saskatchewan,https://cycletrack.org/explorer/school/Saskatchewan,University of Saskatchewan,University of Saskatchewan,MD,SK,CAN,MD,interviews,CycleTrack crowdsourced MD interviews median stats,3,10.00,10,,,,,X.XX,,,,,X.XX,,,,,XXX.X,,,,,cGPA suppressed by CycleTrack for small n; sGPA suppressed by CycleTrack for small n; MCAT suppressed by CycleTrack for small n
cycletrack_explorer,CycleTrack School Explorer,https://cycletrack.org/explorer,Saskatchewan,https://cycletrack.org/explorer/school/Saskatchewan,University of Saskatchewan,University of Saskatchewan,MD,SK,CAN,MD,acceptances,CycleTrack crowdsourced MD acceptances median stats,0,,,,,,,X.XX,,,,,X.XX,,,,,XXX.X,,,,,cGPA suppressed by CycleTrack for small n; sGPA suppressed by CycleTrack for small n; MCAT suppressed by CycleTrack for small n
cycletrack_explorer,CycleTrack School Explorer,https://cycletrack.org/explorer,Saskatchewan,https://cycletrack.org/explorer/school/Saskatchewan,University of Saskatchewan,University of Saskatchewan,MD,SK,CAN,MD-PhD,interviews,CycleTrack crowdsourced MD-PhD interviews median stats,0,,,,,,,X.XX,,,,,X.XX,,,,,XXX.X,,,,,cGPA suppressed by CycleTrack for small n; sGPA suppressed by CycleTrack for small n; MCAT suppressed by CycleTrack for small n
cycletrack_explorer,CycleTrack School Explorer,https://cycletrack.org/explorer,Saskatchewan,https://cycletrack.org/explorer/school/Saskatchewan,University of Saskatchewan,University of Saskatchewan,MD,SK,CAN,MD-PhD,acceptances,CycleTrack crowdsourced MD-PhD acceptances median stats,0,,,,,,,X.XX,,,,,X.XX,,,,,XXX.X,,,,,cGPA suppressed by CycleTrack for small n; sGPA suppressed by CycleTrack for small n; MCAT suppressed by CycleTrack for small n
cycletrack_explorer,CycleTrack School Explorer,https://cycletrack.org/explorer,Sherbrooke,https://cycletrack.org/explorer/school/Sherbrooke,Universite de Sherbrooke,Universite de Sherbrooke,MD,QC,CAN,MD,interviews,CycleTrack crowdsourced MD interviews median stats,0,0.00,6,,,,,X.XX,,,,,X.XX,,,,,XXX.X,,,,,cGPA suppressed by CycleTrack for small n; sGPA suppressed by CycleTrack for small n; MCAT suppressed by CycleTrack for small n
cycletrack_explorer,CycleTrack School Explorer,https://cycletrack.org/explorer,Sherbrooke,https://cycletrack.org/explorer/school/Sherbrooke,Universite de Sherbrooke,Universite de Sherbrooke,MD,QC,CAN,MD,acceptances,CycleTrack crowdsourced MD acceptances median stats,0,,,,,,,X.XX,,,,,X.XX,,,,,XXX.X,,,,,cGPA suppressed by CycleTrack for small n; sGPA suppressed by CycleTrack for small n; MCAT suppressed by CycleTrack for small n
cycletrack_explorer,CycleTrack School Explorer,https://cycletrack.org/explorer,Sherbrooke,https://cycletrack.org/explorer/school/Sherbrooke,Universite de Sherbrooke,Universite de Sherbrooke,MD,QC,CAN,MD-PhD,interviews,CycleTrack crowdsourced MD-PhD interviews median stats,0,,,,,,,X.XX,,,,,X.XX,,,,,XXX.X,,,,,cGPA suppressed by CycleTrack for small n; sGPA suppressed by CycleTrack for small n; MCAT suppressed by CycleTrack for small n
cycletrack_explorer,CycleTrack School Explorer,https://cycletrack.org/explorer,Sherbrooke,https://cycletrack.org/explorer/school/Sherbrooke,Universite de Sherbrooke,Universite de Sherbrooke,MD,QC,CAN,MD-PhD,acceptances,CycleTrack crowdsourced MD-PhD acceptances median stats,0,,,,,,,X.XX,,,,,X.XX,,,,,XXX.X,,,,,cGPA suppressed by CycleTrack for small n; sGPA suppressed by CycleTrack for small n; MCAT suppressed by CycleTrack for small n
cycletrack_explorer,CycleTrack School Explorer,https://cycletrack.org/explorer,South Alabama,https://cycletrack.org/explorer/school/South Alabama,University of South Alabama,University of South Alabama,MD,AL,USA,MD,interviews,CycleTrack crowdsourced MD interviews median stats,40,33.33,90,,,,,"3.88 (3.51 - 4.00), (n=34)",3.88,3.51,4,34,"3.85 (3.32 - 4.00), (n=30)",3.85,3.32,4,30,"514.00 (502.00 - 525.00), (n=35)",514,502,525,35,
cycletrack_explorer,CycleTrack School Explorer,https://cycletrack.org/explorer,South Alabama,https://cycletrack.org/explorer/school/South Alabama,University of South Alabama,University of South Alabama,MD,AL,USA,MD,acceptances,CycleTrack crowdsourced MD acceptances median stats,16,,,37.50,40,25.00,8,"3.90 (3.75 - 4.00), (n=15)",3.9,3.75,4,15,"3.87 (3.60 - 4.00), (n=13)",3.87,3.6,4,13,"514.00 (502.00 - 522.00), (n=15)",514,502,522,15,
cycletrack_explorer,CycleTrack School Explorer,https://cycletrack.org/explorer,South Alabama,https://cycletrack.org/explorer/school/South Alabama,University of South Alabama,University of South Alabama,MD,AL,USA,MD-PhD,interviews,CycleTrack crowdsourced MD-PhD interviews median stats,0,,,,,,,X.XX,,,,,X.XX,,,,,XXX.X,,,,,cGPA suppressed by CycleTrack for small n; sGPA suppressed by CycleTrack for small n; MCAT suppressed by CycleTrack for small n
cycletrack_explorer,CycleTrack School Explorer,https://cycletrack.org/explorer,South Alabama,https://cycletrack.org/explorer/school/South Alabama,University of South Alabama,University of South Alabama,MD,AL,USA,MD-PhD,acceptances,CycleTrack crowdsourced MD-PhD acceptances median stats,0,,,,,,,X.XX,,,,,X.XX,,,,,XXX.X,,,,,cGPA suppressed by CycleTrack for small n; sGPA suppressed by CycleTrack for small n; MCAT suppressed by CycleTrack for small n
cycletrack_explorer,CycleTrack School Explorer,https://cycletrack.org/explorer,South Carolina - Columbia,https://cycletrack.org/explorer/school/South Carolina - Columbia,University of South Carolina,University of South Carolina,MD,SC,USA,MD,interviews,CycleTrack crowdsourced MD interviews median stats,78,40.24,164,,,,,"3.85 (2.70 - 4.00), (n=69)",3.85,2.7,4,69,"3.80 (2.79 - 4.00), (n=64)",3.8,2.79,4,64,"512.00 (500.00 - 526.00), (n=72)",512,500,526,72,
cycletrack_explorer,CycleTrack School Explorer,https://cycletrack.org/explorer,South Carolina - Columbia,https://cycletrack.org/explorer/school/South Carolina - Columbia,University of South Carolina,University of South Carolina,MD,SC,USA,MD,acceptances,CycleTrack crowdsourced MD acceptances median stats,36,,,44.87,78,15.38,13,"3.85 (2.70 - 4.00), (n=33)",3.85,2.7,4,33,"3.88 (2.79 - 4.00), (n=30)",3.88,2.79,4,30,"515.00 (504.00 - 523.00), (n=35)",515,504,523,35,
cycletrack_explorer,CycleTrack School Explorer,https://cycletrack.org/explorer,South Carolina - Columbia,https://cycletrack.org/explorer/school/South Carolina - Columbia,University of South Carolina,University of South Carolina,MD,SC,USA,MD-PhD,interviews,CycleTrack crowdsourced MD-PhD interviews median stats,0,,,,,,,X.XX,,,,,X.XX,,,,,XXX.X,,,,,cGPA suppressed by CycleTrack for small n; sGPA suppressed by CycleTrack for small n; MCAT suppressed by CycleTrack for small n
cycletrack_explorer,CycleTrack School Explorer,https://cycletrack.org/explorer,South Carolina - Columbia,https://cycletrack.org/explorer/school/South Carolina - Columbia,University of South Carolina,University of South Carolina,MD,SC,USA,MD-PhD,acceptances,CycleTrack crowdsourced MD-PhD acceptances median stats,1,,,,,,,X.XX,,,,,X.XX,,,,,XXX.X,,,,,cGPA suppressed by CycleTrack for small n; sGPA suppressed by CycleTrack for small n; MCAT suppressed by CycleTrack for small n
cycletrack_explorer,CycleTrack School Explorer,https://cycletrack.org/explorer,South Carolina - Greenville,https://cycletrack.org/explorer/school/South Carolina - Greenville,University of South Carolina,University of South Carolina,MD,SC,USA,MD,interviews,CycleTrack crowdsourced MD interviews median stats,57,15.18,303,,,,,"3.85 (3.41 - 4.00), (n=51)",3.85,3.41,4,51,"3.81 (3.12 - 4.00), (n=46)",3.81,3.12,4,46,"514.00 (503.00 - 526.00), (n=53)",514,503,526,53,
cycletrack_explorer,CycleTrack School Explorer,https://cycletrack.org/explorer,South Carolina - Greenville,https://cycletrack.org/explorer/school/South Carolina - Greenville,University of South Carolina,University of South Carolina,MD,SC,USA,MD,acceptances,CycleTrack crowdsourced MD acceptances median stats,32,,,54.39,57,18.18,11,"3.92 (3.45 - 4.00), (n=29)",3.92,3.45,4,29,"3.92 (3.28 - 4.00), (n=26)",3.92,3.28,4,26,"515.00 (508.00 - 523.00), (n=31)",515,508,523,31,
cycletrack_explorer,CycleTrack School Explorer,https://cycletrack.org/explorer,South Carolina - Greenville,https://cycletrack.org/explorer/school/South Carolina - Greenville,University of South Carolina,University of South Carolina,MD,SC,USA,MD-PhD,interviews,CycleTrack crowdsourced MD-PhD interviews median stats,0,,,,,,,X.XX,,,,,X.XX,,,,,XXX.X,,,,,cGPA suppressed by CycleTrack for small n; sGPA suppressed by CycleTrack for small n; MCAT suppressed by CycleTrack for small n
cycletrack_explorer,CycleTrack School Explorer,https://cycletrack.org/explorer,South Carolina - Greenville,https://cycletrack.org/explorer/school/South Carolina - Greenville,University of South Carolina,University of South Carolina,MD,SC,USA,MD-PhD,acceptances,CycleTrack crowdsourced MD-PhD acceptances median stats,0,,,,,,,X.XX,,,,,X.XX,,,,,XXX.X,,,,,cGPA suppressed by CycleTrack for small n; sGPA suppressed by CycleTrack for small n; MCAT suppressed by CycleTrack for small n
cycletrack_explorer,CycleTrack School Explorer,https://cycletrack.org/explorer,South Dakota,https://cycletrack.org/explorer/school/South Dakota,University of South Dakota,University of South Dakota,MD,SD,USA,MD,interviews,CycleTrack crowdsourced MD interviews median stats,15,85.71,14,,,,,"3.70 (3.30 - 4.00), (n=11)",3.7,3.3,4,11,"3.71 (2.97 - 4.00), (n=9)",3.71,2.97,4,9,"506.00 (496.00 - 516.00), (n=11)",506,496,516,11,
cycletrack_explorer,CycleTrack School Explorer,https://cycletrack.org/explorer,South Dakota,https://cycletrack.org/explorer/school/South Dakota,University of South Dakota,University of South Dakota,MD,SD,USA,MD,acceptances,CycleTrack crowdsourced MD acceptances median stats,10,,,60.00,15,,,"3.80 (3.70 - 4.00), (n=5)",3.8,3.7,4,5,X.XX,,,,,"512.00 (511.00 - 516.00), (n=5)",512,511,516,5,sGPA suppressed by CycleTrack for small n
cycletrack_explorer,CycleTrack School Explorer,https://cycletrack.org/explorer,South Dakota,https://cycletrack.org/explorer/school/South Dakota,University of South Dakota,University of South Dakota,MD,SD,USA,MD-PhD,interviews,CycleTrack crowdsourced MD-PhD interviews median stats,10,100.00,10,,,,,"3.80 (3.60 - 3.99), (n=8)",3.8,3.6,3.99,8,"3.73 (3.43 - 4.00), (n=8)",3.73,3.43,4,8,"516.50 (505.00 - 524.00), (n=8)",516.5,505,524,8,
cycletrack_explorer,CycleTrack School Explorer,https://cycletrack.org/explorer,South Dakota,https://cycletrack.org/explorer/school/South Dakota,University of South Dakota,University of South Dakota,MD,SD,USA,MD-PhD,acceptances,CycleTrack crowdsourced MD-PhD acceptances median stats,4,,,40.00,10,50.00,6,X.XX,,,,,X.XX,,,,,XXX.X,,,,,cGPA suppressed by CycleTrack for small n; sGPA suppressed by CycleTrack for small n; MCAT suppressed by CycleTrack for small n
cycletrack_explorer,CycleTrack School Explorer,https://cycletrack.org/explorer,Southern Illinois,https://cycletrack.org/explorer/school/Southern Illinois,Southern Illinois University,Southern Illinois University,MD,IL,USA,MD,interviews,CycleTrack crowdsourced MD interviews median stats,37,76.92,39,,,,,"3.91 (3.36 - 4.00), (n=29)",3.91,3.36,4,29,"3.90 (3.00 - 4.00), (n=27)",3.9,3,4,27,"513.00 (498.00 - 525.00), (n=31)",513,498,525,31,
cycletrack_explorer,CycleTrack School Explorer,https://cycletrack.org/explorer,Southern Illinois,https://cycletrack.org/explorer/school/Southern Illinois,Southern Illinois University,Southern Illinois University,MD,IL,USA,MD,acceptances,CycleTrack crowdsourced MD acceptances median stats,12,,,32.43,37,9.52,21,"3.94 (3.71 - 4.00), (n=12)",3.94,3.71,4,12,"3.93 (3.71 - 4.00), (n=12)",3.93,3.71,4,12,"517.50 (502.00 - 525.00), (n=12)",517.5,502,525,12,
cycletrack_explorer,CycleTrack School Explorer,https://cycletrack.org/explorer,Southern Illinois,https://cycletrack.org/explorer/school/Southern Illinois,Southern Illinois University,Southern Illinois University,MD,IL,USA,MD-PhD,interviews,CycleTrack crowdsourced MD-PhD interviews median stats,0,,,,,,,X.XX,,,,,X.XX,,,,,XXX.X,,,,,cGPA suppressed by CycleTrack for small n; sGPA suppressed by CycleTrack for small n; MCAT suppressed by CycleTrack for small n
cycletrack_explorer,CycleTrack School Explorer,https://cycletrack.org/explorer,Southern Illinois,https://cycletrack.org/explorer/school/Southern Illinois,Southern Illinois University,Southern Illinois University,MD,IL,USA,MD-PhD,acceptances,CycleTrack crowdsourced MD-PhD acceptances median stats,0,,,,,,,X.XX,,,,,X.XX,,,,,XXX.X,,,,,cGPA suppressed by CycleTrack for small n; sGPA suppressed by CycleTrack for small n; MCAT suppressed by CycleTrack for small n
cycletrack_explorer,CycleTrack School Explorer,https://cycletrack.org/explorer,Stanford,https://cycletrack.org/explorer/school/Stanford,Stanford University,Stanford University,MD,CA,USA,MD,interviews,CycleTrack crowdsourced MD interviews median stats,195,9.18,1765,,,,,"3.94 (3.10 - 4.00), (n=159)",3.94,3.1,4,159,"3.94 (3.10 - 4.00), (n=148)",3.94,3.1,4,148,"521.00 (508.00 - 527.00), (n=163)",521,508,527,163,
cycletrack_explorer,CycleTrack School Explorer,https://cycletrack.org/explorer,Stanford,https://cycletrack.org/explorer/school/Stanford,Stanford University,Stanford University,MD,CA,USA,MD,acceptances,CycleTrack crowdsourced MD acceptances median stats,55,,,25.13,195,4.55,88,"3.96 (3.60 - 4.00), (n=41)",3.96,3.6,4,41,"3.96 (3.51 - 4.00), (n=40)",3.96,3.51,4,40,"521.50 (509.00 - 527.00), (n=44)",521.5,509,527,44,
cycletrack_explorer,CycleTrack School Explorer,https://cycletrack.org/explorer,Stanford,https://cycletrack.org/explorer/school/Stanford,Stanford University,Stanford University,MD,CA,USA,MD-PhD,interviews,CycleTrack crowdsourced MD-PhD interviews median stats,38,11.86,295,,,,,"3.97 (3.68 - 4.00), (n=33)",3.97,3.68,4,33,"3.98 (3.65 - 4.00), (n=32)",3.98,3.65,4,32,"520.00 (512.00 - 527.00), (n=32)",520,512,527,32,
cycletrack_explorer,CycleTrack School Explorer,https://cycletrack.org/explorer,Stanford,https://cycletrack.org/explorer/school/Stanford,Stanford University,Stanford University,MD,CA,USA,MD-PhD,acceptances,CycleTrack crowdsourced MD-PhD acceptances median stats,13,,,28.95,38,9.52,21,"3.98 (3.78 - 4.00), (n=9)",3.98,3.78,4,9,"3.98 (3.65 - 4.00), (n=9)",3.98,3.65,4,9,"522.00 (514.00 - 526.00), (n=8)",522,514,526,8,
cycletrack_explorer,CycleTrack School Explorer,https://cycletrack.org/explorer,Stony Brook,https://cycletrack.org/explorer/school/Stony Brook,Stony Brook University,Stony Brook University,MD,NY,USA,MD,interviews,CycleTrack crowdsourced MD interviews median stats,290,27.65,839,,,,,"3.90 (3.35 - 4.00), (n=242)",3.9,3.35,4,242,"3.86 (3.25 - 4.00), (n=233)",3.86,3.25,4,233,"517.00 (502.00 - 528.00), (n=249)",517,502,528,249,
cycletrack_explorer,CycleTrack School Explorer,https://cycletrack.org/explorer,Stony Brook,https://cycletrack.org/explorer/school/Stony Brook,Stony Brook University,Stony Brook University,MD,NY,USA,MD,acceptances,CycleTrack crowdsourced MD acceptances median stats,120,,,39.66,290,3.33,90,"3.91 (3.35 - 4.00), (n=99)",3.91,3.35,4,99,"3.86 (3.35 - 4.00), (n=98)",3.86,3.35,4,98,"518.50 (507.00 - 526.00), (n=100)",518.5,507,526,100,
cycletrack_explorer,CycleTrack School Explorer,https://cycletrack.org/explorer,Stony Brook,https://cycletrack.org/explorer/school/Stony Brook,Stony Brook University,Stony Brook University,MD,NY,USA,MD-PhD,interviews,CycleTrack crowdsourced MD-PhD interviews median stats,61,42.97,128,,,,,"3.88 (3.49 - 4.00), (n=53)",3.88,3.49,4,53,"3.88 (3.45 - 4.00), (n=52)",3.88,3.45,4,52,"517.00 (509.00 - 528.00), (n=55)",517,509,528,55,
cycletrack_explorer,CycleTrack School Explorer,https://cycletrack.org/explorer,Stony Brook,https://cycletrack.org/explorer/school/Stony Brook,Stony Brook University,Stony Brook University,MD,NY,USA,MD-PhD,acceptances,CycleTrack crowdsourced MD-PhD acceptances median stats,19,,,31.15,61,8.33,12,"3.85 (3.68 - 4.00), (n=17)",3.85,3.68,4,17,"3.83 (3.57 - 4.00), (n=16)",3.83,3.57,4,16,"516.50 (512.00 - 527.00), (n=18)",516.5,512,527,18,
cycletrack_explorer,CycleTrack School Explorer,https://cycletrack.org/explorer,Temple,https://cycletrack.org/explorer/school/Temple,Temple University,Temple University,MD,PA,USA,MD,interviews,CycleTrack crowdsourced MD interviews median stats,359,15.34,1956,,,,,"3.83 (3.19 - 4.00), (n=308)",3.83,3.19,4,308,"3.79 (3.22 - 4.00), (n=290)",3.79,3.22,4,290,"514.00 (505.00 - 527.00), (n=315)",514,505,527,315,
cycletrack_explorer,CycleTrack School Explorer,https://cycletrack.org/explorer,Temple,https://cycletrack.org/explorer/school/Temple,Temple University,Temple University,MD,PA,USA,MD,acceptances,CycleTrack crowdsourced MD acceptances median stats,102,,,26.46,359,6.78,177,"3.84 (3.38 - 4.00), (n=92)",3.84,3.38,4,92,"3.82 (3.22 - 4.00), (n=86)",3.82,3.22,4,86,"515.00 (506.00 - 527.00), (n=92)",515,506,527,92,
cycletrack_explorer,CycleTrack School Explorer,https://cycletrack.org/explorer,Temple,https://cycletrack.org/explorer/school/Temple,Temple University,Temple University,MD,PA,USA,MD-PhD,interviews,CycleTrack crowdsourced MD-PhD interviews median stats,17,31.11,45,,,,,"3.84 (3.50 - 4.00), (n=16)",3.84,3.5,4,16,"3.72 (3.50 - 4.00), (n=15)",3.72,3.5,4,15,"512.50 (507.00 - 517.00), (n=16)",512.5,507,517,16,
cycletrack_explorer,CycleTrack School Explorer,https://cycletrack.org/explorer,Temple,https://cycletrack.org/explorer/school/Temple,Temple University,Temple University,MD,PA,USA,MD-PhD,acceptances,CycleTrack crowdsourced MD-PhD acceptances median stats,8,,,47.06,17,14.29,7,"3.84 (3.64 - 4.00), (n=8)",3.84,3.64,4,8,"3.89 (3.50 - 4.00), (n=8)",3.89,3.5,4,8,"514.00 (509.00 - 517.00), (n=8)",514,509,517,8,
cycletrack_explorer,CycleTrack School Explorer,https://cycletrack.org/explorer,Tennessee,https://cycletrack.org/explorer/school/Tennessee,University of Tennessee,University of Tennessee,MD,TN,USA,MD,interviews,CycleTrack crowdsourced MD interviews median stats,80,34.87,195,,,,,"3.89 (3.30 - 4.00), (n=70)",3.89,3.3,4,70,"3.85 (2.92 - 4.00), (n=64)",3.85,2.92,4,64,"515.00 (503.00 - 525.00), (n=70)",515,503,525,70,
cycletrack_explorer,CycleTrack School Explorer,https://cycletrack.org/explorer,Tennessee,https://cycletrack.org/explorer/school/Tennessee,University of Tennessee,University of Tennessee,MD,TN,USA,MD,acceptances,CycleTrack crowdsourced MD acceptances median stats,55,,,60.00,80,38.46,13,"3.90 (3.30 - 4.00), (n=48)",3.9,3.3,4,48,"3.93 (3.00 - 4.00), (n=45)",3.93,3,4,45,"517.00 (504.00 - 525.00), (n=48)",517,504,525,48,
cycletrack_explorer,CycleTrack School Explorer,https://cycletrack.org/explorer,Tennessee,https://cycletrack.org/explorer/school/Tennessee,University of Tennessee,University of Tennessee,MD,TN,USA,MD-PhD,interviews,CycleTrack crowdsourced MD-PhD interviews median stats,2,28.57,7,,,,,X.XX,,,,,X.XX,,,,,XXX.X,,,,,cGPA suppressed by CycleTrack for small n; sGPA suppressed by CycleTrack for small n; MCAT suppressed by CycleTrack for small n
cycletrack_explorer,CycleTrack School Explorer,https://cycletrack.org/explorer,Tennessee,https://cycletrack.org/explorer/school/Tennessee,University of Tennessee,University of Tennessee,MD,TN,USA,MD-PhD,acceptances,CycleTrack crowdsourced MD-PhD acceptances median stats,2,,,,,,,X.XX,,,,,X.XX,,,,,XXX.X,,,,,cGPA suppressed by CycleTrack for small n; sGPA suppressed by CycleTrack for small n; MCAT suppressed by CycleTrack for small n
cycletrack_explorer,CycleTrack School Explorer,https://cycletrack.org/explorer,Texas A&M,https://cycletrack.org/explorer/school/Texas A&M,Texas A&M University,Texas A&M University,MD,TX,USA,MD,interviews,CycleTrack crowdsourced MD interviews median stats,145,29.74,427,,,,,"3.91 (3.15 - 4.00), (n=127)",3.91,3.15,4,127,"3.89 (3.14 - 4.00), (n=125)",3.89,3.14,4,125,"516.00 (505.00 - 528.00), (n=126)",516,505,528,126,
cycletrack_explorer,CycleTrack School Explorer,https://cycletrack.org/explorer,Texas A&M,https://cycletrack.org/explorer/school/Texas A&M,Texas A&M University,Texas A&M University,MD,TX,USA,MD,acceptances,CycleTrack crowdsourced MD acceptances median stats,50,,,31.72,145,0.00,6,"3.93 (3.15 - 4.00), (n=44)",3.93,3.15,4,44,"3.89 (3.17 - 4.00), (n=43)",3.89,3.17,4,43,"518.00 (506.00 - 526.00), (n=43)",518,506,526,43,
cycletrack_explorer,CycleTrack School Explorer,https://cycletrack.org/explorer,Texas A&M,https://cycletrack.org/explorer/school/Texas A&M,Texas A&M University,Texas A&M University,MD,TX,USA,MD-PhD,interviews,CycleTrack crowdsourced MD-PhD interviews median stats,39,85.00,40,,,,,"3.91 (3.55 - 4.00), (n=35)",3.91,3.55,4,35,"3.90 (3.42 - 4.00), (n=32)",3.9,3.42,4,32,"517.00 (508.00 - 527.00), (n=35)",517,508,527,35,
cycletrack_explorer,CycleTrack School Explorer,https://cycletrack.org/explorer,Texas A&M,https://cycletrack.org/explorer/school/Texas A&M,Texas A&M University,Texas A&M University,MD,TX,USA,MD-PhD,acceptances,CycleTrack crowdsourced MD-PhD acceptances median stats,16,,,41.03,39,0.00,11,"3.95 (3.67 - 4.00), (n=15)",3.95,3.67,4,15,"3.97 (3.75 - 4.00), (n=15)",3.97,3.75,4,15,"520.00 (513.00 - 527.00), (n=15)",520,513,527,15,
cycletrack_explorer,CycleTrack School Explorer,https://cycletrack.org/explorer,Texas Christian University,https://cycletrack.org/explorer/school/Texas Christian University,Texas Christian University,Texas Christian University,MD,TX,USA,MD,interviews,CycleTrack crowdsourced MD interviews median stats,84,12.99,539,,,,,"3.89 (3.20 - 4.00), (n=72)",3.89,3.2,4,72,"3.85 (2.90 - 4.00), (n=70)",3.85,2.9,4,70,"514.00 (504.00 - 523.00), (n=73)",514,504,523,73,
cycletrack_explorer,CycleTrack School Explorer,https://cycletrack.org/explorer,Texas Christian University,https://cycletrack.org/explorer/school/Texas Christian University,Texas Christian University,Texas Christian University,MD,TX,USA,MD,acceptances,CycleTrack crowdsourced MD acceptances median stats,21,,,21.43,84,19.23,26,"3.93 (3.20 - 4.00), (n=18)",3.93,3.2,4,18,"3.87 (2.90 - 4.00), (n=17)",3.87,2.9,4,17,"514.00 (506.00 - 521.00), (n=18)",514,506,521,18,
cycletrack_explorer,CycleTrack School Explorer,https://cycletrack.org/explorer,Texas Christian University,https://cycletrack.org/explorer/school/Texas Christian University,Texas Christian University,Texas Christian University,MD,TX,USA,MD-PhD,interviews,CycleTrack crowdsourced MD-PhD interviews median stats,1,,,,,,,X.XX,,,,,X.XX,,,,,XXX.X,,,,,cGPA suppressed by CycleTrack for small n; sGPA suppressed by CycleTrack for small n; MCAT suppressed by CycleTrack for small n
cycletrack_explorer,CycleTrack School Explorer,https://cycletrack.org/explorer,Texas Christian University,https://cycletrack.org/explorer/school/Texas Christian University,Texas Christian University,Texas Christian University,MD,TX,USA,MD-PhD,acceptances,CycleTrack crowdsourced MD-PhD acceptances median stats,0,,,,,,,X.XX,,,,,X.XX,,,,,XXX.X,,,,,cGPA suppressed by CycleTrack for small n; sGPA suppressed by CycleTrack for small n; MCAT suppressed by CycleTrack for small n
cycletrack_explorer,CycleTrack School Explorer,https://cycletrack.org/explorer,Texas Tech - Foster,https://cycletrack.org/explorer/school/Texas Tech - Foster,Texas Tech University (Foster),Texas Tech University (Foster),MD,TX,USA,MD,interviews,CycleTrack crowdsourced MD interviews median stats,123,38.22,259,,,,,"3.95 (3.36 - 4.00), (n=103)",3.95,3.36,4,103,"3.94 (3.17 - 4.00), (n=98)",3.94,3.17,4,98,"517.00 (503.00 - 527.00), (n=105)",517,503,527,105,
cycletrack_explorer,CycleTrack School Explorer,https://cycletrack.org/explorer,Texas Tech - Foster,https://cycletrack.org/explorer/school/Texas Tech - Foster,Texas Tech University (Foster),Texas Tech University (Foster),MD,TX,USA,MD,acceptances,CycleTrack crowdsourced MD acceptances median stats,40,,,28.46,123,45.45,11,"3.96 (3.43 - 4.00), (n=38)",3.96,3.43,4,38,"3.95 (3.31 - 4.00), (n=37)",3.95,3.31,4,37,"517.00 (503.00 - 526.00), (n=39)",517,503,526,39,
cycletrack_explorer,CycleTrack School Explorer,https://cycletrack.org/explorer,Texas Tech - Foster,https://cycletrack.org/explorer/school/Texas Tech - Foster,Texas Tech University (Foster),Texas Tech University (Foster),MD,TX,USA,MD-PhD,interviews,CycleTrack crowdsourced MD-PhD interviews median stats,1,,,,,,,X.XX,,,,,X.XX,,,,,XXX.X,,,,,cGPA suppressed by CycleTrack for small n; sGPA suppressed by CycleTrack for small n; MCAT suppressed by CycleTrack for small n
cycletrack_explorer,CycleTrack School Explorer,https://cycletrack.org/explorer,Texas Tech - Foster,https://cycletrack.org/explorer/school/Texas Tech - Foster,Texas Tech University (Foster),Texas Tech University (Foster),MD,TX,USA,MD-PhD,acceptances,CycleTrack crowdsourced MD-PhD acceptances median stats,0,,,,,,,X.XX,,,,,X.XX,,,,,XXX.X,,,,,cGPA suppressed by CycleTrack for small n; sGPA suppressed by CycleTrack for small n; MCAT suppressed by CycleTrack for small n
cycletrack_explorer,CycleTrack School Explorer,https://cycletrack.org/explorer,Texas Tech - Lubbock,https://cycletrack.org/explorer/school/Texas Tech - Lubbock,Texas Tech University (Lubbock),Texas Tech University (Lubbock),MD,TX,USA,MD,interviews,CycleTrack crowdsourced MD interviews median stats,133,31.76,340,,,,,"3.96 (3.14 - 4.00), (n=112)",3.96,3.14,4,112,"3.95 (3.05 - 4.00), (n=110)",3.95,3.05,4,110,"516.00 (503.00 - 528.00), (n=113)",516,503,528,113,
cycletrack_explorer,CycleTrack School Explorer,https://cycletrack.org/explorer,Texas Tech - Lubbock,https://cycletrack.org/explorer/school/Texas Tech - Lubbock,Texas Tech University (Lubbock),Texas Tech University (Lubbock),MD,TX,USA,MD,acceptances,CycleTrack crowdsourced MD acceptances median stats,31,,,21.05,133,10.00,10,"3.96 (3.50 - 4.00), (n=27)",3.96,3.5,4,27,"3.97 (3.50 - 4.00), (n=27)",3.97,3.5,4,27,"516.00 (503.00 - 526.00), (n=27)",516,503,526,27,
cycletrack_explorer,CycleTrack School Explorer,https://cycletrack.org/explorer,Texas Tech - Lubbock,https://cycletrack.org/explorer/school/Texas Tech - Lubbock,Texas Tech University (Lubbock),Texas Tech University (Lubbock),MD,TX,USA,MD-PhD,interviews,CycleTrack crowdsourced MD-PhD interviews median stats,7,75.00,8,,,,,"3.92 (3.79 - 3.99), (n=5)",3.92,3.79,3.99,5,"3.90 (3.77 - 3.99), (n=5)",3.9,3.77,3.99,5,"516.00 (509.00 - 523.00), (n=5)",516,509,523,5,
cycletrack_explorer,CycleTrack School Explorer,https://cycletrack.org/explorer,Texas Tech - Lubbock,https://cycletrack.org/explorer/school/Texas Tech - Lubbock,Texas Tech University (Lubbock),Texas Tech University (Lubbock),MD,TX,USA,MD-PhD,acceptances,CycleTrack crowdsourced MD-PhD acceptances median stats,3,,,42.86,7,,,X.XX,,,,,X.XX,,,,,XXX.X,,,,,cGPA suppressed by CycleTrack for small n; sGPA suppressed by CycleTrack for small n; MCAT suppressed by CycleTrack for small n
cycletrack_explorer,CycleTrack School Explorer,https://cycletrack.org/explorer,Toledo,https://cycletrack.org/explorer/school/Toledo,University of Toledo,University of Toledo,MD,OH,USA,MD,interviews,CycleTrack crowdsourced MD interviews median stats,98,14.42,513,,,,,"3.84 (3.11 - 4.00), (n=84)",3.84,3.11,4,84,"3.77 (3.00 - 4.00), (n=74)",3.77,3,4,74,"513.00 (493.00 - 527.00), (n=85)",513,493,527,85,
cycletrack_explorer,CycleTrack School Explorer,https://cycletrack.org/explorer,Toledo,https://cycletrack.org/explorer/school/Toledo,University of Toledo,University of Toledo,MD,OH,USA,MD,acceptances,CycleTrack crowdsourced MD acceptances median stats,63,,,56.12,98,11.11,18,"3.85 (3.11 - 4.00), (n=53)",3.85,3.11,4,53,"3.85 (3.30 - 4.00), (n=47)",3.85,3.3,4,47,"513.00 (504.00 - 526.00), (n=53)",513,504,526,53,
cycletrack_explorer,CycleTrack School Explorer,https://cycletrack.org/explorer,Toledo,https://cycletrack.org/explorer/school/Toledo,University of Toledo,University of Toledo,MD,OH,USA,MD-PhD,interviews,CycleTrack crowdsourced MD-PhD interviews median stats,11,42.86,21,,,,,"3.65 (3.40 - 4.00), (n=10)",3.65,3.4,4,10,"3.60 (3.20 - 4.00), (n=10)",3.6,3.2,4,10,"515.50 (509.00 - 519.00), (n=10)",515.5,509,519,10,
cycletrack_explorer,CycleTrack School Explorer,https://cycletrack.org/explorer,Toledo,https://cycletrack.org/explorer/school/Toledo,University of Toledo,University of Toledo,MD,OH,USA,MD-PhD,acceptances,CycleTrack crowdsourced MD-PhD acceptances median stats,8,,,72.73,11,,,"3.65 (3.61 - 4.00), (n=7)",3.65,3.61,4,7,"3.65 (3.45 - 4.00), (n=7)",3.65,3.45,4,7,"516.00 (509.00 - 519.00), (n=7)",516,509,519,7,
cycletrack_explorer,CycleTrack School Explorer,https://cycletrack.org/explorer,Toronto,https://cycletrack.org/explorer/school/Toronto,University of Toronto,University of Toronto,MD,ON,CAN,MD,interviews,CycleTrack crowdsourced MD interviews median stats,10,20.00,20,,,,,"3.95 (3.92 - 4.00), (n=9)",3.95,3.92,4,9,"3.96 (3.93 - 4.00), (n=9)",3.96,3.93,4,9,"515.50 (502.00 - 527.00), (n=10)",515.5,502,527,10,
cycletrack_explorer,CycleTrack School Explorer,https://cycletrack.org/explorer,Toronto,https://cycletrack.org/explorer/school/Toronto,University of Toronto,University of Toronto,MD,ON,CAN,MD,acceptances,CycleTrack crowdsourced MD acceptances median stats,1,,,10.00,10,,,X.XX,,,,,X.XX,,,,,XXX.X,,,,,cGPA suppressed by CycleTrack for small n; sGPA suppressed by CycleTrack for small n; MCAT suppressed by CycleTrack for small n
cycletrack_explorer,CycleTrack School Explorer,https://cycletrack.org/explorer,Toronto,https://cycletrack.org/explorer/school/Toronto,University of Toronto,University of Toronto,MD,ON,CAN,MD-PhD,interviews,CycleTrack crowdsourced MD-PhD interviews median stats,1,,,,,,,X.XX,,,,,X.XX,,,,,XXX.X,,,,,cGPA suppressed by CycleTrack for small n; sGPA suppressed by CycleTrack for small n; MCAT suppressed by CycleTrack for small n
cycletrack_explorer,CycleTrack School Explorer,https://cycletrack.org/explorer,Toronto,https://cycletrack.org/explorer/school/Toronto,University of Toronto,University of Toronto,MD,ON,CAN,MD-PhD,acceptances,CycleTrack crowdsourced MD-PhD acceptances median stats,1,,,,,,,X.XX,,,,,X.XX,,,,,XXX.X,,,,,cGPA suppressed by CycleTrack for small n; sGPA suppressed by CycleTrack for small n; MCAT suppressed by CycleTrack for small n
cycletrack_explorer,CycleTrack School Explorer,https://cycletrack.org/explorer,Touro - California,https://cycletrack.org/explorer/school/Touro - California,Touro University (California),Touro University (California),DO,CA,USA,DO,interviews,CycleTrack crowdsourced DO interviews median stats,112,46.27,201,,,,,"3.76 (3.19 - 4.00), (n=104)",3.76,3.19,4,104,"3.70 (3.19 - 4.00), (n=100)",3.7,3.19,4,100,"512.00 (500.00 - 522.00), (n=104)",512,500,522,104,
cycletrack_explorer,CycleTrack School Explorer,https://cycletrack.org/explorer,Touro - California,https://cycletrack.org/explorer/school/Touro - California,Touro University (California),Touro University (California),DO,CA,USA,DO,acceptances,CycleTrack crowdsourced DO acceptances median stats,66,,,52.68,112,5.00,20,"3.77 (3.19 - 4.00), (n=59)",3.77,3.19,4,59,"3.70 (3.25 - 4.00), (n=57)",3.7,3.25,4,57,"511.00 (506.00 - 524.00), (n=59)",511,506,524,59,
cycletrack_explorer,CycleTrack School Explorer,https://cycletrack.org/explorer,Touro - California,https://cycletrack.org/explorer/school/Touro - California,Touro University (California),Touro University (California),DO,CA,USA,DO-PhD,interviews,CycleTrack crowdsourced DO-PhD interviews median stats,0,,,,,,,X.XX,,,,,X.XX,,,,,XXX.X,,,,,cGPA suppressed by CycleTrack for small n; sGPA suppressed by CycleTrack for small n; MCAT suppressed by CycleTrack for small n
cycletrack_explorer,CycleTrack School Explorer,https://cycletrack.org/explorer,Touro - California,https://cycletrack.org/explorer/school/Touro - California,Touro University (California),Touro University (California),DO,CA,USA,DO-PhD,acceptances,CycleTrack crowdsourced DO-PhD acceptances median stats,0,,,,,,,X.XX,,,,,X.XX,,,,,XXX.X,,,,,cGPA suppressed by CycleTrack for small n; sGPA suppressed by CycleTrack for small n; MCAT suppressed by CycleTrack for small n
cycletrack_explorer,CycleTrack School Explorer,https://cycletrack.org/explorer,Touro - Nevada,https://cycletrack.org/explorer/school/Touro - Nevada,Touro University (Nevada),Touro University (Nevada),DO,NV,USA,DO,interviews,CycleTrack crowdsourced DO interviews median stats,98,62.69,134,,,,,"3.74 (3.18 - 4.00), (n=92)",3.74,3.18,4,92,"3.66 (3.09 - 4.00), (n=88)",3.66,3.09,4,88,"508.00 (499.00 - 521.00), (n=94)",508,499,521,94,
cycletrack_explorer,CycleTrack School Explorer,https://cycletrack.org/explorer,Touro - Nevada,https://cycletrack.org/explorer/school/Touro - Nevada,Touro University (Nevada),Touro University (Nevada),DO,NV,USA,DO,acceptances,CycleTrack crowdsourced DO acceptances median stats,51,,,47.96,98,11.76,17,"3.74 (3.26 - 4.00), (n=49)",3.74,3.26,4,49,"3.64 (3.14 - 4.00), (n=45)",3.64,3.14,4,45,"508.00 (499.00 - 516.00), (n=50)",508,499,516,50,
cycletrack_explorer,CycleTrack School Explorer,https://cycletrack.org/explorer,Touro - Nevada,https://cycletrack.org/explorer/school/Touro - Nevada,Touro University (Nevada),Touro University (Nevada),DO,NV,USA,DO-PhD,interviews,CycleTrack crowdsourced DO-PhD interviews median stats,0,,,,,,,X.XX,,,,,X.XX,,,,,XXX.X,,,,,cGPA suppressed by CycleTrack for small n; sGPA suppressed by CycleTrack for small n; MCAT suppressed by CycleTrack for small n
cycletrack_explorer,CycleTrack School Explorer,https://cycletrack.org/explorer,Touro - Nevada,https://cycletrack.org/explorer/school/Touro - Nevada,Touro University (Nevada),Touro University (Nevada),DO,NV,USA,DO-PhD,acceptances,CycleTrack crowdsourced DO-PhD acceptances median stats,0,,,,,,,X.XX,,,,,X.XX,,,,,XXX.X,,,,,cGPA suppressed by CycleTrack for small n; sGPA suppressed by CycleTrack for small n; MCAT suppressed by CycleTrack for small n
cycletrack_explorer,CycleTrack School Explorer,https://cycletrack.org/explorer,Touro - New York,https://cycletrack.org/explorer/school/Touro - New York,Touro College of Osteopathic Medicine,Touro College of Osteopathic Medicine,DO,NY,USA,DO,interviews,CycleTrack crowdsourced DO interviews median stats,186,57.25,255,,,,,"3.70 (3.00 - 4.00), (n=160)",3.7,3,4,160,"3.63 (2.83 - 4.00), (n=151)",3.63,2.83,4,151,"508.00 (495.00 - 521.00), (n=165)",508,495,521,165,
cycletrack_explorer,CycleTrack School Explorer,https://cycletrack.org/explorer,Touro - New York,https://cycletrack.org/explorer/school/Touro - New York,Touro College of Osteopathic Medicine,Touro College of Osteopathic Medicine,DO,NY,USA,DO,acceptances,CycleTrack crowdsourced DO acceptances median stats,106,,,50.00,186,32.20,59,"3.70 (3.00 - 4.00), (n=94)",3.7,3,4,94,"3.64 (2.90 - 4.00), (n=85)",3.64,2.9,4,85,"508.00 (495.00 - 521.00), (n=96)",508,495,521,96,
cycletrack_explorer,CycleTrack School Explorer,https://cycletrack.org/explorer,Touro - New York,https://cycletrack.org/explorer/school/Touro - New York,Touro College of Osteopathic Medicine,Touro College of Osteopathic Medicine,DO,NY,USA,DO-PhD,interviews,CycleTrack crowdsourced DO-PhD interviews median stats,0,,,,,,,X.XX,,,,,X.XX,,,,,XXX.X,,,,,cGPA suppressed by CycleTrack for small n; sGPA suppressed by CycleTrack for small n; MCAT suppressed by CycleTrack for small n
cycletrack_explorer,CycleTrack School Explorer,https://cycletrack.org/explorer,Touro - New York,https://cycletrack.org/explorer/school/Touro - New York,Touro College of Osteopathic Medicine,Touro College of Osteopathic Medicine,DO,NY,USA,DO-PhD,acceptances,CycleTrack crowdsourced DO-PhD acceptances median stats,0,,,,,,,X.XX,,,,,X.XX,,,,,XXX.X,,,,,cGPA suppressed by CycleTrack for small n; sGPA suppressed by CycleTrack for small n; MCAT suppressed by CycleTrack for small n
cycletrack_explorer,CycleTrack School Explorer,https://cycletrack.org/explorer,Tufts,https://cycletrack.org/explorer/school/Tufts,Tufts University,Tufts University,MD,MA,USA,MD,interviews,CycleTrack crowdsourced MD interviews median stats,316,9.78,2741,,,,,"3.90 (3.30 - 4.00), (n=267)",3.9,3.3,4,267,"3.89 (3.10 - 4.00), (n=250)",3.89,3.1,4,250,"517.00 (503.00 - 526.00), (n=268)",517,503,526,268,
cycletrack_explorer,CycleTrack School Explorer,https://cycletrack.org/explorer,Tufts,https://cycletrack.org/explorer/school/Tufts,Tufts University,Tufts University,MD,MA,USA,MD,acceptances,CycleTrack crowdsourced MD acceptances median stats,178,,,53.16,316,9.62,52,"3.92 (3.30 - 4.00), (n=153)",3.92,3.3,4,153,"3.90 (3.10 - 4.00), (n=144)",3.9,3.1,4,144,"517.00 (503.00 - 526.00), (n=151)",517,503,526,151,
cycletrack_explorer,CycleTrack School Explorer,https://cycletrack.org/explorer,Tufts,https://cycletrack.org/explorer/school/Tufts,Tufts University,Tufts University,MD,MA,USA,MD-PhD,interviews,CycleTrack crowdsourced MD-PhD interviews median stats,60,25.51,196,,,,,"3.92 (3.60 - 4.00), (n=51)",3.92,3.6,4,51,"3.91 (3.37 - 4.00), (n=49)",3.91,3.37,4,49,"520.00 (505.00 - 525.00), (n=51)",520,505,525,51,
cycletrack_explorer,CycleTrack School Explorer,https://cycletrack.org/explorer,Tufts,https://cycletrack.org/explorer/school/Tufts,Tufts University,Tufts University,MD,MA,USA,MD-PhD,acceptances,CycleTrack crowdsourced MD-PhD acceptances median stats,12,,,20.00,60,16.67,24,"3.88 (3.60 - 4.00), (n=11)",3.88,3.6,4,11,"3.89 (3.55 - 4.00), (n=11)",3.89,3.55,4,11,"520.00 (512.00 - 525.00), (n=11)",520,512,525,11,
cycletrack_explorer,CycleTrack School Explorer,https://cycletrack.org/explorer,Tulane,https://cycletrack.org/explorer/school/Tulane,Tulane University,Tulane University,MD,LA,USA,MD,interviews,CycleTrack crowdsourced MD interviews median stats,220,10.43,1716,,,,,"3.84 (3.14 - 4.00), (n=181)",3.84,3.14,4,181,"3.81 (2.90 - 4.00), (n=176)",3.81,2.9,4,176,"515.00 (495.00 - 527.00), (n=187)",515,495,527,187,
cycletrack_explorer,CycleTrack School Explorer,https://cycletrack.org/explorer,Tulane,https://cycletrack.org/explorer/school/Tulane,Tulane University,Tulane University,MD,LA,USA,MD,acceptances,CycleTrack crowdsourced MD acceptances median stats,84,,,36.82,220,9.72,72,"3.85 (3.31 - 4.00), (n=71)",3.85,3.31,4,71,"3.83 (3.13 - 4.00), (n=69)",3.83,3.13,4,69,"516.00 (502.00 - 527.00), (n=73)",516,502,527,73,
cycletrack_explorer,CycleTrack School Explorer,https://cycletrack.org/explorer,Tulane,https://cycletrack.org/explorer/school/Tulane,Tulane University,Tulane University,MD,LA,USA,MD-PhD,interviews,CycleTrack crowdsourced MD-PhD interviews median stats,14,34.29,35,,,,,"3.87 (3.27 - 4.00), (n=13)",3.87,3.27,4,13,"3.76 (3.09 - 4.00), (n=12)",3.76,3.09,4,12,"517.00 (510.00 - 523.00), (n=14)",517,510,523,14,
cycletrack_explorer,CycleTrack School Explorer,https://cycletrack.org/explorer,Tulane,https://cycletrack.org/explorer/school/Tulane,Tulane University,Tulane University,MD,LA,USA,MD-PhD,acceptances,CycleTrack crowdsourced MD-PhD acceptances median stats,2,,,14.29,14,0.00,12,X.XX,,,,,X.XX,,,,,XXX.X,,,,,cGPA suppressed by CycleTrack for small n; sGPA suppressed by CycleTrack for small n; MCAT suppressed by CycleTrack for small n
cycletrack_explorer,CycleTrack School Explorer,https://cycletrack.org/explorer,Uniformed Services,https://cycletrack.org/explorer/school/Uniformed Services,Uniformed Services University,Uniformed Services University,MD,MD,USA,MD,interviews,CycleTrack crowdsourced MD interviews median stats,111,51.46,171,,,,,"3.80 (2.70 - 4.00), (n=93)",3.8,2.7,4,93,"3.75 (2.79 - 4.00), (n=90)",3.75,2.79,4,90,"511.50 (498.00 - 524.00), (n=98)",511.5,498,524,98,
cycletrack_explorer,CycleTrack School Explorer,https://cycletrack.org/explorer,Uniformed Services,https://cycletrack.org/explorer/school/Uniformed Services,Uniformed Services University,Uniformed Services University,MD,MD,USA,MD,acceptances,CycleTrack crowdsourced MD acceptances median stats,53,,,42.34,111,23.53,34,"3.84 (3.15 - 4.00), (n=44)",3.84,3.15,4,44,"3.77 (2.95 - 4.00), (n=42)",3.77,2.95,4,42,"512.00 (501.00 - 523.00), (n=46)",512,501,523,46,
cycletrack_explorer,CycleTrack School Explorer,https://cycletrack.org/explorer,Uniformed Services,https://cycletrack.org/explorer/school/Uniformed Services,Uniformed Services University,Uniformed Services University,MD,MD,USA,MD-PhD,interviews,CycleTrack crowdsourced MD-PhD interviews median stats,5,60.00,5,,,,,"3.81 (3.49 - 3.99), (n=5)",3.81,3.49,3.99,5,"3.74 (3.49 - 3.99), (n=5)",3.74,3.49,3.99,5,"510.00 (510.00 - 522.00), (n=5)",510,510,522,5,
cycletrack_explorer,CycleTrack School Explorer,https://cycletrack.org/explorer,Uniformed Services,https://cycletrack.org/explorer/school/Uniformed Services,Uniformed Services University,Uniformed Services University,MD,MD,USA,MD-PhD,acceptances,CycleTrack crowdsourced MD-PhD acceptances median stats,2,,,40.00,5,,,X.XX,,,,,X.XX,,,,,XXX.X,,,,,cGPA suppressed by CycleTrack for small n; sGPA suppressed by CycleTrack for small n; MCAT suppressed by CycleTrack for small n
cycletrack_explorer,CycleTrack School Explorer,https://cycletrack.org/explorer,University of British Columbia,https://cycletrack.org/explorer/school/University of British Columbia,University of British Columbia,University of British Columbia,MD,BC,CAN,MD,interviews,CycleTrack crowdsourced MD interviews median stats,9,47.06,17,,,,,"3.94 (3.56 - 3.99), (n=7)",3.94,3.56,3.99,7,"3.94 (3.42 - 4.00), (n=7)",3.94,3.42,4,7,"516.00 (514.00 - 523.00), (n=7)",516,514,523,7,
cycletrack_explorer,CycleTrack School Explorer,https://cycletrack.org/explorer,University of British Columbia,https://cycletrack.org/explorer/school/University of British Columbia,University of British Columbia,University of British Columbia,MD,BC,CAN,MD,acceptances,CycleTrack crowdsourced MD acceptances median stats,1,,,11.11,9,,,X.XX,,,,,X.XX,,,,,XXX.X,,,,,cGPA suppressed by CycleTrack for small n; sGPA suppressed by CycleTrack for small n; MCAT suppressed by CycleTrack for small n
cycletrack_explorer,CycleTrack School Explorer,https://cycletrack.org/explorer,University of British Columbia,https://cycletrack.org/explorer/school/University of British Columbia,University of British Columbia,University of British Columbia,MD,BC,CAN,MD-PhD,interviews,CycleTrack crowdsourced MD-PhD interviews median stats,0,,,,,,,X.XX,,,,,X.XX,,,,,XXX.X,,,,,cGPA suppressed by CycleTrack for small n; sGPA suppressed by CycleTrack for small n; MCAT suppressed by CycleTrack for small n
cycletrack_explorer,CycleTrack School Explorer,https://cycletrack.org/explorer,University of British Columbia,https://cycletrack.org/explorer/school/University of British Columbia,University of British Columbia,University of British Columbia,MD,BC,CAN,MD-PhD,acceptances,CycleTrack crowdsourced MD-PhD acceptances median stats,0,,,,,,,X.XX,,,,,X.XX,,,,,XXX.X,,,,,cGPA suppressed by CycleTrack for small n; sGPA suppressed by CycleTrack for small n; MCAT suppressed by CycleTrack for small n
cycletrack_explorer,CycleTrack School Explorer,https://cycletrack.org/explorer,University of California Davis,https://cycletrack.org/explorer/school/University of California Davis,University of California (Davis),University of California (Davis),MD,CA,USA,MD,interviews,CycleTrack crowdsourced MD interviews median stats,151,22.18,586,,,,,"3.85 (2.90 - 4.00), (n=124)",3.85,2.9,4,124,"3.84 (2.60 - 4.00), (n=119)",3.84,2.6,4,119,"517.00 (496.00 - 527.00), (n=126)",517,496,527,126,
cycletrack_explorer,CycleTrack School Explorer,https://cycletrack.org/explorer,University of California Davis,https://cycletrack.org/explorer/school/University of California Davis,University of California (Davis),University of California (Davis),MD,CA,USA,MD,acceptances,CycleTrack crowdsourced MD acceptances median stats,47,,,30.46,151,14.29,56,"3.84 (3.27 - 4.00), (n=36)",3.84,3.27,4,36,"3.82 (3.11 - 4.00), (n=35)",3.82,3.11,4,35,"516.00 (501.00 - 524.00), (n=36)",516,501,524,36,
cycletrack_explorer,CycleTrack School Explorer,https://cycletrack.org/explorer,University of California Davis,https://cycletrack.org/explorer/school/University of California Davis,University of California (Davis),University of California (Davis),MD,CA,USA,MD-PhD,interviews,CycleTrack crowdsourced MD-PhD interviews median stats,29,20.95,105,,,,,"3.80 (3.20 - 4.00), (n=26)",3.8,3.2,4,26,"3.77 (3.00 - 4.00), (n=26)",3.77,3,4,26,"517.00 (507.00 - 526.00), (n=28)",517,507,526,28,
cycletrack_explorer,CycleTrack School Explorer,https://cycletrack.org/explorer,University of California Davis,https://cycletrack.org/explorer/school/University of California Davis,University of California (Davis),University of California (Davis),MD,CA,USA,MD-PhD,acceptances,CycleTrack crowdsourced MD-PhD acceptances median stats,8,,,27.59,29,30.00,10,"3.82 (3.20 - 4.00), (n=7)",3.82,3.2,4,7,"3.73 (3.00 - 4.00), (n=7)",3.73,3,4,7,"520.00 (514.00 - 523.00), (n=8)",520,514,523,8,
cycletrack_explorer,CycleTrack School Explorer,https://cycletrack.org/explorer,University of California Irvine,https://cycletrack.org/explorer/school/University of California Irvine,University of California (Irvine),University of California (Irvine),MD,CA,USA,MD,interviews,CycleTrack crowdsourced MD interviews median stats,196,17.89,889,,,,,"3.90 (3.04 - 4.00), (n=154)",3.9,3.04,4,154,"3.91 (3.23 - 4.00), (n=145)",3.91,3.23,4,145,"518.00 (506.00 - 528.00), (n=156)",518,506,528,156,
cycletrack_explorer,CycleTrack School Explorer,https://cycletrack.org/explorer,University of California Irvine,https://cycletrack.org/explorer/school/University of California Irvine,University of California (Irvine),University of California (Irvine),MD,CA,USA,MD,acceptances,CycleTrack crowdsourced MD acceptances median stats,70,,,33.16,196,16.67,36,"3.91 (3.51 - 4.00), (n=57)",3.91,3.51,4,57,"3.91 (3.23 - 4.00), (n=56)",3.91,3.23,4,56,"518.00 (508.00 - 528.00), (n=59)",518,508,528,59,
cycletrack_explorer,CycleTrack School Explorer,https://cycletrack.org/explorer,University of California Irvine,https://cycletrack.org/explorer/school/University of California Irvine,University of California (Irvine),University of California (Irvine),MD,CA,USA,MD-PhD,interviews,CycleTrack crowdsourced MD-PhD interviews median stats,52,26.51,166,,,,,"3.96 (3.50 - 4.00), (n=45)",3.96,3.5,4,45,"3.95 (3.44 - 4.00), (n=41)",3.95,3.44,4,41,"520.00 (510.00 - 528.00), (n=47)",520,510,528,47,
cycletrack_explorer,CycleTrack School Explorer,https://cycletrack.org/explorer,University of California Irvine,https://cycletrack.org/explorer/school/University of California Irvine,University of California (Irvine),University of California (Irvine),MD,CA,USA,MD-PhD,acceptances,CycleTrack crowdsourced MD-PhD acceptances median stats,13,,,23.08,52,0.00,5,"3.89 (3.72 - 4.00), (n=12)",3.89,3.72,4,12,"3.89 (3.61 - 4.00), (n=11)",3.89,3.61,4,11,"519.00 (514.00 - 525.00), (n=12)",519,514,525,12,
cycletrack_explorer,CycleTrack School Explorer,https://cycletrack.org/explorer,University of California Los Angeles,https://cycletrack.org/explorer/school/University of California Los Angeles,University of California (Los Angeles),University of California (Los Angeles),MD,CA,USA,MD,interviews,CycleTrack crowdsourced MD interviews median stats,193,9.31,1794,,,,,"3.85 (3.18 - 4.00), (n=153)",3.85,3.18,4,153,"3.82 (3.10 - 4.00), (n=149)",3.82,3.1,4,149,"516.00 (502.00 - 528.00), (n=160)",516,502,528,160,
cycletrack_explorer,CycleTrack School Explorer,https://cycletrack.org/explorer,University of California Los Angeles,https://cycletrack.org/explorer/school/University of California Los Angeles,University of California (Los Angeles),University of California (Los Angeles),MD,CA,USA,MD,acceptances,CycleTrack crowdsourced MD acceptances median stats,84,,,41.97,193,30.77,52,"3.81 (3.29 - 4.00), (n=67)",3.81,3.29,4,67,"3.81 (3.10 - 4.00), (n=66)",3.81,3.1,4,66,"518.00 (502.00 - 527.00), (n=67)",518,502,527,67,
cycletrack_explorer,CycleTrack School Explorer,https://cycletrack.org/explorer,University of California Los Angeles,https://cycletrack.org/explorer/school/University of California Los Angeles,University of California (Los Angeles),University of California (Los Angeles),MD,CA,USA,MD-PhD,interviews,CycleTrack crowdsourced MD-PhD interviews median stats,64,20.28,281,,,,,"3.92 (3.30 - 4.00), (n=60)",3.92,3.3,4,60,"3.92 (3.30 - 4.00), (n=60)",3.92,3.3,4,60,"520.00 (509.00 - 527.00), (n=60)",520,509,527,60,
cycletrack_explorer,CycleTrack School Explorer,https://cycletrack.org/explorer,University of California Los Angeles,https://cycletrack.org/explorer/school/University of California Los Angeles,University of California (Los Angeles),University of California (Los Angeles),MD,CA,USA,MD-PhD,acceptances,CycleTrack crowdsourced MD-PhD acceptances median stats,32,,,48.44,64,15.38,13,"3.97 (3.30 - 4.00), (n=31)",3.97,3.3,4,31,"3.98 (3.30 - 4.00), (n=31)",3.98,3.3,4,31,"520.00 (509.00 - 527.00), (n=32)",520,509,527,32,
cycletrack_explorer,CycleTrack School Explorer,https://cycletrack.org/explorer,University of California Riverside,https://cycletrack.org/explorer/school/University of California Riverside,University of California (Riverside),University of California (Riverside),MD,CA,USA,MD,interviews,CycleTrack crowdsourced MD interviews median stats,66,10.54,541,,,,,"3.76 (3.00 - 4.00), (n=56)",3.76,3,4,56,"3.72 (3.00 - 4.00), (n=56)",3.72,3,4,56,"510.00 (496.00 - 522.00), (n=58)",510,496,522,58,
cycletrack_explorer,CycleTrack School Explorer,https://cycletrack.org/explorer,University of California Riverside,https://cycletrack.org/explorer/school/University of California Riverside,University of California (Riverside),University of California (Riverside),MD,CA,USA,MD,acceptances,CycleTrack crowdsourced MD acceptances median stats,34,,,50.00,66,33.33,21,"3.75 (3.00 - 4.00), (n=28)",3.75,3,4,28,"3.67 (3.10 - 4.00), (n=28)",3.67,3.1,4,28,"513.00 (496.00 - 522.00), (n=28)",513,496,522,28,
cycletrack_explorer,CycleTrack School Explorer,https://cycletrack.org/explorer,University of California Riverside,https://cycletrack.org/explorer/school/University of California Riverside,University of California (Riverside),University of California (Riverside),MD,CA,USA,MD-PhD,interviews,CycleTrack crowdsourced MD-PhD interviews median stats,1,9.09,11,,,,,X.XX,,,,,X.XX,,,,,XXX.X,,,,,cGPA suppressed by CycleTrack for small n; sGPA suppressed by CycleTrack for small n; MCAT suppressed by CycleTrack for small n
cycletrack_explorer,CycleTrack School Explorer,https://cycletrack.org/explorer,University of California Riverside,https://cycletrack.org/explorer/school/University of California Riverside,University of California (Riverside),University of California (Riverside),MD,CA,USA,MD-PhD,acceptances,CycleTrack crowdsourced MD-PhD acceptances median stats,0,,,,,,,X.XX,,,,,X.XX,,,,,XXX.X,,,,,cGPA suppressed by CycleTrack for small n; sGPA suppressed by CycleTrack for small n; MCAT suppressed by CycleTrack for small n
cycletrack_explorer,CycleTrack School Explorer,https://cycletrack.org/explorer,University of California San Diego,https://cycletrack.org/explorer/school/University of California San Diego,University of California (San Diego),University of California (San Diego),MD,CA,USA,MD,interviews,CycleTrack crowdsourced MD interviews median stats,307,17.74,1409,,,,,"3.91 (3.10 - 4.00), (n=254)",3.91,3.1,4,254,"3.89 (3.05 - 4.00), (n=245)",3.89,3.05,4,245,"518.00 (496.00 - 528.00), (n=258)",518,496,528,258,
cycletrack_explorer,CycleTrack School Explorer,https://cycletrack.org/explorer,University of California San Diego,https://cycletrack.org/explorer/school/University of California San Diego,University of California (San Diego),University of California (San Diego),MD,CA,USA,MD,acceptances,CycleTrack crowdsourced MD acceptances median stats,67,,,21.17,307,0.54,186,"3.95 (3.33 - 4.00), (n=55)",3.95,3.33,4,55,"3.94 (3.23 - 4.00), (n=53)",3.94,3.23,4,53,"519.00 (506.00 - 526.00), (n=55)",519,506,526,55,
cycletrack_explorer,CycleTrack School Explorer,https://cycletrack.org/explorer,University of California San Diego,https://cycletrack.org/explorer/school/University of California San Diego,University of California (San Diego),University of California (San Diego),MD,CA,USA,MD-PhD,interviews,CycleTrack crowdsourced MD-PhD interviews median stats,72,22.22,288,,,,,"3.92 (3.24 - 4.00), (n=60)",3.92,3.24,4,60,"3.91 (3.09 - 4.00), (n=59)",3.91,3.09,4,59,"519.00 (511.00 - 528.00), (n=60)",519,511,528,60,
cycletrack_explorer,CycleTrack School Explorer,https://cycletrack.org/explorer,University of California San Diego,https://cycletrack.org/explorer/school/University of California San Diego,University of California (San Diego),University of California (San Diego),MD,CA,USA,MD-PhD,acceptances,CycleTrack crowdsourced MD-PhD acceptances median stats,11,,,15.28,72,13.33,15,"3.88 (3.58 - 3.99), (n=8)",3.88,3.58,3.99,8,"3.87 (3.49 - 3.99), (n=8)",3.87,3.49,3.99,8,"517.00 (515.00 - 525.00), (n=7)",517,515,525,7,
cycletrack_explorer,CycleTrack School Explorer,https://cycletrack.org/explorer,University of California San Francisco,https://cycletrack.org/explorer/school/University of California San Francisco,University of California (San Francisco),University of California (San Francisco),MD,CA,USA,MD,interviews,CycleTrack crowdsourced MD interviews median stats,184,10.25,1522,,,,,"3.93 (3.10 - 4.00), (n=159)",3.93,3.1,4,159,"3.90 (3.21 - 4.00), (n=150)",3.9,3.21,4,150,"519.00 (496.00 - 527.00), (n=157)",519,496,527,157,
cycletrack_explorer,CycleTrack School Explorer,https://cycletrack.org/explorer,University of California San Francisco,https://cycletrack.org/explorer/school/University of California San Francisco,University of California (San Francisco),University of California (San Francisco),MD,CA,USA,MD,acceptances,CycleTrack crowdsourced MD acceptances median stats,80,,,41.85,184,13.46,52,"3.94 (3.10 - 4.00), (n=73)",3.94,3.1,4,73,"3.91 (3.30 - 4.00), (n=67)",3.91,3.3,4,67,"520.00 (496.00 - 527.00), (n=71)",520,496,527,71,
cycletrack_explorer,CycleTrack School Explorer,https://cycletrack.org/explorer,University of California San Francisco,https://cycletrack.org/explorer/school/University of California San Francisco,University of California (San Francisco),University of California (San Francisco),MD,CA,USA,MD-PhD,interviews,CycleTrack crowdsourced MD-PhD interviews median stats,47,12.79,297,,,,,"3.95 (3.58 - 4.00), (n=43)",3.95,3.58,4,43,"3.91 (3.59 - 4.00), (n=41)",3.91,3.59,4,41,"520.00 (512.00 - 526.00), (n=42)",520,512,526,42,
cycletrack_explorer,CycleTrack School Explorer,https://cycletrack.org/explorer,University of California San Francisco,https://cycletrack.org/explorer/school/University of California San Francisco,University of California (San Francisco),University of California (San Francisco),MD,CA,USA,MD-PhD,acceptances,CycleTrack crowdsourced MD-PhD acceptances median stats,14,,,25.53,47,0.00,8,"3.93 (3.78 - 4.00), (n=11)",3.93,3.78,4,11,"3.94 (3.73 - 4.00), (n=11)",3.94,3.73,4,11,"521.00 (512.00 - 526.00), (n=11)",521,512,526,11,
cycletrack_explorer,CycleTrack School Explorer,https://cycletrack.org/explorer,University of Central Florida,https://cycletrack.org/explorer/school/University of Central Florida,University of Central Florida,University of Central Florida,MD,FL,USA,MD,interviews,CycleTrack crowdsourced MD interviews median stats,120,21.13,478,,,,,"3.94 (3.45 - 4.00), (n=104)",3.94,3.45,4,104,"3.93 (3.40 - 4.00), (n=101)",3.93,3.4,4,101,"516.00 (507.00 - 525.00), (n=107)",516,507,525,107,
cycletrack_explorer,CycleTrack School Explorer,https://cycletrack.org/explorer,University of Central Florida,https://cycletrack.org/explorer/school/University of Central Florida,University of Central Florida,University of Central Florida,MD,FL,USA,MD,acceptances,CycleTrack crowdsourced MD acceptances median stats,58,,,42.50,120,23.08,65,"3.94 (3.65 - 4.00), (n=50)",3.94,3.65,4,50,"3.92 (3.60 - 4.00), (n=48)",3.92,3.6,4,48,"516.00 (507.00 - 524.00), (n=51)",516,507,524,51,
cycletrack_explorer,CycleTrack School Explorer,https://cycletrack.org/explorer,University of Central Florida,https://cycletrack.org/explorer/school/University of Central Florida,University of Central Florida,University of Central Florida,MD,FL,USA,MD-PhD,interviews,CycleTrack crowdsourced MD-PhD interviews median stats,1,12.50,8,,,,,X.XX,,,,,X.XX,,,,,XXX.X,,,,,cGPA suppressed by CycleTrack for small n; sGPA suppressed by CycleTrack for small n; MCAT suppressed by CycleTrack for small n
cycletrack_explorer,CycleTrack School Explorer,https://cycletrack.org/explorer,University of Central Florida,https://cycletrack.org/explorer/school/University of Central Florida,University of Central Florida,University of Central Florida,MD,FL,USA,MD-PhD,acceptances,CycleTrack crowdsourced MD-PhD acceptances median stats,1,,,,,,,X.XX,,,,,X.XX,,,,,XXX.X,,,,,cGPA suppressed by CycleTrack for small n; sGPA suppressed by CycleTrack for small n; MCAT suppressed by CycleTrack for small n
cycletrack_explorer,CycleTrack School Explorer,https://cycletrack.org/explorer,University of Nevada Las Vegas,https://cycletrack.org/explorer/school/University of Nevada Las Vegas,University of Nevada Las Vegas,University of Nevada Las Vegas,MD,NV,USA,MD,interviews,CycleTrack crowdsourced MD interviews median stats,54,31.76,148,,,,,"3.84 (3.37 - 4.00), (n=42)",3.84,3.37,4,42,"3.78 (3.21 - 4.00), (n=41)",3.78,3.21,4,41,"511.50 (502.00 - 525.00), (n=44)",511.5,502,525,44,
cycletrack_explorer,CycleTrack School Explorer,https://cycletrack.org/explorer,University of Nevada Las Vegas,https://cycletrack.org/explorer/school/University of Nevada Las Vegas,University of Nevada Las Vegas,University of Nevada Las Vegas,MD,NV,USA,MD,acceptances,CycleTrack crowdsourced MD acceptances median stats,16,,,27.78,54,27.27,11,"3.94 (3.40 - 4.00), (n=12)",3.94,3.4,4,12,"3.91 (3.21 - 4.00), (n=11)",3.91,3.21,4,11,"516.50 (508.00 - 524.00), (n=12)",516.5,508,524,12,
cycletrack_explorer,CycleTrack School Explorer,https://cycletrack.org/explorer,University of Nevada Las Vegas,https://cycletrack.org/explorer/school/University of Nevada Las Vegas,University of Nevada Las Vegas,University of Nevada Las Vegas,MD,NV,USA,MD-PhD,interviews,CycleTrack crowdsourced MD-PhD interviews median stats,0,,,,,,,X.XX,,,,,X.XX,,,,,XXX.X,,,,,cGPA suppressed by CycleTrack for small n; sGPA suppressed by CycleTrack for small n; MCAT suppressed by CycleTrack for small n
cycletrack_explorer,CycleTrack School Explorer,https://cycletrack.org/explorer,University of Nevada Las Vegas,https://cycletrack.org/explorer/school/University of Nevada Las Vegas,University of Nevada Las Vegas,University of Nevada Las Vegas,MD,NV,USA,MD-PhD,acceptances,CycleTrack crowdsourced MD-PhD acceptances median stats,0,,,,,,,X.XX,,,,,X.XX,,,,,XXX.X,,,,,cGPA suppressed by CycleTrack for small n; sGPA suppressed by CycleTrack for small n; MCAT suppressed by CycleTrack for small n
cycletrack_explorer,CycleTrack School Explorer,https://cycletrack.org/explorer,University of Puerto Rico,https://cycletrack.org/explorer/school/University of Puerto Rico,University of Puerto Rico,University of Puerto Rico,MD,PR,USA,MD,interviews,CycleTrack crowdsourced MD interviews median stats,6,42.86,14,,,,,X.XX,,,,,X.XX,,,,,XXX.X,,,,,cGPA suppressed by CycleTrack for small n; sGPA suppressed by CycleTrack for small n; MCAT suppressed by CycleTrack for small n
cycletrack_explorer,CycleTrack School Explorer,https://cycletrack.org/explorer,University of Puerto Rico,https://cycletrack.org/explorer/school/University of Puerto Rico,University of Puerto Rico,University of Puerto Rico,MD,PR,USA,MD,acceptances,CycleTrack crowdsourced MD acceptances median stats,5,,,83.33,6,,,X.XX,,,,,X.XX,,,,,XXX.X,,,,,cGPA suppressed by CycleTrack for small n; sGPA suppressed by CycleTrack for small n; MCAT suppressed by CycleTrack for small n
cycletrack_explorer,CycleTrack School Explorer,https://cycletrack.org/explorer,University of Puerto Rico,https://cycletrack.org/explorer/school/University of Puerto Rico,University of Puerto Rico,University of Puerto Rico,MD,PR,USA,MD-PhD,interviews,CycleTrack crowdsourced MD-PhD interviews median stats,0,,,,,,,X.XX,,,,,X.XX,,,,,XXX.X,,,,,cGPA suppressed by CycleTrack for small n; sGPA suppressed by CycleTrack for small n; MCAT suppressed by CycleTrack for small n
cycletrack_explorer,CycleTrack School Explorer,https://cycletrack.org/explorer,University of Puerto Rico,https://cycletrack.org/explorer/school/University of Puerto Rico,University of Puerto Rico,University of Puerto Rico,MD,PR,USA,MD-PhD,acceptances,CycleTrack crowdsourced MD-PhD acceptances median stats,0,,,,,,,X.XX,,,,,X.XX,,,,,XXX.X,,,,,cGPA suppressed by CycleTrack for small n; sGPA suppressed by CycleTrack for small n; MCAT suppressed by CycleTrack for small n
cycletrack_explorer,CycleTrack School Explorer,https://cycletrack.org/explorer,University of South Florida,https://cycletrack.org/explorer/school/University of South Florida,University of South Florida,University of South Florida,MD,FL,USA,MD,interviews,CycleTrack crowdsourced MD interviews median stats,323,34.29,767,,,,,"3.96 (3.30 - 4.00), (n=289)",3.96,3.3,4,289,"3.96 (2.93 - 4.00), (n=284)",3.96,2.93,4,284,"521.00 (505.00 - 528.00), (n=294)",521,505,528,294,
cycletrack_explorer,CycleTrack School Explorer,https://cycletrack.org/explorer,University of South Florida,https://cycletrack.org/explorer/school/University of South Florida,University of South Florida,University of South Florida,MD,FL,USA,MD,acceptances,CycleTrack crowdsourced MD acceptances median stats,97,,,28.79,323,8.96,134,"3.96 (3.65 - 4.00), (n=89)",3.96,3.65,4,89,"3.96 (3.60 - 4.00), (n=88)",3.96,3.6,4,88,"522.00 (515.00 - 528.00), (n=91)",522,515,528,91,
cycletrack_explorer,CycleTrack School Explorer,https://cycletrack.org/explorer,University of South Florida,https://cycletrack.org/explorer/school/University of South Florida,University of South Florida,University of South Florida,MD,FL,USA,MD-PhD,interviews,CycleTrack crowdsourced MD-PhD interviews median stats,11,60.00,15,,,,,"3.91 (3.65 - 4.00), (n=10)",3.91,3.65,4,10,"3.90 (3.57 - 4.00), (n=10)",3.9,3.57,4,10,"517.50 (504.00 - 527.00), (n=10)",517.5,504,527,10,
cycletrack_explorer,CycleTrack School Explorer,https://cycletrack.org/explorer,University of South Florida,https://cycletrack.org/explorer/school/University of South Florida,University of South Florida,University of South Florida,MD,FL,USA,MD-PhD,acceptances,CycleTrack crowdsourced MD-PhD acceptances median stats,7,,,63.64,11,,,"3.85 (3.65 - 4.00), (n=6)",3.85,3.65,4,6,"3.81 (3.57 - 4.00), (n=6)",3.81,3.57,4,6,"517.50 (514.00 - 527.00), (n=6)",517.5,514,527,6,
cycletrack_explorer,CycleTrack School Explorer,https://cycletrack.org/explorer,University of Southern California,https://cycletrack.org/explorer/school/University of Southern California,University of Southern California,University of Southern California,MD,CA,USA,MD,interviews,CycleTrack crowdsourced MD interviews median stats,131,7.08,1511,,,,,"3.88 (3.18 - 4.00), (n=109)",3.88,3.18,4,109,"3.85 (3.08 - 4.00), (n=105)",3.85,3.08,4,105,"518.00 (506.00 - 526.00), (n=109)",518,506,526,109,
cycletrack_explorer,CycleTrack School Explorer,https://cycletrack.org/explorer,University of Southern California,https://cycletrack.org/explorer/school/University of Southern California,University of Southern California,University of Southern California,MD,CA,USA,MD,acceptances,CycleTrack crowdsourced MD acceptances median stats,66,,,46.56,131,2.78,36,"3.90 (3.44 - 4.00), (n=50)",3.9,3.44,4,50,"3.91 (3.36 - 4.00), (n=50)",3.91,3.36,4,50,"518.50 (507.00 - 526.00), (n=50)",518.5,507,526,50,
cycletrack_explorer,CycleTrack School Explorer,https://cycletrack.org/explorer,University of Southern California,https://cycletrack.org/explorer/school/University of Southern California,University of Southern California,University of Southern California,MD,CA,USA,MD-PhD,interviews,CycleTrack crowdsourced MD-PhD interviews median stats,34,18.12,149,,,,,"3.92 (3.61 - 4.00), (n=30)",3.92,3.61,4,30,"3.90 (3.45 - 4.00), (n=29)",3.9,3.45,4,29,"521.00 (515.00 - 528.00), (n=30)",521,515,528,30,
cycletrack_explorer,CycleTrack School Explorer,https://cycletrack.org/explorer,University of Southern California,https://cycletrack.org/explorer/school/University of Southern California,University of Southern California,University of Southern California,MD,CA,USA,MD-PhD,acceptances,CycleTrack crowdsourced MD-PhD acceptances median stats,14,,,38.24,34,18.18,11,"3.93 (3.61 - 4.00), (n=11)",3.93,3.61,4,11,"3.88 (3.45 - 4.00), (n=11)",3.88,3.45,4,11,"520.00 (517.00 - 525.00), (n=11)",520,517,525,11,
cycletrack_explorer,CycleTrack School Explorer,https://cycletrack.org/explorer,University of Texas - Austin,https://cycletrack.org/explorer/school/University of Texas - Austin,University of Texas (Austin),University of Texas (Austin),MD,TX,USA,MD,interviews,CycleTrack crowdsourced MD interviews median stats,101,57.33,150,,,,,"3.96 (3.44 - 4.00), (n=80)",3.96,3.44,4,80,"3.95 (3.30 - 4.00), (n=76)",3.95,3.3,4,76,"520.00 (508.00 - 528.00), (n=83)",520,508,528,83,
cycletrack_explorer,CycleTrack School Explorer,https://cycletrack.org/explorer,University of Texas - Austin,https://cycletrack.org/explorer/school/University of Texas - Austin,University of Texas (Austin),University of Texas (Austin),MD,TX,USA,MD,acceptances,CycleTrack crowdsourced MD acceptances median stats,33,,,29.70,101,8.33,12,"3.97 (3.44 - 4.00), (n=26)",3.97,3.44,4,26,"3.99 (3.30 - 4.00), (n=25)",3.99,3.3,4,25,"523.00 (511.00 - 527.00), (n=27)",523,511,527,27,
cycletrack_explorer,CycleTrack School Explorer,https://cycletrack.org/explorer,University of Texas - Austin,https://cycletrack.org/explorer/school/University of Texas - Austin,University of Texas (Austin),University of Texas (Austin),MD,TX,USA,MD-PhD,interviews,CycleTrack crowdsourced MD-PhD interviews median stats,0,,,,,,,X.XX,,,,,X.XX,,,,,XXX.X,,,,,cGPA suppressed by CycleTrack for small n; sGPA suppressed by CycleTrack for small n; MCAT suppressed by CycleTrack for small n
cycletrack_explorer,CycleTrack School Explorer,https://cycletrack.org/explorer,University of Texas - Austin,https://cycletrack.org/explorer/school/University of Texas - Austin,University of Texas (Austin),University of Texas (Austin),MD,TX,USA,MD-PhD,acceptances,CycleTrack crowdsourced MD-PhD acceptances median stats,0,,,,,,,X.XX,,,,,X.XX,,,,,XXX.X,,,,,cGPA suppressed by CycleTrack for small n; sGPA suppressed by CycleTrack for small n; MCAT suppressed by CycleTrack for small n
cycletrack_explorer,CycleTrack School Explorer,https://cycletrack.org/explorer,University of Texas - Houston,https://cycletrack.org/explorer/school/University of Texas - Houston,University of Texas (Houston),University of Texas (Houston),MD,TX,USA,MD,interviews,CycleTrack crowdsourced MD interviews median stats,211,36.94,471,,,,,"3.92 (3.20 - 4.00), (n=174)",3.92,3.2,4,174,"3.90 (3.30 - 4.00), (n=166)",3.9,3.3,4,166,"516.00 (503.00 - 526.00), (n=176)",516,503,526,176,
cycletrack_explorer,CycleTrack School Explorer,https://cycletrack.org/explorer,University of Texas - Houston,https://cycletrack.org/explorer/school/University of Texas - Houston,University of Texas (Houston),University of Texas (Houston),MD,TX,USA,MD,acceptances,CycleTrack crowdsourced MD acceptances median stats,47,,,18.96,211,10.71,28,"3.96 (3.20 - 4.00), (n=41)",3.96,3.2,4,41,"3.95 (3.40 - 4.00), (n=39)",3.95,3.4,4,39,"516.00 (509.00 - 526.00), (n=41)",516,509,526,41,
cycletrack_explorer,CycleTrack School Explorer,https://cycletrack.org/explorer,University of Texas - Houston,https://cycletrack.org/explorer/school/University of Texas - Houston,University of Texas (Houston),University of Texas (Houston),MD,TX,USA,MD-PhD,interviews,CycleTrack crowdsourced MD-PhD interviews median stats,49,55.26,76,,,,,"3.92 (3.63 - 4.00), (n=45)",3.92,3.63,4,45,"3.91 (3.50 - 4.00), (n=41)",3.91,3.5,4,41,"518.00 (507.00 - 526.00), (n=45)",518,507,526,45,
cycletrack_explorer,CycleTrack School Explorer,https://cycletrack.org/explorer,University of Texas - Houston,https://cycletrack.org/explorer/school/University of Texas - Houston,University of Texas (Houston),University of Texas (Houston),MD,TX,USA,MD-PhD,acceptances,CycleTrack crowdsourced MD-PhD acceptances median stats,20,,,38.78,49,26.32,19,"3.97 (3.63 - 4.00), (n=20)",3.97,3.63,4,20,"3.98 (3.52 - 4.00), (n=18)",3.98,3.52,4,18,"518.50 (512.00 - 526.00), (n=20)",518.5,512,526,20,
cycletrack_explorer,CycleTrack School Explorer,https://cycletrack.org/explorer,University of Texas - Medical Branch,https://cycletrack.org/explorer/school/University of Texas - Medical Branch,University of Texas (Medical Branch),University of Texas (Medical Branch),MD,TX,USA,MD,interviews,CycleTrack crowdsourced MD interviews median stats,190,38.78,410,,,,,"3.85 (3.15 - 4.00), (n=159)",3.85,3.15,4,159,"3.79 (2.90 - 4.00), (n=150)",3.79,2.9,4,150,"515.00 (503.00 - 526.00), (n=162)",515,503,526,162,
cycletrack_explorer,CycleTrack School Explorer,https://cycletrack.org/explorer,University of Texas - Medical Branch,https://cycletrack.org/explorer/school/University of Texas - Medical Branch,University of Texas (Medical Branch),University of Texas (Medical Branch),MD,TX,USA,MD,acceptances,CycleTrack crowdsourced MD acceptances median stats,69,,,33.16,190,14.29,21,"3.86 (3.15 - 4.00), (n=61)",3.86,3.15,4,61,"3.81 (2.99 - 4.00), (n=56)",3.81,2.99,4,56,"516.00 (509.00 - 525.00), (n=64)",516,509,525,64,
cycletrack_explorer,CycleTrack School Explorer,https://cycletrack.org/explorer,University of Texas - Medical Branch,https://cycletrack.org/explorer/school/University of Texas - Medical Branch,University of Texas (Medical Branch),University of Texas (Medical Branch),MD,TX,USA,MD-PhD,interviews,CycleTrack crowdsourced MD-PhD interviews median stats,12,55.56,18,,,,,"3.93 (3.78 - 3.99), (n=9)",3.93,3.78,3.99,9,"3.92 (3.72 - 3.99), (n=8)",3.92,3.72,3.99,8,"516.00 (511.00 - 523.00), (n=9)",516,511,523,9,
cycletrack_explorer,CycleTrack School Explorer,https://cycletrack.org/explorer,University of Texas - Medical Branch,https://cycletrack.org/explorer/school/University of Texas - Medical Branch,University of Texas (Medical Branch),University of Texas (Medical Branch),MD,TX,USA,MD-PhD,acceptances,CycleTrack crowdsourced MD-PhD acceptances median stats,5,,,41.67,12,,,X.XX,,,,,X.XX,,,,,XXX.X,,,,,cGPA suppressed by CycleTrack for small n; sGPA suppressed by CycleTrack for small n; MCAT suppressed by CycleTrack for small n
cycletrack_explorer,CycleTrack School Explorer,https://cycletrack.org/explorer,University of Texas - Rio Grande,https://cycletrack.org/explorer/school/University of Texas - Rio Grande,University of Texas (Rio Grande),University of Texas (Rio Grande),MD,TX,USA,MD,interviews,CycleTrack crowdsourced MD interviews median stats,88,44.94,158,,,,,"3.83 (3.20 - 4.00), (n=73)",3.83,3.2,4,73,"3.78 (3.20 - 4.00), (n=69)",3.78,3.2,4,69,"511.00 (502.00 - 526.00), (n=73)",511,502,526,73,
cycletrack_explorer,CycleTrack School Explorer,https://cycletrack.org/explorer,University of Texas - Rio Grande,https://cycletrack.org/explorer/school/University of Texas - Rio Grande,University of Texas (Rio Grande),University of Texas (Rio Grande),MD,TX,USA,MD,acceptances,CycleTrack crowdsourced MD acceptances median stats,10,,,9.09,88,0.00,12,"3.83 (3.67 - 4.00), (n=9)",3.83,3.67,4,9,"3.76 (3.39 - 4.00), (n=9)",3.76,3.39,4,9,"514.00 (510.00 - 523.00), (n=9)",514,510,523,9,
cycletrack_explorer,CycleTrack School Explorer,https://cycletrack.org/explorer,University of Texas - Rio Grande,https://cycletrack.org/explorer/school/University of Texas - Rio Grande,University of Texas (Rio Grande),University of Texas (Rio Grande),MD,TX,USA,MD-PhD,interviews,CycleTrack crowdsourced MD-PhD interviews median stats,0,,,,,,,X.XX,,,,,X.XX,,,,,XXX.X,,,,,cGPA suppressed by CycleTrack for small n; sGPA suppressed by CycleTrack for small n; MCAT suppressed by CycleTrack for small n
cycletrack_explorer,CycleTrack School Explorer,https://cycletrack.org/explorer,University of Texas - Rio Grande,https://cycletrack.org/explorer/school/University of Texas - Rio Grande,University of Texas (Rio Grande),University of Texas (Rio Grande),MD,TX,USA,MD-PhD,acceptances,CycleTrack crowdsourced MD-PhD acceptances median stats,0,,,,,,,X.XX,,,,,X.XX,,,,,XXX.X,,,,,cGPA suppressed by CycleTrack for small n; sGPA suppressed by CycleTrack for small n; MCAT suppressed by CycleTrack for small n
cycletrack_explorer,CycleTrack School Explorer,https://cycletrack.org/explorer,University of Texas - San Antonio,https://cycletrack.org/explorer/school/University of Texas - San Antonio,University of Texas (San Antonio),University of Texas (San Antonio),MD,TX,USA,MD,interviews,CycleTrack crowdsourced MD interviews median stats,219,46.20,303,,,,,"3.94 (3.30 - 4.00), (n=191)",3.94,3.3,4,191,"3.92 (3.22 - 4.00), (n=181)",3.92,3.22,4,181,"519.00 (503.00 - 527.00), (n=193)",519,503,527,193,
cycletrack_explorer,CycleTrack School Explorer,https://cycletrack.org/explorer,University of Texas - San Antonio,https://cycletrack.org/explorer/school/University of Texas - San Antonio,University of Texas (San Antonio),University of Texas (San Antonio),MD,TX,USA,MD,acceptances,CycleTrack crowdsourced MD acceptances median stats,67,,,28.31,219,18.75,16,"3.95 (3.52 - 4.00), (n=63)",3.95,3.52,4,63,"3.95 (3.48 - 4.00), (n=62)",3.95,3.48,4,62,"521.00 (514.00 - 526.00), (n=63)",521,514,526,63,
cycletrack_explorer,CycleTrack School Explorer,https://cycletrack.org/explorer,University of Texas - San Antonio,https://cycletrack.org/explorer/school/University of Texas - San Antonio,University of Texas (San Antonio),University of Texas (San Antonio),MD,TX,USA,MD-PhD,interviews,CycleTrack crowdsourced MD-PhD interviews median stats,87,74.51,102,,,,,"3.90 (3.25 - 4.00), (n=77)",3.9,3.25,4,77,"3.90 (3.14 - 4.00), (n=73)",3.9,3.14,4,73,"518.00 (509.00 - 528.00), (n=78)",518,509,528,78,
cycletrack_explorer,CycleTrack School Explorer,https://cycletrack.org/explorer,University of Texas - San Antonio,https://cycletrack.org/explorer/school/University of Texas - San Antonio,University of Texas (San Antonio),University of Texas (San Antonio),MD,TX,USA,MD-PhD,acceptances,CycleTrack crowdsourced MD-PhD acceptances median stats,22,,,24.14,87,10.26,39,"3.91 (3.40 - 4.00), (n=17)",3.91,3.4,4,17,"3.90 (3.40 - 4.00), (n=17)",3.9,3.4,4,17,"520.00 (516.00 - 528.00), (n=17)",520,516,528,17,
cycletrack_explorer,CycleTrack School Explorer,https://cycletrack.org/explorer,University of Texas - Southwestern,https://cycletrack.org/explorer/school/University of Texas - Southwestern,University of Texas (Southwestern),University of Texas (Southwestern),MD,TX,USA,MD,interviews,CycleTrack crowdsourced MD interviews median stats,193,36.42,475,,,,,"3.96 (3.15 - 4.00), (n=157)",3.96,3.15,4,157,"3.95 (3.40 - 4.00), (n=150)",3.95,3.4,4,150,"520.00 (503.00 - 527.00), (n=161)",520,503,527,161,
cycletrack_explorer,CycleTrack School Explorer,https://cycletrack.org/explorer,University of Texas - Southwestern,https://cycletrack.org/explorer/school/University of Texas - Southwestern,University of Texas (Southwestern),University of Texas (Southwestern),MD,TX,USA,MD,acceptances,CycleTrack crowdsourced MD acceptances median stats,80,,,36.79,193,17.24,29,"3.97 (3.15 - 4.00), (n=68)",3.97,3.15,4,68,"3.98 (3.40 - 4.00), (n=64)",3.98,3.4,4,64,"520.00 (508.00 - 527.00), (n=70)",520,508,527,70,
cycletrack_explorer,CycleTrack School Explorer,https://cycletrack.org/explorer,University of Texas - Southwestern,https://cycletrack.org/explorer/school/University of Texas - Southwestern,University of Texas (Southwestern),University of Texas (Southwestern),MD,TX,USA,MD-PhD,interviews,CycleTrack crowdsourced MD-PhD interviews median stats,79,45.75,153,,,,,"3.94 (3.62 - 4.00), (n=71)",3.94,3.62,4,71,"3.94 (3.54 - 4.00), (n=63)",3.94,3.54,4,63,"519.00 (509.00 - 528.00), (n=71)",519,509,528,71,
cycletrack_explorer,CycleTrack School Explorer,https://cycletrack.org/explorer,University of Texas - Southwestern,https://cycletrack.org/explorer/school/University of Texas - Southwestern,University of Texas (Southwestern),University of Texas (Southwestern),MD,TX,USA,MD-PhD,acceptances,CycleTrack crowdsourced MD-PhD acceptances median stats,33,,,36.71,79,8.57,35,"3.96 (3.65 - 4.00), (n=30)",3.96,3.65,4,30,"3.96 (3.54 - 4.00), (n=28)",3.96,3.54,4,28,"520.00 (512.00 - 528.00), (n=30)",520,512,528,30,
cycletrack_explorer,CycleTrack School Explorer,https://cycletrack.org/explorer,University of Texas - Tyler,https://cycletrack.org/explorer/school/University of Texas - Tyler,University of Texas (Tyler),University of Texas (Tyler),MD,TX,USA,MD,interviews,CycleTrack crowdsourced MD interviews median stats,37,13.88,209,,,,,"3.83 (3.24 - 4.00), (n=29)",3.83,3.24,4,29,"3.74 (3.01 - 4.00), (n=29)",3.74,3.01,4,29,"512.50 (496.00 - 523.00), (n=28)",512.5,496,523,28,
cycletrack_explorer,CycleTrack School Explorer,https://cycletrack.org/explorer,University of Texas - Tyler,https://cycletrack.org/explorer/school/University of Texas - Tyler,University of Texas (Tyler),University of Texas (Tyler),MD,TX,USA,MD,acceptances,CycleTrack crowdsourced MD acceptances median stats,3,,,5.41,37,,,X.XX,,,,,X.XX,,,,,XXX.X,,,,,cGPA suppressed by CycleTrack for small n; sGPA suppressed by CycleTrack for small n; MCAT suppressed by CycleTrack for small n
cycletrack_explorer,CycleTrack School Explorer,https://cycletrack.org/explorer,University of Texas - Tyler,https://cycletrack.org/explorer/school/University of Texas - Tyler,University of Texas (Tyler),University of Texas (Tyler),MD,TX,USA,MD-PhD,interviews,CycleTrack crowdsourced MD-PhD interviews median stats,0,,,,,,,X.XX,,,,,X.XX,,,,,XXX.X,,,,,cGPA suppressed by CycleTrack for small n; sGPA suppressed by CycleTrack for small n; MCAT suppressed by CycleTrack for small n
cycletrack_explorer,CycleTrack School Explorer,https://cycletrack.org/explorer,University of Texas - Tyler,https://cycletrack.org/explorer/school/University of Texas - Tyler,University of Texas (Tyler),University of Texas (Tyler),MD,TX,USA,MD-PhD,acceptances,CycleTrack crowdsourced MD-PhD acceptances median stats,0,,,,,,,X.XX,,,,,X.XX,,,,,XXX.X,,,,,cGPA suppressed by CycleTrack for small n; sGPA suppressed by CycleTrack for small n; MCAT suppressed by CycleTrack for small n
cycletrack_explorer,CycleTrack School Explorer,https://cycletrack.org/explorer,Utah,https://cycletrack.org/explorer/school/Utah,University of Utah,University of Utah,MD,UT,USA,MD,interviews,CycleTrack crowdsourced MD interviews median stats,109,25.23,325,,,,,"3.87 (3.20 - 4.00), (n=87)",3.87,3.2,4,87,"3.84 (3.05 - 4.00), (n=81)",3.84,3.05,4,81,"513.00 (500.00 - 526.00), (n=88)",513,500,526,88,
cycletrack_explorer,CycleTrack School Explorer,https://cycletrack.org/explorer,Utah,https://cycletrack.org/explorer/school/Utah,University of Utah,University of Utah,MD,UT,USA,MD,acceptances,CycleTrack crowdsourced MD acceptances median stats,46,,,39.45,109,29.63,27,"3.89 (3.22 - 4.00), (n=39)",3.89,3.22,4,39,"3.85 (3.05 - 4.00), (n=36)",3.85,3.05,4,36,"512.50 (500.00 - 525.00), (n=40)",512.5,500,525,40,
cycletrack_explorer,CycleTrack School Explorer,https://cycletrack.org/explorer,Utah,https://cycletrack.org/explorer/school/Utah,University of Utah,University of Utah,MD,UT,USA,MD-PhD,interviews,CycleTrack crowdsourced MD-PhD interviews median stats,45,40.66,91,,,,,"3.95 (3.42 - 4.00), (n=38)",3.95,3.42,4,38,"3.95 (3.45 - 4.00), (n=34)",3.95,3.45,4,34,"517.00 (505.00 - 525.00), (n=39)",517,505,525,39,
cycletrack_explorer,CycleTrack School Explorer,https://cycletrack.org/explorer,Utah,https://cycletrack.org/explorer/school/Utah,University of Utah,University of Utah,MD,UT,USA,MD-PhD,acceptances,CycleTrack crowdsourced MD-PhD acceptances median stats,14,,,31.11,45,35.00,20,"3.90 (3.42 - 4.00), (n=13)",3.9,3.42,4,13,"3.90 (3.45 - 4.00), (n=11)",3.9,3.45,4,11,"515.00 (505.00 - 525.00), (n=13)",515,505,525,13,
cycletrack_explorer,CycleTrack School Explorer,https://cycletrack.org/explorer,Vanderbilt,https://cycletrack.org/explorer/school/Vanderbilt,Vanderbilt University,Vanderbilt University,MD,TN,USA,MD,interviews,CycleTrack crowdsourced MD interviews median stats,291,19.46,1285,,,,,"3.97 (3.50 - 4.00), (n=240)",3.97,3.5,4,240,"3.96 (3.23 - 4.00), (n=233)",3.96,3.23,4,233,"522.00 (508.00 - 528.00), (n=245)",522,508,528,245,
cycletrack_explorer,CycleTrack School Explorer,https://cycletrack.org/explorer,Vanderbilt,https://cycletrack.org/explorer/school/Vanderbilt,Vanderbilt University,Vanderbilt University,MD,TN,USA,MD,acceptances,CycleTrack crowdsourced MD acceptances median stats,108,,,35.74,291,1.30,77,"3.97 (3.50 - 4.00), (n=91)",3.97,3.5,4,91,"3.98 (3.53 - 4.00), (n=89)",3.98,3.53,4,89,"523.00 (511.00 - 528.00), (n=94)",523,511,528,94,
cycletrack_explorer,CycleTrack School Explorer,https://cycletrack.org/explorer,Vanderbilt,https://cycletrack.org/explorer/school/Vanderbilt,Vanderbilt University,Vanderbilt University,MD,TN,USA,MD-PhD,interviews,CycleTrack crowdsourced MD-PhD interviews median stats,95,29.30,273,,,,,"3.96 (3.75 - 4.00), (n=83)",3.96,3.75,4,83,"3.95 (3.57 - 4.00), (n=80)",3.95,3.57,4,80,"522.00 (507.00 - 527.00), (n=84)",522,507,527,84,
cycletrack_explorer,CycleTrack School Explorer,https://cycletrack.org/explorer,Vanderbilt,https://cycletrack.org/explorer/school/Vanderbilt,Vanderbilt University,Vanderbilt University,MD,TN,USA,MD-PhD,acceptances,CycleTrack crowdsourced MD-PhD acceptances median stats,40,,,40.00,95,13.33,30,"3.97 (3.75 - 4.00), (n=38)",3.97,3.75,4,38,"3.97 (3.57 - 4.00), (n=37)",3.97,3.57,4,37,"522.00 (513.00 - 527.00), (n=38)",522,513,527,38,
cycletrack_explorer,CycleTrack School Explorer,https://cycletrack.org/explorer,Vermont,https://cycletrack.org/explorer/school/Vermont,University of Vermont,University of Vermont,MD,VT,USA,MD,interviews,CycleTrack crowdsourced MD interviews median stats,214,11.47,1631,,,,,"3.81 (2.69 - 4.00), (n=176)",3.81,2.69,4,176,"3.80 (2.76 - 4.00), (n=173)",3.8,2.76,4,173,"514.00 (502.00 - 527.00), (n=181)",514,502,527,181,
cycletrack_explorer,CycleTrack School Explorer,https://cycletrack.org/explorer,Vermont,https://cycletrack.org/explorer/school/Vermont,University of Vermont,University of Vermont,MD,VT,USA,MD,acceptances,CycleTrack crowdsourced MD acceptances median stats,90,,,41.12,214,17.95,39,"3.83 (3.02 - 4.00), (n=75)",3.83,3.02,4,75,"3.80 (2.76 - 4.00), (n=74)",3.8,2.76,4,74,"515.00 (505.00 - 526.00), (n=76)",515,505,526,76,
cycletrack_explorer,CycleTrack School Explorer,https://cycletrack.org/explorer,Vermont,https://cycletrack.org/explorer/school/Vermont,University of Vermont,University of Vermont,MD,VT,USA,MD-PhD,interviews,CycleTrack crowdsourced MD-PhD interviews median stats,1,,,,,,,X.XX,,,,,X.XX,,,,,XXX.X,,,,,cGPA suppressed by CycleTrack for small n; sGPA suppressed by CycleTrack for small n; MCAT suppressed by CycleTrack for small n
cycletrack_explorer,CycleTrack School Explorer,https://cycletrack.org/explorer,Vermont,https://cycletrack.org/explorer/school/Vermont,University of Vermont,University of Vermont,MD,VT,USA,MD-PhD,acceptances,CycleTrack crowdsourced MD-PhD acceptances median stats,0,,,,,,,X.XX,,,,,X.XX,,,,,XXX.X,,,,,cGPA suppressed by CycleTrack for small n; sGPA suppressed by CycleTrack for small n; MCAT suppressed by CycleTrack for small n
cycletrack_explorer,CycleTrack School Explorer,https://cycletrack.org/explorer,Virginia,https://cycletrack.org/explorer/school/Virginia,University of Virginia,University of Virginia,MD,VA,USA,MD,interviews,CycleTrack crowdsourced MD interviews median stats,255,15.28,1394,,,,,"3.96 (3.20 - 4.00), (n=231)",3.96,3.2,4,231,"3.96 (2.96 - 4.00), (n=220)",3.96,2.96,4,220,"521.00 (508.00 - 528.00), (n=234)",521,508,528,234,
cycletrack_explorer,CycleTrack School Explorer,https://cycletrack.org/explorer,Virginia,https://cycletrack.org/explorer/school/Virginia,University of Virginia,University of Virginia,MD,VA,USA,MD,acceptances,CycleTrack crowdsourced MD acceptances median stats,179,,,68.24,255,0.00,35,"3.95 (3.20 - 4.00), (n=161)",3.95,3.2,4,161,"3.95 (2.96 - 4.00), (n=150)",3.95,2.96,4,150,"521.00 (508.00 - 528.00), (n=162)",521,508,528,162,
cycletrack_explorer,CycleTrack School Explorer,https://cycletrack.org/explorer,Virginia,https://cycletrack.org/explorer/school/Virginia,University of Virginia,University of Virginia,MD,VA,USA,MD-PhD,interviews,CycleTrack crowdsourced MD-PhD interviews median stats,64,32.42,182,,,,,"3.97 (3.48 - 4.00), (n=56)",3.97,3.48,4,56,"3.95 (3.10 - 4.00), (n=55)",3.95,3.1,4,55,"520.00 (512.00 - 528.00), (n=56)",520,512,528,56,
cycletrack_explorer,CycleTrack School Explorer,https://cycletrack.org/explorer,Virginia,https://cycletrack.org/explorer/school/Virginia,University of Virginia,University of Virginia,MD,VA,USA,MD-PhD,acceptances,CycleTrack crowdsourced MD-PhD acceptances median stats,29,,,43.75,64,28.57,14,"3.98 (3.65 - 4.00), (n=28)",3.98,3.65,4,28,"3.98 (3.71 - 4.00), (n=27)",3.98,3.71,4,27,"522.50 (512.00 - 528.00), (n=28)",522.5,512,528,28,
cycletrack_explorer,CycleTrack School Explorer,https://cycletrack.org/explorer,Virginia Commonwealth,https://cycletrack.org/explorer/school/Virginia Commonwealth,Virginia Commonwealth University,Virginia Commonwealth University,MD,VA,USA,MD,interviews,CycleTrack crowdsourced MD interviews median stats,256,17.16,1241,,,,,"3.87 (2.82 - 4.00), (n=220)",3.87,2.82,4,220,"3.83 (2.66 - 4.00), (n=213)",3.83,2.66,4,213,"515.00 (503.00 - 528.00), (n=225)",515,503,528,225,
cycletrack_explorer,CycleTrack School Explorer,https://cycletrack.org/explorer,Virginia Commonwealth,https://cycletrack.org/explorer/school/Virginia Commonwealth,Virginia Commonwealth University,Virginia Commonwealth University,MD,VA,USA,MD,acceptances,CycleTrack crowdsourced MD acceptances median stats,77,,,28.52,256,17.91,67,"3.85 (3.39 - 4.00), (n=67)",3.85,3.39,4,67,"3.80 (3.37 - 4.00), (n=64)",3.8,3.37,4,64,"515.00 (510.00 - 525.00), (n=69)",515,510,525,69,
cycletrack_explorer,CycleTrack School Explorer,https://cycletrack.org/explorer,Virginia Commonwealth,https://cycletrack.org/explorer/school/Virginia Commonwealth,Virginia Commonwealth University,Virginia Commonwealth University,MD,VA,USA,MD-PhD,interviews,CycleTrack crowdsourced MD-PhD interviews median stats,41,34.02,97,,,,,"3.84 (3.40 - 4.00), (n=36)",3.84,3.4,4,36,"3.83 (3.11 - 4.00), (n=33)",3.83,3.11,4,33,"516.00 (500.00 - 525.00), (n=37)",516,500,525,37,
cycletrack_explorer,CycleTrack School Explorer,https://cycletrack.org/explorer,Virginia Commonwealth,https://cycletrack.org/explorer/school/Virginia Commonwealth,Virginia Commonwealth University,Virginia Commonwealth University,MD,VA,USA,MD-PhD,acceptances,CycleTrack crowdsourced MD-PhD acceptances median stats,21,,,48.78,41,27.27,11,"3.81 (3.40 - 3.99), (n=19)",3.81,3.4,3.99,19,"3.77 (3.11 - 4.00), (n=18)",3.77,3.11,4,18,"516.00 (507.00 - 525.00), (n=20)",516,507,525,20,
cycletrack_explorer,CycleTrack School Explorer,https://cycletrack.org/explorer,Virginia Tech,https://cycletrack.org/explorer/school/Virginia Tech,Virginia Tech,Virginia Tech,MD,VA,USA,MD,interviews,CycleTrack crowdsourced MD interviews median stats,121,13.38,740,,,,,"3.75 (3.10 - 4.00), (n=106)",3.75,3.1,4,106,"3.70 (2.93 - 4.00), (n=102)",3.7,2.93,4,102,"514.00 (505.00 - 525.00), (n=106)",514,505,525,106,
cycletrack_explorer,CycleTrack School Explorer,https://cycletrack.org/explorer,Virginia Tech,https://cycletrack.org/explorer/school/Virginia Tech,Virginia Tech,Virginia Tech,MD,VA,USA,MD,acceptances,CycleTrack crowdsourced MD acceptances median stats,62,,,48.76,121,17.86,28,"3.80 (3.10 - 4.00), (n=54)",3.8,3.1,4,54,"3.75 (2.93 - 4.00), (n=52)",3.75,2.93,4,52,"516.00 (505.00 - 525.00), (n=54)",516,505,525,54,
cycletrack_explorer,CycleTrack School Explorer,https://cycletrack.org/explorer,Virginia Tech,https://cycletrack.org/explorer/school/Virginia Tech,Virginia Tech,Virginia Tech,MD,VA,USA,MD-PhD,interviews,CycleTrack crowdsourced MD-PhD interviews median stats,0,,,,,,,X.XX,,,,,X.XX,,,,,XXX.X,,,,,cGPA suppressed by CycleTrack for small n; sGPA suppressed by CycleTrack for small n; MCAT suppressed by CycleTrack for small n
cycletrack_explorer,CycleTrack School Explorer,https://cycletrack.org/explorer,Virginia Tech,https://cycletrack.org/explorer/school/Virginia Tech,Virginia Tech,Virginia Tech,MD,VA,USA,MD-PhD,acceptances,CycleTrack crowdsourced MD-PhD acceptances median stats,0,,,,,,,X.XX,,,,,X.XX,,,,,XXX.X,,,,,cGPA suppressed by CycleTrack for small n; sGPA suppressed by CycleTrack for small n; MCAT suppressed by CycleTrack for small n
cycletrack_explorer,CycleTrack School Explorer,https://cycletrack.org/explorer,Wake Forest,https://cycletrack.org/explorer/school/Wake Forest,Wake Forest University,Wake Forest University,MD,NC,USA,MD,interviews,CycleTrack crowdsourced MD interviews median stats,180,7.19,2072,,,,,"3.86 (3.29 - 4.00), (n=159)",3.86,3.29,4,159,"3.83 (3.29 - 4.00), (n=148)",3.83,3.29,4,148,"513.00 (502.00 - 526.00), (n=163)",513,502,526,163,
cycletrack_explorer,CycleTrack School Explorer,https://cycletrack.org/explorer,Wake Forest,https://cycletrack.org/explorer/school/Wake Forest,Wake Forest University,Wake Forest University,MD,NC,USA,MD,acceptances,CycleTrack crowdsourced MD acceptances median stats,83,,,41.11,180,9.47,95,"3.90 (3.29 - 4.00), (n=70)",3.9,3.29,4,70,"3.85 (3.32 - 4.00), (n=66)",3.85,3.32,4,66,"514.00 (505.00 - 523.00), (n=73)",514,505,523,73,
cycletrack_explorer,CycleTrack School Explorer,https://cycletrack.org/explorer,Wake Forest,https://cycletrack.org/explorer/school/Wake Forest,Wake Forest University,Wake Forest University,MD,NC,USA,MD-PhD,interviews,CycleTrack crowdsourced MD-PhD interviews median stats,1,6.25,16,,,,,X.XX,,,,,X.XX,,,,,XXX.X,,,,,cGPA suppressed by CycleTrack for small n; sGPA suppressed by CycleTrack for small n; MCAT suppressed by CycleTrack for small n
cycletrack_explorer,CycleTrack School Explorer,https://cycletrack.org/explorer,Wake Forest,https://cycletrack.org/explorer/school/Wake Forest,Wake Forest University,Wake Forest University,MD,NC,USA,MD-PhD,acceptances,CycleTrack crowdsourced MD-PhD acceptances median stats,0,,,,,,,X.XX,,,,,X.XX,,,,,XXX.X,,,,,cGPA suppressed by CycleTrack for small n; sGPA suppressed by CycleTrack for small n; MCAT suppressed by CycleTrack for small n
cycletrack_explorer,CycleTrack School Explorer,https://cycletrack.org/explorer,Washington,https://cycletrack.org/explorer/school/Washington,University of Washington,University of Washington,MD,WA,USA,MD,interviews,CycleTrack crowdsourced MD interviews median stats,160,54.92,244,,,,,"3.85 (3.01 - 4.00), (n=133)",3.85,3.01,4,133,"3.81 (2.85 - 4.00), (n=122)",3.81,2.85,4,122,"515.00 (498.00 - 528.00), (n=136)",515,498,528,136,
cycletrack_explorer,CycleTrack School Explorer,https://cycletrack.org/explorer,Washington,https://cycletrack.org/explorer/school/Washington,University of Washington,University of Washington,MD,WA,USA,MD,acceptances,CycleTrack crowdsourced MD acceptances median stats,66,,,39.38,160,30.43,23,"3.85 (3.01 - 4.00), (n=54)",3.85,3.01,4,54,"3.77 (2.85 - 4.00), (n=50)",3.77,2.85,4,50,"516.00 (500.00 - 525.00), (n=55)",516,500,525,55,
cycletrack_explorer,CycleTrack School Explorer,https://cycletrack.org/explorer,Washington,https://cycletrack.org/explorer/school/Washington,University of Washington,University of Washington,MD,WA,USA,MD-PhD,interviews,CycleTrack crowdsourced MD-PhD interviews median stats,60,29.44,180,,,,,"3.95 (3.58 - 4.00), (n=50)",3.95,3.58,4,50,"3.95 (3.59 - 4.00), (n=46)",3.95,3.59,4,46,"522.00 (514.00 - 528.00), (n=50)",522,514,528,50,
cycletrack_explorer,CycleTrack School Explorer,https://cycletrack.org/explorer,Washington,https://cycletrack.org/explorer/school/Washington,University of Washington,University of Washington,MD,WA,USA,MD-PhD,acceptances,CycleTrack crowdsourced MD-PhD acceptances median stats,24,,,36.67,60,0.00,8,"3.95 (3.58 - 4.00), (n=24)",3.95,3.58,4,24,"3.95 (3.59 - 4.00), (n=20)",3.95,3.59,4,20,"521.00 (514.00 - 528.00), (n=23)",521,514,528,23,
cycletrack_explorer,CycleTrack School Explorer,https://cycletrack.org/explorer,Washington State,https://cycletrack.org/explorer/school/Washington State,Washington State University,Washington State University,MD,WA,USA,MD,interviews,CycleTrack crowdsourced MD interviews median stats,74,54.84,124,,,,,"3.79 (3.02 - 4.00), (n=61)",3.79,3.02,4,61,"3.75 (2.76 - 4.00), (n=55)",3.75,2.76,4,55,"516.00 (503.00 - 526.00), (n=60)",516,503,526,60,
cycletrack_explorer,CycleTrack School Explorer,https://cycletrack.org/explorer,Washington State,https://cycletrack.org/explorer/school/Washington State,Washington State University,Washington State University,MD,WA,USA,MD,acceptances,CycleTrack crowdsourced MD acceptances median stats,20,,,25.68,74,16.00,25,"3.84 (3.40 - 4.00), (n=15)",3.84,3.4,4,15,"3.82 (3.41 - 4.00), (n=15)",3.82,3.41,4,15,"514.00 (504.00 - 523.00), (n=14)",514,504,523,14,
cycletrack_explorer,CycleTrack School Explorer,https://cycletrack.org/explorer,Washington State,https://cycletrack.org/explorer/school/Washington State,Washington State University,Washington State University,MD,WA,USA,MD-PhD,interviews,CycleTrack crowdsourced MD-PhD interviews median stats,1,,,,,,,X.XX,,,,,X.XX,,,,,XXX.X,,,,,cGPA suppressed by CycleTrack for small n; sGPA suppressed by CycleTrack for small n; MCAT suppressed by CycleTrack for small n
cycletrack_explorer,CycleTrack School Explorer,https://cycletrack.org/explorer,Washington State,https://cycletrack.org/explorer/school/Washington State,Washington State University,Washington State University,MD,WA,USA,MD-PhD,acceptances,CycleTrack crowdsourced MD-PhD acceptances median stats,0,,,,,,,X.XX,,,,,X.XX,,,,,XXX.X,,,,,cGPA suppressed by CycleTrack for small n; sGPA suppressed by CycleTrack for small n; MCAT suppressed by CycleTrack for small n
cycletrack_explorer,CycleTrack School Explorer,https://cycletrack.org/explorer,Washington University Saint Louis,https://cycletrack.org/explorer/school/Washington University Saint Louis,Washington University Saint Louis,Washington University Saint Louis,MD,MO,USA,MD,interviews,CycleTrack crowdsourced MD interviews median stats,445,27.14,1367,,,,,"3.95 (2.98 - 4.00), (n=386)",3.95,2.98,4,386,"3.95 (2.96 - 4.00), (n=371)",3.95,2.96,4,371,"522.00 (506.00 - 528.00), (n=387)",522,506,528,387,
cycletrack_explorer,CycleTrack School Explorer,https://cycletrack.org/explorer,Washington University Saint Louis,https://cycletrack.org/explorer/school/Washington University Saint Louis,Washington University Saint Louis,Washington University Saint Louis,MD,MO,USA,MD,acceptances,CycleTrack crowdsourced MD acceptances median stats,106,,,22.70,445,2.56,156,"3.95 (3.18 - 4.00), (n=91)",3.95,3.18,4,91,"3.97 (2.99 - 4.00), (n=88)",3.97,2.99,4,88,"523.00 (515.00 - 528.00), (n=92)",523,515,528,92,
cycletrack_explorer,CycleTrack School Explorer,https://cycletrack.org/explorer,Washington University Saint Louis,https://cycletrack.org/explorer/school/Washington University Saint Louis,Washington University Saint Louis,Washington University Saint Louis,MD,MO,USA,MD-PhD,interviews,CycleTrack crowdsourced MD-PhD interviews median stats,98,26.27,316,,,,,"3.94 (3.65 - 4.00), (n=86)",3.94,3.65,4,86,"3.95 (3.45 - 4.00), (n=84)",3.95,3.45,4,84,"520.00 (507.00 - 528.00), (n=85)",520,507,528,85,
cycletrack_explorer,CycleTrack School Explorer,https://cycletrack.org/explorer,Washington University Saint Louis,https://cycletrack.org/explorer/school/Washington University Saint Louis,Washington University Saint Louis,Washington University Saint Louis,MD,MO,USA,MD-PhD,acceptances,CycleTrack crowdsourced MD-PhD acceptances median stats,68,,,63.27,98,33.33,6,"3.94 (3.71 - 4.00), (n=62)",3.94,3.71,4,62,"3.94 (3.67 - 4.00), (n=59)",3.94,3.67,4,59,"521.00 (507.00 - 528.00), (n=61)",521,507,528,61,
cycletrack_explorer,CycleTrack School Explorer,https://cycletrack.org/explorer,Wayne State,https://cycletrack.org/explorer/school/Wayne State,Wayne State University,Wayne State University,MD,MI,USA,MD,interviews,CycleTrack crowdsourced MD interviews median stats,313,21.85,1176,,,,,"3.87 (2.90 - 4.00), (n=266)",3.87,2.9,4,266,"3.82 (2.90 - 4.00), (n=251)",3.82,2.9,4,251,"514.50 (501.00 - 528.00), (n=272)",514.5,501,528,272,
cycletrack_explorer,CycleTrack School Explorer,https://cycletrack.org/explorer,Wayne State,https://cycletrack.org/explorer/school/Wayne State,Wayne State University,Wayne State University,MD,MI,USA,MD,acceptances,CycleTrack crowdsourced MD acceptances median stats,119,,,34.82,313,15.13,152,"3.87 (2.90 - 4.00), (n=106)",3.87,2.9,4,106,"3.79 (2.90 - 4.00), (n=103)",3.79,2.9,4,103,"514.00 (501.00 - 527.00), (n=107)",514,501,527,107,
cycletrack_explorer,CycleTrack School Explorer,https://cycletrack.org/explorer,Wayne State,https://cycletrack.org/explorer/school/Wayne State,Wayne State University,Wayne State University,MD,MI,USA,MD-PhD,interviews,CycleTrack crowdsourced MD-PhD interviews median stats,41,66.07,56,,,,,"3.88 (3.10 - 4.00), (n=32)",3.88,3.1,4,32,"3.86 (3.02 - 4.00), (n=31)",3.86,3.02,4,31,"517.00 (505.00 - 527.00), (n=34)",517,505,527,34,
cycletrack_explorer,CycleTrack School Explorer,https://cycletrack.org/explorer,Wayne State,https://cycletrack.org/explorer/school/Wayne State,Wayne State University,Wayne State University,MD,MI,USA,MD-PhD,acceptances,CycleTrack crowdsourced MD-PhD acceptances median stats,5,,,12.20,41,10.00,10,X.XX,,,,,X.XX,,,,,XXX.X,,,,,cGPA suppressed by CycleTrack for small n; sGPA suppressed by CycleTrack for small n; MCAT suppressed by CycleTrack for small n
cycletrack_explorer,CycleTrack School Explorer,https://cycletrack.org/explorer,West Virginia,https://cycletrack.org/explorer/school/West Virginia,West Virginia University,West Virginia University,MD,WV,USA,MD,interviews,CycleTrack crowdsourced MD interviews median stats,190,26.60,564,,,,,"3.89 (3.18 - 4.00), (n=158)",3.89,3.18,4,158,"3.85 (3.10 - 4.00), (n=150)",3.85,3.1,4,150,"515.00 (504.00 - 526.00), (n=164)",515,504,526,164,
cycletrack_explorer,CycleTrack School Explorer,https://cycletrack.org/explorer,West Virginia,https://cycletrack.org/explorer/school/West Virginia,West Virginia University,West Virginia University,MD,WV,USA,MD,acceptances,CycleTrack crowdsourced MD acceptances median stats,24,,,12.63,190,8.73,126,"3.80 (3.38 - 4.00), (n=23)",3.8,3.38,4,23,"3.74 (3.21 - 4.00), (n=23)",3.74,3.21,4,23,"514.00 (506.00 - 520.00), (n=23)",514,506,520,23,
cycletrack_explorer,CycleTrack School Explorer,https://cycletrack.org/explorer,West Virginia,https://cycletrack.org/explorer/school/West Virginia,West Virginia University,West Virginia University,MD,WV,USA,MD-PhD,interviews,CycleTrack crowdsourced MD-PhD interviews median stats,16,50.00,24,,,,,"3.86 (3.55 - 4.00), (n=13)",3.86,3.55,4,13,"3.87 (3.45 - 4.00), (n=10)",3.87,3.45,4,10,"517.00 (511.00 - 523.00), (n=13)",517,511,523,13,
cycletrack_explorer,CycleTrack School Explorer,https://cycletrack.org/explorer,West Virginia,https://cycletrack.org/explorer/school/West Virginia,West Virginia University,West Virginia University,MD,WV,USA,MD-PhD,acceptances,CycleTrack crowdsourced MD-PhD acceptances median stats,6,,,37.50,16,28.57,7,X.XX,,,,,X.XX,,,,,XXX.X,,,,,cGPA suppressed by CycleTrack for small n; sGPA suppressed by CycleTrack for small n; MCAT suppressed by CycleTrack for small n
cycletrack_explorer,CycleTrack School Explorer,https://cycletrack.org/explorer,West Virginia SOM,https://cycletrack.org/explorer/school/West Virginia SOM,West Virginia School of Osteopathic Medicine,West Virginia School of Osteopathic Medicine,DO,WV,USA,DO,interviews,CycleTrack crowdsourced DO interviews median stats,88,33.64,217,,,,,"3.75 (3.26 - 4.00), (n=75)",3.75,3.26,4,75,"3.62 (3.14 - 4.00), (n=71)",3.62,3.14,4,71,"507.00 (494.00 - 520.00), (n=79)",507,494,520,79,
cycletrack_explorer,CycleTrack School Explorer,https://cycletrack.org/explorer,West Virginia SOM,https://cycletrack.org/explorer/school/West Virginia SOM,West Virginia School of Osteopathic Medicine,West Virginia School of Osteopathic Medicine,DO,WV,USA,DO,acceptances,CycleTrack crowdsourced DO acceptances median stats,50,,,53.41,88,55.56,9,"3.73 (3.26 - 4.00), (n=43)",3.73,3.26,4,43,"3.62 (3.14 - 4.00), (n=41)",3.62,3.14,4,41,"507.00 (494.00 - 520.00), (n=46)",507,494,520,46,
cycletrack_explorer,CycleTrack School Explorer,https://cycletrack.org/explorer,West Virginia SOM,https://cycletrack.org/explorer/school/West Virginia SOM,West Virginia School of Osteopathic Medicine,West Virginia School of Osteopathic Medicine,DO,WV,USA,DO-PhD,interviews,CycleTrack crowdsourced DO-PhD interviews median stats,0,,,,,,,X.XX,,,,,X.XX,,,,,XXX.X,,,,,cGPA suppressed by CycleTrack for small n; sGPA suppressed by CycleTrack for small n; MCAT suppressed by CycleTrack for small n
cycletrack_explorer,CycleTrack School Explorer,https://cycletrack.org/explorer,West Virginia SOM,https://cycletrack.org/explorer/school/West Virginia SOM,West Virginia School of Osteopathic Medicine,West Virginia School of Osteopathic Medicine,DO,WV,USA,DO-PhD,acceptances,CycleTrack crowdsourced DO-PhD acceptances median stats,0,,,,,,,X.XX,,,,,X.XX,,,,,XXX.X,,,,,cGPA suppressed by CycleTrack for small n; sGPA suppressed by CycleTrack for small n; MCAT suppressed by CycleTrack for small n
cycletrack_explorer,CycleTrack School Explorer,https://cycletrack.org/explorer,Western Michigan,https://cycletrack.org/explorer/school/Western Michigan,Western Michigan University,Western Michigan University,MD,MI,USA,MD,interviews,CycleTrack crowdsourced MD interviews median stats,182,20.36,776,,,,,"3.81 (3.25 - 4.00), (n=149)",3.81,3.25,4,149,"3.74 (3.08 - 4.00), (n=141)",3.74,3.08,4,141,"514.00 (503.00 - 527.00), (n=153)",514,503,527,153,
cycletrack_explorer,CycleTrack School Explorer,https://cycletrack.org/explorer,Western Michigan,https://cycletrack.org/explorer/school/Western Michigan,Western Michigan University,Western Michigan University,MD,MI,USA,MD,acceptances,CycleTrack crowdsourced MD acceptances median stats,62,,,33.52,182,15.49,71,"3.84 (3.30 - 4.00), (n=51)",3.84,3.3,4,51,"3.80 (3.10 - 4.00), (n=48)",3.8,3.1,4,48,"514.00 (503.00 - 523.00), (n=52)",514,503,523,52,
cycletrack_explorer,CycleTrack School Explorer,https://cycletrack.org/explorer,Western Michigan,https://cycletrack.org/explorer/school/Western Michigan,Western Michigan University,Western Michigan University,MD,MI,USA,MD-PhD,interviews,CycleTrack crowdsourced MD-PhD interviews median stats,0,0.00,5,,,,,X.XX,,,,,X.XX,,,,,XXX.X,,,,,cGPA suppressed by CycleTrack for small n; sGPA suppressed by CycleTrack for small n; MCAT suppressed by CycleTrack for small n
cycletrack_explorer,CycleTrack School Explorer,https://cycletrack.org/explorer,Western Michigan,https://cycletrack.org/explorer/school/Western Michigan,Western Michigan University,Western Michigan University,MD,MI,USA,MD-PhD,acceptances,CycleTrack crowdsourced MD-PhD acceptances median stats,0,,,,,,,X.XX,,,,,X.XX,,,,,XXX.X,,,,,cGPA suppressed by CycleTrack for small n; sGPA suppressed by CycleTrack for small n; MCAT suppressed by CycleTrack for small n
cycletrack_explorer,CycleTrack School Explorer,https://cycletrack.org/explorer,Western University (CAN),https://cycletrack.org/explorer/school/Western University (CAN),University of Western Ontario,University of Western Ontario,MD,ON,CAN,MD,interviews,CycleTrack crowdsourced MD interviews median stats,3,5.56,18,,,,,X.XX,,,,,X.XX,,,,,XXX.X,,,,,cGPA suppressed by CycleTrack for small n; sGPA suppressed by CycleTrack for small n; MCAT suppressed by CycleTrack for small n
cycletrack_explorer,CycleTrack School Explorer,https://cycletrack.org/explorer,Western University (CAN),https://cycletrack.org/explorer/school/Western University (CAN),University of Western Ontario,University of Western Ontario,MD,ON,CAN,MD,acceptances,CycleTrack crowdsourced MD acceptances median stats,0,,,,,,,X.XX,,,,,X.XX,,,,,XXX.X,,,,,cGPA suppressed by CycleTrack for small n; sGPA suppressed by CycleTrack for small n; MCAT suppressed by CycleTrack for small n
cycletrack_explorer,CycleTrack School Explorer,https://cycletrack.org/explorer,Western University (CAN),https://cycletrack.org/explorer/school/Western University (CAN),University of Western Ontario,University of Western Ontario,MD,ON,CAN,MD-PhD,interviews,CycleTrack crowdsourced MD-PhD interviews median stats,1,,,,,,,X.XX,,,,,X.XX,,,,,XXX.X,,,,,cGPA suppressed by CycleTrack for small n; sGPA suppressed by CycleTrack for small n; MCAT suppressed by CycleTrack for small n
cycletrack_explorer,CycleTrack School Explorer,https://cycletrack.org/explorer,Western University (CAN),https://cycletrack.org/explorer/school/Western University (CAN),University of Western Ontario,University of Western Ontario,MD,ON,CAN,MD-PhD,acceptances,CycleTrack crowdsourced MD-PhD acceptances median stats,0,,,,,,,X.XX,,,,,X.XX,,,,,XXX.X,,,,,cGPA suppressed by CycleTrack for small n; sGPA suppressed by CycleTrack for small n; MCAT suppressed by CycleTrack for small n
cycletrack_explorer,CycleTrack School Explorer,https://cycletrack.org/explorer,Western University - California,https://cycletrack.org/explorer/school/Western University - California,Western University of Health Sciences,Western University of Health Sciences,DO,CA,USA,DO,interviews,CycleTrack crowdsourced DO interviews median stats,115,35.79,271,,,,,"3.79 (3.24 - 4.00), (n=97)",3.79,3.24,4,97,"3.74 (2.93 - 4.00), (n=90)",3.74,2.93,4,90,"511.00 (503.00 - 525.00), (n=99)",511,503,525,99,
cycletrack_explorer,CycleTrack School Explorer,https://cycletrack.org/explorer,Western University - California,https://cycletrack.org/explorer/school/Western University - California,Western University of Health Sciences,Western University of Health Sciences,DO,CA,USA,DO,acceptances,CycleTrack crowdsourced DO acceptances median stats,56,,,40.87,115,22.86,35,"3.79 (3.34 - 3.98), (n=42)",3.79,3.34,3.98,42,"3.75 (3.34 - 4.00), (n=41)",3.75,3.34,4,41,"512.00 (505.00 - 525.00), (n=43)",512,505,525,43,
cycletrack_explorer,CycleTrack School Explorer,https://cycletrack.org/explorer,Western University - California,https://cycletrack.org/explorer/school/Western University - California,Western University of Health Sciences,Western University of Health Sciences,DO,CA,USA,DO-PhD,interviews,CycleTrack crowdsourced DO-PhD interviews median stats,0,,,,,,,X.XX,,,,,X.XX,,,,,XXX.X,,,,,cGPA suppressed by CycleTrack for small n; sGPA suppressed by CycleTrack for small n; MCAT suppressed by CycleTrack for small n
cycletrack_explorer,CycleTrack School Explorer,https://cycletrack.org/explorer,Western University - California,https://cycletrack.org/explorer/school/Western University - California,Western University of Health Sciences,Western University of Health Sciences,DO,CA,USA,DO-PhD,acceptances,CycleTrack crowdsourced DO-PhD acceptances median stats,0,,,,,,,X.XX,,,,,X.XX,,,,,XXX.X,,,,,cGPA suppressed by CycleTrack for small n; sGPA suppressed by CycleTrack for small n; MCAT suppressed by CycleTrack for small n
cycletrack_explorer,CycleTrack School Explorer,https://cycletrack.org/explorer,Western University - Oregon,https://cycletrack.org/explorer/school/Western University - Oregon,Western University of Health Sciences,Western University of Health Sciences,DO,OR,USA,DO,interviews,CycleTrack crowdsourced DO interviews median stats,83,46.94,147,,,,,"3.75 (3.07 - 4.00), (n=67)",3.75,3.07,4,67,"3.72 (3.01 - 4.00), (n=61)",3.72,3.01,4,61,"509.00 (500.00 - 522.00), (n=73)",509,500,522,73,
cycletrack_explorer,CycleTrack School Explorer,https://cycletrack.org/explorer,Western University - Oregon,https://cycletrack.org/explorer/school/Western University - Oregon,Western University of Health Sciences,Western University of Health Sciences,DO,OR,USA,DO,acceptances,CycleTrack crowdsourced DO acceptances median stats,50,,,51.81,83,15.38,13,"3.76 (3.07 - 4.00), (n=42)",3.76,3.07,4,42,"3.72 (3.07 - 4.00), (n=36)",3.72,3.07,4,36,"509.00 (502.00 - 522.00), (n=43)",509,502,522,43,
cycletrack_explorer,CycleTrack School Explorer,https://cycletrack.org/explorer,Western University - Oregon,https://cycletrack.org/explorer/school/Western University - Oregon,Western University of Health Sciences,Western University of Health Sciences,DO,OR,USA,DO-PhD,interviews,CycleTrack crowdsourced DO-PhD interviews median stats,0,,,,,,,X.XX,,,,,X.XX,,,,,XXX.X,,,,,cGPA suppressed by CycleTrack for small n; sGPA suppressed by CycleTrack for small n; MCAT suppressed by CycleTrack for small n
cycletrack_explorer,CycleTrack School Explorer,https://cycletrack.org/explorer,Western University - Oregon,https://cycletrack.org/explorer/school/Western University - Oregon,Western University of Health Sciences,Western University of Health Sciences,DO,OR,USA,DO-PhD,acceptances,CycleTrack crowdsourced DO-PhD acceptances median stats,0,,,,,,,X.XX,,,,,X.XX,,,,,XXX.X,,,,,cGPA suppressed by CycleTrack for small n; sGPA suppressed by CycleTrack for small n; MCAT suppressed by CycleTrack for small n
cycletrack_explorer,CycleTrack School Explorer,https://cycletrack.org/explorer,William Carey,https://cycletrack.org/explorer/school/William Carey,William Carey University,William Carey University,DO,MS,USA,DO,interviews,CycleTrack crowdsourced DO interviews median stats,56,62.34,77,,,,,"3.75 (3.13 - 4.00), (n=46)",3.75,3.13,4,46,"3.66 (3.00 - 4.00), (n=41)",3.66,3,4,41,"505.00 (494.00 - 519.00), (n=47)",505,494,519,47,
cycletrack_explorer,CycleTrack School Explorer,https://cycletrack.org/explorer,William Carey,https://cycletrack.org/explorer/school/William Carey,William Carey University,William Carey University,DO,MS,USA,DO,acceptances,CycleTrack crowdsourced DO acceptances median stats,38,,,57.14,56,,,"3.79 (3.30 - 4.00), (n=34)",3.79,3.3,4,34,"3.67 (2.99 - 4.00), (n=31)",3.67,2.99,4,31,"505.00 (495.00 - 519.00), (n=33)",505,495,519,33,
cycletrack_explorer,CycleTrack School Explorer,https://cycletrack.org/explorer,William Carey,https://cycletrack.org/explorer/school/William Carey,William Carey University,William Carey University,DO,MS,USA,DO-PhD,interviews,CycleTrack crowdsourced DO-PhD interviews median stats,0,,,,,,,X.XX,,,,,X.XX,,,,,XXX.X,,,,,cGPA suppressed by CycleTrack for small n; sGPA suppressed by CycleTrack for small n; MCAT suppressed by CycleTrack for small n
cycletrack_explorer,CycleTrack School Explorer,https://cycletrack.org/explorer,William Carey,https://cycletrack.org/explorer/school/William Carey,William Carey University,William Carey University,DO,MS,USA,DO-PhD,acceptances,CycleTrack crowdsourced DO-PhD acceptances median stats,0,,,,,,,X.XX,,,,,X.XX,,,,,XXX.X,,,,,cGPA suppressed by CycleTrack for small n; sGPA suppressed by CycleTrack for small n; MCAT suppressed by CycleTrack for small n
cycletrack_explorer,CycleTrack School Explorer,https://cycletrack.org/explorer,Wisconsin,https://cycletrack.org/explorer/school/Wisconsin,University of Wisconsin,University of Wisconsin,MD,WI,USA,MD,interviews,CycleTrack crowdsourced MD interviews median stats,151,13.18,880,,,,,"3.84 (2.98 - 4.00), (n=120)",3.84,2.98,4,120,"3.81 (2.96 - 4.00), (n=111)",3.81,2.96,4,111,"515.00 (499.00 - 528.00), (n=123)",515,499,528,123,
cycletrack_explorer,CycleTrack School Explorer,https://cycletrack.org/explorer,Wisconsin,https://cycletrack.org/explorer/school/Wisconsin,University of Wisconsin,University of Wisconsin,MD,WI,USA,MD,acceptances,CycleTrack crowdsourced MD acceptances median stats,67,,,42.38,151,14.63,41,"3.80 (2.98 - 4.00), (n=55)",3.8,2.98,4,55,"3.70 (2.96 - 4.00), (n=52)",3.7,2.96,4,52,"515.00 (499.00 - 528.00), (n=57)",515,499,528,57,
cycletrack_explorer,CycleTrack School Explorer,https://cycletrack.org/explorer,Wisconsin,https://cycletrack.org/explorer/school/Wisconsin,University of Wisconsin,University of Wisconsin,MD,WI,USA,MD-PhD,interviews,CycleTrack crowdsourced MD-PhD interviews median stats,62,30.99,171,,,,,"3.90 (3.58 - 4.00), (n=49)",3.9,3.58,4,49,"3.90 (3.45 - 4.00), (n=45)",3.9,3.45,4,45,"519.00 (508.00 - 527.00), (n=49)",519,508,527,49,
cycletrack_explorer,CycleTrack School Explorer,https://cycletrack.org/explorer,Wisconsin,https://cycletrack.org/explorer/school/Wisconsin,University of Wisconsin,University of Wisconsin,MD,WI,USA,MD-PhD,acceptances,CycleTrack crowdsourced MD-PhD acceptances median stats,26,,,33.87,62,7.69,13,"3.88 (3.61 - 4.00), (n=20)",3.88,3.61,4,20,"3.85 (3.45 - 4.00), (n=17)",3.85,3.45,4,17,"517.00 (507.00 - 524.00), (n=20)",517,507,524,20,
cycletrack_explorer,CycleTrack School Explorer,https://cycletrack.org/explorer,Wright State,https://cycletrack.org/explorer/school/Wright State,Wright State University,Wright State University,MD,OH,USA,MD,interviews,CycleTrack crowdsourced MD interviews median stats,92,16.03,474,,,,,"3.87 (3.00 - 4.00), (n=81)",3.87,3,4,81,"3.85 (3.10 - 4.00), (n=74)",3.85,3.1,4,74,"513.00 (501.00 - 527.00), (n=81)",513,501,527,81,
cycletrack_explorer,CycleTrack School Explorer,https://cycletrack.org/explorer,Wright State,https://cycletrack.org/explorer/school/Wright State,Wright State University,Wright State University,MD,OH,USA,MD,acceptances,CycleTrack crowdsourced MD acceptances median stats,68,,,66.30,92,48.15,27,"3.89 (3.29 - 4.00), (n=62)",3.89,3.29,4,62,"3.86 (3.24 - 4.00), (n=59)",3.86,3.24,4,59,"514.00 (503.00 - 527.00), (n=62)",514,503,527,62,
cycletrack_explorer,CycleTrack School Explorer,https://cycletrack.org/explorer,Wright State,https://cycletrack.org/explorer/school/Wright State,Wright State University,Wright State University,MD,OH,USA,MD-PhD,interviews,CycleTrack crowdsourced MD-PhD interviews median stats,1,0.00,5,,,,,X.XX,,,,,X.XX,,,,,XXX.X,,,,,cGPA suppressed by CycleTrack for small n; sGPA suppressed by CycleTrack for small n; MCAT suppressed by CycleTrack for small n
cycletrack_explorer,CycleTrack School Explorer,https://cycletrack.org/explorer,Wright State,https://cycletrack.org/explorer/school/Wright State,Wright State University,Wright State University,MD,OH,USA,MD-PhD,acceptances,CycleTrack crowdsourced MD-PhD acceptances median stats,0,,,,,,,X.XX,,,,,X.XX,,,,,XXX.X,,,,,cGPA suppressed by CycleTrack for small n; sGPA suppressed by CycleTrack for small n; MCAT suppressed by CycleTrack for small n
cycletrack_explorer,CycleTrack School Explorer,https://cycletrack.org/explorer,Yale,https://cycletrack.org/explorer/school/Yale,Yale School of Medicine,Yale School of Medicine,MD,CT,USA,MD,interviews,CycleTrack crowdsourced MD interviews median stats,290,14.75,1661,,,,,"3.95 (2.98 - 4.00), (n=252)",3.95,2.98,4,252,"3.95 (2.96 - 4.00), (n=242)",3.95,2.96,4,242,"523.00 (508.00 - 528.00), (n=252)",523,508,528,252,
cycletrack_explorer,CycleTrack School Explorer,https://cycletrack.org/explorer,Yale,https://cycletrack.org/explorer/school/Yale,Yale School of Medicine,Yale School of Medicine,MD,CT,USA,MD,acceptances,CycleTrack crowdsourced MD acceptances median stats,103,,,34.83,290,8.54,82,"3.95 (2.98 - 4.00), (n=90)",3.95,2.98,4,90,"3.95 (2.96 - 4.00), (n=87)",3.95,2.96,4,87,"523.00 (510.00 - 528.00), (n=89)",523,510,528,89,
cycletrack_explorer,CycleTrack School Explorer,https://cycletrack.org/explorer,Yale,https://cycletrack.org/explorer/school/Yale,Yale School of Medicine,Yale School of Medicine,MD,CT,USA,MD-PhD,interviews,CycleTrack crowdsourced MD-PhD interviews median stats,103,29.84,315,,,,,"3.95 (3.24 - 4.00), (n=89)",3.95,3.24,4,89,"3.95 (3.18 - 4.00), (n=84)",3.95,3.18,4,84,"520.00 (505.00 - 528.00), (n=89)",520,505,528,89,
cycletrack_explorer,CycleTrack School Explorer,https://cycletrack.org/explorer,Yale,https://cycletrack.org/explorer/school/Yale,Yale School of Medicine,Yale School of Medicine,MD,CT,USA,MD-PhD,acceptances,CycleTrack crowdsourced MD-PhD acceptances median stats,29,,,25.24,103,3.64,55,"3.98 (3.24 - 4.00), (n=24)",3.98,3.24,4,24,"3.98 (3.18 - 4.00), (n=24)",3.98,3.18,4,24,"522.00 (516.00 - 527.00), (n=24)",522,516,527,24,
