source_key,source_name,source_url,source_row_number,category,school_name_raw,school_name_clean,requirement_type,link_text,requirement_url_raw,requirement_url,is_missing_placeholder,placeholder_title,notes
cycletrack_lors,CycleTrack Letters of Recommendation,https://cycletrack.org/lors,1,USA MD,University of Alabama at Birmingham,University of Alabama at Birmingham,MD,MD Requirements,https://www.uab.edu/medicine/home/admissions/application-process,https://www.uab.edu/medicine/home/admissions/application-process,FALSE,,
cycletrack_lors,CycleTrack Letters of Recommendation,https://cycletrack.org/lors,1,USA MD,University of Alabama at Birmingham,University of Alabama at Birmingham,MD-PhD,MD-PhD Requirements,https://www.uab.edu/medicine/mstp/admissions,https://www.uab.edu/medicine/mstp/admissions,FALSE,,
cycletrack_lors,CycleTrack Letters of Recommendation,https://cycletrack.org/lors,2,USA MD,Albany Medical College,Albany Medical College,MD,MD Requirements,https://www.amc.edu/academic/undergraduate/upload/Frequently-Asked-Questions.pdf,https://www.amc.edu/academic/undergraduate/upload/Frequently-Asked-Questions.pdf,FALSE,,
cycletrack_lors,CycleTrack Letters of Recommendation,https://cycletrack.org/lors,2,USA MD,Albany Medical College,Albany Medical College,MD-PhD,,,,TRUE,,MD-PhD requirement cell blank
cycletrack_lors,CycleTrack Letters of Recommendation,https://cycletrack.org/lors,3,USA MD,Albert Einstein College of Medicine,Albert Einstein College of Medicine,MD,MD Requirements,https://www.einsteinmed.edu/education/md-program/admissions/application-procedure/recommendation-letters.aspx,https://www.einsteinmed.edu/education/md-program/admissions/application-procedure/recommendation-letters.aspx,FALSE,,
cycletrack_lors,CycleTrack Letters of Recommendation,https://cycletrack.org/lors,3,USA MD,Albert Einstein College of Medicine,Albert Einstein College of Medicine,MD-PhD,MD-PhD Requirements,https://www.einsteinmed.edu/education/mstp/admissions/application.aspx,https://www.einsteinmed.edu/education/mstp/admissions/application.aspx,FALSE,,
cycletrack_lors,CycleTrack Letters of Recommendation,https://cycletrack.org/lors,4,USA MD,Alice L. Walton School of Medicine,Alice L. Walton School of Medicine,MD,MD Requirements,https://www.alwmedschool.org/admissions/,https://www.alwmedschool.org/admissions/,FALSE,,
cycletrack_lors,CycleTrack Letters of Recommendation,https://cycletrack.org/lors,4,USA MD,Alice L. Walton School of Medicine,Alice L. Walton School of Medicine,MD-PhD,,,,TRUE,,MD-PhD requirement cell blank
cycletrack_lors,CycleTrack Letters of Recommendation,https://cycletrack.org/lors,5,USA MD,University of Arizona (Phoenix),University of Arizona (Phoenix),MD,MD Requirements,https://phoenixmed.arizona.edu/admissions/application-process,https://phoenixmed.arizona.edu/admissions/application-process,FALSE,,
cycletrack_lors,CycleTrack Letters of Recommendation,https://cycletrack.org/lors,5,USA MD,University of Arizona (Phoenix),University of Arizona (Phoenix),MD-PhD,MD-PhD Requirements,https://phoenixmed.arizona.edu/mdphd-admissions,https://phoenixmed.arizona.edu/mdphd-admissions,FALSE,,
cycletrack_lors,CycleTrack Letters of Recommendation,https://cycletrack.org/lors,6,USA MD,University of Arizona (Tucson),University of Arizona (Tucson),MD,MD Requirements,https://medicine.arizona.edu/admissions/application-process/letters,https://medicine.arizona.edu/admissions/application-process/letters,FALSE,,
cycletrack_lors,CycleTrack Letters of Recommendation,https://cycletrack.org/lors,6,USA MD,University of Arizona (Tucson),University of Arizona (Tucson),MD-PhD,MD-PhD Requirements,https://mdphd.medicine.arizona.edu/admissions,https://mdphd.medicine.arizona.edu/admissions,FALSE,,
cycletrack_lors,CycleTrack Letters of Recommendation,https://cycletrack.org/lors,7,USA MD,Arizona State University,Arizona State University,MD,MD Requirements,https://medicine.asu.edu/future-students/admissions/requirements,https://medicine.asu.edu/future-students/admissions/requirements,FALSE,,
cycletrack_lors,CycleTrack Letters of Recommendation,https://cycletrack.org/lors,7,USA MD,Arizona State University,Arizona State University,MD-PhD,,,,TRUE,,MD-PhD requirement cell blank
cycletrack_lors,CycleTrack Letters of Recommendation,https://cycletrack.org/lors,8,USA MD,University of Arkansas,University of Arkansas,MD,MD Requirements,,,TRUE,,MD requirement link missing or placeholder
cycletrack_lors,CycleTrack Letters of Recommendation,https://cycletrack.org/lors,8,USA MD,University of Arkansas,University of Arkansas,MD-PhD,MD-PhD Requirements,#,,TRUE,We do not currently have the requirements for this program. Please send us the link for this program at admin@cycletrack.org.,MD requirement link missing or placeholder; MD-PhD requirement link missing or placeholder
cycletrack_lors,CycleTrack Letters of Recommendation,https://cycletrack.org/lors,9,USA MD,Baylor,Baylor,MD,MD Requirements,https://www.bcm.edu/about-us/alumni/resources-services/admission-referrals,https://www.bcm.edu/about-us/alumni/resources-services/admission-referrals,FALSE,,
cycletrack_lors,CycleTrack Letters of Recommendation,https://cycletrack.org/lors,9,USA MD,Baylor,Baylor,MD-PhD,MD-PhD Requirements,https://www.bcm.edu/education/education-programs/md-phd-program/admissions,https://www.bcm.edu/education/education-programs/md-phd-program/admissions,FALSE,,
cycletrack_lors,CycleTrack Letters of Recommendation,https://cycletrack.org/lors,10,USA MD,Belmont University,Belmont University,MD,MD Requirements,https://www.belmont.edu/medicine/admissions/application.html,https://www.belmont.edu/medicine/admissions/application.html,FALSE,,
cycletrack_lors,CycleTrack Letters of Recommendation,https://cycletrack.org/lors,10,USA MD,Belmont University,Belmont University,MD-PhD,,,,TRUE,,MD-PhD requirement cell blank
cycletrack_lors,CycleTrack Letters of Recommendation,https://cycletrack.org/lors,11,USA MD,Boston University,Boston University,MD,MD Requirements,https://www.bumc.bu.edu/busm/admissions/application-process/requirements,https://www.bumc.bu.edu/busm/admissions/application-process/requirements,FALSE,,
cycletrack_lors,CycleTrack Letters of Recommendation,https://cycletrack.org/lors,11,USA MD,Boston University,Boston University,MD-PhD,MD-PhD Requirements,https://www.bumc.bu.edu/mdphd/admissions/application-information/applicant-requirements/,https://www.bumc.bu.edu/mdphd/admissions/application-information/applicant-requirements/,FALSE,,
cycletrack_lors,CycleTrack Letters of Recommendation,https://cycletrack.org/lors,12,USA MD,Brown University,Brown University,MD,MD Requirements,https://admission.med.brown.edu/about/,https://admission.med.brown.edu/about/,FALSE,,
cycletrack_lors,CycleTrack Letters of Recommendation,https://cycletrack.org/lors,12,USA MD,Brown University,Brown University,MD-PhD,MD-PhD Requirements,https://admission.med.brown.edu/about/,https://admission.med.brown.edu/about/,FALSE,,
cycletrack_lors,CycleTrack Letters of Recommendation,https://cycletrack.org/lors,13,USA MD,University at Buffalo,University at Buffalo,MD,MD Requirements,https://medicine.buffalo.edu/education/md/admissions/admission_requirements.html,https://medicine.buffalo.edu/education/md/admissions/admission_requirements.html,FALSE,,
cycletrack_lors,CycleTrack Letters of Recommendation,https://cycletrack.org/lors,13,USA MD,University at Buffalo,University at Buffalo,MD-PhD,MD-PhD Requirements,https://medicine.buffalo.edu/education/mdphd/apply/requirements.html,https://medicine.buffalo.edu/education/mdphd/apply/requirements.html,FALSE,,
cycletrack_lors,CycleTrack Letters of Recommendation,https://cycletrack.org/lors,14,USA MD,California Northstate University,California Northstate University,MD,MD Requirements,https://medicine.cnsu.edu/admissions/steps.php,https://medicine.cnsu.edu/admissions/steps.php,FALSE,,
cycletrack_lors,CycleTrack Letters of Recommendation,https://cycletrack.org/lors,14,USA MD,California Northstate University,California Northstate University,MD-PhD,,,,TRUE,,MD-PhD requirement cell blank
cycletrack_lors,CycleTrack Letters of Recommendation,https://cycletrack.org/lors,15,USA MD,California University of Science and Medicine,California University of Science and Medicine,MD,MD Requirements,https://www.cusm.org/school-of-medicine/admissions/requirements.php,https://www.cusm.org/school-of-medicine/admissions/requirements.php,FALSE,,
cycletrack_lors,CycleTrack Letters of Recommendation,https://cycletrack.org/lors,15,USA MD,California University of Science and Medicine,California University of Science and Medicine,MD-PhD,,,,TRUE,,MD-PhD requirement cell blank
cycletrack_lors,CycleTrack Letters of Recommendation,https://cycletrack.org/lors,16,USA MD,Universidad Central del Caribe,Universidad Central del Caribe,MD,MD Requirements,https://www.uccaribe.edu/som/medicine/admission-requirements-3/,https://www.uccaribe.edu/som/medicine/admission-requirements-3/,FALSE,,
cycletrack_lors,CycleTrack Letters of Recommendation,https://cycletrack.org/lors,16,USA MD,Universidad Central del Caribe,Universidad Central del Caribe,MD-PhD,,,,TRUE,,MD-PhD requirement cell blank
cycletrack_lors,CycleTrack Letters of Recommendation,https://cycletrack.org/lors,17,USA MD,Carle Illinois,Carle Illinois,MD,MD Requirements,https://medicine.illinois.edu/admissions/before-you-apply,https://medicine.illinois.edu/admissions/before-you-apply,FALSE,,
cycletrack_lors,CycleTrack Letters of Recommendation,https://cycletrack.org/lors,17,USA MD,Carle Illinois,Carle Illinois,MD-PhD,MD-PhD Requirements,#,,TRUE,We do not currently have the requirements for this program. Please send us the link for this program at admin@cycletrack.org.,MD-PhD requirement link missing or placeholder
cycletrack_lors,CycleTrack Letters of Recommendation,https://cycletrack.org/lors,18,USA MD,Case Western Reserve,Case Western Reserve,MD,MD Requirements,https://case.edu/medicine/md/admission/admission-requirements/letters-recommendation,https://case.edu/medicine/md/admission/admission-requirements/letters-recommendation,FALSE,,
cycletrack_lors,CycleTrack Letters of Recommendation,https://cycletrack.org/lors,18,USA MD,Case Western Reserve,Case Western Reserve,MD-PhD,MD-PhD Requirements,https://case.edu/medicine/mstp/admissions/admissions-procedure,https://case.edu/medicine/mstp/admissions/admissions-procedure,FALSE,,
cycletrack_lors,CycleTrack Letters of Recommendation,https://cycletrack.org/lors,19,USA MD,Central Michigan University,Central Michigan University,MD,MD Requirements,https://www.cmich.edu/academics/colleges/college-of-medicine/education/md/admissions/prospective/req,https://www.cmich.edu/academics/colleges/college-of-medicine/education/md/admissions/prospective/req,FALSE,,
cycletrack_lors,CycleTrack Letters of Recommendation,https://cycletrack.org/lors,19,USA MD,Central Michigan University,Central Michigan University,MD-PhD,,,,TRUE,,MD-PhD requirement cell blank
cycletrack_lors,CycleTrack Letters of Recommendation,https://cycletrack.org/lors,20,USA MD,Charles R. Drew University of Medicine and Science,Charles R. Drew University of Medicine and Science,MD,MD Requirements,#,,TRUE,We do not currently have the requirements for this program. Please send us the link for this program at admin@cycletrack.org.,MD requirement link missing or placeholder
cycletrack_lors,CycleTrack Letters of Recommendation,https://cycletrack.org/lors,20,USA MD,Charles R. Drew University of Medicine and Science,Charles R. Drew University of Medicine and Science,MD-PhD,,,,TRUE,,MD requirement link missing or placeholder; MD-PhD requirement cell blank
cycletrack_lors,CycleTrack Letters of Recommendation,https://cycletrack.org/lors,21,USA MD,Charles R. Drew/UCLA Medical Education Program,Charles R. Drew/UCLA Medical Education Program,MD,MD Requirements,#,,TRUE,We do not currently have the requirements for this program. Please send us the link for this program at admin@cycletrack.org.,MD requirement link missing or placeholder
cycletrack_lors,CycleTrack Letters of Recommendation,https://cycletrack.org/lors,21,USA MD,Charles R. Drew/UCLA Medical Education Program,Charles R. Drew/UCLA Medical Education Program,MD-PhD,,,,TRUE,,MD requirement link missing or placeholder; MD-PhD requirement cell blank
cycletrack_lors,CycleTrack Letters of Recommendation,https://cycletrack.org/lors,22,USA MD,University of Chicago,University of Chicago,MD,MD Requirements,https://pritzker.uchicago.edu/admissions/admissions-process,https://pritzker.uchicago.edu/admissions/admissions-process,FALSE,,
cycletrack_lors,CycleTrack Letters of Recommendation,https://cycletrack.org/lors,22,USA MD,University of Chicago,University of Chicago,MD-PhD,MD-PhD Requirements,https://pritzker.uchicago.edu/mstp-prospective-students,https://pritzker.uchicago.edu/mstp-prospective-students,FALSE,,
cycletrack_lors,CycleTrack Letters of Recommendation,https://cycletrack.org/lors,23,USA MD,University of Cincinnati,University of Cincinnati,MD,MD Requirements,https://med.uc.edu/admissions/medical-student-admissions/how-to-apply/overview,https://med.uc.edu/admissions/medical-student-admissions/how-to-apply/overview,FALSE,,
cycletrack_lors,CycleTrack Letters of Recommendation,https://cycletrack.org/lors,23,USA MD,University of Cincinnati,University of Cincinnati,MD-PhD,MD-PhD Requirements,https://med.uc.edu/admissions/medical-student-admissions/how-to-apply/overview,https://med.uc.edu/admissions/medical-student-admissions/how-to-apply/overview,FALSE,,
cycletrack_lors,CycleTrack Letters of Recommendation,https://cycletrack.org/lors,24,USA MD,City University of New York,City University of New York,MD,MD Requirements,,,TRUE,,MD requirement link missing or placeholder
cycletrack_lors,CycleTrack Letters of Recommendation,https://cycletrack.org/lors,24,USA MD,City University of New York,City University of New York,MD-PhD,,,,TRUE,,MD requirement link missing or placeholder; MD-PhD requirement cell blank
cycletrack_lors,CycleTrack Letters of Recommendation,https://cycletrack.org/lors,25,USA MD,Cleveland Clinic Lerner,Cleveland Clinic Lerner,MD,MD Requirements,https://my.clevelandclinic.org/lerner-college-medicine/admissions/how-to-apply#letters-of-recommendation-tab,https://my.clevelandclinic.org/lerner-college-medicine/admissions/how-to-apply#letters-of-recommendation-tab,FALSE,,
cycletrack_lors,CycleTrack Letters of Recommendation,https://cycletrack.org/lors,25,USA MD,Cleveland Clinic Lerner,Cleveland Clinic Lerner,MD-PhD,,,,TRUE,,MD-PhD requirement cell blank
cycletrack_lors,CycleTrack Letters of Recommendation,https://cycletrack.org/lors,26,USA MD,University of Colorado,University of Colorado,MD,MD Requirements,https://medschool.cuanschutz.edu/education/md-admissions/requirements,https://medschool.cuanschutz.edu/education/md-admissions/requirements,FALSE,,
cycletrack_lors,CycleTrack Letters of Recommendation,https://cycletrack.org/lors,26,USA MD,University of Colorado,University of Colorado,MD-PhD,MD-PhD Requirements,https://medschool.cuanschutz.edu/mstp/admissions/process,https://medschool.cuanschutz.edu/mstp/admissions/process,FALSE,,
cycletrack_lors,CycleTrack Letters of Recommendation,https://cycletrack.org/lors,27,USA MD,Columbia University,Columbia University,MD,MD Requirements,https://www.vagelos.columbia.edu/education/academic-programs/md-program/admissions/apply/application-requirements,https://www.vagelos.columbia.edu/education/academic-programs/md-program/admissions/apply/application-requirements,FALSE,,
cycletrack_lors,CycleTrack Letters of Recommendation,https://cycletrack.org/lors,27,USA MD,Columbia University,Columbia University,MD-PhD,MD-PhD Requirements,#,,TRUE,We do not currently have the requirements for this program. Please send us the link for this program at admin@cycletrack.org.,MD-PhD requirement link missing or placeholder
cycletrack_lors,CycleTrack Letters of Recommendation,https://cycletrack.org/lors,28,USA MD,University of Connecticut,University of Connecticut,MD,MD Requirements,https://medicine.uconn.edu/admissions/applying-to-the-md-or-md-mba-programs/,https://medicine.uconn.edu/admissions/applying-to-the-md-or-md-mba-programs/,FALSE,,
cycletrack_lors,CycleTrack Letters of Recommendation,https://cycletrack.org/lors,28,USA MD,University of Connecticut,University of Connecticut,MD-PhD,MD-PhD Requirements,https://medicine.uconn.edu/admissions/applying-to-the-mdph-d-program/,https://medicine.uconn.edu/admissions/applying-to-the-mdph-d-program/,FALSE,,
cycletrack_lors,CycleTrack Letters of Recommendation,https://cycletrack.org/lors,29,USA MD,Rowan University,Rowan University,MD,MD Requirements,https://cmsru.rowan.edu/students/admissions/letterofrecommendation.php,https://cmsru.rowan.edu/students/admissions/letterofrecommendation.php,FALSE,,
cycletrack_lors,CycleTrack Letters of Recommendation,https://cycletrack.org/lors,29,USA MD,Rowan University,Rowan University,MD-PhD,,,,TRUE,,MD-PhD requirement cell blank
cycletrack_lors,CycleTrack Letters of Recommendation,https://cycletrack.org/lors,30,USA MD,Cornell University,Cornell University,MD,MD Requirements,https://medicaleducation.weill.cornell.edu/admissions/faqs,https://medicaleducation.weill.cornell.edu/admissions/faqs,FALSE,,
cycletrack_lors,CycleTrack Letters of Recommendation,https://cycletrack.org/lors,30,USA MD,Cornell University,Cornell University,MD-PhD,MD-PhD Requirements,https://mdphd.weill.cornell.edu/admissions/admissions-faqs,https://mdphd.weill.cornell.edu/admissions/admissions-faqs,FALSE,,
cycletrack_lors,CycleTrack Letters of Recommendation,https://cycletrack.org/lors,31,USA MD,Creighton University,Creighton University,MD,MD Requirements,https://www.creighton.edu/medicine/programs/medicine-md/application-process,https://www.creighton.edu/medicine/programs/medicine-md/application-process,FALSE,,
cycletrack_lors,CycleTrack Letters of Recommendation,https://cycletrack.org/lors,31,USA MD,Creighton University,Creighton University,MD-PhD,MD-PhD Requirements,https://www.creighton.edu/medicine/programs/medicine-md/application-process,https://www.creighton.edu/medicine/programs/medicine-md/application-process,FALSE,,
cycletrack_lors,CycleTrack Letters of Recommendation,https://cycletrack.org/lors,32,USA MD,Dartmouth College,Dartmouth College,MD,MD Requirements,https://geiselmed.dartmouth.edu/admissions/applying/faq/,https://geiselmed.dartmouth.edu/admissions/applying/faq/,FALSE,,
cycletrack_lors,CycleTrack Letters of Recommendation,https://cycletrack.org/lors,32,USA MD,Dartmouth College,Dartmouth College,MD-PhD,MD-PhD Requirements,#,,TRUE,We do not currently have the requirements for this program. Please send us the link for this program at admin@cycletrack.org.,MD-PhD requirement link missing or placeholder
cycletrack_lors,CycleTrack Letters of Recommendation,https://cycletrack.org/lors,33,USA MD,Drexel University,Drexel University,MD,MD Requirements,https://drexel.edu/medicine/academics/md-program/md-program-admissions/application-process/#SupportingMaterials,https://drexel.edu/medicine/academics/md-program/md-program-admissions/application-process/#SupportingMaterials,FALSE,,
cycletrack_lors,CycleTrack Letters of Recommendation,https://cycletrack.org/lors,33,USA MD,Drexel University,Drexel University,MD-PhD,MD-PhD Requirements,https://drexel.edu/medicine/academics/dual-degree-programs/md-phd/frequently-asked-questions/,https://drexel.edu/medicine/academics/dual-degree-programs/md-phd/frequently-asked-questions/,FALSE,,
cycletrack_lors,CycleTrack Letters of Recommendation,https://cycletrack.org/lors,34,USA MD,Duke University,Duke University,MD,MD Requirements,https://medschool.duke.edu/education/health-professions-education/doctor-medicine-md-program/admissions/admissions-process-4,https://medschool.duke.edu/education/health-professions-education/doctor-medicine-md-program/admissions/admissions-process-4,FALSE,,
cycletrack_lors,CycleTrack Letters of Recommendation,https://cycletrack.org/lors,34,USA MD,Duke University,Duke University,MD-PhD,MD-PhD Requirements,https://medschool.duke.edu/education/health-professions-education/medical-scientist-training-program/mstp-admissions,https://medschool.duke.edu/education/health-professions-education/medical-scientist-training-program/mstp-admissions,FALSE,,
cycletrack_lors,CycleTrack Letters of Recommendation,https://cycletrack.org/lors,35,USA MD,East Carolina University,East Carolina University,MD,MD Requirements,https://medicine.ecu.edu/admissions/faqs/,https://medicine.ecu.edu/admissions/faqs/,FALSE,,
cycletrack_lors,CycleTrack Letters of Recommendation,https://cycletrack.org/lors,35,USA MD,East Carolina University,East Carolina University,MD-PhD,,,,TRUE,,MD-PhD requirement cell blank
cycletrack_lors,CycleTrack Letters of Recommendation,https://cycletrack.org/lors,36,USA MD,East Tennessee State University,East Tennessee State University,MD,MD Requirements,https://www.etsu.edu/com/sa/admissions/requirements/applicationinfo.php,https://www.etsu.edu/com/sa/admissions/requirements/applicationinfo.php,FALSE,,
cycletrack_lors,CycleTrack Letters of Recommendation,https://cycletrack.org/lors,36,USA MD,East Tennessee State University,East Tennessee State University,MD-PhD,,,,TRUE,,MD-PhD requirement cell blank
cycletrack_lors,CycleTrack Letters of Recommendation,https://cycletrack.org/lors,37,USA MD,Eastern Virginia Medical School,Eastern Virginia Medical School,MD,MD Requirements,https://www.evms.edu/education/medical_programs/doctor_of_medicine/application_process/,https://www.evms.edu/education/medical_programs/doctor_of_medicine/application_process/,FALSE,,
cycletrack_lors,CycleTrack Letters of Recommendation,https://cycletrack.org/lors,37,USA MD,Eastern Virginia Medical School,Eastern Virginia Medical School,MD-PhD,,,,TRUE,,MD-PhD requirement cell blank
cycletrack_lors,CycleTrack Letters of Recommendation,https://cycletrack.org/lors,38,USA MD,Emory University,Emory University,MD,MD Requirements,https://med.emory.edu/education/programs/md/admissions/step5/index.html,https://med.emory.edu/education/programs/md/admissions/step5/index.html,FALSE,,
cycletrack_lors,CycleTrack Letters of Recommendation,https://cycletrack.org/lors,38,USA MD,Emory University,Emory University,MD-PhD,MD-PhD Requirements,#,,TRUE,We do not currently have the requirements for this program. Please send us the link for this program at admin@cycletrack.org.,MD-PhD requirement link missing or placeholder
cycletrack_lors,CycleTrack Letters of Recommendation,https://cycletrack.org/lors,39,USA MD,University of Florida,University of Florida,MD,MD Requirements,https://admissions.med.ufl.edu/admission-requirements/regular-admission-requirements,https://admissions.med.ufl.edu/admission-requirements/regular-admission-requirements,FALSE,,
cycletrack_lors,CycleTrack Letters of Recommendation,https://cycletrack.org/lors,39,USA MD,University of Florida,University of Florida,MD-PhD,MD-PhD Requirements,https://mdphd.med.ufl.edu/admissions__trashed/how-to-apply/current-student-application-requirements/,https://mdphd.med.ufl.edu/admissions__trashed/how-to-apply/current-student-application-requirements/,FALSE,,
cycletrack_lors,CycleTrack Letters of Recommendation,https://cycletrack.org/lors,40,USA MD,Florida Atlantic University,Florida Atlantic University,MD,MD Requirements,http://med.fau.edu/admissions/md/reqpro.php,http://med.fau.edu/admissions/md/reqpro.php,FALSE,,
cycletrack_lors,CycleTrack Letters of Recommendation,https://cycletrack.org/lors,40,USA MD,Florida Atlantic University,Florida Atlantic University,MD-PhD,MD-PhD Requirements,http://med.fau.edu/admissions/md/mdphd.php,http://med.fau.edu/admissions/md/mdphd.php,FALSE,,
cycletrack_lors,CycleTrack Letters of Recommendation,https://cycletrack.org/lors,41,USA MD,Florida International University,Florida International University,MD,MD Requirements,https://medicine.fiu.edu/academics/doctor-of-medicine/admissions/application-process-a-z/,https://medicine.fiu.edu/academics/doctor-of-medicine/admissions/application-process-a-z/,FALSE,,
cycletrack_lors,CycleTrack Letters of Recommendation,https://cycletrack.org/lors,41,USA MD,Florida International University,Florida International University,MD-PhD,,,,TRUE,,MD-PhD requirement cell blank
cycletrack_lors,CycleTrack Letters of Recommendation,https://cycletrack.org/lors,42,USA MD,Florida State University,Florida State University,MD,MD Requirements,https://med.fsu.edu/mdAdmissions/admissionRequirements,https://med.fsu.edu/mdAdmissions/admissionRequirements,FALSE,,
cycletrack_lors,CycleTrack Letters of Recommendation,https://cycletrack.org/lors,42,USA MD,Florida State University,Florida State University,MD-PhD,,,,TRUE,,MD-PhD requirement cell blank
cycletrack_lors,CycleTrack Letters of Recommendation,https://cycletrack.org/lors,43,USA MD,Geisinger Commonwealth School of Medicine,Geisinger Commonwealth School of Medicine,MD,MD Requirements,https://www.geisinger.edu/education/admissions/md-admissions/application-process,https://www.geisinger.edu/education/admissions/md-admissions/application-process,FALSE,,
cycletrack_lors,CycleTrack Letters of Recommendation,https://cycletrack.org/lors,43,USA MD,Geisinger Commonwealth School of Medicine,Geisinger Commonwealth School of Medicine,MD-PhD,,,,TRUE,,MD-PhD requirement cell blank
cycletrack_lors,CycleTrack Letters of Recommendation,https://cycletrack.org/lors,44,USA MD,George Washington University,George Washington University,MD,MD Requirements,https://smhs.gwu.edu/academics/md-program/admissions/application-process,https://smhs.gwu.edu/academics/md-program/admissions/application-process,FALSE,,
cycletrack_lors,CycleTrack Letters of Recommendation,https://cycletrack.org/lors,44,USA MD,George Washington University,George Washington University,MD-PhD,,,,TRUE,,MD-PhD requirement cell blank
cycletrack_lors,CycleTrack Letters of Recommendation,https://cycletrack.org/lors,45,USA MD,Georgetown University,Georgetown University,MD,MD Requirements,https://som.georgetown.edu/admissions/degrees-and-admissions/md/guide/,https://som.georgetown.edu/admissions/degrees-and-admissions/md/guide/,FALSE,,
cycletrack_lors,CycleTrack Letters of Recommendation,https://cycletrack.org/lors,45,USA MD,Georgetown University,Georgetown University,MD-PhD,MD-PhD Requirements,https://som.georgetown.edu/admissions/degrees-and-admissions/md/guide/,https://som.georgetown.edu/admissions/degrees-and-admissions/md/guide/,FALSE,,
cycletrack_lors,CycleTrack Letters of Recommendation,https://cycletrack.org/lors,46,USA MD,Hackensack Meridian School of Medicine,Hackensack Meridian School of Medicine,MD,MD Requirements,https://www.hmsom.org/admissions/requirements/,https://www.hmsom.org/admissions/requirements/,FALSE,,
cycletrack_lors,CycleTrack Letters of Recommendation,https://cycletrack.org/lors,46,USA MD,Hackensack Meridian School of Medicine,Hackensack Meridian School of Medicine,MD-PhD,,,,TRUE,,MD-PhD requirement cell blank
cycletrack_lors,CycleTrack Letters of Recommendation,https://cycletrack.org/lors,47,USA MD,Harvard Medical School,Harvard Medical School,MD,MD Requirements,https://meded.hms.harvard.edu/admissions-letters-evaluation,https://meded.hms.harvard.edu/admissions-letters-evaluation,FALSE,,
cycletrack_lors,CycleTrack Letters of Recommendation,https://cycletrack.org/lors,47,USA MD,Harvard Medical School,Harvard Medical School,MD-PhD,MD-PhD Requirements,https://www.hms.harvard.edu/md_phd/admissions/process.html,https://www.hms.harvard.edu/md_phd/admissions/process.html,FALSE,,
cycletrack_lors,CycleTrack Letters of Recommendation,https://cycletrack.org/lors,48,USA MD,University of Hawaii,University of Hawaii,MD,MD Requirements,https://admissions.jabsom.hawaii.edu/faqs/,https://admissions.jabsom.hawaii.edu/faqs/,FALSE,,
cycletrack_lors,CycleTrack Letters of Recommendation,https://cycletrack.org/lors,48,USA MD,University of Hawaii,University of Hawaii,MD-PhD,MD-PhD Requirements,#,,TRUE,We do not currently have the requirements for this program. Please send us the link for this program at admin@cycletrack.org.,MD-PhD requirement link missing or placeholder
cycletrack_lors,CycleTrack Letters of Recommendation,https://cycletrack.org/lors,49,USA MD,Hofstra University,Hofstra University,MD,MD Requirements,https://medicine.hofstra.edu/admission/md/requirements.html,https://medicine.hofstra.edu/admission/md/requirements.html,FALSE,,
cycletrack_lors,CycleTrack Letters of Recommendation,https://cycletrack.org/lors,49,USA MD,Hofstra University,Hofstra University,MD-PhD,MD-PhD Requirements,https://medicine.hofstra.edu/admission/md-phd/how-to-apply.html,https://medicine.hofstra.edu/admission/md-phd/how-to-apply.html,FALSE,,
cycletrack_lors,CycleTrack Letters of Recommendation,https://cycletrack.org/lors,50,USA MD,University of Houston,University of Houston,MD,MD Requirements,https://www.uh.edu/medicine/admissions/application-process/,https://www.uh.edu/medicine/admissions/application-process/,FALSE,,
cycletrack_lors,CycleTrack Letters of Recommendation,https://cycletrack.org/lors,50,USA MD,University of Houston,University of Houston,MD-PhD,,,,TRUE,,MD-PhD requirement cell blank
cycletrack_lors,CycleTrack Letters of Recommendation,https://cycletrack.org/lors,51,USA MD,Howard University,Howard University,MD,MD Requirements,http://medicine.howard.edu/admissions/recommendations,http://medicine.howard.edu/admissions/recommendations,FALSE,,
cycletrack_lors,CycleTrack Letters of Recommendation,https://cycletrack.org/lors,51,USA MD,Howard University,Howard University,MD-PhD,MD-PhD Requirements,#,,TRUE,We do not currently have the requirements for this program. Please send us the link for this program at admin@cycletrack.org.,MD-PhD requirement link missing or placeholder
cycletrack_lors,CycleTrack Letters of Recommendation,https://cycletrack.org/lors,52,USA MD,University of Illinois,University of Illinois,MD,MD Requirements,https://medicine.uic.edu/education/md-admissions/faqs/,https://medicine.uic.edu/education/md-admissions/faqs/,FALSE,,
cycletrack_lors,CycleTrack Letters of Recommendation,https://cycletrack.org/lors,52,USA MD,University of Illinois,University of Illinois,MD-PhD,MD-PhD Requirements,#,,TRUE,We do not currently have the requirements for this program. Please send us the link for this program at admin@cycletrack.org.,MD-PhD requirement link missing or placeholder
cycletrack_lors,CycleTrack Letters of Recommendation,https://cycletrack.org/lors,53,USA MD,Indiana University,Indiana University,MD,MD Requirements,https://medicine.iu.edu/md/admissions/application-materials,https://medicine.iu.edu/md/admissions/application-materials,FALSE,,
cycletrack_lors,CycleTrack Letters of Recommendation,https://cycletrack.org/lors,53,USA MD,Indiana University,Indiana University,MD-PhD,MD-PhD Requirements,https://medicine.iu.edu/dual-degrees/md-phd/admissions,https://medicine.iu.edu/dual-degrees/md-phd/admissions,FALSE,,
cycletrack_lors,CycleTrack Letters of Recommendation,https://cycletrack.org/lors,54,USA MD,University of Iowa,University of Iowa,MD,MD Requirements,https://medicine.uiowa.edu/md/admissions/applying/letters-recommendation,https://medicine.uiowa.edu/md/admissions/applying/letters-recommendation,FALSE,,
cycletrack_lors,CycleTrack Letters of Recommendation,https://cycletrack.org/lors,54,USA MD,University of Iowa,University of Iowa,MD-PhD,MD-PhD Requirements,https://medicine.uiowa.edu/mstp/admissions/applicants,https://medicine.uiowa.edu/mstp/admissions/applicants,FALSE,,
cycletrack_lors,CycleTrack Letters of Recommendation,https://cycletrack.org/lors,55,USA MD,Thomas Jefferson University,Thomas Jefferson University,MD,MD Requirements,https://www.jefferson.edu/academics/colleges-schools-institutes/skmc/admissions/faq.html,https://www.jefferson.edu/academics/colleges-schools-institutes/skmc/admissions/faq.html,FALSE,,
cycletrack_lors,CycleTrack Letters of Recommendation,https://cycletrack.org/lors,55,USA MD,Thomas Jefferson University,Thomas Jefferson University,MD-PhD,MD-PhD Requirements,#,,TRUE,We do not currently have the requirements for this program. Please send us the link for this program at admin@cycletrack.org.,MD-PhD requirement link missing or placeholder
cycletrack_lors,CycleTrack Letters of Recommendation,https://cycletrack.org/lors,56,USA MD,Johns Hopkins University,Johns Hopkins University,MD,MD Requirements,https://www.hopkinsmedicine.org/som/education-programs/md-program/application-process/faqs.html,https://www.hopkinsmedicine.org/som/education-programs/md-program/application-process/faqs.html,FALSE,,
cycletrack_lors,CycleTrack Letters of Recommendation,https://cycletrack.org/lors,56,USA MD,Johns Hopkins University,Johns Hopkins University,MD-PhD,MD-PhD Requirements,https://mdphd.johnshopkins.edu/admissions/,https://mdphd.johnshopkins.edu/admissions/,FALSE,,
cycletrack_lors,CycleTrack Letters of Recommendation,https://cycletrack.org/lors,57,USA MD,Kaiser Permanente,Kaiser Permanente,MD,MD Requirements,https://medschool.kp.org/admissions/application-process,https://medschool.kp.org/admissions/application-process,FALSE,,
cycletrack_lors,CycleTrack Letters of Recommendation,https://cycletrack.org/lors,57,USA MD,Kaiser Permanente,Kaiser Permanente,MD-PhD,MD-PhD Requirements,https://medschool.kp.org/admissions/application-process,https://medschool.kp.org/admissions/application-process,FALSE,,
cycletrack_lors,CycleTrack Letters of Recommendation,https://cycletrack.org/lors,58,USA MD,University of Kansas,University of Kansas,MD,MD Requirements,https://www.kumc.edu/school-of-medicine/academics/degree-programs/md-program/admission-and-aid/eligibility-and-application-requirements.html,https://www.kumc.edu/school-of-medicine/academics/degree-programs/md-program/admission-and-aid/eligibility-and-application-requirements.html,FALSE,,
cycletrack_lors,CycleTrack Letters of Recommendation,https://cycletrack.org/lors,58,USA MD,University of Kansas,University of Kansas,MD-PhD,MD-PhD Requirements,https://www.kumc.edu/school-of-medicine/academics/degree-programs/md-phd-program/admissions-and-aid.html,https://www.kumc.edu/school-of-medicine/academics/degree-programs/md-phd-program/admissions-and-aid.html,FALSE,,
cycletrack_lors,CycleTrack Letters of Recommendation,https://cycletrack.org/lors,59,USA MD,University of Kentucky,University of Kentucky,MD,MD Requirements,https://meded.med.uky.edu/how-apply,https://meded.med.uky.edu/how-apply,FALSE,,
cycletrack_lors,CycleTrack Letters of Recommendation,https://cycletrack.org/lors,59,USA MD,University of Kentucky,University of Kentucky,MD-PhD,MD-PhD Requirements,https://mdphd.med.uky.edu/application-process,https://mdphd.med.uky.edu/application-process,FALSE,,
cycletrack_lors,CycleTrack Letters of Recommendation,https://cycletrack.org/lors,60,USA MD,Louisiana State University (New Orleans),Louisiana State University (New Orleans),MD,MD Requirements,https://www.medschool.lsuhsc.edu/admissions/Requirements.aspx,https://www.medschool.lsuhsc.edu/admissions/Requirements.aspx,FALSE,,
cycletrack_lors,CycleTrack Letters of Recommendation,https://cycletrack.org/lors,60,USA MD,Louisiana State University (New Orleans),Louisiana State University (New Orleans),MD-PhD,MD-PhD Requirements,#,,TRUE,We do not currently have the requirements for this program. Please send us the link for this program at admin@cycletrack.org.,MD-PhD requirement link missing or placeholder
cycletrack_lors,CycleTrack Letters of Recommendation,https://cycletrack.org/lors,61,USA MD,Louisiana State University (Shreveport),Louisiana State University (Shreveport),MD,MD Requirements,https://www.lsuhs.edu/our-schools/school-of-medicine/admissions/faqs,https://www.lsuhs.edu/our-schools/school-of-medicine/admissions/faqs,FALSE,,
cycletrack_lors,CycleTrack Letters of Recommendation,https://cycletrack.org/lors,61,USA MD,Louisiana State University (Shreveport),Louisiana State University (Shreveport),MD-PhD,MD-PhD Requirements,#,,TRUE,We do not currently have the requirements for this program. Please send us the link for this program at admin@cycletrack.org.,MD-PhD requirement link missing or placeholder
cycletrack_lors,CycleTrack Letters of Recommendation,https://cycletrack.org/lors,62,USA MD,Loma Linda University,Loma Linda University,MD,MD Requirements,https://medicine.llu.edu/admissions/medicine-md-program/admission-requirements-and-application-process,https://medicine.llu.edu/admissions/medicine-md-program/admission-requirements-and-application-process,FALSE,,
cycletrack_lors,CycleTrack Letters of Recommendation,https://cycletrack.org/lors,62,USA MD,Loma Linda University,Loma Linda University,MD-PhD,MD-PhD Requirements,https://medicine.llu.edu/admissions/medicine-md-program/admission-requirements-and-application-process,https://medicine.llu.edu/admissions/medicine-md-program/admission-requirements-and-application-process,FALSE,,
cycletrack_lors,CycleTrack Letters of Recommendation,https://cycletrack.org/lors,63,USA MD,University of Louisville,University of Louisville,MD,MD Requirements,https://louisville.edu/medicine/admissions/app-process/submit-letters-of-recommendation,https://louisville.edu/medicine/admissions/app-process/submit-letters-of-recommendation,FALSE,,
cycletrack_lors,CycleTrack Letters of Recommendation,https://cycletrack.org/lors,63,USA MD,University of Louisville,University of Louisville,MD-PhD,MD-PhD Requirements,https://louisville.edu/medicine/admissions/app-process/submit-letters-of-recommendation,https://louisville.edu/medicine/admissions/app-process/submit-letters-of-recommendation,FALSE,,
cycletrack_lors,CycleTrack Letters of Recommendation,https://cycletrack.org/lors,64,USA MD,Loyola University,Loyola University,MD,MD Requirements,https://ssom.luc.edu/admissions/currentapplicants/applyingtostritch/basicrequirements/,https://ssom.luc.edu/admissions/currentapplicants/applyingtostritch/basicrequirements/,FALSE,,
cycletrack_lors,CycleTrack Letters of Recommendation,https://cycletrack.org/lors,64,USA MD,Loyola University,Loyola University,MD-PhD,MD-PhD Requirements,https://ssom.luc.edu/admissions/currentapplicants/applyingtostritch/basicrequirements/,https://ssom.luc.edu/admissions/currentapplicants/applyingtostritch/basicrequirements/,FALSE,,
cycletrack_lors,CycleTrack Letters of Recommendation,https://cycletrack.org/lors,65,USA MD,Marshall University,Marshall University,MD,MD Requirements,https://jcesom.marshall.edu/admissions/admissions-criteria/,https://jcesom.marshall.edu/admissions/admissions-criteria/,FALSE,,
cycletrack_lors,CycleTrack Letters of Recommendation,https://cycletrack.org/lors,65,USA MD,Marshall University,Marshall University,MD-PhD,MD-PhD Requirements,,,TRUE,,MD-PhD requirement link missing or placeholder
cycletrack_lors,CycleTrack Letters of Recommendation,https://cycletrack.org/lors,66,USA MD,University of Maryland,University of Maryland,MD,MD Requirements,https://www.medschool.umaryland.edu/admissions/Your-Path-to-Medical-School/,https://www.medschool.umaryland.edu/admissions/Your-Path-to-Medical-School/,FALSE,,
cycletrack_lors,CycleTrack Letters of Recommendation,https://cycletrack.org/lors,66,USA MD,University of Maryland,University of Maryland,MD-PhD,MD-PhD Requirements,https://mdphd.umaryland.edu/Admissions/Application-Process/,https://mdphd.umaryland.edu/Admissions/Application-Process/,FALSE,,
cycletrack_lors,CycleTrack Letters of Recommendation,https://cycletrack.org/lors,67,USA MD,University of Massachusetts,University of Massachusetts,MD,MD Requirements,https://www.umassmed.edu/som/admissions/apply/how-to-apply/,https://www.umassmed.edu/som/admissions/apply/how-to-apply/,FALSE,,
cycletrack_lors,CycleTrack Letters of Recommendation,https://cycletrack.org/lors,67,USA MD,University of Massachusetts,University of Massachusetts,MD-PhD,MD-PhD Requirements,https://www.umassmed.edu/som/admissions/apply/how-to-apply/,https://www.umassmed.edu/som/admissions/apply/how-to-apply/,FALSE,,
cycletrack_lors,CycleTrack Letters of Recommendation,https://cycletrack.org/lors,68,USA MD,Mayo Clinic,Mayo Clinic,MD,MD Requirements,https://college.mayo.edu/academics/mayo-clinic-alix-school-of-medicine/md-program/how-to-apply/,https://college.mayo.edu/academics/mayo-clinic-alix-school-of-medicine/md-program/how-to-apply/,FALSE,,
cycletrack_lors,CycleTrack Letters of Recommendation,https://cycletrack.org/lors,68,USA MD,Mayo Clinic,Mayo Clinic,MD-PhD,MD-PhD Requirements,https://college.mayo.edu/academics/biomedical-research-training/medical-scientist-training-program-md-phd/admissions,https://college.mayo.edu/academics/biomedical-research-training/medical-scientist-training-program-md-phd/admissions,FALSE,,
cycletrack_lors,CycleTrack Letters of Recommendation,https://cycletrack.org/lors,69,USA MD,Medical College of Georgia,Medical College of Georgia,MD,MD Requirements,https://www.augusta.edu/mcg/admissions/application-procedures.php,https://www.augusta.edu/mcg/admissions/application-procedures.php,FALSE,,
cycletrack_lors,CycleTrack Letters of Recommendation,https://cycletrack.org/lors,69,USA MD,Medical College of Georgia,Medical College of Georgia,MD-PhD,MD-PhD Requirements,https://www.augusta.edu/mcg/admissions/application-procedures.php,https://www.augusta.edu/mcg/admissions/application-procedures.php,FALSE,,
cycletrack_lors,CycleTrack Letters of Recommendation,https://cycletrack.org/lors,70,USA MD,Medical College of Wisconsin,Medical College of Wisconsin,MD,MD Requirements,https://www.mcw.edu/education/medical-school/prospective-students/admissions,https://www.mcw.edu/education/medical-school/prospective-students/admissions,FALSE,,
cycletrack_lors,CycleTrack Letters of Recommendation,https://cycletrack.org/lors,70,USA MD,Medical College of Wisconsin,Medical College of Wisconsin,MD-PhD,MD-PhD Requirements,https://www.mcw.edu/education/medical-scientist-training-program/admissions,https://www.mcw.edu/education/medical-scientist-training-program/admissions,FALSE,,
cycletrack_lors,CycleTrack Letters of Recommendation,https://cycletrack.org/lors,71,USA MD,Medical University of South Carolina,Medical University of South Carolina,MD,MD Requirements,https://medicine.musc.edu/departments/phs/academics/ms-and-phd/admissions-criteria/admissions-requirements,https://medicine.musc.edu/departments/phs/academics/ms-and-phd/admissions-criteria/admissions-requirements,FALSE,,
cycletrack_lors,CycleTrack Letters of Recommendation,https://cycletrack.org/lors,71,USA MD,Medical University of South Carolina,Medical University of South Carolina,MD-PhD,MD-PhD Requirements,https://gradstudies.musc.edu/programs/combined-degree/mstp/mstp-application-information,https://gradstudies.musc.edu/programs/combined-degree/mstp/mstp-application-information,FALSE,,
cycletrack_lors,CycleTrack Letters of Recommendation,https://cycletrack.org/lors,72,USA MD,Meharry Medical College,Meharry Medical College,MD,MD Requirements,https://home.mmc.edu/admissions/school-of-medicine/frequently-asked-questions/,https://home.mmc.edu/admissions/school-of-medicine/frequently-asked-questions/,FALSE,,
cycletrack_lors,CycleTrack Letters of Recommendation,https://cycletrack.org/lors,72,USA MD,Meharry Medical College,Meharry Medical College,MD-PhD,,,,TRUE,,MD-PhD requirement cell blank
cycletrack_lors,CycleTrack Letters of Recommendation,https://cycletrack.org/lors,73,USA MD,Mercer University,Mercer University,MD,MD Requirements,https://medicine.mercer.edu/admissions/doctor-of-medicine/admissions-process/,https://medicine.mercer.edu/admissions/doctor-of-medicine/admissions-process/,FALSE,,
cycletrack_lors,CycleTrack Letters of Recommendation,https://cycletrack.org/lors,73,USA MD,Mercer University,Mercer University,MD-PhD,,,,TRUE,,MD-PhD requirement cell blank
cycletrack_lors,CycleTrack Letters of Recommendation,https://cycletrack.org/lors,74,USA MD,Methodist University,Methodist University,MD,MD Requirements,https://www.methodist.edu/academics/medicine/admissions/requirements/,https://www.methodist.edu/academics/medicine/admissions/requirements/,FALSE,,
cycletrack_lors,CycleTrack Letters of Recommendation,https://cycletrack.org/lors,74,USA MD,Methodist University,Methodist University,MD-PhD,,,,TRUE,,MD-PhD requirement cell blank
cycletrack_lors,CycleTrack Letters of Recommendation,https://cycletrack.org/lors,75,USA MD,University of Miami,University of Miami,MD,MD Requirements,https://med.miami.edu/medical-programs/md-program/application-process,https://med.miami.edu/medical-programs/md-program/application-process,FALSE,,
cycletrack_lors,CycleTrack Letters of Recommendation,https://cycletrack.org/lors,75,USA MD,University of Miami,University of Miami,MD-PhD,MD-PhD Requirements,https://med.miami.edu/graduate-studies/doctoral-programs/medical-scientist-training-program/application-process,https://med.miami.edu/graduate-studies/doctoral-programs/medical-scientist-training-program/application-process,FALSE,,
cycletrack_lors,CycleTrack Letters of Recommendation,https://cycletrack.org/lors,76,USA MD,University of Michigan,University of Michigan,MD,MD Requirements,https://medicine.umich.edu/medschool/education/md-program/md-admissions/requirements,https://medicine.umich.edu/medschool/education/md-program/md-admissions/requirements,FALSE,,
cycletrack_lors,CycleTrack Letters of Recommendation,https://cycletrack.org/lors,76,USA MD,University of Michigan,University of Michigan,MD-PhD,MD-PhD Requirements,https://medicine.umich.edu/medschool/education/md-phd-program/md-phd-admissions/application-requirements,https://medicine.umich.edu/medschool/education/md-phd-program/md-phd-admissions/application-requirements,FALSE,,
cycletrack_lors,CycleTrack Letters of Recommendation,https://cycletrack.org/lors,77,USA MD,Michigan State University,Michigan State University,MD,MD Requirements,https://mdadmissions.msu.edu/applicants/letters.html,https://mdadmissions.msu.edu/applicants/letters.html,FALSE,,
cycletrack_lors,CycleTrack Letters of Recommendation,https://cycletrack.org/lors,77,USA MD,Michigan State University,Michigan State University,MD-PhD,MD-PhD Requirements,https://mdadmissions.msu.edu/programs/MD_PhD1/md-phd-chm-msu.html,https://mdadmissions.msu.edu/programs/MD_PhD1/md-phd-chm-msu.html,FALSE,,
cycletrack_lors,CycleTrack Letters of Recommendation,https://cycletrack.org/lors,78,USA MD,University of Minnesota,University of Minnesota,MD,MD Requirements,https://med.umn.edu/admissions/how-apply/application-process,https://med.umn.edu/admissions/how-apply/application-process,FALSE,,
cycletrack_lors,CycleTrack Letters of Recommendation,https://cycletrack.org/lors,78,USA MD,University of Minnesota,University of Minnesota,MD-PhD,MD-PhD Requirements,https://med.umn.edu/education-training/medical-scientist-training-program-mdphd/mstp-admissions/how-apply,https://med.umn.edu/education-training/medical-scientist-training-program-mdphd/mstp-admissions/how-apply,FALSE,,
cycletrack_lors,CycleTrack Letters of Recommendation,https://cycletrack.org/lors,79,USA MD,University of Mississippi,University of Mississippi,MD,MD Requirements,https://www.umc.edu/som/Departments%20and%20Offices/SOM%20Administrative%20Offices/SOM%20Admissions/Applicant%20Evaluation%20and%20Decisions/Faculty%20Letters%20of%20Evaluation.html,https://www.umc.edu/som/Departments%20and%20Offices/SOM%20Administrative%20Offices/SOM%20Admissions/Applicant%20Evaluation%20and%20Decisions/Faculty%20Letters%20of%20Evaluation.html,FALSE,,
cycletrack_lors,CycleTrack Letters of Recommendation,https://cycletrack.org/lors,79,USA MD,University of Mississippi,University of Mississippi,MD-PhD,MD-PhD Requirements,https://www.umc.edu/graduateschool/Degree-Programs/MD-PhD/MD-PhD-Overview.html,https://www.umc.edu/graduateschool/Degree-Programs/MD-PhD/MD-PhD-Overview.html,FALSE,,
cycletrack_lors,CycleTrack Letters of Recommendation,https://cycletrack.org/lors,80,USA MD,University of Missouri (Columbia),University of Missouri (Columbia),MD,MD Requirements,https://medicine.missouri.edu/offices-programs/admissions/medical-school-application-requirements,https://medicine.missouri.edu/offices-programs/admissions/medical-school-application-requirements,FALSE,,
cycletrack_lors,CycleTrack Letters of Recommendation,https://cycletrack.org/lors,80,USA MD,University of Missouri (Columbia),University of Missouri (Columbia),MD-PhD,MD-PhD Requirements,#,,TRUE,We do not currently have the requirements for this program. Please send us the link for this program at admin@cycletrack.org.,MD-PhD requirement link missing or placeholder
cycletrack_lors,CycleTrack Letters of Recommendation,https://cycletrack.org/lors,81,USA MD,University of Missouri (Kansas City),University of Missouri (Kansas City),MD,MD Requirements,https://med.umkc.edu/md-kansas-city/apply/,https://med.umkc.edu/md-kansas-city/apply/,FALSE,,
cycletrack_lors,CycleTrack Letters of Recommendation,https://cycletrack.org/lors,81,USA MD,University of Missouri (Kansas City),University of Missouri (Kansas City),MD-PhD,,,,TRUE,,MD-PhD requirement cell blank
cycletrack_lors,CycleTrack Letters of Recommendation,https://cycletrack.org/lors,82,USA MD,Morehouse School of Medicine,Morehouse School of Medicine,MD,MD Requirements,https://www.msm.edu/Admissions/doctor-of-medicine/admissions-requirements.php,https://www.msm.edu/Admissions/doctor-of-medicine/admissions-requirements.php,FALSE,,
cycletrack_lors,CycleTrack Letters of Recommendation,https://cycletrack.org/lors,82,USA MD,Morehouse School of Medicine,Morehouse School of Medicine,MD-PhD,MD-PhD Requirements,#,,TRUE,We do not currently have the requirements for this program. Please send us the link for this program at admin@cycletrack.org.,MD-PhD requirement link missing or placeholder
cycletrack_lors,CycleTrack Letters of Recommendation,https://cycletrack.org/lors,83,USA MD,Icahn School of Medicine,Icahn School of Medicine,MD,MD Requirements,https://icahn.mssm.edu/education/admissions/application,https://icahn.mssm.edu/education/admissions/application,FALSE,,
cycletrack_lors,CycleTrack Letters of Recommendation,https://cycletrack.org/lors,83,USA MD,Icahn School of Medicine,Icahn School of Medicine,MD-PhD,MD-PhD Requirements,#,,TRUE,We do not currently have the requirements for this program. Please send us the link for this program at admin@cycletrack.org.,MD-PhD requirement link missing or placeholder
cycletrack_lors,CycleTrack Letters of Recommendation,https://cycletrack.org/lors,84,USA MD,University of Nebraska,University of Nebraska,MD,MD Requirements,https://catalog.unmc.edu/medicine/application-process/,https://catalog.unmc.edu/medicine/application-process/,FALSE,,
cycletrack_lors,CycleTrack Letters of Recommendation,https://cycletrack.org/lors,84,USA MD,University of Nebraska,University of Nebraska,MD-PhD,MD-PhD Requirements,https://www.unmc.edu/mdphd/admissions/application-process.html,https://www.unmc.edu/mdphd/admissions/application-process.html,FALSE,,
cycletrack_lors,CycleTrack Letters of Recommendation,https://cycletrack.org/lors,85,USA MD,University of Nevada,University of Nevada,MD,MD Requirements,https://med.unr.edu/md-admissions/application-requirements,https://med.unr.edu/md-admissions/application-requirements,FALSE,,
cycletrack_lors,CycleTrack Letters of Recommendation,https://cycletrack.org/lors,85,USA MD,University of Nevada,University of Nevada,MD-PhD,MD-PhD Requirements,#,,TRUE,We do not currently have the requirements for this program. Please send us the link for this program at admin@cycletrack.org.,MD-PhD requirement link missing or placeholder
cycletrack_lors,CycleTrack Letters of Recommendation,https://cycletrack.org/lors,86,USA MD,University of New Mexico,University of New Mexico,MD,MD Requirements,https://hsc.unm.edu/medicine/education/md/admissions/apply/letters-recommendation.html,https://hsc.unm.edu/medicine/education/md/admissions/apply/letters-recommendation.html,FALSE,,
cycletrack_lors,CycleTrack Letters of Recommendation,https://cycletrack.org/lors,86,USA MD,University of New Mexico,University of New Mexico,MD-PhD,MD-PhD Requirements,https://hsc.unm.edu/medicine/education/md/admissions/apply/letters-recommendation.html,https://hsc.unm.edu/medicine/education/md/admissions/apply/letters-recommendation.html,FALSE,,
cycletrack_lors,CycleTrack Letters of Recommendation,https://cycletrack.org/lors,87,USA MD,New York Medical College,New York Medical College,MD,MD Requirements,#,,TRUE,We do not currently have the requirements for this program. Please send us the link for this program at admin@cycletrack.org.,MD requirement link missing or placeholder
cycletrack_lors,CycleTrack Letters of Recommendation,https://cycletrack.org/lors,87,USA MD,New York Medical College,New York Medical College,MD-PhD,MD-PhD Requirements,https://www.nymc.edu/graduate-school-of-basic-medical-sciences-gsbms/admissions--financial-aid/admission-requirements/,https://www.nymc.edu/graduate-school-of-basic-medical-sciences-gsbms/admissions--financial-aid/admission-requirements/,FALSE,,MD requirement link missing or placeholder
cycletrack_lors,CycleTrack Letters of Recommendation,https://cycletrack.org/lors,88,USA MD,NYU Grossman,NYU Grossman,MD,MD Requirements,https://med.nyu.edu/education/md-degree/md-admissions/admissions-requirements,https://med.nyu.edu/education/md-degree/md-admissions/admissions-requirements,FALSE,,
cycletrack_lors,CycleTrack Letters of Recommendation,https://cycletrack.org/lors,88,USA MD,NYU Grossman,NYU Grossman,MD-PhD,MD-PhD Requirements,https://med.nyu.edu/research/vilcek-institute-graduate-biomedical-sciences/md-phd-program/admissions,https://med.nyu.edu/research/vilcek-institute-graduate-biomedical-sciences/md-phd-program/admissions,FALSE,,
cycletrack_lors,CycleTrack Letters of Recommendation,https://cycletrack.org/lors,89,USA MD,NYU Grossman (Long Island),NYU Grossman (Long Island),MD,MD Requirements,https://medli.nyu.edu/education/md-degree/md-admissions/admissions-requirements,https://medli.nyu.edu/education/md-degree/md-admissions/admissions-requirements,FALSE,,
cycletrack_lors,CycleTrack Letters of Recommendation,https://cycletrack.org/lors,89,USA MD,NYU Grossman (Long Island),NYU Grossman (Long Island),MD-PhD,,,,TRUE,,MD-PhD requirement cell blank
cycletrack_lors,CycleTrack Letters of Recommendation,https://cycletrack.org/lors,90,USA MD,University of North Carolina Chapel Hill,University of North Carolina Chapel Hill,MD,MD Requirements,https://www.med.unc.edu/admit/requirements/admissions-process/,https://www.med.unc.edu/admit/requirements/admissions-process/,FALSE,,
cycletrack_lors,CycleTrack Letters of Recommendation,https://cycletrack.org/lors,90,USA MD,University of North Carolina Chapel Hill,University of North Carolina Chapel Hill,MD-PhD,MD-PhD Requirements,https://www.med.unc.edu/mdphd/admissions/process-and-criteria/,https://www.med.unc.edu/mdphd/admissions/process-and-criteria/,FALSE,,
cycletrack_lors,CycleTrack Letters of Recommendation,https://cycletrack.org/lors,91,USA MD,University of North Dakota,University of North Dakota,MD,MD Requirements,https://med.und.edu/student-affairs-admissions/application-process.html,https://med.und.edu/student-affairs-admissions/application-process.html,FALSE,,
cycletrack_lors,CycleTrack Letters of Recommendation,https://cycletrack.org/lors,91,USA MD,University of North Dakota,University of North Dakota,MD-PhD,MD-PhD Requirements,#,,TRUE,We do not currently have the requirements for this program. Please send us the link for this program at admin@cycletrack.org.,MD-PhD requirement link missing or placeholder
cycletrack_lors,CycleTrack Letters of Recommendation,https://cycletrack.org/lors,92,USA MD,Northeast Ohio Medical University,Northeast Ohio Medical University,MD,MD Requirements,https://www.neomed.edu/medicine/admissions/paths/traditional-admission/,https://www.neomed.edu/medicine/admissions/paths/traditional-admission/,FALSE,,
cycletrack_lors,CycleTrack Letters of Recommendation,https://cycletrack.org/lors,92,USA MD,Northeast Ohio Medical University,Northeast Ohio Medical University,MD-PhD,,,,TRUE,,MD-PhD requirement cell blank
cycletrack_lors,CycleTrack Letters of Recommendation,https://cycletrack.org/lors,93,USA MD,Northwestern University,Northwestern University,MD,MD Requirements,https://www.feinberg.northwestern.edu/admissions/how-to-apply/requirements.html,https://www.feinberg.northwestern.edu/admissions/how-to-apply/requirements.html,FALSE,,
cycletrack_lors,CycleTrack Letters of Recommendation,https://cycletrack.org/lors,93,USA MD,Northwestern University,Northwestern University,MD-PhD,MD-PhD Requirements,https://www.feinberg.northwestern.edu/sites/mstp/how-to-apply/faq.html,https://www.feinberg.northwestern.edu/sites/mstp/how-to-apply/faq.html,FALSE,,
cycletrack_lors,CycleTrack Letters of Recommendation,https://cycletrack.org/lors,94,USA MD,Nova Southeastern University,Nova Southeastern University,MD,MD Requirements,https://md.nova.edu/admissions/admissions-requirements.html,https://md.nova.edu/admissions/admissions-requirements.html,FALSE,,
cycletrack_lors,CycleTrack Letters of Recommendation,https://cycletrack.org/lors,94,USA MD,Nova Southeastern University,Nova Southeastern University,MD-PhD,,,,TRUE,,MD-PhD requirement cell blank
cycletrack_lors,CycleTrack Letters of Recommendation,https://cycletrack.org/lors,95,USA MD,Oakland University,Oakland University,MD,MD Requirements,https://oakland.edu/medicine/admissions/requirements/,https://oakland.edu/medicine/admissions/requirements/,FALSE,,
cycletrack_lors,CycleTrack Letters of Recommendation,https://cycletrack.org/lors,95,USA MD,Oakland University,Oakland University,MD-PhD,,,,TRUE,,MD-PhD requirement cell blank
cycletrack_lors,CycleTrack Letters of Recommendation,https://cycletrack.org/lors,96,USA MD,Ohio State University,Ohio State University,MD,MD Requirements,https://medicine.osu.edu/education/md/admissions/before-you-apply/requirements,https://medicine.osu.edu/education/md/admissions/before-you-apply/requirements,FALSE,,
cycletrack_lors,CycleTrack Letters of Recommendation,https://cycletrack.org/lors,96,USA MD,Ohio State University,Ohio State University,MD-PhD,MD-PhD Requirements,https://medicine.osu.edu/education/dual-degree/mstp/admissions/application-requirements,https://medicine.osu.edu/education/dual-degree/mstp/admissions/application-requirements,FALSE,,
cycletrack_lors,CycleTrack Letters of Recommendation,https://cycletrack.org/lors,97,USA MD,University of Oklahoma,University of Oklahoma,MD,MD Requirements,https://medicine.ouhsc.edu/Prospective-Students/Admissions/Admissions-Process,https://medicine.ouhsc.edu/Prospective-Students/Admissions/Admissions-Process,FALSE,,
cycletrack_lors,CycleTrack Letters of Recommendation,https://cycletrack.org/lors,97,USA MD,University of Oklahoma,University of Oklahoma,MD-PhD,MD-PhD Requirements,https://mdphd.ouhsc.edu/welcome/faq.cfm,https://mdphd.ouhsc.edu/welcome/faq.cfm,FALSE,,
cycletrack_lors,CycleTrack Letters of Recommendation,https://cycletrack.org/lors,98,USA MD,Oregon Health & Science University,Oregon Health & Science University,MD,MD Requirements,https://www.ohsu.edu/school-of-medicine/md-program/admissions,https://www.ohsu.edu/school-of-medicine/md-program/admissions,FALSE,,
cycletrack_lors,CycleTrack Letters of Recommendation,https://cycletrack.org/lors,98,USA MD,Oregon Health & Science University,Oregon Health & Science University,MD-PhD,MD-PhD Requirements,https://www.ohsu.edu/school-of-medicine/md-phd-program/admissions,https://www.ohsu.edu/school-of-medicine/md-phd-program/admissions,FALSE,,
cycletrack_lors,CycleTrack Letters of Recommendation,https://cycletrack.org/lors,99,USA MD,Pennsylvania State University,Pennsylvania State University,MD,MD Requirements,https://med.psu.edu/md/apply/process,https://med.psu.edu/md/apply/process,FALSE,,
cycletrack_lors,CycleTrack Letters of Recommendation,https://cycletrack.org/lors,99,USA MD,Pennsylvania State University,Pennsylvania State University,MD-PhD,MD-PhD Requirements,#,,TRUE,We do not currently have the requirements for this program. Please send us the link for this program at admin@cycletrack.org.,MD-PhD requirement link missing or placeholder
cycletrack_lors,CycleTrack Letters of Recommendation,https://cycletrack.org/lors,100,USA MD,University of Pennsylvania,University of Pennsylvania,MD,MD Requirements,https://www.med.upenn.edu/admissions/applications-procedures.html,https://www.med.upenn.edu/admissions/applications-procedures.html,FALSE,,
cycletrack_lors,CycleTrack Letters of Recommendation,https://cycletrack.org/lors,100,USA MD,University of Pennsylvania,University of Pennsylvania,MD-PhD,MD-PhD Requirements,#,,TRUE,We do not currently have the requirements for this program. Please send us the link for this program at admin@cycletrack.org.,MD-PhD requirement link missing or placeholder
cycletrack_lors,CycleTrack Letters of Recommendation,https://cycletrack.org/lors,101,USA MD,University of Pittsburgh,University of Pittsburgh,MD,MD Requirements,https://www.medadmissions.pitt.edu/admissions/you-apply/letters-recommendation,https://www.medadmissions.pitt.edu/admissions/you-apply/letters-recommendation,FALSE,,
cycletrack_lors,CycleTrack Letters of Recommendation,https://cycletrack.org/lors,101,USA MD,University of Pittsburgh,University of Pittsburgh,MD-PhD,MD-PhD Requirements,https://mdphd.pitt.edu/admissions/faq,https://mdphd.pitt.edu/admissions/faq,FALSE,,
cycletrack_lors,CycleTrack Letters of Recommendation,https://cycletrack.org/lors,102,USA MD,Ponce Health Sciences University,Ponce Health Sciences University,MD,MD Requirements,https://www.psm.edu/school-of-medicine/admission-requirements/,https://www.psm.edu/school-of-medicine/admission-requirements/,FALSE,,
cycletrack_lors,CycleTrack Letters of Recommendation,https://cycletrack.org/lors,102,USA MD,Ponce Health Sciences University,Ponce Health Sciences University,MD-PhD,,,,TRUE,,MD-PhD requirement cell blank
cycletrack_lors,CycleTrack Letters of Recommendation,https://cycletrack.org/lors,103,USA MD,Quinnipiac University,Quinnipiac University,MD,MD Requirements,https://www.qu.edu/schools/medicine/admissions/apply/,https://www.qu.edu/schools/medicine/admissions/apply/,FALSE,,
cycletrack_lors,CycleTrack Letters of Recommendation,https://cycletrack.org/lors,103,USA MD,Quinnipiac University,Quinnipiac University,MD-PhD,,,,TRUE,,MD-PhD requirement cell blank
cycletrack_lors,CycleTrack Letters of Recommendation,https://cycletrack.org/lors,104,USA MD,University of Rochester,University of Rochester,MD,MD Requirements,https://www.urmc.rochester.edu/education/md/admissions/apply.aspx,https://www.urmc.rochester.edu/education/md/admissions/apply.aspx,FALSE,,
cycletrack_lors,CycleTrack Letters of Recommendation,https://cycletrack.org/lors,104,USA MD,University of Rochester,University of Rochester,MD-PhD,MD-PhD Requirements,https://www.urmc.rochester.edu/education/md-phd/applying/faqs.aspx,https://www.urmc.rochester.edu/education/md-phd/applying/faqs.aspx,FALSE,,
cycletrack_lors,CycleTrack Letters of Recommendation,https://cycletrack.org/lors,105,USA MD,Rosalind Franklin University,Rosalind Franklin University,MD,MD Requirements,https://www.rosalindfranklin.edu/academics/chicago-medical-school/degree-programs/allopathic-medicine-md/application-requirements/,https://www.rosalindfranklin.edu/academics/chicago-medical-school/degree-programs/allopathic-medicine-md/application-requirements/,FALSE,,
cycletrack_lors,CycleTrack Letters of Recommendation,https://cycletrack.org/lors,105,USA MD,Rosalind Franklin University,Rosalind Franklin University,MD-PhD,MD-PhD Requirements,https://www.rosalindfranklin.edu/academics/chicago-medical-school/degree-programs/allopathic-medicine-md/application-requirements/,https://www.rosalindfranklin.edu/academics/chicago-medical-school/degree-programs/allopathic-medicine-md/application-requirements/,FALSE,,
cycletrack_lors,CycleTrack Letters of Recommendation,https://cycletrack.org/lors,106,USA MD,Roseman University College of Medicine,Roseman University College of Medicine,MD,MD Requirements,None,,TRUE,,MD requirement link missing or placeholder
cycletrack_lors,CycleTrack Letters of Recommendation,https://cycletrack.org/lors,106,USA MD,Roseman University College of Medicine,Roseman University College of Medicine,MD-PhD,,,,TRUE,,MD requirement link missing or placeholder; MD-PhD requirement cell blank
cycletrack_lors,CycleTrack Letters of Recommendation,https://cycletrack.org/lors,107,USA MD,Rush University,Rush University,MD,MD Requirements,https://www.rushu.rush.edu/rush-medical-college/doctor-medicine-md-program/admission-requirements,https://www.rushu.rush.edu/rush-medical-college/doctor-medicine-md-program/admission-requirements,FALSE,,
cycletrack_lors,CycleTrack Letters of Recommendation,https://cycletrack.org/lors,107,USA MD,Rush University,Rush University,MD-PhD,,,,TRUE,,MD-PhD requirement cell blank
cycletrack_lors,CycleTrack Letters of Recommendation,https://cycletrack.org/lors,108,USA MD,Rutgers University (New Jersey),Rutgers University (New Jersey),MD,MD Requirements,https://njms.rutgers.edu/admissions/apply_letters.php,https://njms.rutgers.edu/admissions/apply_letters.php,FALSE,,
cycletrack_lors,CycleTrack Letters of Recommendation,https://cycletrack.org/lors,108,USA MD,Rutgers University (New Jersey),Rutgers University (New Jersey),MD-PhD,MD-PhD Requirements,#,,TRUE,We do not currently have the requirements for this program. Please send us the link for this program at admin@cycletrack.org.,MD-PhD requirement link missing or placeholder
cycletrack_lors,CycleTrack Letters of Recommendation,https://cycletrack.org/lors,109,USA MD,Rutgers University (Robert Wood Johnson),Rutgers University (Robert Wood Johnson),MD,MD Requirements,https://rwjms.rutgers.edu/education/medical_education/prospective-students/applying-to-rwjms,https://rwjms.rutgers.edu/education/medical_education/prospective-students/applying-to-rwjms,FALSE,,
cycletrack_lors,CycleTrack Letters of Recommendation,https://cycletrack.org/lors,109,USA MD,Rutgers University (Robert Wood Johnson),Rutgers University (Robert Wood Johnson),MD-PhD,MD-PhD Requirements,https://rwjms.rutgers.edu/education/medical_education/prospective-students/applying-to-rwjms,https://rwjms.rutgers.edu/education/medical_education/prospective-students/applying-to-rwjms,FALSE,,
cycletrack_lors,CycleTrack Letters of Recommendation,https://cycletrack.org/lors,110,USA MD,State University of New York Downstate Health Sciences University,State University of New York Downstate Health Sciences University,MD,MD Requirements,https://www.downstate.edu/education-training/college-of-medicine/admissions/letters-of-recommendation.html,https://www.downstate.edu/education-training/college-of-medicine/admissions/letters-of-recommendation.html,FALSE,,
cycletrack_lors,CycleTrack Letters of Recommendation,https://cycletrack.org/lors,110,USA MD,State University of New York Downstate Health Sciences University,State University of New York Downstate Health Sciences University,MD-PhD,MD-PhD Requirements,https://www.downstate.edu/education-training/school-of-graduate-studies/programs/md-phd.html,https://www.downstate.edu/education-training/school-of-graduate-studies/programs/md-phd.html,FALSE,,
cycletrack_lors,CycleTrack Letters of Recommendation,https://cycletrack.org/lors,111,USA MD,State University of New York Upstate Medical University,State University of New York Upstate Medical University,MD,MD Requirements,https://www.upstate.edu/com/admissions/letters_of_rec.php,https://www.upstate.edu/com/admissions/letters_of_rec.php,FALSE,,
cycletrack_lors,CycleTrack Letters of Recommendation,https://cycletrack.org/lors,111,USA MD,State University of New York Upstate Medical University,State University of New York Upstate Medical University,MD-PhD,MD-PhD Requirements,https://www.upstate.edu/mdphd/admissions/letters.php,https://www.upstate.edu/mdphd/admissions/letters.php,FALSE,,
cycletrack_lors,CycleTrack Letters of Recommendation,https://cycletrack.org/lors,112,USA MD,Saint Louis University,Saint Louis University,MD,MD Requirements,https://www.slu.edu/medicine/medical-education/md/admissions/how-to-apply.php,https://www.slu.edu/medicine/medical-education/md/admissions/how-to-apply.php,FALSE,,
cycletrack_lors,CycleTrack Letters of Recommendation,https://cycletrack.org/lors,112,USA MD,Saint Louis University,Saint Louis University,MD-PhD,MD-PhD Requirements,https://www.slu.edu/medicine/medical-education/md-phd/apply.php,https://www.slu.edu/medicine/medical-education/md-phd/apply.php,FALSE,,
cycletrack_lors,CycleTrack Letters of Recommendation,https://cycletrack.org/lors,113,USA MD,San Juan Bautista School of Medicine,San Juan Bautista School of Medicine,MD,MD Requirements,https://www.sanjuanbautista.edu/school/md-program/requirements.html,https://www.sanjuanbautista.edu/school/md-program/requirements.html,FALSE,,
cycletrack_lors,CycleTrack Letters of Recommendation,https://cycletrack.org/lors,113,USA MD,San Juan Bautista School of Medicine,San Juan Bautista School of Medicine,MD-PhD,,,,TRUE,,MD-PhD requirement cell blank
cycletrack_lors,CycleTrack Letters of Recommendation,https://cycletrack.org/lors,114,USA MD,University of South Alabama,University of South Alabama,MD,MD Requirements,https://www.southalabama.edu/colleges/com/futurestudents/apply.html,https://www.southalabama.edu/colleges/com/futurestudents/apply.html,FALSE,,
cycletrack_lors,CycleTrack Letters of Recommendation,https://cycletrack.org/lors,114,USA MD,University of South Alabama,University of South Alabama,MD-PhD,,,,TRUE,,MD-PhD requirement cell blank
cycletrack_lors,CycleTrack Letters of Recommendation,https://cycletrack.org/lors,115,USA MD,University of South Carolina,University of South Carolina,MD,MD Requirements,https://sc.edu/study/colleges_schools/medicine/education/md_program/application/index.php,https://sc.edu/study/colleges_schools/medicine/education/md_program/application/index.php,FALSE,,
cycletrack_lors,CycleTrack Letters of Recommendation,https://cycletrack.org/lors,115,USA MD,University of South Carolina,University of South Carolina,MD-PhD,MD-PhD Requirements,#,,TRUE,We do not currently have the requirements for this program. Please send us the link for this program at admin@cycletrack.org.,MD-PhD requirement link missing or placeholder
cycletrack_lors,CycleTrack Letters of Recommendation,https://cycletrack.org/lors,116,USA MD,University of South Carolina,University of South Carolina,MD,MD Requirements,https://sc.edu/study/colleges_schools/medicine_greenville/admissions/apply.php,https://sc.edu/study/colleges_schools/medicine_greenville/admissions/apply.php,FALSE,,
cycletrack_lors,CycleTrack Letters of Recommendation,https://cycletrack.org/lors,116,USA MD,University of South Carolina,University of South Carolina,MD-PhD,,,,TRUE,,MD-PhD requirement cell blank
cycletrack_lors,CycleTrack Letters of Recommendation,https://cycletrack.org/lors,117,USA MD,University of South Dakota,University of South Dakota,MD,MD Requirements,https://www.usd.edu/Academics/Colleges-and-Schools/sanford-school-of-medicine/Medical-School-Admissions,https://www.usd.edu/Academics/Colleges-and-Schools/sanford-school-of-medicine/Medical-School-Admissions,FALSE,,
cycletrack_lors,CycleTrack Letters of Recommendation,https://cycletrack.org/lors,117,USA MD,University of South Dakota,University of South Dakota,MD-PhD,MD-PhD Requirements,https://www.usd.edu/Academics/Colleges-and-Schools/sanford-school-of-medicine/Medical-School-Admissions,https://www.usd.edu/Academics/Colleges-and-Schools/sanford-school-of-medicine/Medical-School-Admissions,FALSE,,
cycletrack_lors,CycleTrack Letters of Recommendation,https://cycletrack.org/lors,118,USA MD,Southern Illinois University,Southern Illinois University,MD,MD Requirements,https://www.siumed.edu/studentaffairs/requirements-selection-factors-and-policies,https://www.siumed.edu/studentaffairs/requirements-selection-factors-and-policies,FALSE,,
cycletrack_lors,CycleTrack Letters of Recommendation,https://cycletrack.org/lors,118,USA MD,Southern Illinois University,Southern Illinois University,MD-PhD,,,,TRUE,,MD-PhD requirement cell blank
cycletrack_lors,CycleTrack Letters of Recommendation,https://cycletrack.org/lors,119,USA MD,Stanford University,Stanford University,MD,MD Requirements,https://med.stanford.edu/md-admissions/how-to-apply.html,https://med.stanford.edu/md-admissions/how-to-apply.html,FALSE,,
cycletrack_lors,CycleTrack Letters of Recommendation,https://cycletrack.org/lors,119,USA MD,Stanford University,Stanford University,MD-PhD,MD-PhD Requirements,https://med.stanford.edu/mstp/admissions.html,https://med.stanford.edu/mstp/admissions.html,FALSE,,
cycletrack_lors,CycleTrack Letters of Recommendation,https://cycletrack.org/lors,120,USA MD,Stony Brook University,Stony Brook University,MD,MD Requirements,https://renaissance.stonybrookmedicine.edu/admissions/applying,https://renaissance.stonybrookmedicine.edu/admissions/applying,FALSE,,
cycletrack_lors,CycleTrack Letters of Recommendation,https://cycletrack.org/lors,120,USA MD,Stony Brook University,Stony Brook University,MD-PhD,MD-PhD Requirements,#,,TRUE,We do not currently have the requirements for this program. Please send us the link for this program at admin@cycletrack.org.,MD-PhD requirement link missing or placeholder
cycletrack_lors,CycleTrack Letters of Recommendation,https://cycletrack.org/lors,121,USA MD,Temple University,Temple University,MD,MD Requirements,https://medicine.temple.edu/education/md-program/how-apply/requirements,https://medicine.temple.edu/education/md-program/how-apply/requirements,FALSE,,
cycletrack_lors,CycleTrack Letters of Recommendation,https://cycletrack.org/lors,121,USA MD,Temple University,Temple University,MD-PhD,MD-PhD Requirements,https://medicine.temple.edu/education/md-program/how-apply/requirements,https://medicine.temple.edu/education/md-program/how-apply/requirements,FALSE,,
cycletrack_lors,CycleTrack Letters of Recommendation,https://cycletrack.org/lors,122,USA MD,University of Tennessee,University of Tennessee,MD,MD Requirements,https://www.uthsc.edu/medicine/admissions/evaluation-and-letters.php,https://www.uthsc.edu/medicine/admissions/evaluation-and-letters.php,FALSE,,
cycletrack_lors,CycleTrack Letters of Recommendation,https://cycletrack.org/lors,122,USA MD,University of Tennessee,University of Tennessee,MD-PhD,MD-PhD Requirements,#,,TRUE,We do not currently have the requirements for this program. Please send us the link for this program at admin@cycletrack.org.,MD-PhD requirement link missing or placeholder
cycletrack_lors,CycleTrack Letters of Recommendation,https://cycletrack.org/lors,123,USA MD,Texas A&M University,Texas A&M University,MD,MD Requirements,https://medicine.tamu.edu/degrees/md/requirements.html,https://medicine.tamu.edu/degrees/md/requirements.html,FALSE,,
cycletrack_lors,CycleTrack Letters of Recommendation,https://cycletrack.org/lors,123,USA MD,Texas A&M University,Texas A&M University,MD-PhD,MD-PhD Requirements,https://medicine.tamu.edu/degrees/md-phd.html#tab-panel-5,https://medicine.tamu.edu/degrees/md-phd.html#tab-panel-5,FALSE,,
cycletrack_lors,CycleTrack Letters of Recommendation,https://cycletrack.org/lors,124,USA MD,Texas Christian University,Texas Christian University,MD,MD Requirements,https://mdschool.tcu.edu/admissions/faq/,https://mdschool.tcu.edu/admissions/faq/,FALSE,,
cycletrack_lors,CycleTrack Letters of Recommendation,https://cycletrack.org/lors,124,USA MD,Texas Christian University,Texas Christian University,MD-PhD,,,,TRUE,,MD-PhD requirement cell blank
cycletrack_lors,CycleTrack Letters of Recommendation,https://cycletrack.org/lors,125,USA MD,Texas Tech University (Foster),Texas Tech University (Foster),MD,MD Requirements,https://elpaso.ttuhsc.edu/gsbs/catalog/admissions.aspx,https://elpaso.ttuhsc.edu/gsbs/catalog/admissions.aspx,FALSE,,
cycletrack_lors,CycleTrack Letters of Recommendation,https://cycletrack.org/lors,125,USA MD,Texas Tech University (Foster),Texas Tech University (Foster),MD-PhD,,,,TRUE,,MD-PhD requirement cell blank
cycletrack_lors,CycleTrack Letters of Recommendation,https://cycletrack.org/lors,126,USA MD,Texas Tech University (Lubbock),Texas Tech University (Lubbock),MD,MD Requirements,#,,TRUE,We do not currently have the requirements for this program. Please send us the link for this program at admin@cycletrack.org.,MD requirement link missing or placeholder
cycletrack_lors,CycleTrack Letters of Recommendation,https://cycletrack.org/lors,126,USA MD,Texas Tech University (Lubbock),Texas Tech University (Lubbock),MD-PhD,MD-PhD Requirements,#,,TRUE,We do not currently have the requirements for this program. Please send us the link for this program at admin@cycletrack.org.,MD requirement link missing or placeholder; MD-PhD requirement link missing or placeholder
cycletrack_lors,CycleTrack Letters of Recommendation,https://cycletrack.org/lors,127,USA MD,University of Toledo,University of Toledo,MD,MD Requirements,https://www.utoledo.edu/med/md/admissions/application.html,https://www.utoledo.edu/med/md/admissions/application.html,FALSE,,
cycletrack_lors,CycleTrack Letters of Recommendation,https://cycletrack.org/lors,127,USA MD,University of Toledo,University of Toledo,MD-PhD,MD-PhD Requirements,https://www.utoledo.edu/med/md/admissions/application.html,https://www.utoledo.edu/med/md/admissions/application.html,FALSE,,
cycletrack_lors,CycleTrack Letters of Recommendation,https://cycletrack.org/lors,128,USA MD,Tufts University,Tufts University,MD,MD Requirements,https://medicine.tufts.edu/admissions-financial-aid/admission-program/doctor-medicine/letters-recommendation,https://medicine.tufts.edu/admissions-financial-aid/admission-program/doctor-medicine/letters-recommendation,FALSE,,
cycletrack_lors,CycleTrack Letters of Recommendation,https://cycletrack.org/lors,128,USA MD,Tufts University,Tufts University,MD-PhD,MD-PhD Requirements,#,,TRUE,We do not currently have the requirements for this program. Please send us the link for this program at admin@cycletrack.org.,MD-PhD requirement link missing or placeholder
cycletrack_lors,CycleTrack Letters of Recommendation,https://cycletrack.org/lors,129,USA MD,Tulane University,Tulane University,MD,MD Requirements,https://medicine.tulane.edu/admissions/md-admissions/letters-recommendation,https://medicine.tulane.edu/admissions/md-admissions/letters-recommendation,FALSE,,
cycletrack_lors,CycleTrack Letters of Recommendation,https://cycletrack.org/lors,129,USA MD,Tulane University,Tulane University,MD-PhD,MD-PhD Requirements,#,,TRUE,We do not currently have the requirements for this program. Please send us the link for this program at admin@cycletrack.org.,MD-PhD requirement link missing or placeholder
cycletrack_lors,CycleTrack Letters of Recommendation,https://cycletrack.org/lors,130,USA MD,Uniformed Services University,Uniformed Services University,MD,MD Requirements,https://medschool.usuhs.edu/admissions/application-requirements,https://medschool.usuhs.edu/admissions/application-requirements,FALSE,,
cycletrack_lors,CycleTrack Letters of Recommendation,https://cycletrack.org/lors,130,USA MD,Uniformed Services University,Uniformed Services University,MD-PhD,MD-PhD Requirements,#,,TRUE,We do not currently have the requirements for this program. Please send us the link for this program at admin@cycletrack.org.,MD-PhD requirement link missing or placeholder
cycletrack_lors,CycleTrack Letters of Recommendation,https://cycletrack.org/lors,131,USA MD,University of California (Davis),University of California (Davis),MD,MD Requirements,https://health.ucdavis.edu/mdprogram/admissions/,https://health.ucdavis.edu/mdprogram/admissions/,FALSE,,
cycletrack_lors,CycleTrack Letters of Recommendation,https://cycletrack.org/lors,131,USA MD,University of California (Davis),University of California (Davis),MD-PhD,MD-PhD Requirements,https://health.ucdavis.edu/mdprogram/MD_Ph.D/FAQs.html,https://health.ucdavis.edu/mdprogram/MD_Ph.D/FAQs.html,FALSE,,
cycletrack_lors,CycleTrack Letters of Recommendation,https://cycletrack.org/lors,132,USA MD,University of California (Irvine),University of California (Irvine),MD,MD Requirements,https://www.meded.uci.edu/admissions/admission-requirements.asp,https://www.meded.uci.edu/admissions/admission-requirements.asp,FALSE,,
cycletrack_lors,CycleTrack Letters of Recommendation,https://cycletrack.org/lors,132,USA MD,University of California (Irvine),University of California (Irvine),MD-PhD,MD-PhD Requirements,#,,TRUE,We do not currently have the requirements for this program. Please send us the link for this program at admin@cycletrack.org.,MD-PhD requirement link missing or placeholder
cycletrack_lors,CycleTrack Letters of Recommendation,https://cycletrack.org/lors,133,USA MD,University of California (Los Angeles),University of California (Los Angeles),MD,MD Requirements,https://medschool.ucla.edu/education/md-education/admissions/how-apply,https://medschool.ucla.edu/education/md-education/admissions/how-apply,FALSE,,
cycletrack_lors,CycleTrack Letters of Recommendation,https://cycletrack.org/lors,133,USA MD,University of California (Los Angeles),University of California (Los Angeles),MD-PhD,MD-PhD Requirements,https://mstp.healthsciences.ucla.edu/admissions-faq/,https://mstp.healthsciences.ucla.edu/admissions-faq/,FALSE,,
cycletrack_lors,CycleTrack Letters of Recommendation,https://cycletrack.org/lors,134,USA MD,University of California (Riverside),University of California (Riverside),MD,MD Requirements,https://somsa.ucr.edu/admissionsapplying,https://somsa.ucr.edu/admissionsapplying,FALSE,,
cycletrack_lors,CycleTrack Letters of Recommendation,https://cycletrack.org/lors,134,USA MD,University of California (Riverside),University of California (Riverside),MD-PhD,MD-PhD Requirements,#,,TRUE,We do not currently have the requirements for this program. Please send us the link for this program at admin@cycletrack.org.,MD-PhD requirement link missing or placeholder
cycletrack_lors,CycleTrack Letters of Recommendation,https://cycletrack.org/lors,135,USA MD,University of California (San Diego),University of California (San Diego),MD,MD Requirements,https://medschool.ucsd.edu/admissions/Pages/Application-Process.aspx,https://medschool.ucsd.edu/admissions/Pages/Application-Process.aspx,FALSE,,
cycletrack_lors,CycleTrack Letters of Recommendation,https://cycletrack.org/lors,135,USA MD,University of California (San Diego),University of California (San Diego),MD-PhD,MD-PhD Requirements,https://medschool.ucsd.edu/education/mstp/apply/Pages/default.aspx,https://medschool.ucsd.edu/education/mstp/apply/Pages/default.aspx,FALSE,,
cycletrack_lors,CycleTrack Letters of Recommendation,https://cycletrack.org/lors,136,USA MD,University of California (San Francisco),University of California (San Francisco),MD,MD Requirements,https://meded.ucsf.edu/how-apply-medical-school,https://meded.ucsf.edu/how-apply-medical-school,FALSE,,
cycletrack_lors,CycleTrack Letters of Recommendation,https://cycletrack.org/lors,136,USA MD,University of California (San Francisco),University of California (San Francisco),MD-PhD,MD-PhD Requirements,https://mstp.ucsf.edu/frequently-asked-questions,https://mstp.ucsf.edu/frequently-asked-questions,FALSE,,
cycletrack_lors,CycleTrack Letters of Recommendation,https://cycletrack.org/lors,137,USA MD,University of Central Florida,University of Central Florida,MD,MD Requirements,https://med.ucf.edu/admissions/application-requirements/,https://med.ucf.edu/admissions/application-requirements/,FALSE,,
cycletrack_lors,CycleTrack Letters of Recommendation,https://cycletrack.org/lors,137,USA MD,University of Central Florida,University of Central Florida,MD-PhD,MD-PhD Requirements,https://med.ucf.edu/biomed/graduate-programs/md-phd-biomedical-sciences/,https://med.ucf.edu/biomed/graduate-programs/md-phd-biomedical-sciences/,FALSE,,
cycletrack_lors,CycleTrack Letters of Recommendation,https://cycletrack.org/lors,138,USA MD,University of Nevada Las Vegas,University of Nevada Las Vegas,MD,MD Requirements,https://www.unlv.edu/medicine/admissions/applicants,https://www.unlv.edu/medicine/admissions/applicants,FALSE,,
cycletrack_lors,CycleTrack Letters of Recommendation,https://cycletrack.org/lors,138,USA MD,University of Nevada Las Vegas,University of Nevada Las Vegas,MD-PhD,,,,TRUE,,MD-PhD requirement cell blank
cycletrack_lors,CycleTrack Letters of Recommendation,https://cycletrack.org/lors,139,USA MD,University of Puerto Rico,University of Puerto Rico,MD,MD Requirements,https://webapps.md.rcm.upr.edu/mdadmissionletter/recommendation-letter.html,https://webapps.md.rcm.upr.edu/mdadmissionletter/recommendation-letter.html,FALSE,,
cycletrack_lors,CycleTrack Letters of Recommendation,https://cycletrack.org/lors,139,USA MD,University of Puerto Rico,University of Puerto Rico,MD-PhD,,,,TRUE,,MD-PhD requirement cell blank
cycletrack_lors,CycleTrack Letters of Recommendation,https://cycletrack.org/lors,140,USA MD,University of South Florida,University of South Florida,MD,MD Requirements,https://health.usf.edu/medicine/mdprogram/mdadmissions/recommendation,https://health.usf.edu/medicine/mdprogram/mdadmissions/recommendation,FALSE,,
cycletrack_lors,CycleTrack Letters of Recommendation,https://cycletrack.org/lors,140,USA MD,University of South Florida,University of South Florida,MD-PhD,MD-PhD Requirements,https://health.usf.edu/medicine/mdprogram/mdadmissions/recommendation,https://health.usf.edu/medicine/mdprogram/mdadmissions/recommendation,FALSE,,
cycletrack_lors,CycleTrack Letters of Recommendation,https://cycletrack.org/lors,141,USA MD,University of Southern California,University of Southern California,MD,MD Requirements,https://keck.usc.edu/education/md-program/admissions/information/,https://keck.usc.edu/education/md-program/admissions/information/,FALSE,,
cycletrack_lors,CycleTrack Letters of Recommendation,https://cycletrack.org/lors,141,USA MD,University of Southern California,University of Southern California,MD-PhD,MD-PhD Requirements,https://keck.usc.edu/md-phd-program/admissions,https://keck.usc.edu/md-phd-program/admissions,FALSE,,
cycletrack_lors,CycleTrack Letters of Recommendation,https://cycletrack.org/lors,142,USA MD,University of Texas (Austin),University of Texas (Austin),MD,MD Requirements,#,,TRUE,We do not currently have the requirements for this program. Please send us the link for this program at admin@cycletrack.org.,MD requirement link missing or placeholder
cycletrack_lors,CycleTrack Letters of Recommendation,https://cycletrack.org/lors,142,USA MD,University of Texas (Austin),University of Texas (Austin),MD-PhD,,,,TRUE,,MD requirement link missing or placeholder; MD-PhD requirement cell blank
cycletrack_lors,CycleTrack Letters of Recommendation,https://cycletrack.org/lors,143,USA MD,University of Texas (Houston),University of Texas (Houston),MD,MD Requirements,#,,TRUE,We do not currently have the requirements for this program. Please send us the link for this program at admin@cycletrack.org.,MD requirement link missing or placeholder
cycletrack_lors,CycleTrack Letters of Recommendation,https://cycletrack.org/lors,143,USA MD,University of Texas (Houston),University of Texas (Houston),MD-PhD,MD-PhD Requirements,https://gsbs.uth.edu/mdphd/apply-here,https://gsbs.uth.edu/mdphd/apply-here,FALSE,,MD requirement link missing or placeholder
cycletrack_lors,CycleTrack Letters of Recommendation,https://cycletrack.org/lors,144,USA MD,University of Texas (Medical Branch),University of Texas (Medical Branch),MD,MD Requirements,https://www.utmb.edu/som/admissions-information/admission-requirements,https://www.utmb.edu/som/admissions-information/admission-requirements,FALSE,,
cycletrack_lors,CycleTrack Letters of Recommendation,https://cycletrack.org/lors,144,USA MD,University of Texas (Medical Branch),University of Texas (Medical Branch),MD-PhD,MD-PhD Requirements,https://www.utmb.edu/mdphd/admissions,https://www.utmb.edu/mdphd/admissions,FALSE,,
cycletrack_lors,CycleTrack Letters of Recommendation,https://cycletrack.org/lors,145,USA MD,University of Texas (Rio Grande),University of Texas (Rio Grande),MD,MD Requirements,https://www.utrgv.edu/som/admissions/requirements/index.htm,https://www.utrgv.edu/som/admissions/requirements/index.htm,FALSE,,
cycletrack_lors,CycleTrack Letters of Recommendation,https://cycletrack.org/lors,145,USA MD,University of Texas (Rio Grande),University of Texas (Rio Grande),MD-PhD,,,,TRUE,,MD-PhD requirement cell blank
cycletrack_lors,CycleTrack Letters of Recommendation,https://cycletrack.org/lors,146,USA MD,University of Texas (San Antonio),University of Texas (San Antonio),MD,MD Requirements,#,,TRUE,We do not currently have the requirements for this program. Please send us the link for this program at admin@cycletrack.org.,MD requirement link missing or placeholder
cycletrack_lors,CycleTrack Letters of Recommendation,https://cycletrack.org/lors,146,USA MD,University of Texas (San Antonio),University of Texas (San Antonio),MD-PhD,MD-PhD Requirements,https://www.uthscsa.edu/academics/biomedical-sciences/programs/md-phd/admissions/application-process,https://www.uthscsa.edu/academics/biomedical-sciences/programs/md-phd/admissions/application-process,FALSE,,MD requirement link missing or placeholder
cycletrack_lors,CycleTrack Letters of Recommendation,https://cycletrack.org/lors,147,USA MD,University of Texas (Southwestern),University of Texas (Southwestern),MD,MD Requirements,#,,TRUE,We do not currently have the requirements for this program. Please send us the link for this program at admin@cycletrack.org.,MD requirement link missing or placeholder
cycletrack_lors,CycleTrack Letters of Recommendation,https://cycletrack.org/lors,147,USA MD,University of Texas (Southwestern),University of Texas (Southwestern),MD-PhD,MD-PhD Requirements,https://www.utsouthwestern.edu/education/medical-school/admissions/mstp.html,https://www.utsouthwestern.edu/education/medical-school/admissions/mstp.html,FALSE,,MD requirement link missing or placeholder
cycletrack_lors,CycleTrack Letters of Recommendation,https://cycletrack.org/lors,148,USA MD,University of Texas (Tyler),University of Texas (Tyler),MD,MD Requirements,#,,TRUE,We do not currently have the requirements for this program. Please send us the link for this program at admin@cycletrack.org.,MD requirement link missing or placeholder
cycletrack_lors,CycleTrack Letters of Recommendation,https://cycletrack.org/lors,148,USA MD,University of Texas (Tyler),University of Texas (Tyler),MD-PhD,,,,TRUE,,MD requirement link missing or placeholder; MD-PhD requirement cell blank
cycletrack_lors,CycleTrack Letters of Recommendation,https://cycletrack.org/lors,149,USA MD,University of Utah,University of Utah,MD,MD Requirements,https://medicine.utahhealth.acsitefactory.com/programs/md/admissions/requirements,https://medicine.utahhealth.acsitefactory.com/programs/md/admissions/requirements,FALSE,,
cycletrack_lors,CycleTrack Letters of Recommendation,https://cycletrack.org/lors,149,USA MD,University of Utah,University of Utah,MD-PhD,MD-PhD Requirements,https://medicine.utahhealth.acsitefactory.com/programs/combined/md-phd/admissions,https://medicine.utahhealth.acsitefactory.com/programs/combined/md-phd/admissions,FALSE,,
cycletrack_lors,CycleTrack Letters of Recommendation,https://cycletrack.org/lors,150,USA MD,Vanderbilt University,Vanderbilt University,MD,MD Requirements,https://medschool.vanderbilt.edu/md-admissions/admission-requirements,https://medschool.vanderbilt.edu/md-admissions/admission-requirements,FALSE,,
cycletrack_lors,CycleTrack Letters of Recommendation,https://cycletrack.org/lors,150,USA MD,Vanderbilt University,Vanderbilt University,MD-PhD,MD-PhD Requirements,https://medschool.vanderbilt.edu/mstp/admission-process,https://medschool.vanderbilt.edu/mstp/admission-process,FALSE,,
cycletrack_lors,CycleTrack Letters of Recommendation,https://cycletrack.org/lors,151,USA MD,University of Vermont,University of Vermont,MD,MD Requirements,http://www.med.uvm.edu/admissions/application/admissrequirements,http://www.med.uvm.edu/admissions/application/admissrequirements,FALSE,,
cycletrack_lors,CycleTrack Letters of Recommendation,https://cycletrack.org/lors,151,USA MD,University of Vermont,University of Vermont,MD-PhD,,,,TRUE,,MD-PhD requirement cell blank
cycletrack_lors,CycleTrack Letters of Recommendation,https://cycletrack.org/lors,152,USA MD,University of Virginia,University of Virginia,MD,MD Requirements,https://med.virginia.edu/admissions/admissions-to-uva-school-of-medicine/,https://med.virginia.edu/admissions/admissions-to-uva-school-of-medicine/,FALSE,,
cycletrack_lors,CycleTrack Letters of Recommendation,https://cycletrack.org/lors,152,USA MD,University of Virginia,University of Virginia,MD-PhD,MD-PhD Requirements,https://mstp.med.virginia.edu/admissions/,https://mstp.med.virginia.edu/admissions/,FALSE,,
cycletrack_lors,CycleTrack Letters of Recommendation,https://cycletrack.org/lors,153,USA MD,Virginia Commonwealth University,Virginia Commonwealth University,MD,MD Requirements,https://medschool.vcu.edu/admissions/md/future-applicants/,https://medschool.vcu.edu/admissions/md/future-applicants/,FALSE,,
cycletrack_lors,CycleTrack Letters of Recommendation,https://cycletrack.org/lors,153,USA MD,Virginia Commonwealth University,Virginia Commonwealth University,MD-PhD,MD-PhD Requirements,#,,TRUE,We do not currently have the requirements for this program. Please send us the link for this program at admin@cycletrack.org.,MD-PhD requirement link missing or placeholder
cycletrack_lors,CycleTrack Letters of Recommendation,https://cycletrack.org/lors,154,USA MD,Virginia Tech,Virginia Tech,MD,MD Requirements,https://medicine.vtc.vt.edu/admissions/application-process.html,https://medicine.vtc.vt.edu/admissions/application-process.html,FALSE,,
cycletrack_lors,CycleTrack Letters of Recommendation,https://cycletrack.org/lors,154,USA MD,Virginia Tech,Virginia Tech,MD-PhD,,,,TRUE,,MD-PhD requirement cell blank
cycletrack_lors,CycleTrack Letters of Recommendation,https://cycletrack.org/lors,155,USA MD,Wake Forest University,Wake Forest University,MD,MD Requirements,https://school.wakehealth.edu/Education-and-Training/MD-Program/How-to-Apply,https://school.wakehealth.edu/Education-and-Training/MD-Program/How-to-Apply,FALSE,,
cycletrack_lors,CycleTrack Letters of Recommendation,https://cycletrack.org/lors,155,USA MD,Wake Forest University,Wake Forest University,MD-PhD,MD-PhD Requirements,#,,TRUE,We do not currently have the requirements for this program. Please send us the link for this program at admin@cycletrack.org.,MD-PhD requirement link missing or placeholder
cycletrack_lors,CycleTrack Letters of Recommendation,https://cycletrack.org/lors,156,USA MD,University of Washington,University of Washington,MD,MD Requirements,https://www.uwmedicine.org/school-of-medicine/admissions/secondary-application,https://www.uwmedicine.org/school-of-medicine/admissions/secondary-application,FALSE,,
cycletrack_lors,CycleTrack Letters of Recommendation,https://cycletrack.org/lors,156,USA MD,University of Washington,University of Washington,MD-PhD,MD-PhD Requirements,https://mstp.washington.edu/mstp-admissions/how-to-apply/,https://mstp.washington.edu/mstp-admissions/how-to-apply/,FALSE,,
cycletrack_lors,CycleTrack Letters of Recommendation,https://cycletrack.org/lors,157,USA MD,Washington State University,Washington State University,MD,MD Requirements,https://medicine.wsu.edu/md-program/overview-applying-to-medical-school/frequently-asked-questions/,https://medicine.wsu.edu/md-program/overview-applying-to-medical-school/frequently-asked-questions/,FALSE,,
cycletrack_lors,CycleTrack Letters of Recommendation,https://cycletrack.org/lors,157,USA MD,Washington State University,Washington State University,MD-PhD,,,,TRUE,,MD-PhD requirement cell blank
cycletrack_lors,CycleTrack Letters of Recommendation,https://cycletrack.org/lors,158,USA MD,Washington University Saint Louis,Washington University Saint Louis,MD,MD Requirements,https://mdadmissions.wustl.edu/wp-content/uploads/2014/12/WUSM_Admissions_Application_Instructions.pdf,https://mdadmissions.wustl.edu/wp-content/uploads/2014/12/WUSM_Admissions_Application_Instructions.pdf,FALSE,,
cycletrack_lors,CycleTrack Letters of Recommendation,https://cycletrack.org/lors,158,USA MD,Washington University Saint Louis,Washington University Saint Louis,MD-PhD,MD-PhD Requirements,https://mstp.wustl.edu/admissions/Pages/Process.aspx,https://mstp.wustl.edu/admissions/Pages/Process.aspx,FALSE,,
cycletrack_lors,CycleTrack Letters of Recommendation,https://cycletrack.org/lors,159,USA MD,Wayne State University,Wayne State University,MD,MD Requirements,https://www.med.wayne.edu/admissions/faqs,https://www.med.wayne.edu/admissions/faqs,FALSE,,
cycletrack_lors,CycleTrack Letters of Recommendation,https://cycletrack.org/lors,159,USA MD,Wayne State University,Wayne State University,MD-PhD,MD-PhD Requirements,https://gradprograms.med.wayne.edu/program-admissions,https://gradprograms.med.wayne.edu/program-admissions,FALSE,,
cycletrack_lors,CycleTrack Letters of Recommendation,https://cycletrack.org/lors,160,USA MD,West Virginia University,West Virginia University,MD,MD Requirements,https://medicine.hsc.wvu.edu/md-admissions/admissions-requirements/,https://medicine.hsc.wvu.edu/md-admissions/admissions-requirements/,FALSE,,
cycletrack_lors,CycleTrack Letters of Recommendation,https://cycletrack.org/lors,160,USA MD,West Virginia University,West Virginia University,MD-PhD,MD-PhD Requirements,https://medicine.hsc.wvu.edu/md-admissions/admissions-requirements/,https://medicine.hsc.wvu.edu/md-admissions/admissions-requirements/,FALSE,,
cycletrack_lors,CycleTrack Letters of Recommendation,https://cycletrack.org/lors,161,USA MD,Western Michigan University,Western Michigan University,MD,MD Requirements,https://med.wmich.edu/node/299,https://med.wmich.edu/node/299,FALSE,,
cycletrack_lors,CycleTrack Letters of Recommendation,https://cycletrack.org/lors,161,USA MD,Western Michigan University,Western Michigan University,MD-PhD,MD-PhD Requirements,#,,TRUE,We do not currently have the requirements for this program. Please send us the link for this program at admin@cycletrack.org.,MD-PhD requirement link missing or placeholder
cycletrack_lors,CycleTrack Letters of Recommendation,https://cycletrack.org/lors,162,USA MD,University of Wisconsin,University of Wisconsin,MD,MD Requirements,https://www.med.wisc.edu/education/md-program/admissions/letters-of-recommendation/,https://www.med.wisc.edu/education/md-program/admissions/letters-of-recommendation/,FALSE,,
cycletrack_lors,CycleTrack Letters of Recommendation,https://cycletrack.org/lors,162,USA MD,University of Wisconsin,University of Wisconsin,MD-PhD,MD-PhD Requirements,https://www.med.wisc.edu/education/md-phd/application-timeline/,https://www.med.wisc.edu/education/md-phd/application-timeline/,FALSE,,
cycletrack_lors,CycleTrack Letters of Recommendation,https://cycletrack.org/lors,163,USA MD,Wright State University,Wright State University,MD,MD Requirements,https://medicine.wright.edu/admissions/prerequisites-and-application,https://medicine.wright.edu/admissions/prerequisites-and-application,FALSE,,
cycletrack_lors,CycleTrack Letters of Recommendation,https://cycletrack.org/lors,163,USA MD,Wright State University,Wright State University,MD-PhD,MD-PhD Requirements,https://medicine.wright.edu/education/combined-md-phd-program,https://medicine.wright.edu/education/combined-md-phd-program,FALSE,,
cycletrack_lors,CycleTrack Letters of Recommendation,https://cycletrack.org/lors,164,USA MD,Yale School of Medicine,Yale School of Medicine,MD,MD Requirements,https://medicine.yale.edu/md-program/admissions/how-to-apply/,https://medicine.yale.edu/md-program/admissions/how-to-apply/,FALSE,,
cycletrack_lors,CycleTrack Letters of Recommendation,https://cycletrack.org/lors,164,USA MD,Yale School of Medicine,Yale School of Medicine,MD-PhD,MD-PhD Requirements,https://medicine.yale.edu/md-program/admissions/how-to-apply/,https://medicine.yale.edu/md-program/admissions/how-to-apply/,FALSE,,
cycletrack_lors,CycleTrack Letters of Recommendation,https://cycletrack.org/lors,1,DO,A.T. Still University of Health Sciences (Arizona),A.T. Still University of Health Sciences (Arizona),DO,DO Requirements,https://www.atsu.edu/school-of-osteopathic-medicine-arizona/admissions/application-process,https://www.atsu.edu/school-of-osteopathic-medicine-arizona/admissions/application-process,FALSE,,
cycletrack_lors,CycleTrack Letters of Recommendation,https://cycletrack.org/lors,2,DO,A.T. Still University of Health Sciences (Kirksville),A.T. Still University of Health Sciences (Kirksville),DO,DO Requirements,https://www.atsu.edu/kirksville-college-of-osteopathic-medicine/admissions/preparing-for-do-admission,https://www.atsu.edu/kirksville-college-of-osteopathic-medicine/admissions/preparing-for-do-admission,FALSE,,
cycletrack_lors,CycleTrack Letters of Recommendation,https://cycletrack.org/lors,3,DO,Alabama College of Osteopathic Medicine,Alabama College of Osteopathic Medicine,DO,DO Requirements,https://www.acom.edu/howtoapply/,https://www.acom.edu/howtoapply/,FALSE,,
cycletrack_lors,CycleTrack Letters of Recommendation,https://cycletrack.org/lors,4,DO,Arkansas College of Osteopathic Medicine,Arkansas College of Osteopathic Medicine,DO,DO Requirements,https://arcom.achehealth.edu/admissions/admissions-requirements,https://arcom.achehealth.edu/admissions/admissions-requirements,FALSE,,
cycletrack_lors,CycleTrack Letters of Recommendation,https://cycletrack.org/lors,5,DO,Baptist Health Sciences University,Baptist Health Sciences University,DO,DO Requirements,https://www.baptistu.edu/medicine/AdmissionsRequirements,https://www.baptistu.edu/medicine/AdmissionsRequirements,FALSE,,
cycletrack_lors,CycleTrack Letters of Recommendation,https://cycletrack.org/lors,6,DO,Burrell College of Osteopathic Medicine,Burrell College of Osteopathic Medicine,DO,DO Requirements,https://bcomnm.org/admission-requirements/,https://bcomnm.org/admission-requirements/,FALSE,,
cycletrack_lors,CycleTrack Letters of Recommendation,https://cycletrack.org/lors,7,DO,California Health Sciences University,California Health Sciences University,DO,DO Requirements,https://osteopathic.chsu.edu/admissions/,https://osteopathic.chsu.edu/admissions/,FALSE,,
cycletrack_lors,CycleTrack Letters of Recommendation,https://cycletrack.org/lors,8,DO,Campbell University,Campbell University,DO,DO Requirements,https://medicine.campbell.edu/admissions/osteopathic-medicine-admissions/,https://medicine.campbell.edu/admissions/osteopathic-medicine-admissions/,FALSE,,
cycletrack_lors,CycleTrack Letters of Recommendation,https://cycletrack.org/lors,9,DO,Des Moines University,Des Moines University,DO,DO Requirements,https://www.dmu.edu/do/how-to-apply/,https://www.dmu.edu/do/how-to-apply/,FALSE,,
cycletrack_lors,CycleTrack Letters of Recommendation,https://cycletrack.org/lors,10,DO,Duquesne University,Duquesne University,DO,DO Requirements,https://www.duq.edu/documents/academics/colleges-and-schools/college-of-osteopathic-medicine/DUQCOM-Element-9.1-1-Admissions-Policy.docx,https://www.duq.edu/documents/academics/colleges-and-schools/college-of-osteopathic-medicine/DUQCOM-Element-9.1-1-Admissions-Policy.docx,FALSE,,
cycletrack_lors,CycleTrack Letters of Recommendation,https://cycletrack.org/lors,11,DO,Edward Via College of Osteopathic Medicine (Auburn),Edward Via College of Osteopathic Medicine (Auburn),DO,DO Requirements,https://www.vcom.edu/admissions/applying/step-by-step,https://www.vcom.edu/admissions/applying/step-by-step,FALSE,,
cycletrack_lors,CycleTrack Letters of Recommendation,https://cycletrack.org/lors,12,DO,Edward Via College of Osteopathic Medicine (Carolinas),Edward Via College of Osteopathic Medicine (Carolinas),DO,DO Requirements,https://www.vcom.edu/admissions/applying/step-by-step,https://www.vcom.edu/admissions/applying/step-by-step,FALSE,,
cycletrack_lors,CycleTrack Letters of Recommendation,https://cycletrack.org/lors,13,DO,Edward Via College of Osteopathic Medicine (Louisiana),Edward Via College of Osteopathic Medicine (Louisiana),DO,DO Requirements,https://www.vcom.edu/admissions/applying/step-by-step,https://www.vcom.edu/admissions/applying/step-by-step,FALSE,,
cycletrack_lors,CycleTrack Letters of Recommendation,https://cycletrack.org/lors,14,DO,Edward Via College of Osteopathic Medicine (Virginia),Edward Via College of Osteopathic Medicine (Virginia),DO,DO Requirements,https://www.vcom.edu/admissions/applying/step-by-step,https://www.vcom.edu/admissions/applying/step-by-step,FALSE,,
cycletrack_lors,CycleTrack Letters of Recommendation,https://cycletrack.org/lors,15,DO,Idaho College of Osteopathic Medicine,Idaho College of Osteopathic Medicine,DO,DO Requirements,https://www.idahocom.org/admission-aid/requirements/,https://www.idahocom.org/admission-aid/requirements/,FALSE,,
cycletrack_lors,CycleTrack Letters of Recommendation,https://cycletrack.org/lors,16,DO,Illinois College of Osteopathic Medicine,Illinois College of Osteopathic Medicine,DO,DO Requirements,None,,TRUE,,DO requirement link missing or placeholder
cycletrack_lors,CycleTrack Letters of Recommendation,https://cycletrack.org/lors,17,DO,University of the Incarnate Word,University of the Incarnate Word,DO,DO Requirements,https://osteopathic-medicine.uiw.edu/admissions/doctor-of-osteopathic-medicine/frequently-asked-questions.html,https://osteopathic-medicine.uiw.edu/admissions/doctor-of-osteopathic-medicine/frequently-asked-questions.html,FALSE,,
cycletrack_lors,CycleTrack Letters of Recommendation,https://cycletrack.org/lors,18,DO,Kansas College of Osteopathic Medicine,Kansas College of Osteopathic Medicine,DO,DO Requirements,https://kansascom.kansashsc.org/admissions/application-process/admission-requirements/,https://kansascom.kansashsc.org/admissions/application-process/admission-requirements/,FALSE,,
cycletrack_lors,CycleTrack Letters of Recommendation,https://cycletrack.org/lors,19,DO,Kansas City University,Kansas City University,DO,DO Requirements,https://www.kansascity.edu/admissions/requirements/com,https://www.kansascity.edu/admissions/requirements/com,FALSE,,
cycletrack_lors,CycleTrack Letters of Recommendation,https://cycletrack.org/lors,20,DO,Kentucky College of Osteopathic Medicine,Kentucky College of Osteopathic Medicine,DO,DO Requirements,https://www.upike.edu/osteopathic-medicine/kycom-admissions/application-selection/,https://www.upike.edu/osteopathic-medicine/kycom-admissions/application-selection/,FALSE,,
cycletrack_lors,CycleTrack Letters of Recommendation,https://cycletrack.org/lors,21,DO,Lake Erie College of Osteopathic Medicine (Erie),Lake Erie College of Osteopathic Medicine (Erie),DO,DO Requirements,https://lecom.edu/college-of-osteopathic-medicine/com-entrance-requirements/,https://lecom.edu/college-of-osteopathic-medicine/com-entrance-requirements/,FALSE,,
cycletrack_lors,CycleTrack Letters of Recommendation,https://cycletrack.org/lors,22,DO,Lake Erie College of Osteopathic Medicine (Bradenton),Lake Erie College of Osteopathic Medicine (Bradenton),DO,DO Requirements,https://lecom.edu/college-of-osteopathic-medicine/com-entrance-requirements/,https://lecom.edu/college-of-osteopathic-medicine/com-entrance-requirements/,FALSE,,
cycletrack_lors,CycleTrack Letters of Recommendation,https://cycletrack.org/lors,23,DO,Liberty University,Liberty University,DO,DO Requirements,https://www.liberty.edu/lucom/admissions/application-process/,https://www.liberty.edu/lucom/admissions/application-process/,FALSE,,
cycletrack_lors,CycleTrack Letters of Recommendation,https://cycletrack.org/lors,24,DO,Lincoln Memorial University,Lincoln Memorial University,DO,DO Requirements,https://www.lmunet.edu/debusk-college-of-osteopathic-medicine/do/admissions/letters-of-recommendation,https://www.lmunet.edu/debusk-college-of-osteopathic-medicine/do/admissions/letters-of-recommendation,FALSE,,
cycletrack_lors,CycleTrack Letters of Recommendation,https://cycletrack.org/lors,25,DO,Marian University,Marian University,DO,DO Requirements,https://www.marian.edu/osteopathic-medical-school/admissions/admission-to-doctor-of-osteopathic-medicine,https://www.marian.edu/osteopathic-medical-school/admissions/admission-to-doctor-of-osteopathic-medicine,FALSE,,
cycletrack_lors,CycleTrack Letters of Recommendation,https://cycletrack.org/lors,26,DO,Meritus School of Osteopathic Medicine,Meritus School of Osteopathic Medicine,DO,DO Requirements,https://msom.org/admissions/admissions-requirements,https://msom.org/admissions/admissions-requirements,FALSE,,
cycletrack_lors,CycleTrack Letters of Recommendation,https://cycletrack.org/lors,27,DO,Michigan State University,Michigan State University,DO,DO Requirements,https://com.msu.edu/future-students/applying/admissions-requirements,https://com.msu.edu/future-students/applying/admissions-requirements,FALSE,,
cycletrack_lors,CycleTrack Letters of Recommendation,https://cycletrack.org/lors,28,DO,Arizona College of Osteopathic Medicine,Arizona College of Osteopathic Medicine,DO,DO Requirements,https://www.midwestern.edu/academics/degrees-and-programs/doctor-of-osteopathic-medicine-az,https://www.midwestern.edu/academics/degrees-and-programs/doctor-of-osteopathic-medicine-az,FALSE,,
cycletrack_lors,CycleTrack Letters of Recommendation,https://cycletrack.org/lors,29,DO,Midwestern University,Midwestern University,DO,DO Requirements,https://www.midwestern.edu/admissions/apply/doctor-of-osteopathic-medicine-in-downers-grove,https://www.midwestern.edu/admissions/apply/doctor-of-osteopathic-medicine-in-downers-grove,FALSE,,
cycletrack_lors,CycleTrack Letters of Recommendation,https://cycletrack.org/lors,30,DO,University of New England,University of New England,DO,DO Requirements,https://www.une.edu/com/admissions/criteria-procedures,https://www.une.edu/com/admissions/criteria-procedures,FALSE,,
cycletrack_lors,CycleTrack Letters of Recommendation,https://cycletrack.org/lors,31,DO,New York Institute of Technology,New York Institute of Technology,DO,DO Requirements,https://www.nyit.edu/medicine/d.o._program_requirements,https://www.nyit.edu/medicine/d.o._program_requirements,FALSE,,
cycletrack_lors,CycleTrack Letters of Recommendation,https://cycletrack.org/lors,32,DO,Noorda College of Osteopathic Medicine,Noorda College of Osteopathic Medicine,DO,DO Requirements,https://www.noordacom.org/faqs/,https://www.noordacom.org/faqs/,FALSE,,
cycletrack_lors,CycleTrack Letters of Recommendation,https://cycletrack.org/lors,33,DO,Texas College of Osteopathic Medicine,Texas College of Osteopathic Medicine,DO,DO Requirements,https://www.unthsc.edu/texas-college-of-osteopathic-medicine/admissions-and-outreach/admissions-requirements-and-selection/,https://www.unthsc.edu/texas-college-of-osteopathic-medicine/admissions-and-outreach/admissions-requirements-and-selection/,FALSE,,
cycletrack_lors,CycleTrack Letters of Recommendation,https://cycletrack.org/lors,34,DO,Nova Southeastern University,Nova Southeastern University,DO,DO Requirements,https://osteopathic.nova.edu/degrees/doctoral/osteopathic-medicine-do/index.html,https://osteopathic.nova.edu/degrees/doctoral/osteopathic-medicine-do/index.html,FALSE,,
cycletrack_lors,CycleTrack Letters of Recommendation,https://cycletrack.org/lors,35,DO,Ohio University,Ohio University,DO,DO Requirements,https://www.ohio.edu/medicine/med-admissions/apply/app,https://www.ohio.edu/medicine/med-admissions/apply/app,FALSE,,
cycletrack_lors,CycleTrack Letters of Recommendation,https://cycletrack.org/lors,36,DO,Oklahoma State University,Oklahoma State University,DO,DO Requirements,https://medicine.okstate.edu/com/admissions/how-to-apply.html,https://medicine.okstate.edu/com/admissions/how-to-apply.html,FALSE,,
cycletrack_lors,CycleTrack Letters of Recommendation,https://cycletrack.org/lors,37,DO,Orlando College of Osteopathic Medicine,Orlando College of Osteopathic Medicine,DO,DO Requirements,https://ocom.org/admissionsrequirements,https://ocom.org/admissionsrequirements,FALSE,,
cycletrack_lors,CycleTrack Letters of Recommendation,https://cycletrack.org/lors,38,DO,Pacific Northwest University,Pacific Northwest University,DO,DO Requirements,https://www.pnwu.edu/admissions/doctor-of-osteopathic-medicine/,https://www.pnwu.edu/admissions/doctor-of-osteopathic-medicine/,FALSE,,
cycletrack_lors,CycleTrack Letters of Recommendation,https://cycletrack.org/lors,39,DO,Philadelphia College of Osteopathic Medicine,Philadelphia College of Osteopathic Medicine,DO,DO Requirements,https://www.pcom.edu/admissions/apply/osteopathic-medicine.html,https://www.pcom.edu/admissions/apply/osteopathic-medicine.html,FALSE,,
cycletrack_lors,CycleTrack Letters of Recommendation,https://cycletrack.org/lors,40,DO,Philadelphia College of Osteopathic Medicine (Georgia),Philadelphia College of Osteopathic Medicine (Georgia),DO,DO Requirements,https://www.pcom.edu/admissions/apply/osteopathic-medicine.html,https://www.pcom.edu/admissions/apply/osteopathic-medicine.html,FALSE,,
cycletrack_lors,CycleTrack Letters of Recommendation,https://cycletrack.org/lors,41,DO,Philadelphia College of Osteopathic Medicine (South Georgia),Philadelphia College of Osteopathic Medicine (South Georgia),DO,DO Requirements,https://www.pcom.edu/do/apply.html,https://www.pcom.edu/do/apply.html,FALSE,,
cycletrack_lors,CycleTrack Letters of Recommendation,https://cycletrack.org/lors,42,DO,Rocky Vista University,Rocky Vista University,DO,DO Requirements,https://www.rvu.edu/admissions/do/rvucom/admissions-process/,https://www.rvu.edu/admissions/do/rvucom/admissions-process/,FALSE,,
cycletrack_lors,CycleTrack Letters of Recommendation,https://cycletrack.org/lors,43,DO,Rocky Vista University (Montana),Rocky Vista University (Montana),DO,DO Requirements,https://www.rvu.edu/admissions/do/rvucom/application-requirements/,https://www.rvu.edu/admissions/do/rvucom/application-requirements/,FALSE,,
cycletrack_lors,CycleTrack Letters of Recommendation,https://cycletrack.org/lors,44,DO,Rowan-Virtua School of Osteopathic Medicine,Rowan-Virtua School of Osteopathic Medicine,DO,DO Requirements,https://som.rowan.edu/education/admissions/faq.html,https://som.rowan.edu/education/admissions/faq.html,FALSE,,
cycletrack_lors,CycleTrack Letters of Recommendation,https://cycletrack.org/lors,45,DO,Sam Houston State University,Sam Houston State University,DO,DO Requirements,https://www.shsu.edu/academics/osteopathic-medicine/prospective-students/faq.html,https://www.shsu.edu/academics/osteopathic-medicine/prospective-students/faq.html,FALSE,,
cycletrack_lors,CycleTrack Letters of Recommendation,https://cycletrack.org/lors,46,DO,Touro University (California),Touro University (California),DO,DO Requirements,https://admissions.tu.edu/com/requirements.html,https://admissions.tu.edu/com/requirements.html,FALSE,,
cycletrack_lors,CycleTrack Letters of Recommendation,https://cycletrack.org/lors,47,DO,Touro University (Nevada),Touro University (Nevada),DO,DO Requirements,https://tun.touro.edu/programs/osteopathic-medicine/-do-application--requirements/,https://tun.touro.edu/programs/osteopathic-medicine/-do-application--requirements/,FALSE,,
cycletrack_lors,CycleTrack Letters of Recommendation,https://cycletrack.org/lors,48,DO,Touro College of Osteopathic Medicine,Touro College of Osteopathic Medicine,DO,DO Requirements,#,,TRUE,We do not currently have the requirements for this program. Please send us the link for this program at admin@cycletrack.org.,DO requirement link missing or placeholder
cycletrack_lors,CycleTrack Letters of Recommendation,https://cycletrack.org/lors,49,DO,West Virginia School of Osteopathic Medicine,West Virginia School of Osteopathic Medicine,DO,DO Requirements,https://www.wvsom.edu/admissions/application-requirements,https://www.wvsom.edu/admissions/application-requirements,FALSE,,
cycletrack_lors,CycleTrack Letters of Recommendation,https://cycletrack.org/lors,50,DO,Western University of Health Sciences,Western University of Health Sciences,DO,DO Requirements,https://www.westernu.edu/osteopathic/programs/doctor-of-osteopathic-medicine/requirements,https://www.westernu.edu/osteopathic/programs/doctor-of-osteopathic-medicine/requirements,FALSE,,
cycletrack_lors,CycleTrack Letters of Recommendation,https://cycletrack.org/lors,51,DO,Western University of Health Sciences,Western University of Health Sciences,DO,DO Requirements,https://www.westernu.edu/osteopathic/programs/doctor-of-osteopathic-medicine/requirements,https://www.westernu.edu/osteopathic/programs/doctor-of-osteopathic-medicine/requirements,FALSE,,
cycletrack_lors,CycleTrack Letters of Recommendation,https://cycletrack.org/lors,52,DO,William Carey University,William Carey University,DO,DO Requirements,https://www.wmcarey.edu/page/com-admissions,https://www.wmcarey.edu/page/com-admissions,FALSE,,
cycletrack_lors,CycleTrack Letters of Recommendation,https://cycletrack.org/lors,1,CAN MD,University of Alberta,University of Alberta,MD,MD Requirements,https://www.ualberta.ca/medicine/programs/md/applying-to-medicine/before-you-apply/application-requirements.html,https://www.ualberta.ca/medicine/programs/md/applying-to-medicine/before-you-apply/application-requirements.html,FALSE,,
cycletrack_lors,CycleTrack Letters of Recommendation,https://cycletrack.org/lors,1,CAN MD,University of Alberta,University of Alberta,MD-PhD,MD-PhD Requirements,#,,TRUE,We do not currently have the requirements for this program. Please send us the link for this program at admin@cycletrack.org.,MD-PhD requirement link missing or placeholder
cycletrack_lors,CycleTrack Letters of Recommendation,https://cycletrack.org/lors,2,CAN MD,University of Calgary,University of Calgary,MD,MD Requirements,https://www.ucalgary.ca/pubs/calendar/current/md-5-3.html,https://www.ucalgary.ca/pubs/calendar/current/md-5-3.html,FALSE,,
cycletrack_lors,CycleTrack Letters of Recommendation,https://cycletrack.org/lors,2,CAN MD,University of Calgary,University of Calgary,MD-PhD,MD-PhD Requirements,#,,TRUE,We do not currently have the requirements for this program. Please send us the link for this program at admin@cycletrack.org.,MD-PhD requirement link missing or placeholder
cycletrack_lors,CycleTrack Letters of Recommendation,https://cycletrack.org/lors,3,CAN MD,Dalhousie University,Dalhousie University,MD,MD Requirements,#,,TRUE,We do not currently have the requirements for this program. Please send us the link for this program at admin@cycletrack.org.,MD requirement link missing or placeholder
cycletrack_lors,CycleTrack Letters of Recommendation,https://cycletrack.org/lors,3,CAN MD,Dalhousie University,Dalhousie University,MD-PhD,,,,TRUE,,MD requirement link missing or placeholder; MD-PhD requirement cell blank
cycletrack_lors,CycleTrack Letters of Recommendation,https://cycletrack.org/lors,4,CAN MD,Laval University,Laval University,MD,MD Requirements,#,,TRUE,We do not currently have the requirements for this program. Please send us the link for this program at admin@cycletrack.org.,MD requirement link missing or placeholder
cycletrack_lors,CycleTrack Letters of Recommendation,https://cycletrack.org/lors,4,CAN MD,Laval University,Laval University,MD-PhD,,,,TRUE,,MD requirement link missing or placeholder; MD-PhD requirement cell blank
cycletrack_lors,CycleTrack Letters of Recommendation,https://cycletrack.org/lors,5,CAN MD,University of Manitoba,University of Manitoba,MD,MD Requirements,https://umanitoba.ca/explore/programs-of-study/medicine-md,https://umanitoba.ca/explore/programs-of-study/medicine-md,FALSE,,
cycletrack_lors,CycleTrack Letters of Recommendation,https://cycletrack.org/lors,5,CAN MD,University of Manitoba,University of Manitoba,MD-PhD,MD-PhD Requirements,https://umanitoba.ca/explore/programs-of-study/medicine-mdphd,https://umanitoba.ca/explore/programs-of-study/medicine-mdphd,FALSE,,
cycletrack_lors,CycleTrack Letters of Recommendation,https://cycletrack.org/lors,6,CAN MD,McGill University,McGill University,MD,MD Requirements,#,,TRUE,We do not currently have the requirements for this program. Please send us the link for this program at admin@cycletrack.org.,MD requirement link missing or placeholder
cycletrack_lors,CycleTrack Letters of Recommendation,https://cycletrack.org/lors,6,CAN MD,McGill University,McGill University,MD-PhD,MD-PhD Requirements,https://www.mcgill.ca/medadmissions/applying/requirements/elements/letters-reference,https://www.mcgill.ca/medadmissions/applying/requirements/elements/letters-reference,FALSE,,MD requirement link missing or placeholder
cycletrack_lors,CycleTrack Letters of Recommendation,https://cycletrack.org/lors,7,CAN MD,McMaster University,McMaster University,MD,MD Requirements,https://mdprogram.mcmaster.ca/md-program-admissions/how-to-apply/reference-letters,https://mdprogram.mcmaster.ca/md-program-admissions/how-to-apply/reference-letters,FALSE,,
cycletrack_lors,CycleTrack Letters of Recommendation,https://cycletrack.org/lors,7,CAN MD,McMaster University,McMaster University,MD-PhD,MD-PhD Requirements,#,,TRUE,We do not currently have the requirements for this program. Please send us the link for this program at admin@cycletrack.org.,MD-PhD requirement link missing or placeholder
cycletrack_lors,CycleTrack Letters of Recommendation,https://cycletrack.org/lors,8,CAN MD,Memorial University,Memorial University,MD,MD Requirements,https://www.med.mun.ca/getdoc/daffd17a-9c76-4d73-9721-5e902dce09db/Reference-Letters.aspx,https://www.med.mun.ca/getdoc/daffd17a-9c76-4d73-9721-5e902dce09db/Reference-Letters.aspx,FALSE,,
cycletrack_lors,CycleTrack Letters of Recommendation,https://cycletrack.org/lors,8,CAN MD,Memorial University,Memorial University,MD-PhD,MD-PhD Requirements,#,,TRUE,We do not currently have the requirements for this program. Please send us the link for this program at admin@cycletrack.org.,MD-PhD requirement link missing or placeholder
cycletrack_lors,CycleTrack Letters of Recommendation,https://cycletrack.org/lors,9,CAN MD,Universite de Montreal,Universite de Montreal,MD,MD Requirements,#,,TRUE,We do not currently have the requirements for this program. Please send us the link for this program at admin@cycletrack.org.,MD requirement link missing or placeholder
cycletrack_lors,CycleTrack Letters of Recommendation,https://cycletrack.org/lors,9,CAN MD,Universite de Montreal,Universite de Montreal,MD-PhD,,,,TRUE,,MD requirement link missing or placeholder; MD-PhD requirement cell blank
cycletrack_lors,CycleTrack Letters of Recommendation,https://cycletrack.org/lors,10,CAN MD,Northern Ontario School of Medicine,Northern Ontario School of Medicine,MD,MD Requirements,#,,TRUE,We do not currently have the requirements for this program. Please send us the link for this program at admin@cycletrack.org.,MD requirement link missing or placeholder
cycletrack_lors,CycleTrack Letters of Recommendation,https://cycletrack.org/lors,10,CAN MD,Northern Ontario School of Medicine,Northern Ontario School of Medicine,MD-PhD,,,,TRUE,,MD requirement link missing or placeholder; MD-PhD requirement cell blank
cycletrack_lors,CycleTrack Letters of Recommendation,https://cycletrack.org/lors,11,CAN MD,University of Ottawa,University of Ottawa,MD,MD Requirements,#,,TRUE,We do not currently have the requirements for this program. Please send us the link for this program at admin@cycletrack.org.,MD requirement link missing or placeholder
cycletrack_lors,CycleTrack Letters of Recommendation,https://cycletrack.org/lors,11,CAN MD,University of Ottawa,University of Ottawa,MD-PhD,MD-PhD Requirements,#,,TRUE,We do not currently have the requirements for this program. Please send us the link for this program at admin@cycletrack.org.,MD requirement link missing or placeholder; MD-PhD requirement link missing or placeholder
cycletrack_lors,CycleTrack Letters of Recommendation,https://cycletrack.org/lors,12,CAN MD,Queen's University,Queen's University,MD,MD Requirements,https://meds.queensu.ca/academics/undergraduate/admissions/how-apply,https://meds.queensu.ca/academics/undergraduate/admissions/how-apply,FALSE,,
cycletrack_lors,CycleTrack Letters of Recommendation,https://cycletrack.org/lors,12,CAN MD,Queen's University,Queen's University,MD-PhD,MD-PhD Requirements,https://meds.queensu.ca/index.php/academics/md_phd/prospective_students,https://meds.queensu.ca/index.php/academics/md_phd/prospective_students,FALSE,,
cycletrack_lors,CycleTrack Letters of Recommendation,https://cycletrack.org/lors,13,CAN MD,University of Saskatchewan,University of Saskatchewan,MD,MD Requirements,#,,TRUE,We do not currently have the requirements for this program. Please send us the link for this program at admin@cycletrack.org.,MD requirement link missing or placeholder
cycletrack_lors,CycleTrack Letters of Recommendation,https://cycletrack.org/lors,13,CAN MD,University of Saskatchewan,University of Saskatchewan,MD-PhD,,,,TRUE,,MD requirement link missing or placeholder; MD-PhD requirement cell blank
cycletrack_lors,CycleTrack Letters of Recommendation,https://cycletrack.org/lors,14,CAN MD,Universite de Sherbrooke,Universite de Sherbrooke,MD,MD Requirements,#,,TRUE,We do not currently have the requirements for this program. Please send us the link for this program at admin@cycletrack.org.,MD requirement link missing or placeholder
cycletrack_lors,CycleTrack Letters of Recommendation,https://cycletrack.org/lors,14,CAN MD,Universite de Sherbrooke,Universite de Sherbrooke,MD-PhD,,,,TRUE,,MD requirement link missing or placeholder; MD-PhD requirement cell blank
cycletrack_lors,CycleTrack Letters of Recommendation,https://cycletrack.org/lors,15,CAN MD,University of Toronto,University of Toronto,MD,MD Requirements,#,,TRUE,We do not currently have the requirements for this program. Please send us the link for this program at admin@cycletrack.org.,MD requirement link missing or placeholder
cycletrack_lors,CycleTrack Letters of Recommendation,https://cycletrack.org/lors,15,CAN MD,University of Toronto,University of Toronto,MD-PhD,MD-PhD Requirements,#,,TRUE,We do not currently have the requirements for this program. Please send us the link for this program at admin@cycletrack.org.,MD requirement link missing or placeholder; MD-PhD requirement link missing or placeholder
cycletrack_lors,CycleTrack Letters of Recommendation,https://cycletrack.org/lors,16,CAN MD,University of British Columbia,University of British Columbia,MD,MD Requirements,https://mdprogram.med.ubc.ca/admissions/faq-contact/frequently-asked-questions/,https://mdprogram.med.ubc.ca/admissions/faq-contact/frequently-asked-questions/,FALSE,,
cycletrack_lors,CycleTrack Letters of Recommendation,https://cycletrack.org/lors,16,CAN MD,University of British Columbia,University of British Columbia,MD-PhD,MD-PhD Requirements,https://mdprogram.med.ubc.ca/mdphd/admission-requirements/,https://mdprogram.med.ubc.ca/mdphd/admission-requirements/,FALSE,,
cycletrack_lors,CycleTrack Letters of Recommendation,https://cycletrack.org/lors,17,CAN MD,University of Western Ontario,University of Western Ontario,MD,MD Requirements,#,,TRUE,We do not currently have the requirements for this program. Please send us the link for this program at admin@cycletrack.org.,MD requirement link missing or placeholder
cycletrack_lors,CycleTrack Letters of Recommendation,https://cycletrack.org/lors,17,CAN MD,University of Western Ontario,University of Western Ontario,MD-PhD,MD-PhD Requirements,#,,TRUE,We do not currently have the requirements for this program. Please send us the link for this program at admin@cycletrack.org.,MD requirement link missing or placeholder; MD-PhD requirement link missing or placeholder
