school_id,school_name,degree_type,candidate_source_url,candidate_source_title,candidate_source_type,source_host,official_domain_status,official_domain_score,fetch_status,extraction_status,stats_cohort_year,metric_population,metric_type,mcat_value,mcat_metric,gpa_value,gpa_metric,science_gpa_value,evidence_text,source_publication_date,source_last_checked,data_confidence,review_status,notes
md_albany_medical_college_albany_new_york,Albany Medical College,MD,http://www.amc.edu/Academic/Undergraduate_Admissions/index.cfm,Albany Medical College,admissions_page,amc.edu,official_school_domain,1.00,fetch_skipped_needs_stats_path,fetch_skipped_needs_stats_path,,,,,,,,,,,2026-06-09,,needs_review,"Official domain seed needs a class profile, annual report, fact book, or admissions statistics path before fetching."
md_albany_medical_college_albany_new_york,Albany Medical College,MD,https://www.amc.edu/academic/undergraduate/upload/Frequently-Asked-Questions.pdf,Letter requirement URL from normalized source table,pdf_report,amc.edu,official_school_domain,1.00,fetch_failed_http_404,fetch_failed_http_404,,,,,,,,,,,2026-06-08,,needs_review,HTTP Error 404: Not Found
md_albany_medical_college_albany_new_york,Albany Medical College,MD,https://www.amc.edu/admissions/md-program-admissions/,MD Program Admissions | Albany Medical College,annual_report,amc.edu,official_school_domain,1.00,fetched,accepted,,accepted students,official_published_mean,512,average,3.77,average,,"cientific concepts. Remember, tests taken after September of the year of application will not be accepted. Applicants to Combined Degree Programs do not need to take the MCAT. The average MCAT score among students in our most recent incoming class was 512. BBFL - 128.00 CARS - 127.00 CPBS - 128.00 PSBB - 129.00 Please Note: While we maintained flexibility with online courses and with S/U grading during the height of the pandemic, w cal College. Applications from students with three years of undergraduate coursework should reflect a level of preparedness comparable to that of their four-year counterparts. The average undergraduate GPA for students in our most recent incoming class was 3.77 ov",,2026-06-09,md_official_public_source,approved_official_extraction,Official-domain MCAT/GPA values found in class-profile context. Fetched reviewed assisted-search official URL even though the path is not stats-shaped.
md_albert_einstein_college_of_medicine_new_york_new_york,Albert Einstein College of Medicine,MD,https://www.einsteinmed.edu/education/md-program/admissions/application-procedure/recommendation-letters.aspx,Letter requirement URL from normalized source table,admissions_page,einsteinmed.edu,official_school_domain,1.00,fetch_skipped_needs_stats_path,fetch_skipped_needs_stats_path,,,,,,,,,,,2026-06-09,,needs_review,"Official domain seed needs a class profile, annual report, fact book, or admissions statistics path before fetching."
md_albert_einstein_college_of_medicine_new_york_new_york,Albert Einstein College of Medicine,MD,https://www.einsteinmed.edu/education/mstp/admissions/application.aspx,Letter requirement URL from normalized source table,admissions_page,einsteinmed.edu,official_school_domain,1.00,fetch_skipped_needs_stats_path,fetch_skipped_needs_stats_path,,,,,,,,,,,2026-06-09,,needs_review,"Official domain seed needs a class profile, annual report, fact book, or admissions statistics path before fetching."
md_alice_l_walton_school_of_medicine_bentonville_arkansas,Alice L. Walton School of Medicine,MD,https://www.alwmedschool.org/admissions/,Letter requirement URL from normalized source table,admissions_page,alwmedschool.org,official_school_domain,1.00,fetch_skipped_needs_stats_path,fetch_skipped_needs_stats_path,,,,,,,,,,,2026-06-09,,needs_review,"Official domain seed needs a class profile, annual report, fact book, or admissions statistics path before fetching."
md_alice_l_walton_school_of_medicine_bentonville_arkansas,Alice L. Walton School of Medicine,MD,https://www.alwmedschool.org/admissions/class-profiles,Alice L. Walton School of Medicine class profiles | Alice L. Walton School of Medicine,class_profile,alwmedschool.org,official_school_domain,1.00,fetched,accepted,2029,official published school profile,official_published_median,513,median,3.89,mean,,Baptist University The University of Alabama University of Texas at Austin Washington University in St. Louis Top States Arkansas Texas California Virginia Utah Florida Academics 513 Median MCAT 3.89 Mean GPA 3.87 Mean BCPM GPA Class performance information will be made available in the future. Connect with Us: Contact Us Join Our Newsletter: Sign Up Prospective Students ity The University of Alabama University of Texas at Austin Washington University in St. Louis Top States Arkansas Texas California Virginia Utah Florida Academics 513 Median MCAT 3.89 Mean GPA 3.87 Mean BCPM GPA Class performance information will be made available in the future. Connect with Us: Contact Us Join Our Newslett,,2026-06-09,md_official_public_source,approved_official_extraction,Official-domain MCAT/GPA values found in class-profile context. Selected latest shared cohort year 2029.
md_boonshoft_school_of_medicine_wright_state_university_dayton_ohio,Boonshoft School of Medicine Wright State University,MD,http://medicine.wright.edu/about/department-annual-reports,Department Annual Reports | Boonshoft School of Medicine,annual_report,medicine.wright.edu,official_school_domain,1.00,fetched,no_relevant_stats_found,,official published school profile,official_published_value,,,,,,,,2026-06-08,,needs_review,No class-profile MCAT/GPA values found.
md_boonshoft_school_of_medicine_wright_state_university_dayton_ohio,Boonshoft School of Medicine Wright State University,MD,http://medicine.wright.edu/admissions,Wright State University Boonshoft School of Medicine,admissions_page,medicine.wright.edu,official_school_domain,1.00,fetch_skipped_needs_stats_path,fetch_skipped_needs_stats_path,,,,,,,,,,,2026-06-09,,needs_review,"Official domain seed needs a class profile, annual report, fact book, or admissions statistics path before fetching."
md_boonshoft_school_of_medicine_wright_state_university_dayton_ohio,Boonshoft School of Medicine Wright State University,MD,http://medicine.wright.edu/admissions/welcome-to-the-incoming-class,Welcome to the Incoming Class | Boonshoft School of Medicine,school_homepage,medicine.wright.edu,official_school_domain,1.00,fetched,no_relevant_stats_found,2029,official published school profile,official_published_value,,,,,,,,2026-06-08,,needs_review,No class-profile MCAT/GPA values found.
md_boston_university_aram_v_chobanian_and_edward_avedisian_school_of_medicine_bosto,Boston University Aram V. Chobanian & Edward Avedisian School of Medicine,MD,https://www.bumc.bu.edu/camed/admissions/application-process/selectionfactors/,Selection Factors | Chobanian & Avedisian School of Medicine,class_profile,bumc.bu.edu,official_school_domain,1.00,fetched,accepted,2025,matriculated students,official_published_median,517,median,3.84,median,,53% Women 21 States 30+ Hold Masters degrees Range in age 20-34 53 Undergraduate universities 89% Bilingual 10 Birth Countries 7 Resident Countries Summary of GPA and MCAT Scores Category GPA MCAT Mean 3.76 517 (94%) Median 3.84 517 (94%) 10th – 90th Percentile* 3.4– 4.0 512 – 522 (83% – 99%) *over 3 years of matriculated student data Related to Selection Factors Admissions Why Chobanian & Avedisian School of 53% Women 21 States 30+ Hold Masters degrees Range in age 20-34 53 Undergraduate universities 89% Bilingual 10 Birth Countries 7 Resident Countries Summary of GPA and MCAT Scores Category GPA MCAT Mean 3.76 517 (94%) Median 3.84 517 (94%) 10th – 90th Percentile* 3.4– 4.0 512 – 522 (83% ,,2026-06-09,md_official_public_source,approved_official_extraction,Official-domain MCAT/GPA values found in class-profile context. Selected latest shared cohort year 2025. Fetched reviewed assisted-search official URL even though the path is not stats-shaped.
md_brody_school_of_medicine_at_east_carolina_university_greenville_north_carolina,Brody School of Medicine at East Carolina University,MD,http://www.ecu.edu/bsomadmissions/,East Carolina University Brody School of Medicine,admissions_page,ecu.edu,official_school_domain,1.00,fetch_skipped_needs_stats_path,fetch_skipped_needs_stats_path,,,,,,,,,,,2026-06-09,,needs_review,"Official domain seed needs a class profile, annual report, fact book, or admissions statistics path before fetching."
md_brody_school_of_medicine_at_east_carolina_university_greenville_north_carolina,Brody School of Medicine at East Carolina University,MD,https://ppac.ecu.edu/advising/pre-professional/medicine/,Medicine | Center for Pre-Professional Advising | ECU,class_profile,ppac.ecu.edu,official_school_domain,1.00,fetched,accepted,2029,accepted students,official_published_mean,510,average,3.77,average,,"Applications accepted: June 1 – October 1 Enrolled students: 91 Average GPA of accepted students: 3.77 undergraduate, 3.69 graduate Average Science GPA of accepted students: 3.71 Average MCAT Score of accepted students: 510 Shadowing and volunteer work are important to admission committees. MCAT Prep One of our alumni put together a comprehensive list of MCAT Prep resources Arvind’s MCAT Prep Page Re , and Microbiology. Brody School of Medicine, Class of 2029 (entering 2025) Profile 2219 applications were received Applications accepted: June 1 – October 1 Enrolled students: 91 Average GPA of accepted students: 3.77 undergraduate, 3.69 graduate Average Science GPA of accepted students: 3.71 A",,2026-06-09,md_official_public_source,approved_official_extraction,Official-domain MCAT/GPA values found in class-profile context. Selected latest shared cohort year 2029. Fetched reviewed assisted-search official URL even though the path is not stats-shaped.
md_california_northstate_university_college_of_medicine_elk_grove_california,California Northstate University College of Medicine,MD,http://medicine.cnsu.edu/students-com/admissions,California Northstate University College of Medicine,admissions_page,medicine.cnsu.edu,official_school_domain,1.00,fetch_skipped_needs_stats_path,fetch_skipped_needs_stats_path,,,,,,,,,,,2026-06-09,,needs_review,"Official domain seed needs a class profile, annual report, fact book, or admissions statistics path before fetching."
md_california_northstate_university_college_of_medicine_elk_grove_california,California Northstate University College of Medicine,MD,https://medicine.cnsu.edu/news/articles/2025-Welcome%20Class%20of%202029.php,Welcome Class of 2029 | College of Medicine CNU COM Home Page Header,annual_report,medicine.cnsu.edu,official_school_domain,1.00,fetched,accepted,2029,matriculated students,official_published_mean,513.3,average,3.83,average,,"ultimately matriculated. Among the enrolled students, 109 are from California, with 9 joining from out of state. The academic performance of the incoming class is outstanding. The average MCAT score is 513.3, while the average BCPM (biology, chemistry, physics, math) GPA stands at 3.78. The average overall GPA is slightly higher, at 3.83. Additionally, 11 percent of students enter the The academic performance of the incoming class is outstanding. The average MCAT score is 513.3, while the average BCPM (biology, chemistry, physics, math) GPA stands at 3.78. The average overall GPA is slightly higher, at 3.83. Additionally, 11 percent of students enter the program with graduate degrees, unders",,2026-06-09,md_official_public_source,approved_official_extraction,Official-domain MCAT/GPA values found in class-profile context. Selected latest shared cohort year 2029.
md_case_western_reserve_university_school_of_medicine_cleveland_ohio,Case Western Reserve University School of Medicine,MD,http://case.edu/medicine/admissions/,Case Western Reserve University School of Medicine,admissions_page,case.edu,official_school_domain,1.00,fetch_skipped_needs_stats_path,fetch_skipped_needs_stats_path,,,,,,,,,,,2026-06-09,,needs_review,"Official domain seed needs a class profile, annual report, fact book, or admissions statistics path before fetching."
md_case_western_reserve_university_school_of_medicine_cleveland_ohio,Case Western Reserve University School of Medicine,MD,https://case.edu/medicine/anatomy/education/ms-applied-anatomy/students-and-alumni/class-profile,Class Profile | Anatomy | School of Medicine | Case Western Reserve University,class_profile,case.edu,official_school_domain,1.00,fetched,no_relevant_stats_found,,official published school profile,official_published_value,,,,,,,,2026-06-08,,needs_review,No class-profile MCAT/GPA values found.
md_charles_e_schmidt_college_of_medicine_at_florida_atlantic_university_boca_raton_,Charles E. Schmidt College of Medicine at Florida Atlantic University,MD,http://med.fau.edu/admissions/md/index.php,Florida Atlantic University Charles E. Schmidt College of Medicine,admissions_page,med.fau.edu,official_school_domain,1.00,fetch_skipped_needs_stats_path,fetch_skipped_needs_stats_path,,,,,,,,,,,2026-06-09,,needs_review,"Official domain seed needs a class profile, annual report, fact book, or admissions statistics path before fetching."
md_charles_e_schmidt_college_of_medicine_at_florida_atlantic_university_boca_raton_,Charles E. Schmidt College of Medicine at Florida Atlantic University,MD,http://med.fau.edu/medicine/md/admissions/entering-class/,Entering Class Profile,class_profile,med.fau.edu,official_school_domain,1.00,fetch_failed_http_404,fetch_failed_http_404,,,,,,,,,,,2026-06-08,,needs_review,HTTP Error 404: Not Found
md_charles_e_schmidt_college_of_medicine_at_florida_atlantic_university_boca_raton_,Charles E. Schmidt College of Medicine at Florida Atlantic University,MD,https://www.fau.edu/medicine/md/admissions/entering-class/index.php,Entering M.D. Class Profile | College of Medicine | Florida Atlantic University,class_profile,fau.edu,official_school_domain,1.00,fetched,accepted,,matriculated students,official_published_mean,515,mean,3.85,mean,,"ition Purposes Technical Standards Courses Nutrition Education Residency Match Results Visiting Students & Electives Student Affairs Entering M.D. Class Profile Applications 4,165 Mean MCAT 515 Mean GPA 3.85 Mean BCPM 3.82 Number of Students with Graduate School 9% Number of Out-of-State Students 28% Number Matriculated 78 Additional Information The Charles E. Schmidt Co Technical Standards Courses Nutrition Education Residency Match Results Visiting Students & Electives Student Affairs Entering M.D. Class Profile Applications 4,165 Mean MCAT 515 Mean GPA 3.85 Mean BCPM 3.82 Number of Students with Graduate School 9% Number of Out-of-State Students 28% Number Matriculated 78 Additional Infor",,2026-06-08,md_official_public_source,approved_official_extraction,Official-domain MCAT/GPA values found in class-profile context.
md_chicago_medical_school_at_rosalind_franklin_university_of_medicine_and_science_n,Chicago Medical School at Rosalind Franklin University of Medicine and Science,MD,https://www.rosalindfranklin.edu/academics/chicago-medical-school/degree-program/how-to-apply/,How to Apply to the Chicago Medical School - Rosalind Franklin University,class_profile,rosalindfranklin.edu,official_school_domain,1.00,fetched,no_relevant_stats_found,,official published school profile,official_published_value,,,,,,,,2026-06-08,,needs_review,No class-profile MCAT/GPA values found.
md_chicago_medical_school_at_rosalind_franklin_university_of_medicine_and_science_n,Chicago Medical School at Rosalind Franklin University of Medicine and Science,MD,https://www.rosalindfranklin.edu/academics/chicago-medical-school/degree-programs/allopathic-medicine-md/class-profile/,Class Profile: Chicago Medical School - Rosalind Franklin University,class_profile,rosalindfranklin.edu,official_school_domain,1.00,fetched,accepted,2025,matriculated students,official_published_mean,508,average,3.69,average,,"the Chicago Medical School Allopathic Medicine (MD) - 2025 Entering Class Class Size 203 Number of AMCAS Applicants 11,985 GPA - Cumulative 3.69 GPA - Science 3.59 Entrance Exam (MCAT) 508 In-State Residents (based on permanent address) 44% Average Age (at matriculation) 24 Chicago Medical School About the School Degree Programs Residency & Fellowship Programs Resea ool Twitter for the Chicago Medical School Instagram for the Chicago Medical School Allopathic Medicine (MD) - 2025 Entering Class Class Size 203 Number of AMCAS Applicants 11,985 GPA - Cumulative 3.69 GPA - Science 3.59 Entrance Exam (MCAT) 508 In-State Residents (based on permanent address) 44% Average Age (at matriculation) 24",,2026-06-08,md_official_public_source,approved_official_extraction,Official-domain MCAT/GPA values found in class-profile context.
md_columbia_university_vagelos_college_of_physicians_and_surgeons_new_york_new_york,Columbia University Vagelos College of Physicians and Surgeons,MD,http://ps.columbia.edu/education/academic-programs/md-program/admissions/student-profiles,Student Profiles | Vagelos College of Physicians and Surgeons,class_profile,ps.columbia.edu,official_school_domain,1.00,fetched,no_relevant_stats_found,2020,official published school profile,official_published_value,,,,,,,,2026-06-08,,needs_review,No class-profile MCAT/GPA values found.
md_columbia_university_vagelos_college_of_physicians_and_surgeons_new_york_new_york,Columbia University Vagelos College of Physicians and Surgeons,MD,http://ps.columbia.edu/education/admissions,Columbia University College of Physicians and Surgeons,admissions_page,ps.columbia.edu,official_school_domain,1.00,fetch_skipped_needs_stats_path,fetch_skipped_needs_stats_path,,,,,,,,,,,2026-06-09,,needs_review,"Official domain seed needs a class profile, annual report, fact book, or admissions statistics path before fetching."
md_columbia_university_vagelos_college_of_physicians_and_surgeons_new_york_new_york,Columbia University Vagelos College of Physicians and Surgeons,MD,https://www.vagelos.columbia.edu/education/academic-programs/md-program/admissions/student-profiles,Student Profiles | Vagelos College of Physicians and Surgeons,class_profile,vagelos.columbia.edu,official_school_domain_family,0.95,fetched,no_relevant_stats_found,2020,official published school profile,official_published_value,,,,,,,,2026-06-08,,needs_review,No class-profile MCAT/GPA values found.
md_cooper_medical_school_of_rowan_university_camden_new_jersey,Cooper Medical School of Rowan University,MD,http://www.rowan.edu/coopermed/students/admissions/,Cooper Medical School of Rowan University,admissions_page,rowan.edu,official_school_domain,1.00,fetch_skipped_needs_stats_path,fetch_skipped_needs_stats_path,,,,,,,,,,,2026-06-09,,needs_review,"Official domain seed needs a class profile, annual report, fact book, or admissions statistics path before fetching."
md_cooper_medical_school_of_rowan_university_camden_new_jersey,Cooper Medical School of Rowan University,MD,https://cmsru.rowan.edu/documents/about-documents/25-108-cmsru-fast-facts-2.pdf,25-108-cmsru-fast-facts-2.pdf,annual_report,cmsru.rowan.edu,official_school_domain,1.00,fetched,accepted,2029,matriculated students,official_published_mean,513,average,3.86,average,,"olled at CMSRU. Class of 2029 snapshot (as of August 2025) Applications received 4,619 Total students 118 New Jersey residents 84 Average overall GPA 3.86 Average science GPA 3.82 Average MCAT 513 Graduates of Rowan University 15 Students with advanced degrees 6 (4 MS and 2 MPH) First-generation graduates 7 (6%) Students who identify within underrepresented groups 15 (12%) their communities. Currently, 459 students are enrolled at CMSRU. Class of 2029 snapshot (as of August 2025) Applications received 4,619 Total students 118 New Jersey residents 84 Average overall GPA 3.86 Average science GPA 3.82 Average MCAT 513 Graduates of Rowan University 15 Students with advanced degrees 6 (4 MS and 2",,2026-06-09,md_official_public_source,approved_official_extraction,Official-domain MCAT/GPA values found in class-profile context. Selected latest shared cohort year 2029.
md_creighton_university_school_of_medicine_omaha_nebraska,Creighton University School of Medicine,MD,https://medschool.creighton.edu/medicine/programs/medicine-md/class-profile,Class Profile,class_profile,medschool.creighton.edu,official_school_domain,1.00,fetch_failed_http_404,fetch_failed_http_404,,,,,,,,,,,2026-06-08,,needs_review,HTTP Error 404: Not Found
md_creighton_university_school_of_medicine_omaha_nebraska,Creighton University School of Medicine,MD,https://medschool.creighton.edu/program/Medicine-MD,Creighton University School of Medicine,admissions_page,medschool.creighton.edu,official_school_domain,1.00,fetch_skipped_needs_stats_path,fetch_skipped_needs_stats_path,,,,,,,,,,,2026-06-09,,needs_review,"Official domain seed needs a class profile, annual report, fact book, or admissions statistics path before fetching."
md_creighton_university_school_of_medicine_omaha_nebraska,Creighton University School of Medicine,MD,https://www.creighton.edu/medicine/programs/medicine-md/class-profile,MD Class Profile,class_profile,creighton.edu,official_school_domain,1.00,fetched,accepted,2029,official published school profile,official_published_mean,513,average,3.86,average,,n medicine. The average age is 23 and 21 students are 26 and older. The class is 43% male and 57% female. Image 34 first generation students 24 languages spoken 13 birth countries 513 average MCAT Academic Majors & GPAs Students in the class of 2029 studied in 46 different undergraduate areas at 94 different undergraduate universities and finished with a cumulative GPA of 3 es 513 average MCAT Academic Majors & GPAs Students in the class of 2029 studied in 46 different undergraduate areas at 94 different undergraduate universities and finished with a cumulative GPA of 3.86. 19 students already have an advanced degree. Top Undergraduate Majors Biology: 68 Neuroscience: 29 Molecular Biology: 2,,2026-06-09,md_official_public_source,approved_official_extraction,Official-domain MCAT/GPA values found in class-profile context. Selected latest shared cohort year 2029.
md_dell_medical_school_university_of_texas_at_austin_austin_texas,Dell Medical School – University of Texas at Austin,MD,https://dellmed.utexas.edu/education/how-to-apply/admissions-criteria,Admissions Criteria,annual_report,dellmed.utexas.edu,official_school_domain,1.00,fetched,accepted,2029,official published school profile,official_published_mean,517,average,3.93,average,,eans is invited to petition the admissions team by email. Class Metrics Class of 2029 by the numbers: 50 students per class 98% Texas residents* Average GPA: 3.93 Age range: 21-26 Average MCAT score: 517 Match rate: 100% *State Law requires that at least 90% of Dell Med students be Texas residents Technical Standards and Essential Functions Dell Med has a responsibility to current een established by some alternate means is invited to petition the admissions team by email. Class Metrics Class of 2029 by the numbers: 50 students per class 98% Texas residents* Average GPA: 3.93 Age range: 21-26 Average MCAT score: 517 Match rate: 100% *State Law requires that at least 90% of Dell Med students b,,2026-06-09,md_official_public_source,approved_official_extraction,Official-domain MCAT/GPA values found in class-profile context. Selected latest shared cohort year 2029. Fetched reviewed assisted-search official URL even though the path is not stats-shaped.
md_dell_medical_school_university_of_texas_at_austin_austin_texas,Dell Medical School – University of Texas at Austin,MD,https://dellmed.utexas.edu/prospective-students,University of Texas at Austin Dell Medical School,unknown,dellmed.utexas.edu,official_school_domain,1.00,fetch_skipped_needs_stats_path,fetch_skipped_needs_stats_path,,,,,,,,,,,2026-06-09,,needs_review,"Official domain seed needs a class profile, annual report, fact book, or admissions statistics path before fetching."
md_donald_and_barbara_zucker_school_of_medicine_at_hofstra_northwell_hempstead_new_,Donald and Barbara Zucker School of Medicine at Hofstra/Northwell,MD,https://medicine.hofstra.edu/about,About | Zucker School of Medicine,annual_report,medicine.hofstra.edu,official_school_domain,1.00,fetched,accepted,,official published school profile,official_published_median,518,median,3.86,median,,"D: Dual Bachelor of Arts or Bachelor of Science/Doctor of Medicine STUDENTS 100 per class Students:100 per class Annual MD Applicants: Approximately 5,000 Median Overall GPA: 3.86 Median MCAT: 518 FACULTY 4000+ 25 Academic Departments HISTORICAL TIMELINE CURRICULUM HIGHLIGHTS The innovative curriculum at the Zucker School of Medicine fosters a learning environment that valu stra 4+4 Program: BS-BA/MD: Dual Bachelor of Arts or Bachelor of Science/Doctor of Medicine STUDENTS 100 per class Students:100 per class Annual MD Applicants: Approximately 5,000 Median Overall GPA: 3.86 Median MCAT: 518 FACULTY 4000+ 25 Academic Departments HISTORICAL TIMELINE CURRICULUM HIGHLIGHTS The innovative curric",,2026-06-09,md_official_public_source,approved_official_extraction,Official-domain MCAT/GPA values found in class-profile context. Fetched reviewed assisted-search official URL even though the path is not stats-shaped.
md_drexel_university_college_of_medicine_philadelphia_pennsylvania,Drexel University College of Medicine,MD,http://drexel.edu/medicine/academics/md-program/md-program-admissions/,Drexel University College of Medicine,admissions_page,drexel.edu,official_school_domain,1.00,fetch_skipped_needs_stats_path,fetch_skipped_needs_stats_path,,,,,,,,,,,2026-06-09,,needs_review,"Official domain seed needs a class profile, annual report, fact book, or admissions statistics path before fetching."
md_duke_university_school_of_medicine_durham_north_carolina,Duke University School of Medicine,MD,https://medschool.duke.edu/about-us/facts-figures,Facts & Figures | Duke University School of Medicine,annual_report,medschool.duke.edu,official_school_domain,1.00,fetched,no_relevant_stats_found,,official published school profile,official_published_value,,,,,,,,2026-06-08,,needs_review,No class-profile MCAT/GPA values found.
md_duke_university_school_of_medicine_durham_north_carolina,Duke University School of Medicine,MD,https://medschool.duke.edu/education/health-professions-education-programs/doctor-medicine-md-program/admissions/admissions-5,2025 MD Admissions Statistics | Duke University School of Medicine,class_profile,medschool.duke.edu,official_school_domain,1.00,fetched,no_relevant_stats_found,2025,official published school profile,official_published_value,,,,,,,,2026-06-08,,needs_review,No class-profile MCAT/GPA values found.
md_duke_university_school_of_medicine_durham_north_carolina,Duke University School of Medicine,MD,https://medschool.duke.edu/education/student-services/office-admissions,Duke University School of Medicine,admissions_page,medschool.duke.edu,official_school_domain,1.00,fetch_skipped_needs_stats_path,fetch_skipped_needs_stats_path,,,,,,,,,,,2026-06-09,,needs_review,"Official domain seed needs a class profile, annual report, fact book, or admissions statistics path before fetching."
md_duke_university_school_of_medicine_durham_north_carolina,Duke University School of Medicine,MD,https://medschool.duke.edu/newsroom/magazines-and-annual-reports,Magazines and Annual Reports | Duke University School of Medicine,annual_report,medschool.duke.edu,official_school_domain,1.00,fetched,no_relevant_stats_found,,official published school profile,official_published_value,,,,,,,,2026-06-08,,needs_review,No class-profile MCAT/GPA values found.
md_east_tennessee_state_university_james_h_quillen_college_of_medicine_johnson_city,East Tennessee State University James H. Quillen College of Medicine,MD,http://www.etsu.edu/com/sa/admissions/,East Tennessee State University Quillen College of Medicine,admissions_page,etsu.edu,official_school_domain,1.00,fetch_skipped_needs_stats_path,fetch_skipped_needs_stats_path,,,,,,,,,,,2026-06-09,,needs_review,"Official domain seed needs a class profile, annual report, fact book, or admissions statistics path before fetching."
md_east_tennessee_state_university_james_h_quillen_college_of_medicine_johnson_city,East Tennessee State University James H. Quillen College of Medicine,MD,https://www.etsu.edu/com/admissions/collegeinfo/statistics.php,Statistics of Entering Classes,class_profile,etsu.edu,official_school_domain,1.00,fetched,accepted,,accepted students,official_published_mean,512,average,3.82,average,,"completed: 440 In-state: 290 Out-of-state: 150 Acceptances offered: 143 In-state: 113 Out-of-state: 30 Current accepted students: 96 In-state: 78 Out-of-state: 18 Academic Profile Average GPA BCPM: 3.76 All other: 3.89 Total: 3.82 Average MCAT 512 81% Entering Class Statistics - 2025 Application Data Applications received: 4,009 In-state: 626 Out-of-state: 3,383 Interviews completed: 410 In-state: 283 Out-of-state: 127 Acce completed: 440 In-state: 290 Out-of-state: 150 Acceptances offered: 143 In-state: 113 Out-of-state: 30 Current accepted students: 96 In-state: 78 Out-of-state: 18 Academic Profile Average GPA BCPM: 3.76 All other: 3.89 Total: 3.82 Average MCAT 512 81% Entering Class Stati",,2026-06-09,md_official_public_source,approved_official_extraction,Official-domain MCAT/GPA values found in class-profile context.
md_emory_university_school_of_medicine_atlanta_georgia,Emory University School of Medicine,MD,http://med.emory.edu/about/facts-and-figures/index.html,Facts and Figures | Emory School of Medicine Toggle Toggle Toggle Toggle Search Close Search Search Toggle open Toggle close Sub link Toggle open Toggle close Sub link Sub link Sub link Toggle open Toggle close Sub link Sub link Sub link Toggle open Toggle close Sub link Sub link Toggle open Toggle close Sub link Sub link Toggle open Toggle close Sub link Sub link Toggle open Toggle close Sub link Sub link Sub link Sub link Toggle open Toggle close Sub link Toggle open Toggle close Sub link Sub link Sub link Sub link Sub link Sub link Sub link Sub link Sub link Sub link Sub link Sub link Toggle open Toggle close Sub link Sub link Sub link Sub link Sub link Sub link Sub link Sub link Sub link Sub link Sub link Sub link Toggle open Toggle close Sub link Sub link Sub link Sub link Sub link Toggle open Toggle close Sub link Sub link Sub link Sub link Sub link Sub link Search Close Home Toggle Toggle Toggle Toggle Toggle Toggle Toggle Toggle Toggle Toggle Toggle Toggle Toggle Toggle Toggle Toggle,annual_report,med.emory.edu,official_school_domain,1.00,fetched,no_relevant_stats_found,,official published school profile,official_published_value,,,,,,,,2026-06-08,,needs_review,No class-profile MCAT/GPA values found.
md_emory_university_school_of_medicine_atlanta_georgia,Emory University School of Medicine,MD,http://med.emory.edu/admissions/class-profile/,Admissions | Emory School of Medicine Toggle Toggle Toggle Toggle Search Close Search Search Toggle open Toggle close Sub link Sub link Sub link Sub link Sub link Sub link Toggle open Toggle close Sub link Sub link Toggle open Toggle close Sub link Sub link Sub link Sub link Toggle open Toggle close Sub link Sub link Sub link Toggle open Toggle close Sub link Sub link Sub link Sub link Sub link Sub link Toggle open Toggle close Sub link Sub link Sub link Sub link Sub link Toggle open Toggle close Sub link Sub link Toggle open Toggle close Sub link Sub link Sub link Sub link Sub link Toggle open Toggle close Sub link Sub link Sub link Sub link Toggle open Toggle close Sub link Sub link Sub link Sub link Sub link Toggle open Toggle close Sub link Sub link Sub link Sub link Sub link Sub link Sub link Sub link Sub link Sub link Sub link Sub link Toggle open Toggle close Sub link Sub link Sub link Sub link Sub link Sub link Sub link Sub link Sub link Sub link Sub link Sub link Toggle open Toggle close Sub link Sub link Sub link Sub link Sub link Toggle open Toggle close Sub link Sub link Sub link Sub link Sub link Sub link Search Close Home Toggle Toggle Toggle Toggle Toggle Toggle Toggle Toggle Toggle Toggle Toggle Toggle Toggle Toggle Toggle Toggle Toggle Toggle Toggle Toggle,annual_report,med.emory.edu,official_school_domain,1.00,fetched,no_relevant_stats_found,,official published school profile,official_published_value,,,,,,,,2026-06-08,,needs_review,No class-profile MCAT/GPA values found.
md_emory_university_school_of_medicine_atlanta_georgia,Emory University School of Medicine,MD,http://med.emory.edu/admissions/class-statistics/,Admissions | Emory School of Medicine Toggle Toggle Toggle Toggle Search Close Search Search Toggle open Toggle close Sub link Sub link Sub link Sub link Sub link Sub link Toggle open Toggle close Sub link Sub link Toggle open Toggle close Sub link Sub link Sub link Sub link Toggle open Toggle close Sub link Sub link Sub link Toggle open Toggle close Sub link Sub link Sub link Sub link Sub link Sub link Toggle open Toggle close Sub link Sub link Sub link Sub link Sub link Toggle open Toggle close Sub link Sub link Toggle open Toggle close Sub link Sub link Sub link Sub link Sub link Toggle open Toggle close Sub link Sub link Sub link Sub link Toggle open Toggle close Sub link Sub link Sub link Sub link Sub link Toggle open Toggle close Sub link Sub link Sub link Sub link Sub link Sub link Sub link Sub link Sub link Sub link Sub link Sub link Toggle open Toggle close Sub link Sub link Sub link Sub link Sub link Sub link Sub link Sub link Sub link Sub link Sub link Sub link Toggle open Toggle close Sub link Sub link Sub link Sub link Sub link Toggle open Toggle close Sub link Sub link Sub link Sub link Sub link Sub link Search Close Home Toggle Toggle Toggle Toggle Toggle Toggle Toggle Toggle Toggle Toggle Toggle Toggle Toggle Toggle Toggle Toggle Toggle Toggle Toggle Toggle,annual_report,med.emory.edu,official_school_domain,1.00,fetched,no_relevant_stats_found,,official published school profile,official_published_value,,,,,,,,2026-06-08,,needs_review,No class-profile MCAT/GPA values found.
md_emory_university_school_of_medicine_atlanta_georgia,Emory University School of Medicine,MD,http://med.emory.edu/admissions/entering-class-profile/,Admissions | Emory School of Medicine Toggle Toggle Toggle Toggle Search Close Search Search Toggle open Toggle close Sub link Sub link Sub link Sub link Sub link Sub link Toggle open Toggle close Sub link Sub link Toggle open Toggle close Sub link Sub link Sub link Sub link Toggle open Toggle close Sub link Sub link Sub link Toggle open Toggle close Sub link Sub link Sub link Sub link Sub link Sub link Toggle open Toggle close Sub link Sub link Sub link Sub link Sub link Toggle open Toggle close Sub link Sub link Toggle open Toggle close Sub link Sub link Sub link Sub link Sub link Toggle open Toggle close Sub link Sub link Sub link Sub link Toggle open Toggle close Sub link Sub link Sub link Sub link Sub link Toggle open Toggle close Sub link Sub link Sub link Sub link Sub link Sub link Sub link Sub link Sub link Sub link Sub link Sub link Toggle open Toggle close Sub link Sub link Sub link Sub link Sub link Sub link Sub link Sub link Sub link Sub link Sub link Sub link Toggle open Toggle close Sub link Sub link Sub link Sub link Sub link Toggle open Toggle close Sub link Sub link Sub link Sub link Sub link Sub link Search Close Home Toggle Toggle Toggle Toggle Toggle Toggle Toggle Toggle Toggle Toggle Toggle Toggle Toggle Toggle Toggle Toggle Toggle Toggle Toggle Toggle,annual_report,med.emory.edu,official_school_domain,1.00,fetched,no_relevant_stats_found,,official published school profile,official_published_value,,,,,,,,2026-06-08,,needs_review,No class-profile MCAT/GPA values found.
md_emory_university_school_of_medicine_atlanta_georgia,Emory University School of Medicine,MD,http://med.emory.edu/admissions/entering-class-statistics/,Admissions | Emory School of Medicine Toggle Toggle Toggle Toggle Search Close Search Search Toggle open Toggle close Sub link Sub link Sub link Sub link Sub link Sub link Toggle open Toggle close Sub link Sub link Toggle open Toggle close Sub link Sub link Sub link Sub link Toggle open Toggle close Sub link Sub link Sub link Toggle open Toggle close Sub link Sub link Sub link Sub link Sub link Sub link Toggle open Toggle close Sub link Sub link Sub link Sub link Sub link Toggle open Toggle close Sub link Sub link Toggle open Toggle close Sub link Sub link Sub link Sub link Sub link Toggle open Toggle close Sub link Sub link Sub link Sub link Toggle open Toggle close Sub link Sub link Sub link Sub link Sub link Toggle open Toggle close Sub link Sub link Sub link Sub link Sub link Sub link Sub link Sub link Sub link Sub link Sub link Sub link Toggle open Toggle close Sub link Sub link Sub link Sub link Sub link Sub link Sub link Sub link Sub link Sub link Sub link Sub link Toggle open Toggle close Sub link Sub link Sub link Sub link Sub link Toggle open Toggle close Sub link Sub link Sub link Sub link Sub link Sub link Search Close Home Toggle Toggle Toggle Toggle Toggle Toggle Toggle Toggle Toggle Toggle Toggle Toggle Toggle Toggle Toggle Toggle Toggle Toggle Toggle Toggle,annual_report,med.emory.edu,official_school_domain,1.00,fetched,no_relevant_stats_found,,official published school profile,official_published_value,,,,,,,,2026-06-08,,needs_review,No class-profile MCAT/GPA values found.
md_emory_university_school_of_medicine_atlanta_georgia,Emory University School of Medicine,MD,http://med.emory.edu/departments/pediatrics/divisions/general/partners/annual-report/index.html,Annual Report | Emory School of Medicine Toggle Toggle Toggle Toggle Search Close Search Search Toggle open Toggle close Sub link Sub link Toggle open Toggle close Sub link Sub link Sub link Sub link Sub link Toggle open Toggle close Sub link Sub link Sub link Sub link Sub link Sub link Sub link Sub link Sub link Sub link Sub link Sub link Toggle open Toggle close Sub link Sub link Sub link Sub link Sub link Sub link Sub link Sub link Sub link Sub link Sub link Sub link Toggle open Toggle close Sub link Sub link Sub link Sub link Sub link Toggle open Toggle close Sub link Sub link Sub link Sub link Sub link Sub link Search Close Home Toggle Toggle Toggle Toggle,annual_report,med.emory.edu,official_school_domain,1.00,fetched,no_relevant_stats_found,,official published school profile,official_published_value,,,,,,,,2026-06-08,,needs_review,No class-profile MCAT/GPA values found.
md_emory_university_school_of_medicine_atlanta_georgia,Emory University School of Medicine,MD,http://med.emory.edu/departments/surgery/about-us/annual-reports.html,Annual Reports | Emory School of Medicine Toggle Toggle Toggle Toggle Search Close Search Search Toggle open Toggle close Sub link Sub link Sub link Sub link Sub link Sub link Sub link Toggle open Toggle close Sub link Sub link Toggle open Toggle close Sub link Sub link Sub link Sub link Sub link Sub link Sub link Sub link Sub link Sub link Sub link Sub link Toggle open Toggle close Sub link Sub link Sub link Sub link Sub link Sub link Sub link Sub link Sub link Sub link Sub link Sub link Toggle open Toggle close Sub link Sub link Sub link Sub link Sub link Toggle open Toggle close Sub link Sub link Sub link Sub link Sub link Sub link Search Close Home Toggle Toggle Toggle Toggle,annual_report,med.emory.edu,official_school_domain,1.00,fetched,no_relevant_stats_found,,official published school profile,official_published_value,,,,,,,,2026-06-08,,needs_review,No class-profile MCAT/GPA values found.
md_emory_university_school_of_medicine_atlanta_georgia,Emory University School of Medicine,MD,http://med.emory.edu/education/admissions/md/class-profile/index.html,M1 Class Profile Fall 2025,class_profile,med.emory.edu,official_school_domain,1.00,fetch_failed_http_404,fetch_failed_http_404,,,,,,,,,,,2026-06-08,,needs_review,HTTP Error 404: Not Found
md_emory_university_school_of_medicine_atlanta_georgia,Emory University School of Medicine,MD,http://med.emory.edu/education/admissions/md/index.html,Doctor of Medicine (MD) | Emory School of Medicine Toggle Toggle Toggle Toggle Search Close Search Search Toggle open Toggle close Sub link Sub link Sub link Sub link Sub link Sub link Toggle open Toggle close Sub link Sub link Sub link Sub link Sub link Toggle open Toggle close Sub link Sub link Sub link Toggle open Toggle close Toggle open Toggle close Sub link Sub link Sub link Sub link Sub link Sub link Sub link Sub link Sub link Sub link Sub link Sub link Toggle open Toggle close Sub link Sub link Sub link Sub link Sub link Sub link Sub link Sub link Sub link Sub link Sub link Sub link Toggle open Toggle close Sub link Sub link Sub link Sub link Sub link Toggle open Toggle close Sub link Sub link Sub link Sub link Sub link Sub link Search Close Home Toggle Toggle Toggle Toggle Toggle Toggle Toggle Toggle,class_profile,med.emory.edu,official_school_domain,1.00,fetched,no_relevant_stats_found,,official published school profile,official_published_value,,,,,,,,2026-06-08,,needs_review,No class-profile MCAT/GPA values found.
md_emory_university_school_of_medicine_atlanta_georgia,Emory University School of Medicine,MD,https://med.emory.edu/education/programs/md/class-profile/index.html,M1 Class Profile 2025 | Emory School of Medicine Toggle Toggle Toggle Toggle Search Close Search Search Toggle open Toggle close Sub link Sub link Sub link Sub link Sub link Sub link Toggle open Toggle close Sub link Sub link Sub link Sub link Sub link Toggle open Toggle close Sub link Sub link Sub link Toggle open Toggle close Toggle open Toggle close Sub link Sub link Sub link Sub link Sub link Sub link Sub link Sub link Sub link Sub link Sub link Sub link Toggle open Toggle close Sub link Sub link Sub link Sub link Sub link Sub link Sub link Sub link Sub link Sub link Sub link Sub link Toggle open Toggle close Sub link Sub link Sub link Sub link Sub link Toggle open Toggle close Sub link Sub link Sub link Sub link Sub link Sub link Search Close Home Toggle Toggle Toggle Toggle Toggle Toggle Toggle Toggle,class_profile,med.emory.edu,official_school_domain,1.00,fetched,accepted,,official published school profile,official_published_mean,514.9,mean,3.81,mean,,"e 45 male 9 MD/PhD 7 MD/MPH 24 average age at matriculation 21-31 age range 66 different undergraduate institutions 11 traditional students (8%) 127 non-traditional students (92%) MCAT and GPA Averages 514.9 mean cumulative MCAT score 3.81 average undergraduate GPA Emory continues to recognize its responsibility to consider applicants as individuals; however, applicants should present tion 21-31 age range 66 different undergraduate institutions 11 traditional students (8%) 127 non-traditional students (92%) MCAT and GPA Averages 514.9 mean cumulative MCAT score 3.81 average undergraduate GPA Emory continues to recognize its responsibility to consider applicants as individuals; however, appli",,2026-06-08,md_official_public_source,approved_official_extraction,Official-domain MCAT/GPA values found in class-profile context.
md_florida_international_university_herbert_wertheim_college_of_medicine_miami_flor,Florida International University Herbert Wertheim College of Medicine,MD,https://medicine.fiu.edu/academics/degrees-and-programs/doctor-of-medicine/admissions/index.html,Admissions | Doctor of Medicine (M.D.) | FIU Herbert Wertheim College of Medicine,annual_report,medicine.fiu.edu,official_school_domain,1.00,fetched,no_relevant_stats_found,,official published school profile,official_published_value,,,,,,,,2026-06-08,,needs_review,No class-profile MCAT/GPA values found.
md_florida_international_university_herbert_wertheim_college_of_medicine_miami_flor,Florida International University Herbert Wertheim College of Medicine,MD,https://medicine.fiu.edu/academics/doctor-of-medicine/faqs/,FAQs | FIU Herbert Wertheim College of Medicine,class_profile,medicine.fiu.edu,official_school_domain,1.00,fetched,accepted,2027,accepted students,official_published_mean,510,average,3.86,average,,"vailable to them. What GPA and MCAT score will I need to be considered for admission? All applicants may be considered. However, our average statistics for accepted applicants are MCAT 510 (range 502 - 522); Overall GPA 3.86 (range 3.27 - 4.00); and BCPM 3.80 (range 3.22 - 4.00). For more details, please refer to the MSAR . AMCAS Primary Application When does the ap nd MCAT score will I need to be considered for admission? All applicants may be considered. However, our average statistics for accepted applicants are MCAT 510 (range 502 - 522); Overall GPA 3.86 (range 3.27 - 4.00); and BCPM 3.80 (range 3.22 - 4.00). For more details, please refer to the MSAR . AMCAS Primary Application When do",,2026-06-08,md_official_public_source,approved_official_extraction,Official-domain MCAT/GPA values found in class-profile context. Fetched reviewed assisted-search official URL even though the path is not stats-shaped.
md_florida_international_university_herbert_wertheim_college_of_medicine_miami_flor,Florida International University Herbert Wertheim College of Medicine,MD,https://medicine.fiu.edu/admissions/class-profile/,Admissions | Doctor of Medicine (M.D.) | FIU Herbert Wertheim College of Medicine,annual_report,medicine.fiu.edu,official_school_domain,1.00,fetched,no_relevant_stats_found,,official published school profile,official_published_value,,,,,,,,2026-06-08,,needs_review,No class-profile MCAT/GPA values found.
md_florida_international_university_herbert_wertheim_college_of_medicine_miami_flor,Florida International University Herbert Wertheim College of Medicine,MD,https://medicine.fiu.edu/admissions/class-statistics/,Admissions | Doctor of Medicine (M.D.) | FIU Herbert Wertheim College of Medicine,annual_report,medicine.fiu.edu,official_school_domain,1.00,fetched,no_relevant_stats_found,,official published school profile,official_published_value,,,,,,,,2026-06-08,,needs_review,No class-profile MCAT/GPA values found.
md_florida_international_university_herbert_wertheim_college_of_medicine_miami_flor,Florida International University Herbert Wertheim College of Medicine,MD,https://medicine.fiu.edu/admissions/entering-class-profile/,Admissions | Doctor of Medicine (M.D.) | FIU Herbert Wertheim College of Medicine,annual_report,medicine.fiu.edu,official_school_domain,1.00,fetched,no_relevant_stats_found,,official published school profile,official_published_value,,,,,,,,2026-06-08,,needs_review,No class-profile MCAT/GPA values found.
md_florida_international_university_herbert_wertheim_college_of_medicine_miami_flor,Florida International University Herbert Wertheim College of Medicine,MD,https://medicine.fiu.edu/admissions/entering-class-statistics/,Admissions | Doctor of Medicine (M.D.) | FIU Herbert Wertheim College of Medicine,annual_report,medicine.fiu.edu,official_school_domain,1.00,fetched,no_relevant_stats_found,,official published school profile,official_published_value,,,,,,,,2026-06-08,,needs_review,No class-profile MCAT/GPA values found.
md_florida_state_university_college_of_medicine_tallahassee_florida,Florida State University College of Medicine,MD,http://med.fsu.edu/index.cfm?page=mdAdmissions.home&usemenu=prospectiveStudents,Florida State University College of Medicine,admissions_page,med.fsu.edu,official_school_domain,1.00,fetch_skipped_needs_stats_path,fetch_skipped_needs_stats_path,,,,,,,,,,,2026-06-09,,needs_review,"Official domain seed needs a class profile, annual report, fact book, or admissions statistics path before fetching."
md_florida_state_university_college_of_medicine_tallahassee_florida,Florida State University College of Medicine,MD,https://med.fsu.edu/daytona/directory/student-profiles,Student Profiles | College of Medicine,class_profile,med.fsu.edu,official_school_domain,1.00,fetched,no_relevant_stats_found,,official published school profile,official_published_value,,,,,,,,2026-06-08,,needs_review,No class-profile MCAT/GPA values found.
md_florida_state_university_college_of_medicine_tallahassee_florida,Florida State University College of Medicine,MD,https://med.fsu.edu/ftpierce/directory/student-profiles,Student Profiles | College of Medicine,class_profile,med.fsu.edu,official_school_domain,1.00,fetched,no_relevant_stats_found,,official published school profile,official_published_value,,,,,,,,2026-06-08,,needs_review,No class-profile MCAT/GPA values found.
md_florida_state_university_college_of_medicine_tallahassee_florida,Florida State University College of Medicine,MD,https://med.fsu.edu/marianna/directory/student-profiles,Student Profiles | College of Medicine,class_profile,med.fsu.edu,official_school_domain,1.00,fetched,no_relevant_stats_found,,official published school profile,official_published_value,,,,,,,,2026-06-08,,needs_review,No class-profile MCAT/GPA values found.
md_florida_state_university_college_of_medicine_tallahassee_florida,Florida State University College of Medicine,MD,https://med.fsu.edu/newspubs/2018-annual-report,2018 Annual Report | College of Medicine,annual_report,med.fsu.edu,official_school_domain,1.00,fetched,no_relevant_stats_found,,official published school profile,official_published_value,,,,,,,,2026-06-08,,needs_review,No class-profile MCAT/GPA values found.
md_florida_state_university_college_of_medicine_tallahassee_florida,Florida State University College of Medicine,MD,https://med.fsu.edu/newspubs/publications/2009-annual-report,2009 Annual Report | College of Medicine,annual_report,med.fsu.edu,official_school_domain,1.00,fetched,no_relevant_stats_found,,official published school profile,official_published_value,,,,,,,,2026-06-08,,needs_review,No class-profile MCAT/GPA values found.
md_florida_state_university_college_of_medicine_tallahassee_florida,Florida State University College of Medicine,MD,https://med.fsu.edu/newspubs/publications/2010-annual-report,2010 Annual Report | College of Medicine,annual_report,med.fsu.edu,official_school_domain,1.00,fetched,no_relevant_stats_found,,official published school profile,official_published_value,,,,,,,,2026-06-08,,needs_review,No class-profile MCAT/GPA values found.
md_florida_state_university_college_of_medicine_tallahassee_florida,Florida State University College of Medicine,MD,https://med.fsu.edu/newspubs/publications/2011-annual-report,2011 Annual Report | College of Medicine,annual_report,med.fsu.edu,official_school_domain,1.00,fetched,no_relevant_stats_found,,official published school profile,official_published_value,,,,,,,,2026-06-08,,needs_review,No class-profile MCAT/GPA values found.
md_florida_state_university_college_of_medicine_tallahassee_florida,Florida State University College of Medicine,MD,https://med.fsu.edu/newspubs/publications/2012-annual-report,2012 Annual Report | College of Medicine,annual_report,med.fsu.edu,official_school_domain,1.00,fetched,no_relevant_stats_found,,official published school profile,official_published_value,,,,,,,,2026-06-08,,needs_review,No class-profile MCAT/GPA values found.
md_florida_state_university_college_of_medicine_tallahassee_florida,Florida State University College of Medicine,MD,https://med.fsu.edu/newspubs/publications/2013-annual-report,2013 Annual Report | College of Medicine,annual_report,med.fsu.edu,official_school_domain,1.00,fetched,no_relevant_stats_found,,official published school profile,official_published_value,,,,,,,,2026-06-08,,needs_review,No class-profile MCAT/GPA values found.
md_florida_state_university_college_of_medicine_tallahassee_florida,Florida State University College of Medicine,MD,https://med.fsu.edu/newspubs/publications/2014-annual-report,2014 annual report | College of Medicine,annual_report,med.fsu.edu,official_school_domain,1.00,fetched,no_relevant_stats_found,,official published school profile,official_published_value,,,,,,,,2026-06-08,,needs_review,No class-profile MCAT/GPA values found.
md_florida_state_university_college_of_medicine_tallahassee_florida,Florida State University College of Medicine,MD,https://med.fsu.edu/newspubs/publications/2015-annual-report,2015 annual report | College of Medicine,annual_report,med.fsu.edu,official_school_domain,1.00,fetched,no_relevant_stats_found,,official published school profile,official_published_value,,,,,,,,2026-06-08,,needs_review,No class-profile MCAT/GPA values found.
md_florida_state_university_college_of_medicine_tallahassee_florida,Florida State University College of Medicine,MD,https://med.fsu.edu/newspubs/publications/2016-annual-report,2016 annual report | College of Medicine,annual_report,med.fsu.edu,official_school_domain,1.00,fetched,no_relevant_stats_found,,official published school profile,official_published_value,,,,,,,,2026-06-08,,needs_review,No class-profile MCAT/GPA values found.
md_florida_state_university_college_of_medicine_tallahassee_florida,Florida State University College of Medicine,MD,https://med.fsu.edu/newspubs/publications/2017-annual-report-0,2017 annual report | College of Medicine,annual_report,med.fsu.edu,official_school_domain,1.00,fetched,no_relevant_stats_found,,official published school profile,official_published_value,,,,,,,,2026-06-08,,needs_review,No class-profile MCAT/GPA values found.
md_florida_state_university_college_of_medicine_tallahassee_florida,Florida State University College of Medicine,MD,https://med.fsu.edu/newspubs/publications/2018-annual-report,2018 Annual Report | College of Medicine,annual_report,med.fsu.edu,official_school_domain,1.00,fetched,no_relevant_stats_found,,official published school profile,official_published_value,,,,,,,,2026-06-08,,needs_review,No class-profile MCAT/GPA values found.
md_florida_state_university_college_of_medicine_tallahassee_florida,Florida State University College of Medicine,MD,https://med.fsu.edu/orlando/directory/student-profiles,Student Profiles | College of Medicine,class_profile,med.fsu.edu,official_school_domain,1.00,fetched,no_relevant_stats_found,,official published school profile,official_published_value,,,,,,,,2026-06-08,,needs_review,No class-profile MCAT/GPA values found.
md_florida_state_university_college_of_medicine_tallahassee_florida,Florida State University College of Medicine,MD,https://med.fsu.edu/pensacola/directory/student-profiles,Student Profiles | College of Medicine,class_profile,med.fsu.edu,official_school_domain,1.00,fetched,no_relevant_stats_found,,official published school profile,official_published_value,,,,,,,,2026-06-08,,needs_review,No class-profile MCAT/GPA values found.
md_florida_state_university_college_of_medicine_tallahassee_florida,Florida State University College of Medicine,MD,https://med.fsu.edu/sarasota/directory/student-profiles,Student Profiles | College of Medicine,class_profile,med.fsu.edu,official_school_domain,1.00,fetched,no_relevant_stats_found,,official published school profile,official_published_value,,,,,,,,2026-06-08,,needs_review,No class-profile MCAT/GPA values found.
md_florida_state_university_college_of_medicine_tallahassee_florida,Florida State University College of Medicine,MD,https://med.fsu.edu/studentaffairs/student-profiles,Student Profiles | College of Medicine,class_profile,med.fsu.edu,official_school_domain,1.00,fetched,no_relevant_stats_found,2027,official published school profile,official_published_value,,,,,,,,2026-06-08,,needs_review,No class-profile MCAT/GPA values found.
md_florida_state_university_college_of_medicine_tallahassee_florida,Florida State University College of Medicine,MD,https://med.fsu.edu/tallahassee/directory/student-profiles,Student Profiles | College of Medicine,class_profile,med.fsu.edu,official_school_domain,1.00,fetched,no_relevant_stats_found,,official published school profile,official_published_value,,,,,,,,2026-06-08,,needs_review,No class-profile MCAT/GPA values found.
md_florida_state_university_college_of_medicine_tallahassee_florida,Florida State University College of Medicine,MD,https://med.fsu.edu/thomasvilleprogram/student-profiles,Student Profiles | College of Medicine,class_profile,med.fsu.edu,official_school_domain,1.00,fetched,no_relevant_stats_found,2026,official published school profile,official_published_value,,,,,,,,2026-06-08,,needs_review,No class-profile MCAT/GPA values found.
md_frank_h_netter_md_school_of_medicine_at_quinnipiac_university_north_haven_connec,Frank H. Netter MD School of Medicine at Quinnipiac University,MD,https://www.qu.edu/schools/medicine/admissions.html,Apply for Admission | Frank H. Netter MD School of Medicine Quinnipiac University,class_profile,qu.edu,official_school_domain,1.00,fetched,no_relevant_stats_found,,official published school profile,official_published_value,,,,,,,,2026-06-08,,needs_review,No class-profile MCAT/GPA values found.
md_geisel_school_of_medicine_at_dartmouth_hanover_new_hampshire,Geisel School of Medicine at Dartmouth,MD,http://geiselmed.dartmouth.edu/admissions/,Geisel School of Medicine at Dartmouth,admissions_page,geiselmed.dartmouth.edu,official_school_domain,1.00,fetch_skipped_needs_stats_path,fetch_skipped_needs_stats_path,,,,,,,,,,,2026-06-09,,needs_review,"Official domain seed needs a class profile, annual report, fact book, or admissions statistics path before fetching."
md_geisinger_commonwealth_school_of_medicine_scranton_pennsylvania,Geisinger Commonwealth School of Medicine,MD,https://tcmc.edu/admissions/md-admissions/,Geisinger Commonwealth School of Medicine,admissions_page,tcmc.edu,official_school_domain,1.00,fetch_skipped_needs_stats_path,fetch_skipped_needs_stats_path,,,,,,,,,,,2026-06-09,,needs_review,"Official domain seed needs a class profile, annual report, fact book, or admissions statistics path before fetching."
md_geisinger_commonwealth_school_of_medicine_scranton_pennsylvania,Geisinger Commonwealth School of Medicine,MD,https://www.geisinger.edu/education/admissions/md-admissions/application-process,Letter requirement URL from normalized source table,admissions_page,geisinger.edu,official_school_domain,1.00,fetch_skipped_needs_stats_path,fetch_skipped_needs_stats_path,,,,,,,,,,,2026-06-09,,needs_review,"Official domain seed needs a class profile, annual report, fact book, or admissions statistics path before fetching."
md_george_washington_university_school_of_medicine_and_health_sciences_washington_d,George Washington University School of Medicine and Health Sciences,MD,http://smhs.gwu.edu/academics/md-program/admissions,George Washington University School of Medicine and Health Sciences,admissions_page,smhs.gwu.edu,official_school_domain,1.00,fetch_skipped_needs_stats_path,fetch_skipped_needs_stats_path,,,,,,,,,,,2026-06-09,,needs_review,"Official domain seed needs a class profile, annual report, fact book, or admissions statistics path before fetching."
md_george_washington_university_school_of_medicine_and_health_sciences_washington_d,George Washington University School of Medicine and Health Sciences,MD,http://smhs.gwu.edu/academics/md-program/admissions/student-profile,Student Profile | School of Medicine and Health Sciences,class_profile,smhs.gwu.edu,official_school_domain,1.00,fetched,no_relevant_stats_found,2026,official published school profile,official_published_value,,,,,,,,2026-06-08,,needs_review,No class-profile MCAT/GPA values found.
md_george_washington_university_school_of_medicine_and_health_sciences_washington_d,George Washington University School of Medicine and Health Sciences,MD,https://smhs.gwu.edu/academics/md-program/admissions/student-profile,Student Profile | School of Medicine and Health Sciences,class_profile,smhs.gwu.edu,official_school_domain,1.00,fetched,no_relevant_stats_found,2026,official published school profile,official_published_value,,,,,,,,2026-06-08,,needs_review,No class-profile MCAT/GPA values found.
md_george_washington_university_school_of_medicine_and_health_sciences_washington_d,George Washington University School of Medicine and Health Sciences,MD,https://smhs.gwu.edu/academics/md-program/admissions/student-profile/abdelrhman-elnasseh,Youmna Jalkh | School of Medicine and Health Sciences,class_profile,smhs.gwu.edu,official_school_domain,1.00,fetched,no_relevant_stats_found,2027,official published school profile,official_published_value,,,,,,,,2026-06-08,,needs_review,No class-profile MCAT/GPA values found.
md_george_washington_university_school_of_medicine_and_health_sciences_washington_d,George Washington University School of Medicine and Health Sciences,MD,https://smhs.gwu.edu/academics/md-program/admissions/student-profile/andrew-garcia,Thomas Hong | School of Medicine and Health Sciences,class_profile,smhs.gwu.edu,official_school_domain,1.00,fetched,no_relevant_stats_found,2026,official published school profile,official_published_value,,,,,,,,2026-06-08,,needs_review,No class-profile MCAT/GPA values found.
md_george_washington_university_school_of_medicine_and_health_sciences_washington_d,George Washington University School of Medicine and Health Sciences,MD,https://smhs.gwu.edu/academics/md-program/admissions/student-profile/elizabeth-ghandakly,Trinity Rico | School of Medicine and Health Sciences,class_profile,smhs.gwu.edu,official_school_domain,1.00,fetched,no_relevant_stats_found,2027,official published school profile,official_published_value,,,,,,,,2026-06-08,,needs_review,No class-profile MCAT/GPA values found.
md_george_washington_university_school_of_medicine_and_health_sciences_washington_d,George Washington University School of Medicine and Health Sciences,MD,https://smhs.gwu.edu/academics/md-program/admissions/student-profile/philip-parel,Philip Parel | School of Medicine and Health Sciences,class_profile,smhs.gwu.edu,official_school_domain,1.00,fetched,no_relevant_stats_found,2026,official published school profile,official_published_value,,,,,,,,2026-06-08,,needs_review,No class-profile MCAT/GPA values found.
md_george_washington_university_school_of_medicine_and_health_sciences_washington_d,George Washington University School of Medicine and Health Sciences,MD,https://smhs.gwu.edu/academics/md-program/admissions/student-profile/tyler-bahoravitch,Avi Abrams | School of Medicine and Health Sciences,class_profile,smhs.gwu.edu,official_school_domain,1.00,fetched,no_relevant_stats_found,2028,official published school profile,official_published_value,,,,,,,,2026-06-08,,needs_review,No class-profile MCAT/GPA values found.
md_george_washington_university_school_of_medicine_and_health_sciences_washington_d,George Washington University School of Medicine and Health Sciences,MD,https://smhs.gwu.edu/academics/md-program/admissions/student-profile/walters-aji-tebung,Tabitha Demmissie | School of Medicine and Health Sciences,class_profile,smhs.gwu.edu,official_school_domain,1.00,fetched,no_relevant_stats_found,2028,official published school profile,official_published_value,,,,,,,,2026-06-08,,needs_review,No class-profile MCAT/GPA values found.
md_georgetown_university_school_of_medicine_washington_district_of_columbia,Georgetown University School of Medicine,MD,https://som.georgetown.edu/prospectivestudents/degrees/md,Doctor of Medicine (MD) Program | Medical Education | Georgetown University,class_profile,som.georgetown.edu,official_school_domain,1.00,fetched,accepted,,matriculated students,official_published_mean,513,mean,3.76,mean,,"sessions. M.D. Class Profile Click to View a Profile of the Entering Class Total Applications: 14,480 Applicants Interviewed: 1,053 Incoming Class Size: 203 Mean Overall GPA: 3.76 Mean MCAT Score: 513 Colleges & Universities Represented: 87 States Represented: 28 + the District of Columbia Countries Represented: 6 including the United States # Female/Male/Decline to State : 135 rmation about upcoming sessions. M.D. Class Profile Click to View a Profile of the Entering Class Total Applications: 14,480 Applicants Interviewed: 1,053 Incoming Class Size: 203 Mean Overall GPA: 3.76 Mean MCAT Score: 513 Colleges & Universities Represented: 87 States Represented: 28 + the District of Columbia Count",,2026-06-08,md_official_public_source,approved_official_extraction,Official-domain MCAT/GPA values found in class-profile context.
md_hackensack_meridian_school_of_medicine_nutley_new_jersey,Hackensack Meridian School of Medicine,MD,https://www.hmsom.org/admissions/requirements/,Letter requirement URL from normalized source table,admissions_page,hmsom.org,official_school_domain,1.00,fetch_skipped_needs_stats_path,fetch_skipped_needs_stats_path,,,,,,,,,,,2026-06-09,,needs_review,"Official domain seed needs a class profile, annual report, fact book, or admissions statistics path before fetching."
md_harvard_medical_school_boston_massachusetts,Harvard Medical School,MD,https://hms.harvard.edu/departments/admissions,Harvard Medical School,admissions_page,hms.harvard.edu,official_school_domain,1.00,fetch_skipped_needs_stats_path,fetch_skipped_needs_stats_path,,,,,,,,,,,2026-06-09,,needs_review,"Official domain seed needs a class profile, annual report, fact book, or admissions statistics path before fetching."
md_harvard_medical_school_boston_massachusetts,Harvard Medical School,MD,https://meded.hms.harvard.edu/admissions-at-a-glance,Admissions at a Glance | Harvard Medical School,class_profile,meded.hms.harvard.edu,official_school_domain,1.00,fetched,accepted,2025,matriculated students,official_published_mean,520.4,average,3.9,average,,"m Strategies for Living Well Events & Programs Safety ENTERING CLASS OF 2025 Facts & Figures 7166 APPLICATIONS, 716 INTERVIEWS CLASS SIZE 165 PATHWAYS 135 HST 30 MD-PHD 15 AVERAGE MCAT BBFL 130.38 CARS 128.82 CPBS 130.28 PSBB 130.99 Total 520.48 14% BACKGROUNDS UNDERREPRESENTED IN MEDICINE AVERAGE GPA 3.9 AGES 21 TO 31 62 COLLEGES 31 STATES 9 COUNTRIES 57% FEMALE 42% MALE 1% DIFFERENT IDENTITY 72% SCIENCE MAJORS Addition 716 INTERVIEWS CLASS SIZE 165 PATHWAYS 135 HST 30 MD-PHD 15 AVERAGE MCAT BBFL 130.38 CARS 128.82 CPBS 130.28 PSBB 130.99 Total 520.48 14% BACKGROUNDS UNDERREPRESENTED IN MEDICINE AVERAGE GPA 3.9 AGES 21 TO 31 62 COLLEGES 31 STATES 9 COUNTRIES 57% FEMALE 42% MALE 1% DIFFERENT",,2026-06-09,md_official_public_source,approved_official_extraction,Official-domain MCAT/GPA values found in class-profile context. Selected latest shared cohort year 2025. Fetched reviewed assisted-search official URL even though the path is not stats-shaped.
md_harvard_medical_school_boston_massachusetts,Harvard Medical School,MD,https://meded.hms.harvard.edu/admissions-letters-evaluation,Letter requirement URL from normalized source table,admissions_page,meded.hms.harvard.edu,official_school_domain,1.00,fetch_skipped_needs_stats_path,fetch_skipped_needs_stats_path,,,,,,,,,,,2026-06-09,,needs_review,"Official domain seed needs a class profile, annual report, fact book, or admissions statistics path before fetching."
md_harvard_medical_school_boston_massachusetts,Harvard Medical School,MD,https://www.hms.harvard.edu/md_phd/admissions/process.html,Letter requirement URL from normalized source table,admissions_page,hms.harvard.edu,official_school_domain,1.00,fetch_skipped_needs_stats_path,fetch_skipped_needs_stats_path,,,,,,,,,,,2026-06-09,,needs_review,"Official domain seed needs a class profile, annual report, fact book, or admissions statistics path before fetching."
md_howard_university_college_of_medicine_washington_district_of_columbia,Howard University College of Medicine,MD,http://medicine.howard.edu/resources/drug-facts-cigarettes,Drug Facts - Cigarettes | Howard University College of Medicine,school_homepage,medicine.howard.edu,official_school_domain,1.00,fetched,no_relevant_stats_found,,official published school profile,official_published_value,,,,,,,,2026-06-08,,needs_review,No class-profile MCAT/GPA values found.
md_howard_university_college_of_medicine_washington_district_of_columbia,Howard University College of Medicine,MD,http://medicine.howard.edu/resources/drug-facts-marijuana,Drug Facts - Marijuana | Howard University College of Medicine,school_homepage,medicine.howard.edu,official_school_domain,1.00,fetched,no_relevant_stats_found,,official published school profile,official_published_value,,,,,,,,2026-06-08,,needs_review,No class-profile MCAT/GPA values found.
md_howard_university_college_of_medicine_washington_district_of_columbia,Howard University College of Medicine,MD,http://medicine.howard.edu/resources/drug-facts-marijuana-0,drug facts-marijuana | Howard University College of Medicine,school_homepage,medicine.howard.edu,official_school_domain,1.00,fetched,no_relevant_stats_found,,official published school profile,official_published_value,,,,,,,,2026-06-08,,needs_review,No class-profile MCAT/GPA values found.
md_howard_university_college_of_medicine_washington_district_of_columbia,Howard University College of Medicine,MD,http://medicine.howard.edu/resources/drug-factscigarettes,drug facts_cigarettes | Howard University College of Medicine,school_homepage,medicine.howard.edu,official_school_domain,1.00,fetched,no_relevant_stats_found,,official published school profile,official_published_value,,,,,,,,2026-06-08,,needs_review,No class-profile MCAT/GPA values found.
md_howard_university_college_of_medicine_washington_district_of_columbia,Howard University College of Medicine,MD,http://medicine.howard.edu/resources/smoking-facts,Smoking Facts | Howard University College of Medicine,school_homepage,medicine.howard.edu,official_school_domain,1.00,fetched,no_relevant_stats_found,,official published school profile,official_published_value,,,,,,,,2026-06-08,,needs_review,No class-profile MCAT/GPA values found.
md_howard_university_college_of_medicine_washington_district_of_columbia,Howard University College of Medicine,MD,http://medicine.howard.edu/resources/tobacco-facts,Tobacco Facts | Howard University College of Medicine,school_homepage,medicine.howard.edu,official_school_domain,1.00,fetched,no_relevant_stats_found,,official published school profile,official_published_value,,,,,,,,2026-06-08,,needs_review,No class-profile MCAT/GPA values found.
md_howard_university_college_of_medicine_washington_district_of_columbia,Howard University College of Medicine,MD,http://medicine.howard.edu/resources/tobacco-facts-0,Tobacco Facts | Howard University College of Medicine,school_homepage,medicine.howard.edu,official_school_domain,1.00,fetched,no_relevant_stats_found,,official published school profile,official_published_value,,,,,,,,2026-06-08,,needs_review,No class-profile MCAT/GPA values found.
md_howard_university_college_of_medicine_washington_district_of_columbia,Howard University College of Medicine,MD,https://medicine.howard.edu/admissions,Admission & Aid | Howard University College of Medicine,class_profile,medicine.howard.edu,official_school_domain,1.00,fetched,rejected_minimum_requirement,,official published school profile,official_published_value,,,,,,,,2026-06-08,,needs_review,Only rejected minimum/eligibility contexts found: minimum_requirement_context:eligibility; minimum_requirement_context:requirements; science_or_bcpm_gpa_context.
md_icahn_school_of_medicine_at_mount_sinai_new_york_new_york,Icahn School of Medicine at Mount Sinai,MD,http://icahn.mssm.edu/education/medical/admissions,Icahn School of Medicine at Mount Sinai,admissions_page,icahn.mssm.edu,official_school_domain,1.00,fetch_skipped_needs_stats_path,fetch_skipped_needs_stats_path,,,,,,,,,,,2026-06-09,,needs_review,"Official domain seed needs a class profile, annual report, fact book, or admissions statistics path before fetching."
md_indiana_university_school_of_medicine_indianapolis_indiana,Indiana University School of Medicine,MD,https://medicine.iu.edu/blogs/spirit-of-medicine/doctors-share-facts-to-promote-low-vision-awareness,Doctors share facts to promote low vision awareness Indiana University School of Medicine Contact Us Facebook Instagram LinkedIn Twitter Indiana University School of Medicine,school_homepage,medicine.iu.edu,official_school_domain,1.00,fetched,no_relevant_stats_found,2026,official published school profile,official_published_value,,,,,,,,2026-06-08,,needs_review,No class-profile MCAT/GPA values found.
md_indiana_university_school_of_medicine_indianapolis_indiana,Indiana University School of Medicine,MD,https://medicine.iu.edu/blogs/student-life/fast-facts-top-reasons-to-love-all-nine-campuses,Fast facts: Top reasons to love all nine campuses Indiana University School of Medicine Contact Us Facebook Instagram LinkedIn Twitter Indiana University School of Medicine,school_homepage,medicine.iu.edu,official_school_domain,1.00,fetched,no_relevant_stats_found,,official published school profile,official_published_value,,,,,,,,2026-06-08,,needs_review,No class-profile MCAT/GPA values found.
md_indiana_university_school_of_medicine_indianapolis_indiana,Indiana University School of Medicine,MD,https://medicine.iu.edu/education/md/admissions/,MD Admissions | MD Program | IU School of Medicine Indiana University School of Medicine Contact Us Facebook Instagram LinkedIn Twitter Indiana University School of Medicine,school_homepage,medicine.iu.edu,official_school_domain,1.00,fetched,no_relevant_stats_found,,official published school profile,official_published_value,,,,,,,,2026-06-08,,needs_review,No class-profile MCAT/GPA values found.
md_indiana_university_school_of_medicine_indianapolis_indiana,Indiana University School of Medicine,MD,https://medicine.iu.edu/facts,Fact Sheet Indiana University School of Medicine Facebook Instagram LinkedIn Twitter Indiana University School of Medicine,school_homepage,medicine.iu.edu,official_school_domain,1.00,fetched,accepted,2029,matriculated students,official_published_mean,512.4,average,3.84,average,,"s. Learn more about the MD program . EDUCATION MD Class of 2029 7,822 Applications received 365 Students enrolled 190/175 Male/Female 321/44 In state/Out of state 3.84 Average GPA 512.4 Average MCAT EDUCATION Statewide Medical Student Body Bloomington 94 Evansville 99 Fort Wayne 89 Indianapolis 802 Muncie 62 Northwest Gary 86 South Bend 83 Terre Haute 79 West Lafayette 65 Tot successful careers. Learn more about the MD program . EDUCATION MD Class of 2029 7,822 Applications received 365 Students enrolled 190/175 Male/Female 321/44 In state/Out of state 3.84 Average GPA 512.4 Average MCAT EDUCATION Statewide Medical Student Body Bloomington 94 Evansville 99 Fort Wayne 89 Indianapolis 802 Munc",,2026-06-08,md_official_public_source,approved_official_extraction,Official-domain MCAT/GPA values found in class-profile context.
md_indiana_university_school_of_medicine_indianapolis_indiana,Indiana University School of Medicine,MD,https://medicine.iu.edu/internal-medicine/annual-report,Annual Report | Internal Medicine | IU School of Medicine Indiana University School of Medicine Contact Us Facebook Instagram LinkedIn Twitter Indiana University School of Medicine,annual_report,medicine.iu.edu,official_school_domain,1.00,fetched,no_relevant_stats_found,,official published school profile,official_published_value,,,,,,,,2026-06-08,,needs_review,No class-profile MCAT/GPA values found.
md_indiana_university_school_of_medicine_indianapolis_indiana,Indiana University School of Medicine,MD,https://medicine.iu.edu/magazine/uncovering-the-stone-cold-facts,Uncovering the Stone Cold Facts Indiana University School of Medicine Facebook Instagram LinkedIn Twitter Indiana University School of Medicine,school_homepage,medicine.iu.edu,official_school_domain,1.00,fetched,no_relevant_stats_found,,official published school profile,official_published_value,,,,,,,,2026-06-08,,needs_review,No class-profile MCAT/GPA values found.
md_indiana_university_school_of_medicine_indianapolis_indiana,Indiana University School of Medicine,MD,https://medicine.iu.edu/news/2009/01/medical-myths-and-facts-spelled-out-in-mini-medical-school,Medical Myths and Facts Spelled Out in Mini Medical School Indiana University School of Medicine Contact Us Facebook Instagram LinkedIn Twitter Indiana University School of Medicine,school_homepage,medicine.iu.edu,official_school_domain,1.00,fetched,no_relevant_stats_found,,official published school profile,official_published_value,,,,,,,,2026-06-08,,needs_review,No class-profile MCAT/GPA values found.
md_indiana_university_school_of_medicine_indianapolis_indiana,Indiana University School of Medicine,MD,https://medicine.iu.edu/news/2013/03/ctsi-annual-report-announcement-2013,Indiana CTSI releases progress report to highlight growth Indiana University School of Medicine Contact Us Facebook Instagram LinkedIn Twitter Indiana University School of Medicine,annual_report,medicine.iu.edu,official_school_domain,1.00,fetched,no_relevant_stats_found,,official published school profile,official_published_value,,,,,,,,2026-06-08,,needs_review,No class-profile MCAT/GPA values found.
md_indiana_university_school_of_medicine_indianapolis_indiana,Indiana University School of Medicine,MD,https://medicine.iu.edu/ophthalmology/news-events/annual-report,Annual Report | Ophthalmology | IU School of Medicine Indiana University School of Medicine Contact Us Facebook Instagram LinkedIn Twitter Indiana University School of Medicine,annual_report,medicine.iu.edu,official_school_domain,1.00,fetched,no_relevant_stats_found,,official published school profile,official_published_value,,,,,,,,2026-06-08,,needs_review,No class-profile MCAT/GPA values found.
md_indiana_university_school_of_medicine_indianapolis_indiana,Indiana University School of Medicine,MD,https://medicine.iu.edu/orthopaedic-surgery/news-events/annual-report,Annual Report | Orthopaedic Surgery | IU School of Medicine Indiana University School of Medicine Contact Us Facebook Instagram LinkedIn Twitter Indiana University School of Medicine,annual_report,medicine.iu.edu,official_school_domain,1.00,fetched,no_relevant_stats_found,,official published school profile,official_published_value,,,,,,,,2026-06-08,,needs_review,No class-profile MCAT/GPA values found.
md_indiana_university_school_of_medicine_indianapolis_indiana,Indiana University School of Medicine,MD,https://medicine.iu.edu/orthopaedic-surgery/news-events/annual-report/clinical-care,Clinical Care Update | Annual Report | Orthopaedic Surgery | IU School of Medicine Indiana University School of Medicine Contact Us Facebook Instagram LinkedIn Twitter Indiana University School of Medicine,annual_report,medicine.iu.edu,official_school_domain,1.00,fetched,no_relevant_stats_found,,official published school profile,official_published_value,,,,,,,,2026-06-08,,needs_review,No class-profile MCAT/GPA values found.
md_indiana_university_school_of_medicine_indianapolis_indiana,Indiana University School of Medicine,MD,https://medicine.iu.edu/orthopaedic-surgery/news-events/annual-report/education,Education Update | Annual Report | Orthopaedic Surgery | IU School of Medicine Indiana University School of Medicine Contact Us Facebook Instagram LinkedIn Twitter Indiana University School of Medicine,annual_report,medicine.iu.edu,official_school_domain,1.00,fetched,no_relevant_stats_found,2020,official published school profile,official_published_value,,,,,,,,2026-06-08,,needs_review,No class-profile MCAT/GPA values found.
md_indiana_university_school_of_medicine_indianapolis_indiana,Indiana University School of Medicine,MD,https://medicine.iu.edu/orthopaedic-surgery/news-events/annual-report/research,Research Update | Annual Report | Orthopaedic Surgery | IU School of Medicine Indiana University School of Medicine Contact Us Facebook Instagram LinkedIn Twitter Indiana University School of Medicine,annual_report,medicine.iu.edu,official_school_domain,1.00,fetched,no_relevant_stats_found,,official published school profile,official_published_value,,,,,,,,2026-06-08,,needs_review,No class-profile MCAT/GPA values found.
md_jacobs_school_of_medicine_and_biomedical_sciences_at_the_university_at_buffalo_b,Jacobs School of Medicine and Biomedical Sciences at the University at Buffalo,MD,http://medicine.buffalo.edu/education/md/admissions.html,SUNY - Buffalo Jacobs School of Medicine and Biomedical Sciences,admissions_page,medicine.buffalo.edu,official_school_domain,1.00,fetch_skipped_needs_stats_path,fetch_skipped_needs_stats_path,,,,,,,,,,,2026-06-09,,needs_review,"Official domain seed needs a class profile, annual report, fact book, or admissions statistics path before fetching."
md_jacobs_school_of_medicine_and_biomedical_sciences_at_the_university_at_buffalo_b,Jacobs School of Medicine and Biomedical Sciences at the University at Buffalo,MD,https://medicine.buffalo.edu/news_and_events/news/2020/08/white-coat-2020-11901.html,White Coat Ceremony Serves as Welcome for Class of 2024 - Jacobs School of Medicine and Biomedical Sciences - University at Buffalo,annual_report,medicine.buffalo.edu,official_school_domain,1.00,fetched,accepted,2024,official published school profile,official_published_mean,510,average,3.66,average,,",361 Applicants This year’s class was selected from a pool of 4,361 applicants. A total of 605 interviews were conducted. The class has an average undergraduate GPA of 3.66 and an average MCAT score of 510. The class is composed of 98 women and 84 men. Class members range in age from 21 to 38. Eighty-eight percent of the class of 2024 — 160 students — are from New York State and 80 me,” Marshall said. Class Selected From 4,361 Applicants This year’s class was selected from a pool of 4,361 applicants. A total of 605 interviews were conducted. The class has an average undergraduate GPA of 3.66 and an average MCAT score of 510. The class is composed of 98 women and 84 men. Class members range i",,2026-06-09,md_official_public_source,approved_official_extraction,Official-domain MCAT/GPA values found in class-profile context. Selected latest shared cohort year 2024.
md_john_a_burns_school_of_medicine_university_of_hawaii_at_manoa_honolulu_hawaii,John A. Burns School of Medicine University of Hawaii at Manoa,MD,http://jabsom.hawaii.edu/ed-programs/md-program/admissions-program/,University of Hawaii John A. Burns School of Medicine,admissions_page,jabsom.hawaii.edu,official_school_domain,1.00,fetch_skipped_needs_stats_path,fetch_skipped_needs_stats_path,,,,,,,,,,,2026-06-09,,needs_review,"Official domain seed needs a class profile, annual report, fact book, or admissions statistics path before fetching."
md_johns_hopkins_university_school_of_medicine_baltimore_maryland,Johns Hopkins University School of Medicine,MD,http://www.hopkinsmedicine.org/som/admissions/md/,Johns Hopkins University School of Medicine,admissions_page,hopkinsmedicine.org,official_school_domain,1.00,fetch_skipped_needs_stats_path,fetch_skipped_needs_stats_path,,,,,,,,,,,2026-06-09,,needs_review,"Official domain seed needs a class profile, annual report, fact book, or admissions statistics path before fetching."
md_kaiser_permanente_bernard_j_tyson_school_of_medicine_pasadena_california,Kaiser Permanente Bernard J. Tyson School of Medicine,MD,https://medschool.kp.org/admissions/our-students,Our Students | Kaiser Permanente Bernard J. Tyson School of Medicine,annual_report,medschool.kp.org,official_school_domain,1.00,fetched,accepted,2029,matriculated students,official_published_median,515,median,3.84,median,,the health and well-being of patients and communities. Class of 2029 Profile General Matriculated Class Data Class of 2029 Class size 50 Average age at admission 24 Mean MCAT 514 Median MCAT 515 Mean GPA (total) 3.78 Median GPA (total) 3.84 State of Residence State Percentage California 72% State Percentage California 72% Completed Coursework Program Type Percentage Gradu and communities. Class of 2029 Profile General Matriculated Class Data Class of 2029 Class size 50 Average age at admission 24 Mean MCAT 514 Median MCAT 515 Mean GPA (total) 3.78 Median GPA (total) 3.84 State of Residence State Percentage California 72% State Percentage California 72% Completed Coursework Program Type Perce,,2026-06-09,md_official_public_source,approved_official_extraction,Official-domain MCAT/GPA values found in class-profile context. Selected latest shared cohort year 2029. Fetched reviewed assisted-search official URL even though the path is not stats-shaped.
md_keck_school_of_medicine_of_the_university_of_southern_california_los_angeles_cal,Keck School of Medicine of the University of Southern California,MD,http://keck.usc.edu/education/md-program/admissions/,University of Southern California Keck School of Medicine,admissions_page,keck.usc.edu,official_school_domain,1.00,fetch_skipped_needs_stats_path,fetch_skipped_needs_stats_path,,,,,,,,,,,2026-06-09,,needs_review,"Official domain seed needs a class profile, annual report, fact book, or admissions statistics path before fetching."
md_kirk_kerkorian_school_of_medicine_at_unlv_las_vegas_nevada,Kirk Kerkorian School of Medicine at UNLV,MD,https://www.unlv.edu/news/article/welcome-class-2029,Welcome to the Class of 2029 | News Center | UNLV,school_homepage,unlv.edu,official_school_domain,1.00,fetched,accepted,2029,official published school profile,official_published_mean,509,average,3.78,average,,"demics, the class has an average cumulative GPA of 3.78 and an average BCPM (Biology, Chemistry, Physics and Math) GPA of 3.73. The class’s average Medical College Admission Test (MCAT) score is 509. To learn more about the class or to see photos from the event, visit our social media . Welcome to the class of 2029! July 22 2025 Author: Loraine Garcia Section: Campus News Top six of the students graduated from Nevada universities, with 15 graduating from UNLV and 11 graduating from the University of Nevada, Reno. In terms of academics, the class has an average cumulative GPA of 3.78 and an average BCPM (Biology, Chemistry, Physics and Math) GPA of 3.73. The class’s average Medical College Ad",,2026-06-09,md_official_public_source,approved_official_extraction,Official-domain MCAT/GPA values found in class-profile context. Selected latest shared cohort year 2029.
md_lewis_katz_school_of_medicine_at_temple_university_philadelphia_pennsylvania,Lewis Katz School of Medicine at Temple University,MD,https://medicine.temple.edu/admissions,Temple University Lewis Katz School of Medicine,admissions_page,medicine.temple.edu,official_school_domain,1.00,fetch_skipped_needs_stats_path,fetch_skipped_needs_stats_path,,,,,,,,,,,2026-06-09,,needs_review,"Official domain seed needs a class profile, annual report, fact book, or admissions statistics path before fetching."
md_loma_linda_university_school_of_medicine_loma_linda_california,Loma Linda University School of Medicine,MD,http://medicine.llu.edu/admissions,Loma Linda University School of Medicine,admissions_page,medicine.llu.edu,official_school_domain,1.00,fetch_skipped_needs_stats_path,fetch_skipped_needs_stats_path,,,,,,,,,,,2026-06-09,,needs_review,"Official domain seed needs a class profile, annual report, fact book, or admissions statistics path before fetching."
md_louisiana_state_university_school_of_medicine_in_shreveport_shreveport_louisiana,Louisiana State University School of Medicine in Shreveport,MD,https://www.lsuhs.edu/our-schools/school-of-medicine,Louisiana State University-Shreveport School of Medicine,admissions_page,lsuhs.edu,official_school_domain,1.00,fetch_skipped_needs_stats_path,fetch_skipped_needs_stats_path,,,,,,,,,,,2026-06-09,,needs_review,"Official domain seed needs a class profile, annual report, fact book, or admissions statistics path before fetching."
md_loyola_university_chicago_stritch_school_of_medicine_maywood_illinois,Loyola University Chicago Stritch School of Medicine,MD,http://ssom.luc.edu/admission/,Loyola University of Chicago Stritch School of Medicine,admissions_page,ssom.luc.edu,official_school_domain,1.00,fetch_skipped_needs_stats_path,fetch_skipped_needs_stats_path,,,,,,,,,,,2026-06-09,,needs_review,"Official domain seed needs a class profile, annual report, fact book, or admissions statistics path before fetching."
md_marshall_university_joan_c_edwards_school_of_medicine_huntington_west_virginia,Marshall University Joan C. Edwards School of Medicine,MD,http://jcesom.marshall.edu/admissions/,Marshall University Joan C. Edwards School of Medicine,admissions_page,jcesom.marshall.edu,official_school_domain,1.00,fetch_skipped_needs_stats_path,fetch_skipped_needs_stats_path,,,,,,,,,,,2026-06-09,,needs_review,"Official domain seed needs a class profile, annual report, fact book, or admissions statistics path before fetching."
md_medical_college_of_georgia_at_augusta_university_augusta_georgia,Medical College of Georgia at Augusta University,MD,http://www.augusta.edu/mcg/admissions/,Medical College of Georgia at Augusta University,admissions_page,augusta.edu,official_school_domain,1.00,fetch_skipped_needs_stats_path,fetch_skipped_needs_stats_path,,,,,,,,,,,2026-06-09,,needs_review,"Official domain seed needs a class profile, annual report, fact book, or admissions statistics path before fetching."
md_medical_college_of_georgia_at_augusta_university_augusta_georgia,Medical College of Georgia at Augusta University,MD,https://www.augusta.edu/mcg/admissions/documents/2025-fact-sheet-8.5.2025.pdf,2025-fact-sheet-8.5.2025.pdf,pdf_report,augusta.edu,official_school_domain,1.00,fetched,accepted,2028,official published school profile,official_published_mean,513,average,3.8,average,,"6-721-2231 Admissions: 706-721-3186 Financial Aid: 706-737-1524 Graduate Medical Education: 706-721-7005 CLASS OF 2028 ■ 304 positions ■ 3,244 applicants ■ 158 female ■ 146 male ■ 513 Average MCAT ■ 3.8 Overall GPA ■ 95% Georgia residents, representing 56 counties Centers and Institutes Academic Departments Medical Students MD/PhD Students PhD Students Residents and Fellows ns: 706-721-3186 Financial Aid: 706-737-1524 Graduate Medical Education: 706-721-7005 CLASS OF 2028 ■ 304 positions ■ 3,244 applicants ■ 158 female ■ 146 male ■ 513 Average MCAT ■ 3.8 Overall GPA ■ 95% Georgia residents, representing 56 counties Centers and Institutes Academic Departments Medical Students MD/PhD Students ",,2026-06-09,md_official_public_source,approved_official_extraction,Official-domain MCAT/GPA values found in class-profile context. Selected latest shared cohort year 2028.
md_medical_college_of_wisconsin_milwaukee_wisconsin,Medical College of Wisconsin,MD,http://www.mcw.edu/Medical-School/Admissions.htm,Admissions | Medical School | Medical College of Wisconsin,class_profile,mcw.edu,official_school_domain,1.00,fetched,no_relevant_stats_found,,official published school profile,official_published_value,,,,,,,,2026-06-08,,needs_review,No class-profile MCAT/GPA values found.
md_medical_college_of_wisconsin_milwaukee_wisconsin,Medical College of Wisconsin,MD,https://www.mcw.edu/education/medical-school/prospective-students/admissions,Letter requirement URL from normalized source table,admissions_page,mcw.edu,official_school_domain,1.00,fetch_skipped_needs_stats_path,fetch_skipped_needs_stats_path,,,,,,,,,,,2026-06-09,,needs_review,"Official domain seed needs a class profile, annual report, fact book, or admissions statistics path before fetching."
md_medical_college_of_wisconsin_milwaukee_wisconsin,Medical College of Wisconsin,MD,https://www.mcw.edu/education/medical-scientist-training-program/admissions,Letter requirement URL from normalized source table,admissions_page,mcw.edu,official_school_domain,1.00,fetch_skipped_needs_stats_path,fetch_skipped_needs_stats_path,,,,,,,,,,,2026-06-09,,needs_review,"Official domain seed needs a class profile, annual report, fact book, or admissions statistics path before fetching."
md_medical_university_of_south_carolina_college_of_medicine_charleston_south_caroli,Medical University of South Carolina College of Medicine,MD,http://academicdepartments.musc.edu/com/education/admissions/,Medical University of South Carolina College of Medicine,admissions_page,academicdepartments.musc.edu,official_school_domain,1.00,fetch_skipped_needs_stats_path,fetch_skipped_needs_stats_path,,,,,,,,,,,2026-06-09,,needs_review,"Official domain seed needs a class profile, annual report, fact book, or admissions statistics path before fetching."
md_medical_university_of_south_carolina_college_of_medicine_charleston_south_caroli,Medical University of South Carolina College of Medicine,MD,https://medicine.musc.edu/about/facts,Facts & Figures | MUSC College of Medicine,admissions_statistics,medicine.musc.edu,official_school_domain,1.00,fetched,accepted,2026,matriculated students,official_published_mean,511.2,average,3.85,mean,,"idates) Fall 2025 Incoming Medical Degree Class Statistics Number of Applicants - 3417 First-year Students Enrolled in M.D. Program - 176 M.D. / Ph.D. Students - 3 Mean GPA - 3.85 Average MCAT - 511.2 Undergraduate Colleges Represented - 48 In-State (MD only) - 94% Out-of-State (MD only) - 6% S.C. Counties Represented - 25 Other States Represented - 11 Male - 39.7% Female - 59. D., and MPH candidates) Fall 2025 Incoming Medical Degree Class Statistics Number of Applicants - 3417 First-year Students Enrolled in M.D. Program - 176 M.D. / Ph.D. Students - 3 Mean GPA - 3.85 Average MCAT - 511.2 Undergraduate Colleges Represented - 48 In-State (MD only) - 94% Out-of-State (MD only) - 6% S.C. Coun",,2026-06-09,md_official_public_source,approved_official_extraction,Official-domain MCAT/GPA values found in class-profile context.
md_meharry_medical_college_school_of_medicine_nashville_tennessee,Meharry Medical College School of Medicine,MD,http://www.mmc.edu/prospectivestudents/admissions/school-of-medicine/index.html,Meharry Medical College School of Medicine,admissions_page,mmc.edu,official_school_domain,1.00,fetch_skipped_needs_stats_path,fetch_skipped_needs_stats_path,,,,,,,,,,,2026-06-09,,needs_review,"Official domain seed needs a class profile, annual report, fact book, or admissions statistics path before fetching."
md_mercer_university_school_of_medicine_macon_georgia,Mercer University School of Medicine,MD,http://medicine.mercer.edu/admissions/md/,Mercer University School of Medicine,admissions_page,medicine.mercer.edu,official_school_domain,1.00,fetch_skipped_needs_stats_path,fetch_skipped_needs_stats_path,,,,,,,,,,,2026-06-09,,needs_review,"Official domain seed needs a class profile, annual report, fact book, or admissions statistics path before fetching."
md_mercer_university_school_of_medicine_macon_georgia,Mercer University School of Medicine,MD,https://medicine.mercer.edu/admissions/doctor-of-medicine/,Doctor of Medicine | Mercer School of Medicine Mercer School of Medicine Mercer University,school_homepage,medicine.mercer.edu,official_school_domain,1.00,fetched,accepted,2029,official published school profile,official_published_mean,503,average,3.69,average,,"n video JOIN US IN OUR MISSION Class of 2029 Profile The students who make up the incoming class reflect our values of integrity, respect, excellence, diversity and collaboration. 503 Average MCAT 3.62 Average BCPM GPA 3.69 Average Overall GPA ADMISSIONS PROCESS Helpful Tips and Resources Admissions Process Learn about the various steps in the admissions process for our MD 2029 Profile The students who make up the incoming class reflect our values of integrity, respect, excellence, diversity and collaboration. 503 Average MCAT 3.62 Average BCPM GPA 3.69 Average Overall GPA ADMISSIONS PROCESS Helpful Tips and Resources Admissions Process Learn about the various steps in the admissions process",,2026-06-09,md_official_public_source,approved_official_extraction,Official-domain MCAT/GPA values found in class-profile context. Selected latest shared cohort year 2029. Fetched reviewed assisted-search official URL even though the path is not stats-shaped.
md_michigan_state_university_college_of_human_medicine_east_lansing_michigan,Michigan State University College of Human Medicine,MD,http://mdadmissions.msu.edu/ApplicationProcess/future/default2.htm,Michigan State University College of Human Medicine,admissions_page,mdadmissions.msu.edu,official_school_domain,1.00,fetch_skipped_needs_stats_path,fetch_skipped_needs_stats_path,,,,,,,,,,,2026-06-09,,needs_review,"Official domain seed needs a class profile, annual report, fact book, or admissions statistics path before fetching."
md_morehouse_school_of_medicine_atlanta_georgia,Morehouse School of Medicine,MD,http://www.msm.edu/Admissions/doctorofmedicine.php,Morehouse School of Medicine,admissions_page,msm.edu,official_school_domain,1.00,fetch_skipped_needs_stats_path,fetch_skipped_needs_stats_path,,,,,,,,,,,2026-06-09,,needs_review,"Official domain seed needs a class profile, annual report, fact book, or admissions statistics path before fetching."
md_morehouse_school_of_medicine_atlanta_georgia,Morehouse School of Medicine,MD,https://enews.msm.edu/Admissions/doctor-of-medicine/fact-sheet.php,Doctor of Medicine (M.D.) Degree Fact Sheet | Morehouse School of Medicine,class_profile,enews.msm.edu,official_school_domain,1.00,fetched,accepted,2025,matriculated students,official_published_mean,505.6,average,3.64,average,,"erage Science GPA 3.71 Average MCAT 503.6 Average Age 24 Georgia Residents 75 Entering Class of 2025 Total Applied 6,875 Matriculated 110 Average GPA 3.64 Average Science GPA 3.56 Average MCAT 505.6 Average Age 24 Georgia Residents 62 Leading the creation and advancement of health equity to achieve health justice. Contact Us Maps & Directions Library Work at MSM | Jobs MSM Co 6,992 Matriculated 110 Average GPA 3.45 Average Science GPA 3.71 Average MCAT 503.6 Average Age 24 Georgia Residents 75 Entering Class of 2025 Total Applied 6,875 Matriculated 110 Average GPA 3.64 Average Science GPA 3.56 Average MCAT 505.6 Average Age 24 Georgia Residents 62 Leading the creation and advancement of heal",,2026-06-08,md_official_public_source,approved_official_extraction,Official-domain MCAT/GPA values found in class-profile context. Selected latest shared cohort year 2025.
md_morehouse_school_of_medicine_atlanta_georgia,Morehouse School of Medicine,MD,https://www.msm.edu/Admissions/doctor-of-medicine/admissions-requirements.php,Letter requirement URL from normalized source table,admissions_page,msm.edu,official_school_domain,1.00,fetch_skipped_needs_stats_path,fetch_skipped_needs_stats_path,,,,,,,,,,,2026-06-09,,needs_review,"Official domain seed needs a class profile, annual report, fact book, or admissions statistics path before fetching."
md_nyu_grossman_school_of_medicine_new_york_new_york,NYU Grossman School of Medicine,MD,https://med.nyu.edu/education/md-degree/md-admissions/by-the-numbers,MD Admissions By the Numbers | NYU School of Medicine | NYU Langone Health,school_homepage,med.nyu.edu,official_school_domain,1.00,fetched,accepted,2027,official published school profile,official_published_median,523,median,3.98,median,,"as MD students, 13 as MD/PhD students, and 2 as oral maxillofacial surgery (OMS) students. This brings the total number of students in all classes to 422. The incoming class had a median MCAT score of 523 (range: 516–527). Their median undergraduate GPA was 3.98 (range: 3.79–4.0). The class comprises 51 percent men and 49 percent women, with an average age of 23 (range: 20–30). Our ral maxillofacial surgery (OMS) students. This brings the total number of students in all classes to 422. The incoming class had a median MCAT score of 523 (range: 516–527). Their median undergraduate GPA was 3.98 (range: 3.79–4.0). The class comprises 51 percent men and 49 percent women, with an average age of 23",,2026-06-08,md_official_public_source,approved_official_extraction,Official-domain MCAT/GPA values found in class-profile context.
md_new_york_medical_college_valhalla_new_york,New York Medical College,MD,http://www.nymc.edu/future-students/admission-offices/,New York Medical College,admissions_page,nymc.edu,official_school_domain,1.00,fetch_skipped_needs_stats_path,fetch_skipped_needs_stats_path,,,,,,,,,,,2026-06-09,,needs_review,"Official domain seed needs a class profile, annual report, fact book, or admissions statistics path before fetching."
md_new_york_medical_college_valhalla_new_york,New York Medical College,MD,https://www.nymc.edu/graduate-school-of-basic-medical-sciences-gsbms/admissions--financial-aid/admission-requirements/,Letter requirement URL from normalized source table,admissions_page,nymc.edu,official_school_domain,1.00,fetch_skipped_needs_stats_path,fetch_skipped_needs_stats_path,,,,,,,,,,,2026-06-09,,needs_review,"Official domain seed needs a class profile, annual report, fact book, or admissions statistics path before fetching."
md_northwestern_university_feinberg_school_of_medicine_chicago_illinois,Northwestern University Feinberg School of Medicine,MD,http://www.feinberg.northwestern.edu/admissions/index.html,MD Admissions : MD Admissions: Feinberg School of Medicine,class_profile,feinberg.northwestern.edu,official_school_domain,1.00,fetched,no_relevant_stats_found,2023,official published school profile,official_published_value,,,,,,,,2026-06-08,,needs_review,No class-profile MCAT/GPA values found.
md_nova_southeastern_university_dr_kiran_c_patel_college_of_allopathic_medicine_for,Nova Southeastern University Dr. Kiran C. Patel College of Allopathic Medicine,MD,https://md.nova.edu/admissions/admissions-requirements.html,Medical School Requirements | College of Allopathic Medicine (MD) | Nova Southeastern University,class_profile,md.nova.edu,official_school_domain,1.00,fetched,accepted,2025,accepted students,official_published_median,511,median,3.75,median,,"lass Profile 5,790 Total Primary Applications 3,314 Total Secondary Applications 395 Total Interviewed 189 Total Accepted 512 Mean MCAT 3.75 Mean Overall GPA 3.69 Mean Science GPA 511 Median MCAT 3.79 Median Overall GPA 3.75 Median Science GPA 23 Mean Age 23 Median Age 67 Class Size 53% Female 47% Male 73% Florida Residents 27% Non-Florida Residents Return to top of page D nimum 500 non-medically related hours 2025 Class Profile 5,790 Total Primary Applications 3,314 Total Secondary Applications 395 Total Interviewed 189 Total Accepted 512 Mean MCAT 3.75 Mean Overall GPA 3.69 Mean Science GPA 511 Median MCAT 3.79 Median Overall GPA 3.75 Median Science GPA 23 Mean Age 23 Median Age 67 Class S",,2026-06-08,md_official_public_source,approved_official_extraction,Official-domain MCAT/GPA values found in class-profile context. Selected latest shared cohort year 2025. Fetched reviewed assisted-search official URL even though the path is not stats-shaped.
md_oakland_university_william_beaumont_school_of_medicine_rochester_michigan,Oakland University William Beaumont School of Medicine,MD,https://www.oakland.edu/medicine/admissions/ouwb-class-profile/,Class Profile - Oakland University William Beaumont School of Medicine - Oakland University,class_profile,oakland.edu,official_school_domain_family,0.90,fetched,no_relevant_stats_found,2029,official published school profile,official_published_value,,,,,,,,2026-06-08,,needs_review,No class-profile MCAT/GPA values found.
md_oakland_university_william_beaumont_school_of_medicine_rochester_michigan,Oakland University William Beaumont School of Medicine,MD,https://wwwp.oakland.edu/medicine/admissions/about/,Oakland University William Beaumont School of Medicine,admissions_page,wwwp.oakland.edu,official_school_domain,1.00,fetch_skipped_needs_stats_path,fetch_skipped_needs_stats_path,,,,,,,,,,,2026-06-09,,needs_review,"Official domain seed needs a class profile, annual report, fact book, or admissions statistics path before fetching."
md_oregon_health_and_science_university_school_of_medicine_portland_oregon,Oregon Health & Science University School of Medicine,MD,http://www.ohsu.edu/xd/education/schools/school-of-medicine/education/future-students.cfm,Oregon Health & Science University School of Medicine,admissions_page,ohsu.edu,official_school_domain,1.00,fetch_skipped_needs_stats_path,fetch_skipped_needs_stats_path,,,,,,,,,,,2026-06-09,,needs_review,"Official domain seed needs a class profile, annual report, fact book, or admissions statistics path before fetching."
md_oregon_health_and_science_university_school_of_medicine_portland_oregon,Oregon Health & Science University School of Medicine,MD,https://www.ohsu.edu/school-of-dentistry/dmd-program-entering-class-statistics,DMD Program Entering Class Statistics | OHSU OHSU Home Search icon OHSU flame logo in white OHSU Braille services OHSU sign language services OHSU interpreter services,class_profile,ohsu.edu,official_school_domain,1.00,fetched,rejected_minimum_requirement,2030,official published school profile,official_published_value,,,,,,,,2026-06-08,,needs_review,Only rejected minimum/eligibility contexts found: science_or_bcpm_gpa_context.
md_oregon_health_and_science_university_school_of_medicine_portland_oregon,Oregon Health & Science University School of Medicine,MD,https://www.ohsu.edu/school-of-medicine/moore-institute/fun-facts-about-placenta,Fun Facts About the Placenta | OHSU OHSU Home Search icon OHSU flame logo in white OHSU Braille services OHSU sign language services OHSU interpreter services,school_homepage,ohsu.edu,official_school_domain,1.00,fetched,no_relevant_stats_found,,official published school profile,official_published_value,,,,,,,,2026-06-08,,needs_review,No class-profile MCAT/GPA values found.
md_oregon_health_and_science_university_school_of_medicine_portland_oregon,Oregon Health & Science University School of Medicine,MD,https://www.ohsu.edu/school-of-medicine/physician-assistant/class-profiles,Class Profiles | OHSU OHSU Home Search icon OHSU flame logo in white OHSU Braille services OHSU sign language services OHSU interpreter services,class_profile,ohsu.edu,official_school_domain,1.00,fetched,rejected_non_md_program_context,,official published school profile,official_published_mean,,,3.42,average,,ience credits as a post-baccalaureate student. 2019 2020 2021 2022 2023 2024 Applicants 1694 1230 1396 1184 1322 1313 Interviews 160 150 144 136 175 153 Selected 42 41 30 32 41 41 Average GPA 3.42 3.47 3.53 3.54 3.52 3.66 Average HCE (years) 3.0 2.75 2.2 2.1 2.9 2.5 Average Age 29 29 27 26 27 25 OR Resident 27 25 15 12 13 16 Non-OR Resident 15 16 15 20 28 26 OHSU flame logo,,2026-06-08,,needs_review,Rejected because the official source appears to describe a non-MD program.
md_paul_l_foster_school_of_medicine_texas_tech_university_health_sciences_center_at,Paul L. Foster School of Medicine Texas Tech University Health Sciences Center at El Paso,MD,http://elpaso.ttuhsc.edu/som/admissions/,Texas Tech University Health Sciences Center Paul L. Foster School of Medicine,admissions_page,elpaso.ttuhsc.edu,official_school_domain,1.00,fetch_skipped_needs_stats_path,fetch_skipped_needs_stats_path,,,,,,,,,,,2026-06-09,,needs_review,"Official domain seed needs a class profile, annual report, fact book, or admissions statistics path before fetching."
md_paul_l_foster_school_of_medicine_texas_tech_university_health_sciences_center_at,Paul L. Foster School of Medicine Texas Tech University Health Sciences Center at El Paso,MD,http://elpaso.ttuhsc.edu/som/studentaffairs/incoming-student-resources/default.aspx,Incoming Class Student Resources | Texas Tech Health El Paso,annual_report,elpaso.ttuhsc.edu,official_school_domain,1.00,fetched,no_relevant_stats_found,,official published school profile,official_published_value,,,,,,,,2026-06-08,,needs_review,No class-profile MCAT/GPA values found.
md_rutgers_new_jersey_medical_school_newark_new_jersey,Rutgers New Jersey Medical School,MD,http://njms.rutgers.edu/admissions/prospective/index.cfm,Rutgers New Jersey Medical School,admissions_page,njms.rutgers.edu,official_school_domain,1.00,fetch_skipped_needs_stats_path,fetch_skipped_needs_stats_path,,,,,,,,,,,2026-06-09,,needs_review,"Official domain seed needs a class profile, annual report, fact book, or admissions statistics path before fetching."
md_rutgers_robert_wood_johnson_medical_school_piscataway_new_jersey,"Rutgers, Robert Wood Johnson Medical School",MD,http://rwjms.rutgers.edu/education/admissions/index.html,Rutgers Robert Wood Johnson Medical School,admissions_page,rwjms.rutgers.edu,official_school_domain,1.00,fetch_skipped_needs_stats_path,fetch_skipped_needs_stats_path,,,,,,,,,,,2026-06-09,,needs_review,"Official domain seed needs a class profile, annual report, fact book, or admissions statistics path before fetching."
md_saint_louis_university_school_of_medicine_st_louis_missouri,Saint Louis University School of Medicine,MD,http://www.slu.edu/medicine/admissions,Saint Louis University School of Medicine,admissions_page,slu.edu,official_school_domain,1.00,fetch_skipped_needs_stats_path,fetch_skipped_needs_stats_path,,,,,,,,,,,2026-06-09,,needs_review,"Official domain seed needs a class profile, annual report, fact book, or admissions statistics path before fetching."
md_saint_louis_university_school_of_medicine_st_louis_missouri,Saint Louis University School of Medicine,MD,https://www.slu.edu/medicine/about/-pdf/slu-24-annual-report.pdf,slu-24-annual-report.pdf,class_profile,slu.edu,official_school_domain,1.00,fetched,needs_review_partial_stats,2029,official published school profile,official_published_mean,513,average,,,,"MY: 13 MS, 2 PHD MEDICAL ANATOMY & PHYSIOLOGY POST-BACCALAUREATE PROGRAM:14 3.89 63% STUDENTS ARE FROM CENTRAL U.S.A. 46% STUDENTS ARE FROM MISSOURI OR ILLINOIS 5,809 APPLICATIONS 513 AVERAGE MCAT 176 STUDENTS 55% ARE MALE 45% ARE FEMALE 2024 BY THE NUMBERS UNDERGRADUATE OVERALL GPA GRADUATE MEDICAL EDUCATION: SSM HEALTH/SAINT LOUIS UNIVERSITY RESIDENCY PROGRAMS TRAINED 686",,2026-06-09,,needs_review,Only one MCAT/GPA value was extracted or source is below official-domain threshold.
md_saint_louis_university_school_of_medicine_st_louis_missouri,Saint Louis University School of Medicine,MD,https://www.slu.edu/medicine/ignatian-mission/-pdf/covid-19-vaccine-facts-for-the-community-and-faith-based-organizations.pdf,covid-19-vaccine-facts-for-the-community-and-faith-based-organizations.pdf,annual_report,slu.edu,official_school_domain,1.00,fetched,no_relevant_stats_found,,official published school profile,official_published_value,,,,,,,,2026-06-08,,needs_review,No class-profile MCAT/GPA values found.
md_saint_louis_university_school_of_medicine_st_louis_missouri,Saint Louis University School of Medicine,MD,https://www.slu.edu/medicine/strategic-plan/-img/sp-annual-report-cover.jpg,Sitemap stats-like URL,annual_report,slu.edu,official_school_domain,1.00,image_ocr_text_empty,image_ocr_text_empty,,,,,,,,,,,2026-06-08,,needs_review,image_ocr_text_empty
md_saint_louis_university_school_of_medicine_st_louis_missouri,Saint Louis University School of Medicine,MD,https://www.slu.edu/medicine/strategic-plan/-pdf/slu--som-annual-report-2024.pdf,slu--som-annual-report-2024.pdf,class_profile,slu.edu,official_school_domain,1.00,fetched,needs_review_partial_stats,2029,official published school profile,official_published_mean,513,average,,,,"MY: 13 MS, 2 PHD MEDICAL ANATOMY & PHYSIOLOGY POST-BACCALAUREATE PROGRAM:14 3.89 63% STUDENTS ARE FROM CENTRAL U.S.A. 46% STUDENTS ARE FROM MISSOURI OR ILLINOIS 5,809 APPLICATIONS 513 AVERAGE MCAT 176 STUDENTS 55% ARE MALE 45% ARE FEMALE 2024 BY THE NUMBERS UNDERGRADUATE OVERALL GPA GRADUATE MEDICAL EDUCATION: SSM HEALTH/SAINT LOUIS UNIVERSITY RESIDENCY PROGRAMS TRAINED 686",,2026-06-09,,needs_review,Only one MCAT/GPA value was extracted or source is below official-domain threshold.
md_saint_louis_university_school_of_medicine_st_louis_missouri,Saint Louis University School of Medicine,MD,https://www.slu.edu/medicine/strategic-plan/-pdf/slu-annual-report-24-final.pdf,slu-annual-report-24-final.pdf,class_profile,slu.edu,official_school_domain,1.00,fetched,needs_review_partial_stats,2029,official published school profile,official_published_mean,513,average,,,,"MY: 13 MS, 2 PHD MEDICAL ANATOMY & PHYSIOLOGY POST-BACCALAUREATE PROGRAM:14 3.89 63% STUDENTS ARE FROM CENTRAL U.S.A. 46% STUDENTS ARE FROM MISSOURI OR ILLINOIS 5,809 APPLICATIONS 513 AVERAGE MCAT 176 STUDENTS 55% ARE MALE 45% ARE FEMALE 2024 BY THE NUMBERS UNDERGRADUATE OVERALL GPA GRADUATE MEDICAL EDUCATION: SSM HEALTH/SAINT LOUIS UNIVERSITY RESIDENCY PROGRAMS TRAINED 686",,2026-06-09,,needs_review,Only one MCAT/GPA value was extracted or source is below official-domain threshold.
md_saint_louis_university_school_of_medicine_st_louis_missouri,Saint Louis University School of Medicine,MD,https://www.slu.edu/medicine/strategic-plan/-pdf/som-annual-report.pdf,som-annual-report.pdf,class_profile,slu.edu,official_school_domain,1.00,fetched,needs_review_partial_stats,2029,accepted students,official_published_mean,509.8,average,,,,accepted Med Scholars) 29.11% SLU SOM Applicant / Matriculant Average MCAT and GPA SLU 2025 5yr SLU average 5yr national average Applicant Avg MCAT 509.8 510.06 506.2 Matriculant Avg MCAT 509.8 510.06 506.2 Applicant Avg GPA 509.8 510.06 506.2 Matriculant Avg GPA 509.8 510.06 506.2 STRENGTH OF OUR ALUMNI NETWORK Our alumni play a critical role in elevating our profile an,,2026-06-09,,needs_review,Only one MCAT/GPA value was extracted or source is below official-domain threshold.
md_sidney_kimmel_medical_college_at_thomas_jefferson_university_philadelphia_pennsy,Sidney Kimmel Medical College at Thomas Jefferson University,MD,http://www.jefferson.edu/university/skmc/admissions.html,Sidney Kimmel Medical College at Thomas Jefferson University,admissions_page,jefferson.edu,official_school_domain,1.00,fetch_skipped_needs_stats_path,fetch_skipped_needs_stats_path,,,,,,,,,,,2026-06-09,,needs_review,"Official domain seed needs a class profile, annual report, fact book, or admissions statistics path before fetching."
md_southern_illinois_university_school_of_medicine_springfield_illinois,Southern Illinois University School of Medicine,MD,http://www.siumed.edu/studentaffairs/admissions/home.html,Southern Illinois University School of Medicine,admissions_page,siumed.edu,official_school_domain,1.00,fetch_skipped_needs_stats_path,fetch_skipped_needs_stats_path,,,,,,,,,,,2026-06-09,,needs_review,"Official domain seed needs a class profile, annual report, fact book, or admissions statistics path before fetching."
md_stanford_university_school_of_medicine_palo_alto_california,Stanford University School of Medicine,MD,http://med.stanford.edu/md-admissions.html,Stanford University School of Medicine,admissions_page,med.stanford.edu,official_school_domain,1.00,fetch_skipped_needs_stats_path,fetch_skipped_needs_stats_path,,,,,,,,,,,2026-06-09,,needs_review,"Official domain seed needs a class profile, annual report, fact book, or admissions statistics path before fetching."
md_stanford_university_school_of_medicine_palo_alto_california,Stanford University School of Medicine,MD,https://med.stanford.edu/md-admissions/facts-and-figures.html,Facts and Figures | MD Admissions | Stanford Medicine,annual_report,med.stanford.edu,official_school_domain,1.00,fetched,no_relevant_stats_found,,official published school profile,official_published_value,,,,,,,,2026-06-08,,needs_review,No class-profile MCAT/GPA values found.
md_stanford_university_school_of_medicine_palo_alto_california,Stanford University School of Medicine,MD,https://med.stanford.edu/school/facts.html,Facts & Figures | School of Medicine | Stanford Medicine,school_homepage,med.stanford.edu,official_school_domain,1.00,fetched,no_relevant_stats_found,,official published school profile,official_published_value,,,,,,,,2026-06-08,,needs_review,No class-profile MCAT/GPA values found.
md_texas_tech_university_health_sciences_center_school_of_medicine_lubbock_texas,Texas Tech University Health Sciences Center School of Medicine,MD,http://www.ttuhsc.edu/som/admissions/,Texas Tech University Health Sciences Center School of Medicine - Lubbock,admissions_page,ttuhsc.edu,official_school_domain,1.00,fetch_skipped_needs_stats_path,fetch_skipped_needs_stats_path,,,,,,,,,,,2026-06-09,,needs_review,"Official domain seed needs a class profile, annual report, fact book, or admissions statistics path before fetching."
md_the_ohio_state_university_college_of_medicine_columbus_ohio,The Ohio State University College of Medicine,MD,https://medicine.osu.edu/about-us/fast-facts,Leaders in Transforming Health,annual_report,medicine.osu.edu,official_school_domain,1.00,fetched,no_relevant_stats_found,2026,official published school profile,official_published_value,,,,,,,,2026-06-08,,needs_review,No class-profile MCAT/GPA values found.
md_the_ohio_state_university_college_of_medicine_columbus_ohio,The Ohio State University College of Medicine,MD,https://medicine.osu.edu/departments/otolaryngology/ent-annual-report,ENT Annual Report | Ohio State College of Medicine,annual_report,medicine.osu.edu,official_school_domain,1.00,fetched,no_relevant_stats_found,,official published school profile,official_published_value,,,,,,,,2026-06-08,,needs_review,No class-profile MCAT/GPA values found.
md_the_ohio_state_university_college_of_medicine_columbus_ohio,The Ohio State University College of Medicine,MD,https://medicine.osu.edu/departments/otolaryngology/ent-annual-report/3d-surgical-modeling,Study aims to expand access to 3D surgical modeling | Ohio State College of Medicine,annual_report,medicine.osu.edu,official_school_domain,1.00,fetched,no_relevant_stats_found,,official published school profile,official_published_value,,,,,,,,2026-06-08,,needs_review,No class-profile MCAT/GPA values found.
md_the_ohio_state_university_college_of_medicine_columbus_ohio,The Ohio State University College of Medicine,MD,https://medicine.osu.edu/departments/otolaryngology/ent-annual-report/aerodigestive-research-core-lab,Aerodigestive Research Lab expands impact | Ohio State College of Medicine,annual_report,medicine.osu.edu,official_school_domain,1.00,fetched,no_relevant_stats_found,,official published school profile,official_published_value,,,,,,,,2026-06-08,,needs_review,No class-profile MCAT/GPA values found.
md_the_ohio_state_university_college_of_medicine_columbus_ohio,The Ohio State University College of Medicine,MD,https://medicine.osu.edu/departments/otolaryngology/ent-annual-report/department-self-study,ENT department strategic growth | Ohio State College of Medicine,annual_report,medicine.osu.edu,official_school_domain,1.00,fetched,no_relevant_stats_found,,official published school profile,official_published_value,,,,,,,,2026-06-08,,needs_review,No class-profile MCAT/GPA values found.
md_the_ohio_state_university_college_of_medicine_columbus_ohio,The Ohio State University College of Medicine,MD,https://medicine.osu.edu/departments/otolaryngology/ent-annual-report/elliana-devore,"Elliana DeVore, MD, joins the Division of Laryngology | Ohio State College of Medicine",annual_report,medicine.osu.edu,official_school_domain,1.00,fetched,no_relevant_stats_found,,official published school profile,official_published_value,,,,,,,,2026-06-08,,needs_review,No class-profile MCAT/GPA values found.
md_the_ohio_state_university_college_of_medicine_columbus_ohio,The Ohio State University College of Medicine,MD,https://medicine.osu.edu/departments/otolaryngology/ent-annual-report/esophageal-disorders-conference,Monthly Esophageal Disorders Conference | Ohio State College of Medicine,annual_report,medicine.osu.edu,official_school_domain,1.00,fetched,no_relevant_stats_found,,official published school profile,official_published_value,,,,,,,,2026-06-08,,needs_review,No class-profile MCAT/GPA values found.
md_the_ohio_state_university_college_of_medicine_columbus_ohio,The Ohio State University College of Medicine,MD,https://medicine.osu.edu/departments/otolaryngology/ent-annual-report/expanded-vestibular-research-laboratory,Expanded vestibular research laboratory | Ohio State College of Medicine,annual_report,medicine.osu.edu,official_school_domain,1.00,fetched,no_relevant_stats_found,,official published school profile,official_published_value,,,,,,,,2026-06-08,,needs_review,No class-profile MCAT/GPA values found.
md_the_ohio_state_university_college_of_medicine_columbus_ohio,The Ohio State University College of Medicine,MD,https://medicine.osu.edu/departments/otolaryngology/ent-annual-report/immunotherapy,Innovation in Immunotherapy and Allergy Care| Ohio State College of Medicine,annual_report,medicine.osu.edu,official_school_domain,1.00,fetched,no_relevant_stats_found,,official published school profile,official_published_value,,,,,,,,2026-06-08,,needs_review,No class-profile MCAT/GPA values found.
md_the_ohio_state_university_college_of_medicine_columbus_ohio,The Ohio State University College of Medicine,MD,https://medicine.osu.edu/departments/otolaryngology/ent-annual-report/jeffrey-steitz,"Jeffrey Steitz, MD, joins division of facial plastic and reconstruction surgery | Ohio State College of Medicine",annual_report,medicine.osu.edu,official_school_domain,1.00,fetched,no_relevant_stats_found,,official published school profile,official_published_value,,,,,,,,2026-06-08,,needs_review,No class-profile MCAT/GPA values found.
md_the_ohio_state_university_college_of_medicine_columbus_ohio,The Ohio State University College of Medicine,MD,https://medicine.osu.edu/departments/otolaryngology/ent-annual-report/lateral-skull-base-surgery,Enhanced lateral skull base surgery | Ohio State College of Medicine,annual_report,medicine.osu.edu,official_school_domain,1.00,fetched,no_relevant_stats_found,,official published school profile,official_published_value,,,,,,,,2026-06-08,,needs_review,No class-profile MCAT/GPA values found.
md_the_ohio_state_university_college_of_medicine_columbus_ohio,The Ohio State University College of Medicine,MD,https://medicine.osu.edu/departments/otolaryngology/ent-annual-report/liquid-biomarkers,Using liquid biomarkers to improve outcomes for HPV-related HNSCC | Ohio State College of Medicine,annual_report,medicine.osu.edu,official_school_domain,1.00,fetched,no_relevant_stats_found,,official published school profile,official_published_value,,,,,,,,2026-06-08,,needs_review,No class-profile MCAT/GPA values found.
md_the_ohio_state_university_college_of_medicine_columbus_ohio,The Ohio State University College of Medicine,MD,https://medicine.osu.edu/departments/otolaryngology/ent-annual-report/message-from-chair,ENT Annual Report – Message from the Chair | Ohio State College of Medicine,annual_report,medicine.osu.edu,official_school_domain,1.00,fetched,no_relevant_stats_found,,official published school profile,official_published_value,,,,,,,,2026-06-08,,needs_review,No class-profile MCAT/GPA values found.
md_the_ohio_state_university_college_of_medicine_columbus_ohio,The Ohio State University College of Medicine,MD,https://medicine.osu.edu/departments/otolaryngology/ent-annual-report/pediatric-ent-collaboration,Expanding pediatric ENT care in Toledo | Ohio State College of Medicine,annual_report,medicine.osu.edu,official_school_domain,1.00,fetched,no_relevant_stats_found,,official published school profile,official_published_value,,,,,,,,2026-06-08,,needs_review,No class-profile MCAT/GPA values found.
md_the_ohio_state_university_college_of_medicine_columbus_ohio,The Ohio State University College of Medicine,MD,https://medicine.osu.edu/departments/otolaryngology/ent-annual-report/rekha-raveendran,"Rekha Raveendran, MD, named Division Director of Allergy and Immunology | Ohio State College of Medicine",annual_report,medicine.osu.edu,official_school_domain,1.00,fetched,no_relevant_stats_found,,official published school profile,official_published_value,,,,,,,,2026-06-08,,needs_review,No class-profile MCAT/GPA values found.
md_the_ohio_state_university_college_of_medicine_columbus_ohio,The Ohio State University College of Medicine,MD,https://medicine.osu.edu/departments/otolaryngology/ent-annual-report/resident-and-fellow-endowment-fund,ENT-Head and Neck Surgery launches resident and fellow endowment fund | Ohio State College of Medicine,annual_report,medicine.osu.edu,official_school_domain,1.00,fetched,no_relevant_stats_found,,official published school profile,official_published_value,,,,,,,,2026-06-08,,needs_review,No class-profile MCAT/GPA values found.
md_the_ohio_state_university_college_of_medicine_columbus_ohio,The Ohio State University College of Medicine,MD,https://medicine.osu.edu/departments/otolaryngology/ent-annual-report/robert-macielak,"Robert Macielak, MD, joins Division of Otology | Ohio State College of Medicine",annual_report,medicine.osu.edu,official_school_domain,1.00,fetched,no_relevant_stats_found,,official published school profile,official_published_value,,,,,,,,2026-06-08,,needs_review,No class-profile MCAT/GPA values found.
md_the_ohio_state_university_college_of_medicine_columbus_ohio,The Ohio State University College of Medicine,MD,https://medicine.osu.edu/departments/otolaryngology/ent-annual-report/top-ranked-otolaryngology-residency-program,ENT residency program leverages advanced technology | Ohio State College of Medicine,annual_report,medicine.osu.edu,official_school_domain,1.00,fetched,no_relevant_stats_found,,official published school profile,official_published_value,,,,,,,,2026-06-08,,needs_review,No class-profile MCAT/GPA values found.
md_the_ohio_state_university_college_of_medicine_columbus_ohio,The Ohio State University College of Medicine,MD,https://medicine.osu.edu/departments/otolaryngology/ent-annual-report/vestibular-schwannoma-surgery,Restoring hearing after vestibular schwannoma surgery | Ohio State College of Medicine,annual_report,medicine.osu.edu,official_school_domain,1.00,fetched,no_relevant_stats_found,,official published school profile,official_published_value,,,,,,,,2026-06-08,,needs_review,No class-profile MCAT/GPA values found.
md_the_ohio_state_university_college_of_medicine_columbus_ohio,The Ohio State University College of Medicine,MD,https://medicine.osu.edu/departments/otolaryngology/ent-annual-report/victoria-nguyen,"Victoria Nguyen, DO, joins the Division of Allergy | Ohio State College of Medicine",annual_report,medicine.osu.edu,official_school_domain,1.00,fetched,no_relevant_stats_found,,official published school profile,official_published_value,,,,,,,,2026-06-08,,needs_review,No class-profile MCAT/GPA values found.
md_the_ohio_state_university_college_of_medicine_columbus_ohio,The Ohio State University College of Medicine,MD,https://medicine.osu.edu/education/md/admissions,The Ohio State University College of Medicine,admissions_page,medicine.osu.edu,official_school_domain,1.00,fetch_skipped_needs_stats_path,fetch_skipped_needs_stats_path,,,,,,,,,,,2026-06-09,,needs_review,"Official domain seed needs a class profile, annual report, fact book, or admissions statistics path before fetching."
md_the_ohio_state_university_college_of_medicine_columbus_ohio,The Ohio State University College of Medicine,MD,https://medicine.osu.edu/education/md/admissions/before-you-apply/entering-class-profile,2025 Entering Class Profile,class_profile,medicine.osu.edu,official_school_domain,1.00,fetched,accepted,2025,official published school profile,official_published_value,514,published,3.83,published,,93 Total new entrants: 211 Class Composition Women in class: 54% Men in class: 45% Ohio residents in class: 58% Non-residents in class: 42% Class GPA: 3.83 Class Science GPA: 3.79 MCAT composite: 514 Took at least 2 growth years: 40% First generation college attendees: 13% Have a physician parent: 16% Participated in research: 99% Included in the 2025 class Community Medicine erviewed: 699 Total acceptances: 393 Total new entrants: 211 Class Composition Women in class: 54% Men in class: 45% Ohio residents in class: 58% Non-residents in class: 42% Class GPA: 3.83 Class Science GPA: 3.79 MCAT composite: 514 Took at least 2 growth years: 40% First generation college attendees: 13% Have a physic,,2026-06-08,md_official_public_source,approved_official_extraction,Official-domain MCAT/GPA values found in class-profile context. Selected latest shared cohort year 2025.
md_the_ohio_state_university_college_of_medicine_columbus_ohio,The Ohio State University College of Medicine,MD,https://medicine.osu.edu/education/md/admissions/before-you-apply/facts,"Medical School Curriculum, Culture & Facts | Ohio State College of Medicine",class_profile,medicine.osu.edu,official_school_domain,1.00,fetched,no_relevant_stats_found,,official published school profile,official_published_value,,,,,,,,2026-06-08,,needs_review,No class-profile MCAT/GPA values found.
md_the_warren_alpert_medical_school_of_brown_university_providence_rhode_island,The Warren Alpert Medical School of Brown University,MD,https://www.brown.edu/academics/medical/admission/,Admissions | Medical School | Brown University,class_profile,brown.edu,official_school_domain,1.00,fetched,no_relevant_stats_found,2029,official published school profile,official_published_value,,,,,,,,2026-06-08,,needs_review,No class-profile MCAT/GPA values found.
md_tufts_university_school_of_medicine_boston_massachusetts,Tufts University School of Medicine,MD,http://medicine.tufts.edu/Admissions.aspx,Tufts University School of Medicine,admissions_page,medicine.tufts.edu,official_school_domain,1.00,fetch_skipped_needs_stats_path,fetch_skipped_needs_stats_path,,,,,,,,,,,2026-06-09,,needs_review,"Official domain seed needs a class profile, annual report, fact book, or admissions statistics path before fetching."
md_tufts_university_school_of_medicine_boston_massachusetts,Tufts University School of Medicine,MD,https://medicine.tufts.edu/academics/medicine/class-profile,2029 Class Profile | School of Medicine,class_profile,medicine.tufts.edu,official_school_domain,1.00,fetched,accepted,2029,matriculated students,official_published_mean,514,mean,3.82,mean,,n the MD Program: 204 Regular Boston Track: 164 Maine Track: 40 MD/MPH: 26 MD/MA: 1 MD/PhD: 5 Average Grades and Scores - Class of 2029 Mean Total GPA: 3.82 Mean Science GPA: 3.77 Mean MCAT Score: 514 Looking to enhance your academic record before applying to medical school? Learn about our MBS program Learn More Academic Departments Administrative Offices Contact Us Directions of 2029 Total students enrolled in the MD Program: 204 Regular Boston Track: 164 Maine Track: 40 MD/MPH: 26 MD/MA: 1 MD/PhD: 5 Average Grades and Scores - Class of 2029 Mean Total GPA: 3.82 Mean Science GPA: 3.77 Mean MCAT Score: 514 Looking to enhance your academic record before applying to medical school? Learn abou,,2026-06-08,md_official_public_source,approved_official_extraction,Official-domain MCAT/GPA values found in class-profile context.
md_tulane_university_school_of_medicine_new_orleans_louisiana,Tulane University School of Medicine,MD,http://www2.tulane.edu/som/admissions/index.cfm,Tulane University School of Medicine,admissions_page,www2.tulane.edu,official_school_domain,1.00,fetch_skipped_needs_stats_path,fetch_skipped_needs_stats_path,,,,,,,,,,,2026-06-09,,needs_review,"Official domain seed needs a class profile, annual report, fact book, or admissions statistics path before fetching."
md_usf_health_morsani_college_of_medicine_tampa_florida,USF Health Morsani College of Medicine,MD,https://www.usf.edu/health/news/2024/mcom-welcomes-class-of-2028.aspx,USF Health Morsani College of Medicine welcomes newest future doctors,unknown,usf.edu,official_school_domain,1.00,fetched,accepted,2028,official published school profile,official_published_median,520,median,3.95,median,,"mpa Convention Center when they receive their first white coats at the Class of 2028 White Coat Ceremony. Class of 2028 Profile: 130 Students 51% Male, 49% Female Median GPA: 3.95 Median MCAT: 520 (97th percentile) 18% Under-represented in medicine Residency: 61% Florida, 39% out of state More images from Professions of Health: Return to article listing Category Morsani Col Sept. 6 at the Tampa Convention Center when they receive their first white coats at the Class of 2028 White Coat Ceremony. Class of 2028 Profile: 130 Students 51% Male, 49% Female Median GPA: 3.95 Median MCAT: 520 (97th percentile) 18% Under-represented in medicine Residency: 61% Florida, 39% out of state More images from",,2026-06-08,md_official_public_source,approved_official_extraction,Official-domain MCAT/GPA values found in class-profile context. Selected latest shared cohort year 2028.
md_uniformed_services_university_of_the_health_sciences_f_edward_h_bert_school_of_m,"Uniformed Services University of the Health Sciences, F. Edward Hébert School of Medicine",MD,https://medschool.usuhs.edu/admissions/application-requirements,"Medschool, Admissions, Application Requirements",annual_report,medschool.usuhs.edu,official_school_domain,1.00,fetched,rejected_minimum_requirement,,official published school profile,official_published_value,,,,,,,,2026-06-08,,needs_review,Only rejected minimum/eligibility contexts found: minimum_requirement_context:eligible; minimum_requirement_context:minimum; science_or_bcpm_gpa_context.
md_uniformed_services_university_of_the_health_sciences_f_edward_h_bert_school_of_m,"Uniformed Services University of the Health Sciences, F. Edward Hébert School of Medicine",MD,https://medschool.usuhs.edu/sur/research/murtha-cancer-center/annual-reports,"MEDSCHOOL, SUR, Research, Murtha Cancer Center, Annual Reports",annual_report,medschool.usuhs.edu,official_school_domain,1.00,fetched,no_relevant_stats_found,,official published school profile,official_published_value,,,,,,,,2026-06-08,,needs_review,No class-profile MCAT/GPA values found.
md_university_of_alabama_at_birmingham_marnix_e_heersink_school_of_medicine_birming,University of Alabama at Birmingham Marnix E. Heersink School of Medicine,MD,https://www.uab.edu/medicine/home/offices-services/admissions-enrollment-management,Admissions | Heersink School of Medicine,class_profile,uab.edu,official_school_domain,1.00,fetched,accepted,2025,matriculated students,official_published_mean,509.4,average,3.87,average,,"llcome Scholars, Blaze to MD) AMCAS: August 1 Secondary Application: October 15 Class Profiles Get a snapshot of the classes entering over the past three years. 2025 2024 2023 Applied 4,207 4,320 4,448 Interviewed 481 493 472 Offered 276 281 292 Enrolled 196 190 186 MCAT Score 509.4 509 509.5 Average GPA 3.87 3.83 3.83 Alabama 161 155 158 Out of State 35 35 28 Explore Admissions Selectio llcome Scholars, Blaze to MD) AMCAS: August 1 Secondary Application: October 15 Class Profiles Get a snapshot of the classes entering over the past three years. 2025 2024 2023 Applied 4,207 4,320 4,448 Interviewed 481 493 472 Offered 276 281 292 Enrolled 196 190 186 MCAT Score 509.4 509 509.5 Average GPA 3.8",,2026-06-09,md_official_public_source,approved_official_extraction,Official-domain MCAT/GPA values found in class-profile context. Selected latest shared cohort year 2025. Fetched reviewed assisted-search official URL even though the path is not stats-shaped.
md_university_of_arizona_college_of_medicine_phoenix_phoenix_arizona,University of Arizona College of Medicine - Phoenix,MD,http://phoenixmed.arizona.edu/admissions,University of Arizona College of Medicine-Phoenix,admissions_page,phoenixmed.arizona.edu,official_school_domain,1.00,fetch_skipped_needs_stats_path,fetch_skipped_needs_stats_path,,,,,,,,,,,2026-06-09,,needs_review,"Official domain seed needs a class profile, annual report, fact book, or admissions statistics path before fetching."
md_university_of_arizona_college_of_medicine_tucson_tucson_arizona,University of Arizona College of Medicine - Tucson,MD,http://medicine.arizona.edu/admissions,University of Arizona College of Medicine - Tucson,admissions_page,medicine.arizona.edu,official_school_domain,1.00,fetch_skipped_needs_stats_path,fetch_skipped_needs_stats_path,,,,,,,,,,,2026-06-09,,needs_review,"Official domain seed needs a class profile, annual report, fact book, or admissions statistics path before fetching."
md_university_of_arkansas_for_medical_sciences_college_of_medicine_little_rock_arka,University of Arkansas for Medical Sciences College of Medicine,MD,http://medicine.uams.edu/for-medical-school-applicants/,University of Arkansas for Medical Sciences College of Medicine,admissions_page,medicine.uams.edu,official_school_domain,1.00,fetch_skipped_needs_stats_path,fetch_skipped_needs_stats_path,,,,,,,,,,,2026-06-09,,needs_review,"Official domain seed needs a class profile, annual report, fact book, or admissions statistics path before fetching."
md_university_of_arkansas_for_medical_sciences_college_of_medicine_little_rock_arka,University of Arkansas for Medical Sciences College of Medicine,MD,https://medicine.uams.edu/about/fast-facts/,Fast Facts | UAMS College of Medicine,school_homepage,medicine.uams.edu,official_school_domain,1.00,fetched,no_relevant_stats_found,,official published school profile,official_published_value,,,,,,,,2026-06-08,,needs_review,No class-profile MCAT/GPA values found.
md_university_of_arkansas_for_medical_sciences_college_of_medicine_little_rock_arka,University of Arkansas for Medical Sciences College of Medicine,MD,https://medicine.uams.edu/blog/dfpm-reds-tips-team-releases-public-annual-report/,DFPM-RED’s TIPS team releases public Annual Report | UAMS College of Medicine,annual_report,medicine.uams.edu,official_school_domain,1.00,fetched,no_relevant_stats_found,,official published school profile,official_published_value,,,,,,,,2026-06-08,,needs_review,No class-profile MCAT/GPA values found.
md_university_of_arkansas_for_medical_sciences_college_of_medicine_little_rock_arka,University of Arkansas for Medical Sciences College of Medicine,MD,https://medicine.uams.edu/wp-content/uploads/2021/08/2107078-COM-admissions-guide-2022_WEB.pdf,2107078-COM-admissions-guide-2022_WEB.pdf,pdf_report,medicine.uams.edu,official_school_domain,1.00,fetched,accepted,2023,accepted students,official_published_mean,509,average,3.84,average,,2021 FRESHMEN SNAPSHOT Average GPA of those accepted: 3.84 Average MCAT of those accepted: 509 Average age of those accepted: 23; age range 20-33 82% of Freshmen received their undergraduate degree from Arkansas colleges 44% of those accepted majored in Biology; followed by 2021 FRESHMEN SNAPSHOT Average GPA of those accepted: 3.84 Average MCAT of those accepted: 509 Average age of those accepted: 23; age range 20-33 82% of Freshmen received their undergraduate degree from Arkansas colleges 44% of those acce,,2026-06-09,md_official_public_source,approved_official_extraction,Official-domain MCAT/GPA values found in class-profile context.
md_university_of_california_davis_school_of_medicine_davis_california,"University of California, Davis School of Medicine",MD,http://www.ucdmc.ucdavis.edu/mdprogram/admissions/index.html,University of California - Davis School of Medicine,admissions_page,ucdmc.ucdavis.edu,official_school_domain,1.00,fetch_skipped_needs_stats_path,fetch_skipped_needs_stats_path,,,,,,,,,,,2026-06-09,,needs_review,"Official domain seed needs a class profile, annual report, fact book, or admissions statistics path before fetching."
md_university_of_california_davis_school_of_medicine_davis_california,"University of California, Davis School of Medicine",MD,http://www.ucdmc.ucdavis.edu/media-resources/medical-school/documents/pdfs/school-of-medicine-demographics-class-of-2029-FINAL.pdf,school-of-medicine-demographics-class-of-2029-FINAL.pdf,annual_report,ucdmc.ucdavis.edu,official_school_domain,1.00,fetched,accepted,2029,official published school profile,official_published_mean,511,average,3.71,average,,"-4800 | Fax: 916-734-7055 | somadmissions@health.ucdavis.edu medschool.ucdavis.edu 25-0621 (12/25) METRIC AVERAGES ■ Overall GPA 3.71 ■ Undergraduate GPA 3.81 ■ Science GPA 3.63 ■ MCAT 511 ■ Percentile 78.5% ACTIVITY AVERAGES ■ Research hours 1,304 ■ Medical employment hours 2,843 ■ Medical volunteer hours 514 ■ Non-medical volunteer hours 589 UNDERGRADUATE INSTITUT ons | 4610 X St., Suite 1202, Sacramento, CA 95817 Tel: 916-734-4800 | Fax: 916-734-7055 | somadmissions@health.ucdavis.edu medschool.ucdavis.edu 25-0621 (12/25) METRIC AVERAGES ■ Overall GPA 3.71 ■ Undergraduate GPA 3.81 ■ Science GPA 3.63 ■ MCAT 511 ■ Percentile 78.5% ACTIVITY AVERAGES ■ Research hours 1,304 ■ Medical employmen",,2026-06-08,md_official_public_source,approved_official_extraction,Official-domain MCAT/GPA values found in class-profile context.
md_university_of_california_irvine_school_of_medicine_irvine_california,"University of California, Irvine School of Medicine",MD,http://www.meded.uci.edu/admissions/class-statistics/,Medical Education | UC Irvine School of Medicine Open Menu Close Menu,annual_report,meded.uci.edu,official_school_domain,1.00,fetched,no_relevant_stats_found,2026,official published school profile,official_published_value,,,,,,,,2026-06-08,,needs_review,No class-profile MCAT/GPA values found.
md_university_of_california_irvine_school_of_medicine_irvine_california,"University of California, Irvine School of Medicine",MD,http://www.meded.uci.edu/admissions/entering-class-statistics/,Medical Education | UC Irvine School of Medicine Open Menu Close Menu,annual_report,meded.uci.edu,official_school_domain,1.00,fetched,no_relevant_stats_found,2026,official published school profile,official_published_value,,,,,,,,2026-06-08,,needs_review,No class-profile MCAT/GPA values found.
md_university_of_california_irvine_school_of_medicine_irvine_california,"University of California, Irvine School of Medicine",MD,http://www.meded.uci.edu/admissions/index.asp,University of California - Irvine School of Medicine,admissions_page,meded.uci.edu,official_school_domain,1.00,fetch_skipped_needs_stats_path,fetch_skipped_needs_stats_path,,,,,,,,,,,2026-06-09,,needs_review,"Official domain seed needs a class profile, annual report, fact book, or admissions statistics path before fetching."
md_university_of_california_riverside_school_of_medicine_riverside_california,"University of California, Riverside School of Medicine",MD,http://medschool.ucr.edu/admissions/,University of California - Riverside School of Medicine,admissions_page,medschool.ucr.edu,official_school_domain,1.00,fetch_skipped_needs_stats_path,fetch_skipped_needs_stats_path,,,,,,,,,,,2026-06-09,,needs_review,"Official domain seed needs a class profile, annual report, fact book, or admissions statistics path before fetching."
md_university_of_california_san_diego_school_of_medicine_san_diego_california,"University of California, San Diego School of Medicine",MD,http://meded.ucsd.edu/asa/admissions/,University of California - San Diego School of Medicine,admissions_page,meded.ucsd.edu,official_school_domain,1.00,fetch_skipped_needs_stats_path,fetch_skipped_needs_stats_path,,,,,,,,,,,2026-06-09,,needs_review,"Official domain seed needs a class profile, annual report, fact book, or admissions statistics path before fetching."
md_university_of_california_san_francisco_school_of_medicine_san_francisco_californ,"University of California, San Francisco School of Medicine",MD,http://meded.ucsf.edu/admissions,University of California - San Francisco School of Medicine,admissions_page,meded.ucsf.edu,official_school_domain,1.00,fetch_skipped_needs_stats_path,fetch_skipped_needs_stats_path,,,,,,,,,,,2026-06-09,,needs_review,"Official domain seed needs a class profile, annual report, fact book, or admissions statistics path before fetching."
md_university_of_central_florida_college_of_medicine_orlando_florida,University of Central Florida College of Medicine,MD,https://med.ucf.edu/about/annual-report/,Annual Report - College of Medicine,annual_report,med.ucf.edu,official_school_domain,1.00,fetched,no_relevant_stats_found,,official published school profile,official_published_value,,,,,,,,2026-06-08,,needs_review,No class-profile MCAT/GPA values found.
md_university_of_central_florida_college_of_medicine_orlando_florida,University of Central Florida College of Medicine,MD,https://med.ucf.edu/about/college-facts/,College Facts - College of Medicine,annual_report,med.ucf.edu,official_school_domain,1.00,fetched,no_relevant_stats_found,,official published school profile,official_published_value,,,,,,,,2026-06-08,,needs_review,No class-profile MCAT/GPA values found.
md_university_of_central_florida_college_of_medicine_orlando_florida,University of Central Florida College of Medicine,MD,https://med.ucf.edu/admissions/,University of Central Florida College of Medicine,admissions_page,med.ucf.edu,official_school_domain,1.00,fetch_skipped_needs_stats_path,fetch_skipped_needs_stats_path,,,,,,,,,,,2026-06-09,,needs_review,"Official domain seed needs a class profile, annual report, fact book, or admissions statistics path before fetching."
md_university_of_central_florida_college_of_medicine_orlando_florida,University of Central Florida College of Medicine,MD,https://med.ucf.edu/media/2013/07/COM_annual_report_073.jpg,COM_annual_report_073.jpg,annual_report,med.ucf.edu,official_school_domain,1.00,fetched,no_relevant_stats_found,,official published school profile,official_published_value,,,,,,,,2026-06-08,,needs_review,No class-profile MCAT/GPA values found.
md_university_of_central_florida_college_of_medicine_orlando_florida,University of Central Florida College of Medicine,MD,https://med.ucf.edu/media/2013/10/COM_annual_report_030.jpg,COM_annual_report_030.jpg,annual_report,med.ucf.edu,official_school_domain,1.00,fetched,no_relevant_stats_found,,official published school profile,official_published_value,,,,,,,,2026-06-08,,needs_review,No class-profile MCAT/GPA values found.
md_university_of_central_florida_college_of_medicine_orlando_florida,University of Central Florida College of Medicine,MD,https://med.ucf.edu/media/2025/04/RenewU-Figures.png,RenewU-Figures.png,unknown,med.ucf.edu,official_school_domain,1.00,fetched,no_relevant_stats_found,,official published school profile,official_published_value,,,,,,,,2026-06-08,,needs_review,No class-profile MCAT/GPA values found.
md_university_of_central_florida_college_of_medicine_orlando_florida,University of Central Florida College of Medicine,MD,https://med.ucf.edu/media/2025/10/CL2029-Class-Profile-Corrected.png,CL2029-Class-Profile-Corrected.png,unknown,med.ucf.edu,official_school_domain,1.00,fetched,accepted,2029,matriculated students,official_published_mean,514,average,3.9,average,,"CLASS OF 2029 PROFILE Verified Applications Average Total GPA 5,394 5.90 Interviews Average Science GPA 512 5.87 Matriculated Average MCAT 120 514 Non-Florida Residents Ph.D./M.S. 355 6 First Generation Non-Traditional 9 42 CLASS OF 2029 PROFILE Verified Applications Average Total GPA 5,394 5.90 Interviews Average Science GPA 512 5.87 Matriculated Average MCAT 120 514 Non-Florida Residents Ph.D./M.S. 355 6 First Generation Non-Traditional 9 42",,2026-06-08,md_official_public_source,approved_official_extraction,Official-domain MCAT/GPA values found in class-profile context. GPA value used OCR correction from impossible 5.xx reading to 3.xx on an official image source.
md_university_of_central_florida_college_of_medicine_orlando_florida,University of Central Florida College of Medicine,MD,https://med.ucf.edu/media/2026/03/2026-MATCH-FACTS.png,2026-MATCH-FACTS.png,unknown,med.ucf.edu,official_school_domain,1.00,fetched,no_relevant_stats_found,2026,official published school profile,official_published_value,,,,,,,,2026-06-08,,needs_review,No class-profile MCAT/GPA values found.
md_university_of_central_florida_college_of_medicine_orlando_florida,University of Central Florida College of Medicine,MD,https://med.ucf.edu/question/what-type-of-institutional-scholarships-will-be-available-to-the-incoming-class-of-students/,What type of institutional scholarships will be available to the incoming class of students? - College of Medicine,annual_report,med.ucf.edu,official_school_domain,1.00,fetched,no_relevant_stats_found,,official published school profile,official_published_value,,,,,,,,2026-06-08,,needs_review,No class-profile MCAT/GPA values found.
md_university_of_chicago_division_of_the_biological_sciences_the_pritzker_school_of,"University of Chicago Division of the Biological Sciences, The Pritzker School of Medicine",MD,https://pritzker.uchicago.edu/about/pritzker-facts-figures,Pritzker School of Medicine Facts and Figures | Pritzker School of Medicine | The University of Chicago x linkedin instagram facebook youtube tiktok,class_profile,pritzker.uchicago.edu,official_school_domain,1.00,fetched,accepted,2025,matriculated students,official_published_range_midpoint,516,range_midpoint,3.6,range_midpoint,,ty of Chicago About Pritzker School of Medicine Facts and Figures General Admissions* MD Students 81 MD/PhD Students 10 Medical School Enrollment 354 Faculty to Student Ratio** 3:1 MCAT Range 505-527 Cumulative Undergraduate GPA Range 3.4 – 4.0 Science GPA Range 3.2 – 4.0 Out-of-state 86% International 1% Percent with 1+ years between undergraduate degree and medical school ma Range midpoint used for MCAT. l Admissions* MD Students 81 MD/PhD Students 10 Medical School Enrollment 354 Faculty to Student Ratio** 3:1 MCAT Range 505-527 Cumulative Undergraduate GPA Range 3.4 – 4.0 Science GPA Range 3.2 – 4.0 Out-of-state 86% International 1% Percent with 1+ years between undergraduate degree and ,,2026-06-09,md_official_public_source,approved_official_extraction,Official-domain MCAT/GPA values found in class-profile context. One or more values were range-derived; midpoint used for scoring.
md_university_of_cincinnati_college_of_medicine_cincinnati_ohio,University of Cincinnati College of Medicine,MD,https://med.uc.edu/admissions/medical-student-admissions/home,University of Cincinnati College of Medicine,admissions_page,med.uc.edu,official_school_domain,1.00,fetch_skipped_needs_stats_path,fetch_skipped_needs_stats_path,,,,,,,,,,,2026-06-09,,needs_review,"Official domain seed needs a class profile, annual report, fact book, or admissions statistics path before fetching."
md_university_of_cincinnati_college_of_medicine_cincinnati_ohio,University of Cincinnati College of Medicine,MD,https://med.uc.edu/admissions/medical-student-admissions/md-admissions/class-profile,Class Profile Menu bars icon,class_profile,med.uc.edu,official_school_domain,1.00,fetched,accepted,2025,matriculated students,official_published_value,514,published,3.86,published,,": 608 Total acceptances: 403 Total new matriculants: 163 Class Composition: Ohio residents in class: 67% Non-residents in class: 33% Class GPA: 3.86 Class Science (BCPM) GPA: 3.81 MCAT composite: 514 First-generation college attendees: 13% Rural background: 16% Programs in Class: MD Program: 170 Medical Scientist Training Program (MSTP): 12 Intranet Login Contact Us Office of tions: 3,986 Total applicants interviewed: 608 Total acceptances: 403 Total new matriculants: 163 Class Composition: Ohio residents in class: 67% Non-residents in class: 33% Class GPA: 3.86 Class Science (BCPM) GPA: 3.81 MCAT composite: 514 First-generation college attendees: 13% Rural background: 16% Programs in Class:",,2026-06-08,md_official_public_source,approved_official_extraction,Official-domain MCAT/GPA values found in class-profile context.
md_university_of_colorado_school_of_medicine_denver_colorado,University of Colorado School of Medicine,MD,http://www.ucdenver.edu/academics/colleges/medicalschool/education/Admissions/Pages/admissions.aspx,University of Colorado School of Medicine,admissions_page,ucdenver.edu,official_school_domain,1.00,fetch_skipped_needs_stats_path,fetch_skipped_needs_stats_path,,,,,,,,,,,2026-06-09,,needs_review,"Official domain seed needs a class profile, annual report, fact book, or admissions statistics path before fetching."
md_university_of_connecticut_school_of_medicine_farmington_connecticut,University of Connecticut School of Medicine,MD,http://medicine.uconn.edu/about-us/fast-facts/,Fast Facts | School of Medicine | University of Connecticut Search UConn UConn A to Z Index,annual_report,medicine.uconn.edu,official_school_domain,1.00,fetched,no_relevant_stats_found,2026,official published school profile,official_published_value,,,,,,,,2026-06-08,,needs_review,No class-profile MCAT/GPA values found.
md_university_of_connecticut_school_of_medicine_farmington_connecticut,University of Connecticut School of Medicine,MD,http://medicine.uconn.edu/admissions/applying-to-the-md-or-md-mba-programs/,Applying to the M.D. Program | School of Medicine | University of Connecticut Search UConn UConn A to Z Index,class_profile,medicine.uconn.edu,official_school_domain,1.00,fetched,no_relevant_stats_found,,official published school profile,official_published_value,,,,,,,,2026-06-08,,needs_review,No class-profile MCAT/GPA values found.
md_university_of_connecticut_school_of_medicine_farmington_connecticut,University of Connecticut School of Medicine,MD,https://medicine.uconn.edu/about-us/fast-facts/,Fast Facts | School of Medicine | University of Connecticut Search UConn UConn A to Z Index,annual_report,medicine.uconn.edu,official_school_domain,1.00,fetched,no_relevant_stats_found,2026,official published school profile,official_published_value,,,,,,,,2026-06-08,,needs_review,No class-profile MCAT/GPA values found.
md_university_of_connecticut_school_of_medicine_farmington_connecticut,University of Connecticut School of Medicine,MD,https://medicine.uconn.edu/annual-report/,Annual Report | School of Medicine | University of Connecticut Search UConn UConn A to Z Index,annual_report,medicine.uconn.edu,official_school_domain,1.00,fetched,no_relevant_stats_found,,official published school profile,official_published_value,,,,,,,,2026-06-08,,needs_review,No class-profile MCAT/GPA values found.
md_university_of_florida_college_of_medicine_gainesville_florida,University of Florida College of Medicine,MD,http://admissions.med.ufl.edu/,University of Florida College of Medicine,admissions_page,admissions.med.ufl.edu,official_school_domain,1.00,fetch_skipped_needs_stats_path,fetch_skipped_needs_stats_path,,,,,,,,,,,2026-06-09,,needs_review,"Official domain seed needs a class profile, annual report, fact book, or admissions statistics path before fetching."
md_university_of_illinois_college_of_medicine_chicago_illinois,University of Illinois College of Medicine,MD,http://www.medicine.uic.edu/education/m_d_admissions,University of Illinois College of Medicine,admissions_page,medicine.uic.edu,official_school_domain,1.00,fetch_skipped_needs_stats_path,fetch_skipped_needs_stats_path,,,,,,,,,,,2026-06-09,,needs_review,"Official domain seed needs a class profile, annual report, fact book, or admissions statistics path before fetching."
md_university_of_kansas_school_of_medicine_kansas_city_kansas,University of Kansas School of Medicine,MD,http://www.kumc.edu/school-of-medicine/education/admissions.html,University of Kansas School of Medicine,admissions_page,kumc.edu,official_school_domain,1.00,fetch_skipped_needs_stats_path,fetch_skipped_needs_stats_path,,,,,,,,,,,2026-06-09,,needs_review,"Official domain seed needs a class profile, annual report, fact book, or admissions statistics path before fetching."
md_university_of_kansas_school_of_medicine_kansas_city_kansas,University of Kansas School of Medicine,MD,https://www.kumc.edu/school-of-medicine/academics/departments/pathology/about/news/chairs-annual-report-2021.html,Chair's Annual Report 2021,annual_report,kumc.edu,official_school_domain,1.00,fetched,no_relevant_stats_found,,official published school profile,official_published_value,,,,,,,,2026-06-08,,needs_review,No class-profile MCAT/GPA values found.
md_university_of_kansas_school_of_medicine_kansas_city_kansas,University of Kansas School of Medicine,MD,https://www.kumc.edu/school-of-medicine/academics/departments/pediatrics/academics/leadership-education-in-neurodevelopment-and-related-disabilities-(lend)/impact-and-outreach/annual-reports.html,Annual Reports,annual_report,kumc.edu,official_school_domain,1.00,fetched,no_relevant_stats_found,,official published school profile,official_published_value,,,,,,,,2026-06-08,,needs_review,No class-profile MCAT/GPA values found.
md_university_of_kansas_school_of_medicine_kansas_city_kansas,University of Kansas School of Medicine,MD,https://www.kumc.edu/school-of-medicine/campuses/wichita/about/news/news-archive/ku-school-of-medicine-wichita-touts-facts-not-fear-in-covid-fight.html,KU School of Medicine-Wichita touts 'facts not fear' in COVID fight,annual_report,kumc.edu,official_school_domain,1.00,fetched,no_relevant_stats_found,,official published school profile,official_published_value,,,,,,,,2026-06-08,,needs_review,No class-profile MCAT/GPA values found.
md_university_of_kansas_school_of_medicine_kansas_city_kansas,University of Kansas School of Medicine,MD,https://www.kumc.edu/school-of-medicine/campuses/wichita/about/news/wichita-hands-control-of-facts-not-fear-ict-campaign-2.4m-grant-to-ku-med-school.html,"Wichita hands control of Facts Not Fear ICT campaign, $2.4M grant to KU med school",annual_report,kumc.edu,official_school_domain,1.00,fetched,no_relevant_stats_found,,official published school profile,official_published_value,,,,,,,,2026-06-08,,needs_review,No class-profile MCAT/GPA values found.
md_university_of_kansas_school_of_medicine_kansas_city_kansas,University of Kansas School of Medicine,MD,https://www.kumc.edu/school-of-medicine/campuses/wichita/academics/population-health/research/facts-not-fear-ict.html,Facts Not Fear ICT,annual_report,kumc.edu,official_school_domain,1.00,fetched,no_relevant_stats_found,,official published school profile,official_published_value,,,,,,,,2026-06-08,,needs_review,No class-profile MCAT/GPA values found.
md_university_of_kansas_school_of_medicine_kansas_city_kansas,University of Kansas School of Medicine,MD,https://www.kumc.edu/school-of-medicine/campuses/wichita/academics/population-health/research/facts-not-fear-ict/community-resources.html,Community Resources,annual_report,kumc.edu,official_school_domain,1.00,fetched,no_relevant_stats_found,,official published school profile,official_published_value,,,,,,,,2026-06-08,,needs_review,No class-profile MCAT/GPA values found.
md_university_of_kansas_school_of_medicine_kansas_city_kansas,University of Kansas School of Medicine,MD,https://www.kumc.edu/school-of-medicine/campuses/wichita/academics/population-health/research/facts-not-fear-ict/health-topics.html,Health Topics,annual_report,kumc.edu,official_school_domain,1.00,fetched,no_relevant_stats_found,,official published school profile,official_published_value,,,,,,,,2026-06-08,,needs_review,No class-profile MCAT/GPA values found.
md_university_of_kansas_school_of_medicine_kansas_city_kansas,University of Kansas School of Medicine,MD,https://www.kumc.edu/school-of-medicine/campuses/wichita/academics/population-health/research/facts-not-fear-ict/impact.html,Impact,annual_report,kumc.edu,official_school_domain,1.00,fetched,no_relevant_stats_found,,official published school profile,official_published_value,,,,,,,,2026-06-08,,needs_review,No class-profile MCAT/GPA values found.
md_university_of_kansas_school_of_medicine_kansas_city_kansas,University of Kansas School of Medicine,MD,https://www.kumc.edu/school-of-medicine/campuses/wichita/academics/population-health/research/facts-not-fear-ict/reducing-stigma.html,Reducing Stigma,annual_report,kumc.edu,official_school_domain,1.00,fetched,no_relevant_stats_found,,official published school profile,official_published_value,,,,,,,,2026-06-08,,needs_review,No class-profile MCAT/GPA values found.
md_university_of_kentucky_college_of_medicine_lexington_kentucky,University of Kentucky College of Medicine,MD,http://meded.med.uky.edu/medical-school-admissions,University of Kentucky College of Medicine,admissions_page,meded.med.uky.edu,official_school_domain,1.00,fetch_skipped_needs_stats_path,fetch_skipped_needs_stats_path,,,,,,,,,,,2026-06-09,,needs_review,"Official domain seed needs a class profile, annual report, fact book, or admissions statistics path before fetching."
md_university_of_louisville_school_of_medicine_louisville_kentucky,University of Louisville School of Medicine,MD,http://louisville.edu/medicine/admissions,University of Louisville School of Medicine,admissions_page,louisville.edu,official_school_domain,1.00,fetch_skipped_needs_stats_path,fetch_skipped_needs_stats_path,,,,,,,,,,,2026-06-09,,needs_review,"Official domain seed needs a class profile, annual report, fact book, or admissions statistics path before fetching."
md_university_of_maryland_school_of_medicine_baltimore_maryland,University of Maryland School of Medicine,MD,http://www.medschool.umaryland.edu/admissions/MD-Application/,University of Maryland School of Medicine,admissions_page,medschool.umaryland.edu,official_school_domain,1.00,fetch_skipped_needs_stats_path,fetch_skipped_needs_stats_path,,,,,,,,,,,2026-06-09,,needs_review,"Official domain seed needs a class profile, annual report, fact book, or admissions statistics path before fetching."
md_university_of_miami_leonard_m_miller_school_of_medicine_miami_florida,University of Miami Leonard M. Miller School of Medicine,MD,https://med.miami.edu/-/media/millerschool/about-us/downloads/university-of-miami-miller-school-of-medicine_annual-report_academic-year-2022-2023.ashx?hash=8D9A5EA5662B9EEB5D06E1FDBC90B7E9&rev=c9e7d565b00845cea6e2557d0282689a,university-of-miami-miller-school-of-medicine_annual-report_academic-year-2022-2023.ashx?hash=8D9A5EA5662B9EEB5D06E1FDBC90B7E9&rev=c9e7d565b00845cea6e2557d0282689a,annual_report,med.miami.edu,official_school_domain,1.00,fetched,needs_review_partial_stats,2027,official published school profile,official_published_mean,515,average,,,,"medicine 22 OB/GYN 15 Anesthesiology Top Locations 81Florida 23 California 21Texas 16 New York WELCOMING THE CLASS OF 2027 ■ 10,106 Total applicants ■ 201 Class of 2027 students ■ 515 Average MCAT score ■ 53% Non-Florida residents ■ 61 Undergraduate institutions represented MEDICAL EDUCATION 4 PH.D. CANDIDATE RECEIVES PRESTIGIOUS F31 NCI GRANT Skye Montoya, a Ph.D. candidate in c",,2026-06-09,,needs_review,Only one MCAT/GPA value was extracted or source is below official-domain threshold.
md_university_of_miami_leonard_m_miller_school_of_medicine_miami_florida,University of Miami Leonard M. Miller School of Medicine,MD,https://med.miami.edu/medical-education/admissions/class-profile,Class of 2029 Profile Miller School of Medicine Page 1 arrow--button Page 1 arrow--button Page 1 arrow--button Page 1 arrow--button Page 1 arrow--button Page 1 arrow--button Page 1 Page 1,class_profile,med.miami.edu,official_school_domain,1.00,fetched,accepted,2029,matriculated students,official_published_mean,516,average,3.85,average,,African American 8 Hispanic 27 Non-Hispanic White 56 Multiple Ethnicities 24 No Race or Ethnicity Reported 15 Academic metrics Average Cumulative GPA 3.85 Average Science GPA 3.80 Average MCAT 516 Enrolled in Dual Degrees MD/MBA 25 MD/MPH 46 MD/PhD 11 Undergraduate institutions represented 68 total institutions represented Top undergraduate colleges/universities (#students) thnicity (alone or in combination) Asian 72 Black or African American 8 Hispanic 27 Non-Hispanic White 56 Multiple Ethnicities 24 No Race or Ethnicity Reported 15 Academic metrics Average Cumulative GPA 3.85 Average Science GPA 3.80 Average MCAT 516 Enrolled in Dual Degrees MD/MBA 25 MD/MPH 46 MD/PhD 11 Undergraduate inst,,2026-06-09,md_official_public_source,approved_official_extraction,Official-domain MCAT/GPA values found in class-profile context. Selected latest shared cohort year 2029.
md_university_of_michigan_medical_school_ann_arbor_michigan,University of Michigan Medical School,MD,https://www.cmich.edu/academics/colleges/college-of-medicine,University of Michigan Medical School,admissions_page,cmich.edu,official_school_domain,1.00,fetch_skipped_needs_stats_path,fetch_skipped_needs_stats_path,,,,,,,,,,,2026-06-09,,needs_review,"Official domain seed needs a class profile, annual report, fact book, or admissions statistics path before fetching."
md_university_of_michigan_medical_school_ann_arbor_michigan,University of Michigan Medical School,MD,https://www.cmich.edu/academics/colleges/college-of-medicine/about-college-medicine/annual-reports,Annual Reports,annual_report,cmich.edu,official_school_domain,1.00,fetched,no_relevant_stats_found,,official published school profile,official_published_value,,,,,,,,2026-06-08,,needs_review,No class-profile MCAT/GPA values found.
md_university_of_mississippi_school_of_medicine_jackson_mississippi,University of Mississippi School of Medicine,MD,https://www.umc.edu/som/Departments%20and%20Offices/SOM%20Administrative%20Offices/SOM%20Admissions/SOM%20Admissions.html,University of Mississippi School of Medicine,admissions_page,umc.edu,official_school_domain,1.00,fetch_skipped_needs_stats_path,fetch_skipped_needs_stats_path,,,,,,,,,,,2026-06-09,,needs_review,"Official domain seed needs a class profile, annual report, fact book, or admissions statistics path before fetching."
md_university_of_missouri_columbia_school_of_medicine_columbia_missouri,University of Missouri-Columbia School of Medicine,MD,http://medicine.missouri.edu/admissions/,University of Missouri - Columbia School of Medicine,admissions_page,medicine.missouri.edu,official_school_domain,1.00,fetch_skipped_needs_stats_path,fetch_skipped_needs_stats_path,,,,,,,,,,,2026-06-09,,needs_review,"Official domain seed needs a class profile, annual report, fact book, or admissions statistics path before fetching."
md_university_of_missouri_columbia_school_of_medicine_columbia_missouri,University of Missouri-Columbia School of Medicine,MD,http://medicine.missouri.edu/admissions/class-profile/,University of Missouri School of Medicine,school_homepage,medicine.missouri.edu,official_school_domain,1.00,fetched,no_relevant_stats_found,2026,official published school profile,official_published_value,,,,,,,,2026-06-08,,needs_review,No class-profile MCAT/GPA values found.
md_university_of_missouri_columbia_school_of_medicine_columbia_missouri,University of Missouri-Columbia School of Medicine,MD,http://medicine.missouri.edu/admissions/class-statistics/,University of Missouri School of Medicine,school_homepage,medicine.missouri.edu,official_school_domain,1.00,fetched,no_relevant_stats_found,2026,official published school profile,official_published_value,,,,,,,,2026-06-08,,needs_review,No class-profile MCAT/GPA values found.
md_university_of_missouri_columbia_school_of_medicine_columbia_missouri,University of Missouri-Columbia School of Medicine,MD,http://medicine.missouri.edu/admissions/entering-class-profile/,University of Missouri School of Medicine,school_homepage,medicine.missouri.edu,official_school_domain,1.00,fetched,no_relevant_stats_found,2026,official published school profile,official_published_value,,,,,,,,2026-06-08,,needs_review,No class-profile MCAT/GPA values found.
md_university_of_missouri_columbia_school_of_medicine_columbia_missouri,University of Missouri-Columbia School of Medicine,MD,http://medicine.missouri.edu/admissions/entering-class-statistics/,University of Missouri School of Medicine,school_homepage,medicine.missouri.edu,official_school_domain,1.00,fetched,no_relevant_stats_found,2026,official published school profile,official_published_value,,,,,,,,2026-06-08,,needs_review,No class-profile MCAT/GPA values found.
md_university_of_missouri_kansas_city_school_of_medicine_kansas_city_missouri,University of Missouri-Kansas City School of Medicine,MD,http://med.umkc.edu/admissions/class-profile/,"404 Page Not Found - School of Medicine | University of Missouri-Kansas City UMKC School of Medicine on Facebook <span class=""sr-only""> link opens in a new tab</span> UMKC School of Medicine on Twitter <span class=""sr-only""> link opens in a new tab</span> UMKC School of Medicine on YouTube <span class=""sr-only""> link opens in a new tab</span>",annual_report,med.umkc.edu,official_school_domain,1.00,fetched,no_relevant_stats_found,,official published school profile,official_published_value,,,,,,,,2026-06-08,,needs_review,No class-profile MCAT/GPA values found.
md_university_of_missouri_kansas_city_school_of_medicine_kansas_city_missouri,University of Missouri-Kansas City School of Medicine,MD,http://med.umkc.edu/admissions/class-statistics/,"404 Page Not Found - School of Medicine | University of Missouri-Kansas City UMKC School of Medicine on Facebook <span class=""sr-only""> link opens in a new tab</span> UMKC School of Medicine on Twitter <span class=""sr-only""> link opens in a new tab</span> UMKC School of Medicine on YouTube <span class=""sr-only""> link opens in a new tab</span>",annual_report,med.umkc.edu,official_school_domain,1.00,fetched,no_relevant_stats_found,,official published school profile,official_published_value,,,,,,,,2026-06-08,,needs_review,No class-profile MCAT/GPA values found.
md_university_of_missouri_kansas_city_school_of_medicine_kansas_city_missouri,University of Missouri-Kansas City School of Medicine,MD,http://med.umkc.edu/admissions/entering-class-profile/,"404 Page Not Found - School of Medicine | University of Missouri-Kansas City UMKC School of Medicine on Facebook <span class=""sr-only""> link opens in a new tab</span> UMKC School of Medicine on Twitter <span class=""sr-only""> link opens in a new tab</span> UMKC School of Medicine on YouTube <span class=""sr-only""> link opens in a new tab</span>",annual_report,med.umkc.edu,official_school_domain,1.00,fetched,no_relevant_stats_found,,official published school profile,official_published_value,,,,,,,,2026-06-08,,needs_review,No class-profile MCAT/GPA values found.
md_university_of_missouri_kansas_city_school_of_medicine_kansas_city_missouri,University of Missouri-Kansas City School of Medicine,MD,http://med.umkc.edu/admissions/entering-class-statistics/,"404 Page Not Found - School of Medicine | University of Missouri-Kansas City UMKC School of Medicine on Facebook <span class=""sr-only""> link opens in a new tab</span> UMKC School of Medicine on Twitter <span class=""sr-only""> link opens in a new tab</span> UMKC School of Medicine on YouTube <span class=""sr-only""> link opens in a new tab</span>",annual_report,med.umkc.edu,official_school_domain,1.00,fetched,no_relevant_stats_found,,official published school profile,official_published_value,,,,,,,,2026-06-08,,needs_review,No class-profile MCAT/GPA values found.
md_university_of_missouri_kansas_city_school_of_medicine_kansas_city_missouri,University of Missouri-Kansas City School of Medicine,MD,http://med.umkc.edu/md/apply/,"Application Information - M.D. Program - Degree and Certificate Programs - Academics - School of Medicine | University of Missouri-Kansas City UMKC School of Medicine on Facebook <span class=""sr-only""> link opens in a new tab</span> UMKC School of Medicine on Twitter <span class=""sr-only""> link opens in a new tab</span> UMKC School of Medicine on YouTube <span class=""sr-only""> link opens in a new tab</span>",class_profile,med.umkc.edu,official_school_domain,1.00,fetched,no_relevant_stats_found,,official published school profile,official_published_value,,,,,,,,2026-06-08,,needs_review,No class-profile MCAT/GPA values found.
md_university_of_missouri_kansas_city_school_of_medicine_kansas_city_missouri,University of Missouri-Kansas City School of Medicine,MD,https://med.umkc.edu/academics/degree-and-certificate-programs/ba-md/student-profiles.html,"Student Profiles - B.A./M.D. Program - Degree and Certificate Programs - Academics - School of Medicine | University of Missouri-Kansas City UMKC School of Medicine on Facebook <span class=""sr-only""> link opens in a new tab</span> UMKC School of Medicine on Twitter <span class=""sr-only""> link opens in a new tab</span> UMKC School of Medicine on YouTube <span class=""sr-only""> link opens in a new tab</span>",class_profile,med.umkc.edu,official_school_domain,1.00,fetched,no_relevant_stats_found,,official published school profile,official_published_value,,,,,,,,2026-06-08,,needs_review,No class-profile MCAT/GPA values found.
md_university_of_missouri_kansas_city_school_of_medicine_kansas_city_missouri,University of Missouri-Kansas City School of Medicine,MD,https://med.umkc.edu/academics/degree-and-certificate-programs/md/student-profiles.html,"Student Profiles - M.D. Program - Degree and Certificate Programs - Academics - School of Medicine | University of Missouri-Kansas City UMKC School of Medicine on Facebook <span class=""sr-only""> link opens in a new tab</span> UMKC School of Medicine on Twitter <span class=""sr-only""> link opens in a new tab</span> UMKC School of Medicine on YouTube <span class=""sr-only""> link opens in a new tab</span>",class_profile,med.umkc.edu,official_school_domain,1.00,fetched,no_relevant_stats_found,,official published school profile,official_published_value,,,,,,,,2026-06-08,,needs_review,No class-profile MCAT/GPA values found.
md_university_of_missouri_kansas_city_school_of_medicine_kansas_city_missouri,University of Missouri-Kansas City School of Medicine,MD,https://med.umkc.edu/academics/degree-and-certificate-programs/msa/student-profiles.html,"Student Profiles - Master of Science in Anesthesia - Degree and Certificate Programs - Academics - School of Medicine | University of Missouri-Kansas City UMKC School of Medicine on Facebook <span class=""sr-only""> link opens in a new tab</span> UMKC School of Medicine on Twitter <span class=""sr-only""> link opens in a new tab</span> UMKC School of Medicine on YouTube <span class=""sr-only""> link opens in a new tab</span>",class_profile,med.umkc.edu,official_school_domain,1.00,fetched,no_relevant_stats_found,,official published school profile,official_published_value,,,,,,,,2026-06-08,,needs_review,No class-profile MCAT/GPA values found.
md_university_of_missouri_kansas_city_school_of_medicine_kansas_city_missouri,University of Missouri-Kansas City School of Medicine,MD,https://med.umkc.edu/academics/degree-and-certificate-programs/pa/student-profiles.html,"Student Profiles - Master of Medical Science Physician Assistant - Degree and Certificate Programs - Academics - School of Medicine | University of Missouri-Kansas City UMKC School of Medicine on Facebook <span class=""sr-only""> link opens in a new tab</span> UMKC School of Medicine on Twitter <span class=""sr-only""> link opens in a new tab</span> UMKC School of Medicine on YouTube <span class=""sr-only""> link opens in a new tab</span>",class_profile,med.umkc.edu,official_school_domain,1.00,fetched,no_relevant_stats_found,,official published school profile,official_published_value,,,,,,,,2026-06-08,,needs_review,No class-profile MCAT/GPA values found.
md_university_of_nebraska_college_of_medicine_omaha_nebraska,University of Nebraska College of Medicine,MD,http://www.unmc.edu/com/prospective/admissions/index.html,University of Nebraska College of Medicine,admissions_page,unmc.edu,official_school_domain,1.00,fetch_skipped_needs_stats_path,fetch_skipped_needs_stats_path,,,,,,,,,,,2026-06-09,,needs_review,"Official domain seed needs a class profile, annual report, fact book, or admissions statistics path before fetching."
md_university_of_nevada_reno_school_of_medicine_reno_nevada,"University of Nevada, Reno School of Medicine",MD,http://med.unr.edu/admissions,University of Nevada School of Medicine,admissions_page,med.unr.edu,official_school_domain,1.00,fetch_skipped_needs_stats_path,fetch_skipped_needs_stats_path,,,,,,,,,,,2026-06-09,,needs_review,"Official domain seed needs a class profile, annual report, fact book, or admissions statistics path before fetching."
md_university_of_nevada_reno_school_of_medicine_reno_nevada,"University of Nevada, Reno School of Medicine",MD,https://med.unr.edu/about/annual-report,UNR Med Annual Report | School of Medicine,annual_report,med.unr.edu,official_school_domain,1.00,fetched,no_relevant_stats_found,,official published school profile,official_published_value,,,,,,,,2026-06-08,,needs_review,No class-profile MCAT/GPA values found.
md_university_of_new_mexico_school_of_medicine_albuquerque_new_mexico,University of New Mexico School of Medicine,MD,http://som.unm.edu/education/md/ume/,University of New Mexico School of Medicine,admissions_page,som.unm.edu,official_school_domain,1.00,fetch_skipped_needs_stats_path,fetch_skipped_needs_stats_path,,,,,,,,,,,2026-06-09,,needs_review,"Official domain seed needs a class profile, annual report, fact book, or admissions statistics path before fetching."
md_university_of_north_dakota_school_of_medicine_and_health_sciences_grand_forks_no,University of North Dakota School of Medicine and Health Sciences,MD,http://www.med.und.edu/student-affairs-admissions/application-process.cfm,University of North Dakota School of Medicine and Health Sciences,admissions_page,med.und.edu,official_school_domain,1.00,fetch_skipped_needs_stats_path,fetch_skipped_needs_stats_path,,,,,,,,,,,2026-06-09,,needs_review,"Official domain seed needs a class profile, annual report, fact book, or admissions statistics path before fetching."
md_university_of_oklahoma_college_of_medicine_oklahoma_city_oklahoma,University of Oklahoma College of Medicine,MD,https://www.oumedicine.com/college-of-medicine/information-about/admissions,University of Oklahoma College of Medicine,admissions_page,oumedicine.com,official_school_domain,1.00,fetch_skipped_needs_stats_path,fetch_skipped_needs_stats_path,,,,,,,,,,,2026-06-09,,needs_review,"Official domain seed needs a class profile, annual report, fact book, or admissions statistics path before fetching."
md_university_of_pittsburgh_school_of_medicine_pittsburgh_pennsylvania,University of Pittsburgh School of Medicine,MD,http://medschool.pitt.edu/admissions/index.aspx,University of Pittsburgh School of Medicine,admissions_page,medschool.pitt.edu,official_school_domain,1.00,fetch_skipped_needs_stats_path,fetch_skipped_needs_stats_path,,,,,,,,,,,2026-06-09,,needs_review,"Official domain seed needs a class profile, annual report, fact book, or admissions statistics path before fetching."
md_university_of_rochester_school_of_medicine_and_dentistry_rochester_new_york,University of Rochester School of Medicine and Dentistry,MD,https://www.urmc.rochester.edu/education/md/admissions.aspx,University of Rochester School of Medicine and Dentistry,admissions_page,urmc.rochester.edu,official_school_domain,1.00,fetch_skipped_needs_stats_path,fetch_skipped_needs_stats_path,,,,,,,,,,,2026-06-09,,needs_review,"Official domain seed needs a class profile, annual report, fact book, or admissions statistics path before fetching."
md_university_of_south_carolina_school_of_medicine_greenville_greenville_south_caro,"University of South Carolina School of Medicine, Greenville",MD,http://sc.edu/study/colleges_schools/medicine_greenville/admissions/apply.php,University of South Carolina School of Medicine - Greenville,admissions_page,sc.edu,official_school_domain,1.00,fetch_skipped_needs_stats_path,fetch_skipped_needs_stats_path,,,,,,,,,,,2026-06-09,,needs_review,"Official domain seed needs a class profile, annual report, fact book, or admissions statistics path before fetching."
md_university_of_south_carolina_school_of_medicine_greenville_greenville_south_caro,"University of South Carolina School of Medicine, Greenville",MD,https://sc.edu/study/colleges_schools/medicine/education/md_program/admission/classprofile/index.php,Sitemap stats-like URL,class_profile,sc.edu,official_school_domain,1.00,fetch_failed_http_404,fetch_failed_http_404,,,,,,,,,,,2026-06-08,,needs_review,HTTP Error 404: Not Found
md_university_of_south_carolina_school_of_medicine_greenville_greenville_south_caro,"University of South Carolina School of Medicine, Greenville",MD,https://sc.edu/study/colleges_schools/medicine_greenville/admissions/ask_a_question/,Ask a Question - School of Medicine Greenville | University of South Carolina Search USC Facebook USC Instagram USC X,school_homepage,sc.edu,official_school_domain,1.00,fetched,accepted,,official published school profile,official_published_range_midpoint,509,average,3.73,range_midpoint,,"ts who hold a permanent resident visa. Admissions Requirements Expand all What are your minimum GPA and MCAT requirements? We do not have a minimum GPA or MCAT score. However, the average GPA and MCAT scores for matriculating students are typically 3.7-3.75 and 509, respectively. The admissions committee reviews applicants holistically . I have taken the MCAT more than once. Which score(s) will you consider? The admissions committee will consider your hig ts who hold a permanent resident visa. Admissions Requirements Expand all What are your minimum GPA and MCAT requirements? We do not have a minimum GPA or MCAT score. However, the average GPA and MCAT scores for matriculating students are t",,2026-06-09,md_official_public_source,approved_official_extraction,Official-domain MCAT/GPA values found in class-profile context. One or more values were range-derived; midpoint used for scoring. Fetched reviewed assisted-search official URL even though the path is not stats-shaped.
md_university_of_south_dakota_sanford_school_of_medicine_vermillion_south_dakota,University of South Dakota Sanford School of Medicine,MD,http://www.usd.edu/medicine/medical-student-affairs/eligibility,University of South Dakota Sanford School of Medicine,admissions_page,usd.edu,official_school_domain,1.00,fetch_skipped_needs_stats_path,fetch_skipped_needs_stats_path,,,,,,,,,,,2026-06-09,,needs_review,"Official domain seed needs a class profile, annual report, fact book, or admissions statistics path before fetching."
md_university_of_tennessee_health_science_center_college_of_medicine_memphis_tennes,University of Tennessee Health Science Center College of Medicine,MD,https://uthsc.edu/about/strategic-plan/documents/medicine-annual-report.docx,Sitemap stats-like URL,annual_report,uthsc.edu,official_school_domain,1.00,fetch_failed_http_404,fetch_failed_http_404,,,,,,,,,,,2026-06-08,,needs_review,HTTP Error 404: Not Found
md_university_of_tennessee_health_science_center_college_of_medicine_memphis_tennes,University of Tennessee Health Science Center College of Medicine,MD,https://uthsc.edu/medicine/admissions/class-profiles.php,Profile of Admitted Class | Admissions | College of Medicine | UTHSC,class_profile,uthsc.edu,official_school_domain,1.00,fetched,no_relevant_stats_found,2025,official published school profile,official_published_value,,,,,,,,2026-06-08,,needs_review,No class-profile MCAT/GPA values found.
md_university_of_tennessee_health_science_center_college_of_medicine_memphis_tennes,University of Tennessee Health Science Center College of Medicine,MD,https://uthsc.edu/medicine/admissions/documents/college-of-medicine-admissions-2024-preparedness-worksheet.pdf,college-of-medicine-admissions-2024-preparedness-worksheet.pdf,pdf_report,uthsc.edu,official_school_domain,1.00,fetched,accepted,2024,official published school profile,official_published_mean,511,average,3.83,average,,Academic Measurables Who could be a physician? A person who has earned a medical degree and passed all US Medical Licensing Exams. • MCAT – T he MCAT exam predicts performance on USMLE Step 1 – 511 C ollege of Medicine average score for the 2024 matriculating class – 50 1-525 The range of MCAT scores from the College of Medicine 2024 matriculating class – It is r ecommended that applicants score in the om the College of Medicine 2024 matriculating class – It is r ecommended that applicants score in the 50th percentile or higher in each section to be considered most competitive • G PA – Pr edicts preparedness for medical school curriculum – 3.83 A verage total GPA for the College of Medicine ,,2026-06-09,md_official_public_source,approved_official_extraction,Official-domain MCAT/GPA values found in class-profile context.
md_university_of_tennessee_health_science_center_college_of_medicine_memphis_tennes,University of Tennessee Health Science Center College of Medicine,MD,https://uthsc.edu/medicine/admissions/roster/documents/2015-entering-class-list.pdf,Sitemap stats-like URL,pdf_report,uthsc.edu,official_school_domain,1.00,fetch_failed_http_404,fetch_failed_http_404,,,,,,,,,,,2026-06-08,,needs_review,HTTP Error 404: Not Found
md_university_of_tennessee_health_science_center_college_of_medicine_memphis_tennes,University of Tennessee Health Science Center College of Medicine,MD,https://uthsc.edu/medicine/admissions/roster/documents/2016-entering-class.pdf,Sitemap stats-like URL,pdf_report,uthsc.edu,official_school_domain,1.00,fetch_failed_http_404,fetch_failed_http_404,,,,,,,,,,,2026-06-08,,needs_review,HTTP Error 404: Not Found
md_university_of_tennessee_health_science_center_college_of_medicine_memphis_tennes,University of Tennessee Health Science Center College of Medicine,MD,https://uthsc.edu/medicine/admissions/roster/documents/2017-entering-class-list.pdf,Sitemap stats-like URL,pdf_report,uthsc.edu,official_school_domain,1.00,fetch_failed_http_404,fetch_failed_http_404,,,,,,,,,,,2026-06-08,,needs_review,HTTP Error 404: Not Found
md_university_of_tennessee_health_science_center_college_of_medicine_memphis_tennes,University of Tennessee Health Science Center College of Medicine,MD,https://uthsc.edu/medicine/admissions/roster/documents/2018-entering-class-list.pdf,Sitemap stats-like URL,pdf_report,uthsc.edu,official_school_domain,1.00,fetch_failed_http_404,fetch_failed_http_404,,,,,,,,,,,2026-06-08,,needs_review,HTTP Error 404: Not Found
md_university_of_tennessee_health_science_center_college_of_medicine_memphis_tennes,University of Tennessee Health Science Center College of Medicine,MD,https://uthsc.edu/medicine/admissions/roster/documents/2019-entering-class.pdf,Sitemap stats-like URL,pdf_report,uthsc.edu,official_school_domain,1.00,fetch_failed_http_404,fetch_failed_http_404,,,,,,,,,,,2026-06-08,,needs_review,HTTP Error 404: Not Found
md_university_of_tennessee_health_science_center_college_of_medicine_memphis_tennes,University of Tennessee Health Science Center College of Medicine,MD,https://uthsc.edu/medicine/admissions/roster/documents/2020-entering-class.pdf,Sitemap stats-like URL,pdf_report,uthsc.edu,official_school_domain,1.00,fetch_failed_http_404,fetch_failed_http_404,,,,,,,,,,,2026-06-08,,needs_review,HTTP Error 404: Not Found
md_university_of_tennessee_health_science_center_college_of_medicine_memphis_tennes,University of Tennessee Health Science Center College of Medicine,MD,https://uthsc.edu/medicine/student-affairs/documents/composites-residency/uthsc-com-2023-entering-class-composite.pdf,Sitemap stats-like URL,pdf_report,uthsc.edu,official_school_domain,1.00,fetch_failed_http_401,fetch_failed_http_401,,,,,,,,,,,2026-06-08,,needs_review,HTTP Error 401: Unauthorized
md_university_of_tennessee_health_science_center_college_of_medicine_memphis_tennes,University of Tennessee Health Science Center College of Medicine,MD,https://uthsc.edu/medicine/test/chattanooga/gme/fast-facts.php,Sitemap stats-like URL,class_profile,uthsc.edu,official_school_domain,1.00,fetch_failed_http_404,fetch_failed_http_404,,,,,,,,,,,2026-06-08,,needs_review,HTTP Error 404: Not Found
md_university_of_tennessee_health_science_center_college_of_medicine_memphis_tennes,University of Tennessee Health Science Center College of Medicine,MD,https://www.uthsc.edu/Medicine/Admissions/index.php,University of Tennessee Health Science Center College of Medicine,admissions_page,uthsc.edu,official_school_domain,1.00,fetch_skipped_needs_stats_path,fetch_skipped_needs_stats_path,,,,,,,,,,,2026-06-09,,needs_review,"Official domain seed needs a class profile, annual report, fact book, or admissions statistics path before fetching."
md_university_of_tennessee_health_science_center_college_of_medicine_memphis_tennes,University of Tennessee Health Science Center College of Medicine,MD,https://www.uthsc.edu/medicine/admissions/class-profiles.php,Profile of Admitted Class | Admissions | College of Medicine | UTHSC,class_profile,uthsc.edu,official_school_domain,1.00,fetched,no_relevant_stats_found,2025,official published school profile,official_published_value,,,,,,,,2026-06-08,,needs_review,No class-profile MCAT/GPA values found.
md_university_of_texas_rio_grande_valley_school_of_medicine_edinburg_texas,University of Texas Rio Grande Valley School of Medicine,MD,http://www.utrgv.edu/school-of-medicine/admissions-and-aid/index.htm,University of Texas Rio Grande Valley School of Medicine,admissions_page,utrgv.edu,official_school_domain,1.00,fetch_skipped_needs_stats_path,fetch_skipped_needs_stats_path,,,,,,,,,,,2026-06-09,,needs_review,"Official domain seed needs a class profile, annual report, fact book, or admissions statistics path before fetching."
md_university_of_texas_southwestern_medical_school_dallas_texas,University of Texas Southwestern Medical School,MD,http://www.utsouthwestern.edu/education/medical-school/admissions/,"Medical School Admissions: UT Southwestern - Dallas, TX",class_profile,utsouthwestern.edu,official_school_domain,1.00,fetched,no_relevant_stats_found,2025,official published school profile,official_published_value,,,,,,,,2026-06-08,,needs_review,No class-profile MCAT/GPA values found.
md_university_of_toledo_college_of_medicine_and_life_sciences_toledo_ohio,University of Toledo College of Medicine and Life Sciences,MD,https://www.utoledo.edu/med/md/,MD Programs,class_profile,utoledo.edu,official_school_domain,1.00,fetched,no_relevant_stats_found,,official published school profile,official_published_value,,,,,,,,2026-06-08,,needs_review,No class-profile MCAT/GPA values found.
md_university_of_toledo_college_of_medicine_and_life_sciences_toledo_ohio,University of Toledo College of Medicine and Life Sciences,MD,https://www.utoledo.edu/med/md/classprofile.html,Medical School Class Profile of Entering Class,class_profile,utoledo.edu,official_school_domain,1.00,fetched,accepted,2025,official published school profile,official_published_mean,510,average,3.78,average,,4 Male (49%): 86 Female (50%): 87 TOTAL: 175 Academics & Test Results Academic Performance Average Total GPA: 3.78 Average Total Science GPA: 3.71 Average Total Graduate GPA: 3.65 MCAT Results Average Total MCAT: 510 (79th percentile) 111 Ohio Residents 24 States Represented + D.C. 38 Students from Northwest Ohio 64 Colleges Represented 14 Ohio Colleges Represented Major Colleges Represented A hwest Ohio (22%): 38 - Remaining Ohio (41%): 73 Non-Ohio Residents (37%): 64 Male (49%): 86 Female (50%): 87 TOTAL: 175 Academics & Test Results Academic Performance Average Total GPA: 3.78 Average Total Science GPA: 3.71 Average Total Graduate GPA: 3.65 MCAT Results Average Total MCAT: 510 (79th perce,,2026-06-08,md_official_public_source,approved_official_extraction,Official-domain MCAT/GPA values found in class-profile context.
md_university_of_virginia_school_of_medicine_charlottesville_virginia,University of Virginia School of Medicine,MD,https://med.virginia.edu/admissions/,University of Virginia School of Medicine,admissions_page,med.virginia.edu,official_school_domain,1.00,fetch_skipped_needs_stats_path,fetch_skipped_needs_stats_path,,,,,,,,,,,2026-06-09,,needs_review,"Official domain seed needs a class profile, annual report, fact book, or admissions statistics path before fetching."
md_university_of_virginia_school_of_medicine_charlottesville_virginia,University of Virginia School of Medicine,MD,https://med.virginia.edu/home-2/2021-2022_annual-report_homepage-slider2_821x448/,2021-2022_annual-report_homepage-slider2_821x448 - University of Virginia School of Medicine University of Virginia School of Medicine Search Icon down-arrow University of Virginia School of Medicine linkedin icon facebook twitter youtube,annual_report,med.virginia.edu,official_school_domain,1.00,fetched,no_relevant_stats_found,,official published school profile,official_published_value,,,,,,,,2026-06-08,,needs_review,No class-profile MCAT/GPA values found.
md_university_of_virginia_school_of_medicine_charlottesville_virginia,University of Virginia School of Medicine,MD,https://med.virginia.edu/home-2/2021-2022_annual-report_homepage-slider_821x448/,2021-2022_annual-report_homepage-slider_821x448 - University of Virginia School of Medicine University of Virginia School of Medicine Search Icon down-arrow University of Virginia School of Medicine linkedin icon facebook twitter youtube,annual_report,med.virginia.edu,official_school_domain,1.00,fetched,no_relevant_stats_found,,official published school profile,official_published_value,,,,,,,,2026-06-08,,needs_review,No class-profile MCAT/GPA values found.
md_university_of_virginia_school_of_medicine_charlottesville_virginia,University of Virginia School of Medicine,MD,https://med.virginia.edu/home-2/2023-annual-report-cover-with-drop-shadow-gray-bkgrd-2x1/,2023 Annual Report cover with drop shadow gray bkgrd 2x1 - University of Virginia School of Medicine University of Virginia School of Medicine Search Icon down-arrow University of Virginia School of Medicine linkedin icon facebook twitter youtube,annual_report,med.virginia.edu,official_school_domain,1.00,fetched,no_relevant_stats_found,,official published school profile,official_published_value,,,,,,,,2026-06-08,,needs_review,No class-profile MCAT/GPA values found.
md_university_of_virginia_school_of_medicine_charlottesville_virginia,University of Virginia School of Medicine,MD,https://med.virginia.edu/home-2/2024-annual-report-on-gray-woodgrain-tabletop-2/,2024 annual report on gray woodgrain tabletop - University of Virginia School of Medicine University of Virginia School of Medicine Search Icon down-arrow University of Virginia School of Medicine linkedin icon facebook twitter youtube,annual_report,med.virginia.edu,official_school_domain,1.00,fetched,no_relevant_stats_found,,official published school profile,official_published_value,,,,,,,,2026-06-08,,needs_review,No class-profile MCAT/GPA values found.
md_university_of_virginia_school_of_medicine_charlottesville_virginia,University of Virginia School of Medicine,MD,https://med.virginia.edu/home-2/2024-annual-report-on-gray-woodgrain-tabletop/,2024 annual report on gray woodgrain tabletop - University of Virginia School of Medicine University of Virginia School of Medicine Search Icon down-arrow University of Virginia School of Medicine linkedin icon facebook twitter youtube,annual_report,med.virginia.edu,official_school_domain,1.00,fetched,no_relevant_stats_found,,official published school profile,official_published_value,,,,,,,,2026-06-08,,needs_review,No class-profile MCAT/GPA values found.
md_university_of_washington_school_of_medicine_seattle_washington,University of Washington School of Medicine,MD,http://www.uwmedicine.org/education/md-program/admissions,University of Washington School of Medicine,admissions_page,uwmedicine.org,official_school_domain,1.00,fetch_skipped_needs_stats_path,fetch_skipped_needs_stats_path,,,,,,,,,,,2026-06-09,,needs_review,"Official domain seed needs a class profile, annual report, fact book, or admissions statistics path before fetching."
md_university_of_wisconsin_school_of_medicine_and_public_health_madison_wisconsin,University of Wisconsin School of Medicine and Public Health,MD,http://www.med.wisc.edu/admissions/entering-class-profile/,MD Admissions - Entering MD Class Statistics - School of Medicine and Public Health,class_profile,med.wisc.edu,official_school_domain,1.00,fetched,accepted,2025,accepted students,official_published_mean,511,average,3.78,average,,"g Class of 2025 7744 Total applications 592 Total interviews 171 Admitted Students Wisconsin residents: 132 Out-of-state: 39* 3.78 Average cumulative GPA Average science GPA: 3.70 511 Average MCAT 21-40 Age range *Consistent with our mission and the Wisconsin Idea , we focus on training physicians to serve the health needs of Wisconsin. Most Common Undergrad Majors Biology s Community Service Programs What Students Say Entering Class of 2025 7744 Total applications 592 Total interviews 171 Admitted Students Wisconsin residents: 132 Out-of-state: 39* 3.78 Average cumulative GPA Average science GPA: 3.70 511 Average MCAT 21-40 Age range *Consistent with our mission and the Wisconsin Idea , we ",,2026-06-08,md_official_public_source,approved_official_extraction,Official-domain MCAT/GPA values found in class-profile context.
md_university_of_wisconsin_school_of_medicine_and_public_health_madison_wisconsin,University of Wisconsin School of Medicine and Public Health,MD,http://www.med.wisc.edu/education/md/admissions/main/102,MD Admissions - School of Medicine and Public Health,class_profile,med.wisc.edu,official_school_domain,1.00,fetched,needs_review_partial_stats,,accepted students,official_published_mean,,,3.78,average,,"riteria Letters of recommendation Technical standards Admissions Decisions Accepted Applicants Reapplying Admissions Statistics 7744 Total applications 176 Entering class students 3.78 Average cumulative GPA More Entering Class Stats Tuition and Aid From tuition to financial wellness to scholarships, find all the information you need to be financially prepared to attend medical school",,2026-06-09,,needs_review,Only one MCAT/GPA value was extracted or source is below official-domain threshold.
md_university_of_wisconsin_school_of_medicine_and_public_health_madison_wisconsin,University of Wisconsin School of Medicine and Public Health,MD,https://www.med.wisc.edu/about-us/facts-and-figures/,About Us - Facts and Figures - School of Medicine and Public Health,annual_report,med.wisc.edu,official_school_domain,1.00,fetched,no_relevant_stats_found,,official published school profile,official_published_value,,,,,,,,2026-06-08,,needs_review,No class-profile MCAT/GPA values found.
md_university_of_wisconsin_school_of_medicine_and_public_health_madison_wisconsin,University of Wisconsin School of Medicine and Public Health,MD,https://www.med.wisc.edu/education/md-program/admissions/entering-class-profile/,MD Admissions - Entering MD Class Statistics - School of Medicine and Public Health,class_profile,med.wisc.edu,official_school_domain,1.00,fetched,accepted,2025,accepted students,official_published_mean,511,average,3.78,average,,"g Class of 2025 7744 Total applications 592 Total interviews 171 Admitted Students Wisconsin residents: 132 Out-of-state: 39* 3.78 Average cumulative GPA Average science GPA: 3.70 511 Average MCAT 21-40 Age range *Consistent with our mission and the Wisconsin Idea , we focus on training physicians to serve the health needs of Wisconsin. Most Common Undergrad Majors Biology s Community Service Programs What Students Say Entering Class of 2025 7744 Total applications 592 Total interviews 171 Admitted Students Wisconsin residents: 132 Out-of-state: 39* 3.78 Average cumulative GPA Average science GPA: 3.70 511 Average MCAT 21-40 Age range *Consistent with our mission and the Wisconsin Idea , we ",,2026-06-08,md_official_public_source,approved_official_extraction,Official-domain MCAT/GPA values found in class-profile context.
md_university_of_wisconsin_school_of_medicine_and_public_health_madison_wisconsin,University of Wisconsin School of Medicine and Public Health,MD,https://www.med.wisc.edu/news/warm-rural-medicine-program-2018-entering-class/,Wisconsin Academy for Rural Medicine welcomes new students - School of Medicine and Public Health,annual_report,med.wisc.edu,official_school_domain,1.00,fetched,no_relevant_stats_found,,official published school profile,official_published_value,,,,,,,,2026-06-08,,needs_review,No class-profile MCAT/GPA values found.
md_university_of_wisconsin_school_of_medicine_and_public_health_madison_wisconsin,University of Wisconsin School of Medicine and Public Health,MD,https://www.med.wisc.edu/research/facts-and-figures/,Research - Research Facts and Figures - School of Medicine and Public Health,annual_report,med.wisc.edu,official_school_domain,1.00,fetched,no_relevant_stats_found,,official published school profile,official_published_value,,,,,,,,2026-06-08,,needs_review,No class-profile MCAT/GPA values found.
md_vanderbilt_university_school_of_medicine_nashville_tennessee,Vanderbilt University School of Medicine,MD,https://medschool.vanderbilt.edu/2022/06/30/meet-the-vanderbilt-mstp-incoming-class-of-2022/,Meet the Vanderbilt MSTP Incoming Class of 2022! | School of Medicine | Vanderbilt University,school_homepage,medschool.vanderbilt.edu,official_school_domain,1.00,fetched,no_relevant_stats_found,2022,official published school profile,official_published_value,,,,,,,,2026-06-08,,needs_review,No class-profile MCAT/GPA values found.
md_vanderbilt_university_school_of_medicine_nashville_tennessee,Vanderbilt University School of Medicine,MD,https://medschool.vanderbilt.edu/md-admissions/,Vanderbilt University School of Medicine,admissions_page,medschool.vanderbilt.edu,official_school_domain,1.00,fetch_skipped_needs_stats_path,fetch_skipped_needs_stats_path,,,,,,,,,,,2026-06-09,,needs_review,"Official domain seed needs a class profile, annual report, fact book, or admissions statistics path before fetching."
md_virginia_commonwealth_university_school_of_medicine_richmond_virginia,Virginia Commonwealth University School of Medicine,MD,http://www.medschool.vcu.edu/about/annual-reports/,Annual Reports - VCU School of Medicine,annual_report,medschool.vcu.edu,official_school_domain,1.00,fetched,no_relevant_stats_found,,official published school profile,official_published_value,,,,,,,,2026-06-08,,needs_review,No class-profile MCAT/GPA values found.
md_virginia_commonwealth_university_school_of_medicine_richmond_virginia,Virginia Commonwealth University School of Medicine,MD,http://www.medschool.vcu.edu/admissions/md/,Virginia Commonwealth University School of Medicine,admissions_page,medschool.vcu.edu,official_school_domain,1.00,fetch_skipped_needs_stats_path,fetch_skipped_needs_stats_path,,,,,,,,,,,2026-06-09,,needs_review,"Official domain seed needs a class profile, annual report, fact book, or admissions statistics path before fetching."
md_virginia_commonwealth_university_school_of_medicine_richmond_virginia,Virginia Commonwealth University School of Medicine,MD,https://medschool.vcu.edu/about/annual-reports/,Annual Reports - VCU School of Medicine,annual_report,medschool.vcu.edu,official_school_domain,1.00,fetched,no_relevant_stats_found,,official published school profile,official_published_value,,,,,,,,2026-06-08,,needs_review,No class-profile MCAT/GPA values found.
md_virginia_tech_carilion_school_of_medicine_roanoke_virginia,Virginia Tech Carilion School of Medicine,MD,https://medicine.vtc.vt.edu/admissions/class-statistics.html,Class Statistics | Virginia Tech Carilion School of Medicine | Virginia Tech,annual_report,medicine.vtc.vt.edu,official_school_domain,1.00,fetched,accepted,2029,matriculated students,official_published_mean,512,average,3.67,average,,"VTC Sitemap Class Statistics Class of 2029 AMCAS Applications: 6,371 Interviews Conducted: 303 Matriculants: 56 States Represented: 20 Average Age: 25 Undergrad GPAs: Average 3.67 MCAT Scores: Average 512 No. with Graduate Degrees: 11 Class of 2028 AMCAS Applications: 5,737 Interviews Conducted: 283 Matriculants: 51 States Represented: 16 Average Age: 25 Undergrad GPAs: Average 3.6 g News Events Jobs VTC Sitemap Class Statistics Class of 2029 AMCAS Applications: 6,371 Interviews Conducted: 303 Matriculants: 56 States Represented: 20 Average Age: 25 Undergrad GPAs: Average 3.67 MCAT Scores: Average 512 No. with Graduate Degrees: 11 Class of 2028 AMCAS Applications: 5,737 Interviews Conducted:",,2026-06-08,md_official_public_source,approved_official_extraction,Official-domain MCAT/GPA values found in class-profile context. Selected latest shared cohort year 2029.
md_wake_forest_university_school_of_medicine_winston_salem_north_carolina,Wake Forest University School of Medicine,MD,https://school.wakehealth.edu/Education-and-Training/MD-Program/Current-Class-Profile,MD Program Class Profile | Wake Forest University School of Medicine,class_profile,school.wakehealth.edu,official_school_domain,1.00,fetched,accepted,,matriculated students,official_published_mean,511,average,3.83,average,,"25 Applicants 12,139 12,066 11,066 10,868 Interviewed 498 500 492 460 New Matriculants North Carolina Out of State 145 47 98 145 56 89 145 48 97 145 43 102 Average Age 24 24 24 24 Average MCAT 511 512 511 512 Average GPA 3.83 3.80 3.76 3.67 Skip Sub Navigation MD Program Admissions Personnel MD Program Strategic Plan Prospective Students Contact Us Programs of Distinction M 1,066 10,868 Interviewed 498 500 492 460 New Matriculants North Carolina Out of State 145 47 98 145 56 89 145 48 97 145 43 102 Average Age 24 24 24 24 Average MCAT 511 512 511 512 Average GPA 3.83 3.80 3.76 3.67 Skip Sub Navigation MD Program Admissions Personnel MD Program Strategic Plan Prospective Students Contact Us P",,2026-06-08,md_official_public_source,approved_official_extraction,Official-domain MCAT/GPA values found in class-profile context.
md_wayne_state_university_school_of_medicine_detroit_michigan,Wayne State University School of Medicine,MD,http://admissions.med.wayne.edu/,Wayne State University School of Medicine,admissions_page,admissions.med.wayne.edu,official_school_domain,1.00,fetch_skipped_needs_stats_path,fetch_skipped_needs_stats_path,,,,,,,,,,,2026-06-09,,needs_review,"Official domain seed needs a class profile, annual report, fact book, or admissions statistics path before fetching."
md_west_virginia_university_school_of_medicine_morgantown_west_virginia,West Virginia University School of Medicine,MD,http://medicine.hsc.wvu.edu/md-admissions/,West Virginia University School of Medicine,admissions_page,medicine.hsc.wvu.edu,official_school_domain,1.00,fetch_skipped_needs_stats_path,fetch_skipped_needs_stats_path,,,,,,,,,,,2026-06-09,,needs_review,"Official domain seed needs a class profile, annual report, fact book, or admissions statistics path before fetching."
md_west_virginia_university_school_of_medicine_morgantown_west_virginia,West Virginia University School of Medicine,MD,http://medicine.hsc.wvu.edu/md-admissions/2029-class-profile/,2029 Class Profile | School of Medicine | West Virginia University West Virginia University,class_profile,medicine.hsc.wvu.edu,official_school_domain,1.00,fetched,needs_review_partial_stats,2029,official published school profile,official_published_mean,511,average,,,,: 543 Class Profile Class Size: 115 WV Residents: 47% OOS Residents: 53% Male: 57% Female: 43% Metrics Average BCPM GPA: 3.80 Average Postbac BCPM: 3.86 Average Masters BCPM: 3.89 Average MCAT Total: 511 Chemical and Physical Foundations of Biological Systems: 128 Critical Analysis and Reasoning Skills: 127 Biological and Biochemical Foundations of Living Systems: 128 Psychologica,,2026-06-09,,needs_review,Only one MCAT/GPA value was extracted or source is below official-domain threshold.
md_yale_school_of_medicine_new_haven_connecticut,Yale School of Medicine,MD,http://medicine.yale.edu/education/admissions/,Yale School of Medicine,admissions_page,medicine.yale.edu,official_school_domain,1.00,fetch_skipped_needs_stats_path,fetch_skipped_needs_stats_path,,,,,,,,,,,2026-06-09,,needs_review,"Official domain seed needs a class profile, annual report, fact book, or admissions statistics path before fetching."
md_yale_school_of_medicine_new_haven_connecticut,Yale School of Medicine,MD,https://medicine.yale.edu/about/history-facts-and-figures/,YSM Facts & Figures | Yale School of Medicine,annual_report,medicine.yale.edu,official_school_domain,1.00,fetched,accepted,2028,official published school profile,official_published_median,521,median,3.94,median,,"file Applicants 5,669 Class size 104 Female students 54 Male students 50 Acceptance rate 4.9% URiM * 28% First Generation 9.6 % Financial Assistance 72% Median cumulative GPA 3.94 MCAT median 521 MCAT median of sections 130 Faculty-to-student ratio 4.4 to 1 *Students who identify as underrepresented in medicine. Finances Cost Type $72,290 2024-25 tuition $91,965 2024 avera Program - Class of 2028 Profile Applicants 5,669 Class size 104 Female students 54 Male students 50 Acceptance rate 4.9% URiM * 28% First Generation 9.6 % Financial Assistance 72% Median cumulative GPA 3.94 MCAT median 521 MCAT median of sections 130 Faculty-to-student ratio 4.4 to 1 *Students who identify as underrepresen",,2026-06-08,md_official_public_source,approved_official_extraction,Official-domain MCAT/GPA values found in class-profile context.
md_yale_school_of_medicine_new_haven_connecticut,Yale School of Medicine,MD,https://medicine.yale.edu/education/paonline/current-students/class-profile/,Class Profile – Class of 2026 | Physician Assistant Online Program,class_profile,medicine.yale.edu,official_school_domain,1.00,fetched,no_relevant_stats_found,2026,official published school profile,official_published_value,,,,,,,,2026-06-08,,needs_review,No class-profile MCAT/GPA values found.
md_yale_school_of_medicine_new_haven_connecticut,Yale School of Medicine,MD,https://medicine.yale.edu/internal-medicine/about/annual-report/,Internal Medicine Year-in-Review | Internal Medicine,annual_report,medicine.yale.edu,official_school_domain,1.00,fetched,no_relevant_stats_found,,official published school profile,official_published_value,,,,,,,,2026-06-08,,needs_review,No class-profile MCAT/GPA values found.
md_yale_school_of_medicine_new_haven_connecticut,Yale School of Medicine,MD,https://medicine.yale.edu/internal-medicine/about/annual-report/issue/,Sitemap stats-like URL,annual_report,medicine.yale.edu,official_school_domain,1.00,fetch_failed_http_404,fetch_failed_http_404,,,,,,,,,,,2026-06-08,,needs_review,HTTP Error 404: Not Found
md_yale_school_of_medicine_new_haven_connecticut,Yale School of Medicine,MD,https://medicine.yale.edu/internal-medicine/geriatrics/patient-and-caregiver-resources/retirement/financial-and-legal-facts-and-figures/,Financial and Legal Facts & Figures | Geriatrics,annual_report,medicine.yale.edu,official_school_domain,1.00,fetched,no_relevant_stats_found,,official published school profile,official_published_value,,,,,,,,2026-06-08,,needs_review,No class-profile MCAT/GPA values found.
md_yale_school_of_medicine_new_haven_connecticut,Yale School of Medicine,MD,https://medicine.yale.edu/keck/nida/general/factsheet/,Yale/NIDA Neuroproteomics Center Fact Sheet | Yale/NIDA Neuroproteomics Center,school_homepage,medicine.yale.edu,official_school_domain,1.00,fetched,no_relevant_stats_found,,official published school profile,official_published_value,,,,,,,,2026-06-08,,needs_review,No class-profile MCAT/GPA values found.
md_yale_school_of_medicine_new_haven_connecticut,Yale School of Medicine,MD,https://medicine.yale.edu/md-program/admissions/how-to-apply/,Letter requirement URL from normalized source table,admissions_page,medicine.yale.edu,official_school_domain,1.00,fetch_skipped_needs_stats_path,fetch_skipped_needs_stats_path,,,,,,,,,,,2026-06-09,,needs_review,"Official domain seed needs a class profile, annual report, fact book, or admissions statistics path before fetching."
md_yale_school_of_medicine_new_haven_connecticut,Yale School of Medicine,MD,https://medicine.yale.edu/neurology/about/annual-reports/,Annual Reports | Neurology,annual_report,medicine.yale.edu,official_school_domain,1.00,fetched,no_relevant_stats_found,,official published school profile,official_published_value,,,,,,,,2026-06-08,,needs_review,No class-profile MCAT/GPA values found.
md_yale_school_of_medicine_new_haven_connecticut,Yale School of Medicine,MD,https://medicine.yale.edu/news-article/2021-2022-annual-report-clinical-affairs/,Clinical Affairs | Yale School of Medicine,annual_report,medicine.yale.edu,official_school_domain,1.00,fetched,no_relevant_stats_found,,official published school profile,official_published_value,,,,,,,,2026-06-08,,needs_review,No class-profile MCAT/GPA values found.
md_yale_school_of_medicine_new_haven_connecticut,Yale School of Medicine,MD,https://medicine.yale.edu/news-article/2021-2022-annual-report-department-vital-stats/,Department Vital Stats | Yale School of Medicine,annual_report,medicine.yale.edu,official_school_domain,1.00,fetched,no_relevant_stats_found,,official published school profile,official_published_value,,,,,,,,2026-06-08,,needs_review,No class-profile MCAT/GPA values found.
md_yale_school_of_medicine_new_haven_connecticut,Yale School of Medicine,MD,https://medicine.yale.edu/news-article/department-of-neurology-annual-report-2020-2022/,Department of Neurology Annual Report 2020-2022 | Yale School of Medicine,annual_report,medicine.yale.edu,official_school_domain,1.00,fetched,no_relevant_stats_found,,official published school profile,official_published_value,,,,,,,,2026-06-08,,needs_review,No class-profile MCAT/GPA values found.
md_yale_school_of_medicine_new_haven_connecticut,Yale School of Medicine,MD,https://medicine.yale.edu/news-article/smilow-cancer-hospital-breast-surgeon-explains-the-facts-on-male-breast-cancer/,Smilow Cancer Hospital Breast Surgeon Explains the Facts on Male Breast Cancer | Yale School of Medicine,annual_report,medicine.yale.edu,official_school_domain,1.00,fetched,no_relevant_stats_found,,official published school profile,official_published_value,,,,,,,,2026-06-08,,needs_review,No class-profile MCAT/GPA values found.
md_yale_school_of_medicine_new_haven_connecticut,Yale School of Medicine,MD,https://medicine.yale.edu/news-article/student-profile-haley-allcroft-mph-23/,"Student Profile: Haley Allcroft, M.P.H. ’23 (Chronic Disease Epidemiology) | Yale School of Medicine",class_profile,medicine.yale.edu,official_school_domain,1.00,fetched,no_relevant_stats_found,,official published school profile,official_published_value,,,,,,,,2026-06-08,,needs_review,No class-profile MCAT/GPA values found.
md_yale_school_of_medicine_new_haven_connecticut,Yale School of Medicine,MD,https://medicine.yale.edu/news-article/student-profile-kingsley-cruickshank-mph-22/,"Student Profile: Kingsley Cruickshank, M.P.H. ’22 (Advanced Professional Program) | Yale School of Medicine",class_profile,medicine.yale.edu,official_school_domain,1.00,fetched,no_relevant_stats_found,,official published school profile,official_published_value,,,,,,,,2026-06-08,,needs_review,No class-profile MCAT/GPA values found.
md_yale_school_of_medicine_new_haven_connecticut,Yale School of Medicine,MD,https://medicine.yale.edu/news-article/student-profile-megan-pinaire-mph-22/,"Student Profile: Megan Pinaire, M.P.H. ’22 (Biostatistics) | Yale School of Medicine",class_profile,medicine.yale.edu,official_school_domain,1.00,fetched,no_relevant_stats_found,,official published school profile,official_published_value,,,,,,,,2026-06-08,,needs_review,No class-profile MCAT/GPA values found.
md_yale_school_of_medicine_new_haven_connecticut,Yale School of Medicine,MD,https://medicine.yale.edu/news-article/student-profile-phoenix-rongcan-sun-mph-22/,"Student Profile: Phoenix Rongcan Sun, MPH ’22 (Environmental Health Sciences) | Yale School of Medicine",class_profile,medicine.yale.edu,official_school_domain,1.00,fetched,no_relevant_stats_found,,official published school profile,official_published_value,,,,,,,,2026-06-08,,needs_review,No class-profile MCAT/GPA values found.
md_yale_school_of_medicine_new_haven_connecticut,Yale School of Medicine,MD,https://medicine.yale.edu/news-article/student-profile-sunny-sun-mph-23-social-and-behavioral-sciences/,"Student Profile: Sunny Sun, M.P.H. ’23 (Social and Behavioral Sciences) | Yale School of Medicine",class_profile,medicine.yale.edu,official_school_domain,1.00,fetched,no_relevant_stats_found,,official published school profile,official_published_value,,,,,,,,2026-06-08,,needs_review,No class-profile MCAT/GPA values found.
md_yale_school_of_medicine_new_haven_connecticut,Yale School of Medicine,MD,https://medicine.yale.edu/news-article/student-profile-tyler-kellenberger-mph-22/,"Student Profile: Tyler Kellenberger, M.P.H. ’22 (Health Care Management) | Yale School of Medicine",class_profile,medicine.yale.edu,official_school_domain,1.00,fetched,no_relevant_stats_found,,official published school profile,official_published_value,,,,,,,,2026-06-08,,needs_review,No class-profile MCAT/GPA values found.
md_yale_school_of_medicine_new_haven_connecticut,Yale School of Medicine,MD,https://medicine.yale.edu/news-article/student-profile-yicong-liu-mph-22/,"Student Profile: Yicong Liu, M.P.H. ’22 (Epidemiology of Microbial Diseases) | Yale School of Medicine",class_profile,medicine.yale.edu,official_school_domain,1.00,fetched,no_relevant_stats_found,,official published school profile,official_published_value,,,,,,,,2026-06-08,,needs_review,No class-profile MCAT/GPA values found.
md_yale_school_of_medicine_new_haven_connecticut,Yale School of Medicine,MD,https://medicine.yale.edu/pa/admissions/statistics/,Admissions Statistics | Physician Associate Program,admissions_statistics,medicine.yale.edu,official_school_domain,1.00,fetched,rejected_non_md_program_context,2027,matriculated students,official_published_mean,,,3.83,mean,,"ioned in other portions of the website, each application is reviewed and evaluated individually. Metric Measure Total applications 1233 Total interviewed 160 Total matriculants 39 Average overall GPA 3.83 (range 3.41- 4.00) Average overall science GPA 3.78 (range 3.18- 4.0) Mean GRE percentiles Verbal - 78 Quantitative - 64 Analytical - 79 Average healthcare hours 2184 (range 500-4",,2026-06-08,,needs_review,Rejected because the official source appears to describe a non-MD program.
md_yale_school_of_medicine_new_haven_connecticut,Yale School of Medicine,MD,https://medicine.yale.edu/psychiatry/research/clinics-and-programs/tobacco-research/try/quickfacts/,Quick Facts & Resources | Psychiatry,annual_report,medicine.yale.edu,official_school_domain,1.00,fetched,no_relevant_stats_found,,official published school profile,official_published_value,,,,,,,,2026-06-08,,needs_review,No class-profile MCAT/GPA values found.
