school_id,school_name,degree_type,application_unit_type,parent_school_name,campus_name,city,state,state_abbrev,country_or_territory,website,source_name,source_url,source_page_updated,source_last_checked,source_acronym,accreditation_status,next_survey_date,initial_accreditation_year,campus_type_note,application_unit_assumption,active_in_universe,manual_exclusion_flag,exclusion_reason,research_stage,data_confidence,last_verified_date,notes,accepts_oos,accepts_international,accepts_canadian,accepts_daca,median_mcat,median_gpa,mcat_10th_percentile,mcat_90th_percentile,gpa_10th_percentile,gpa_90th_percentile,class_size,in_state_tuition_fees_insurance,out_state_tuition_fees_insurance,estimated_coa_in_state,estimated_coa_out_state,expected_scholarship,average_grad_indebtedness,home_residency_programs_notes,match_list_source_url,curriculum_source_url,tuition_source_url,admissions_source_url,admissions_mcat_fit_score,admissions_gpa_fit_score,admissions_oos_friendliness_score,admissions_mission_fit_score,admissions_research_fit_score,admissions_clinical_fit_score,admissions_probability_override,attendance_prestige_score,attendance_cost_score,attendance_location_score,attendance_match_outcomes_score,attendance_research_score,attendance_culture_score,attendance_curriculum_score,four_year_happiness_score,regret_index_score,national_mobility_score,debt_burden_score,hidden_curriculum_score,residency_goal_alignment_score,specialty_optionality_score,weather_score,social_life_score,dating_score,outdoor_activities_score,airport_access_score,cost_of_living_score,political_cultural_fit_score,family_access_score,Could I realistically see myself living here for 4 years? (1-10),ortho_strength_score,derm_strength_score,ent_strength_score,plastics_strength_score,neurosurgery_strength_score,ophtho_strength_score,academic_im_strength_score,academic_surgery_strength_score,true_pf_preclinical,internal_ranking,aoa_present,mandatory_attendance,recorded_lectures,avg_weekly_required_hours,wellness_reputation_score
do_vcom_auburn_campus_edward_via_college_of_osteopathic_medicine_auburn_alabama,Edward Via College of Osteopathic Medicine,DO,DO school/site,Edward Via College of Osteopathic Medicine,VCOM-Auburn Campus,Auburn,Alabama,AL,USA,http://www.vcom.edu/auburn,AOA Osteopathic Medical Schools Directory,https://osteopathic.org/about/affiliated-organizations/osteopathic-medical-schools/,2026-05-29,2026-06-05,VCOM-Auburn Campus,COCA-accredited directory listing,,,AOA/COCA directory site row; parent program shown separately.,Verify exact AACOMAS campus/application behavior before applying; keep separate because location may change fit and cost.,TRUE,FALSE,,unresearched,School/site identity and location source-verified from AOA directory map; scoring fields intentionally blank.,,,,,,,,,,,,,,,,,,,,,,,,,,,,,,,,,,,,,,,,,,,,,,,,,,,,,,,,,,,,,,,,,,,,,
do_acom_alabama_college_of_osteopathic_medicine_dothan_alabama,Alabama College of Osteopathic Medicine,DO,DO school/site,Alabama College of Osteopathic Medicine,ACOM,Dothan,Alabama,AL,USA,https://www.acom.edu/,AOA Osteopathic Medical Schools Directory,https://osteopathic.org/about/affiliated-organizations/osteopathic-medical-schools/,2026-05-29,2026-06-05,ACOM,COCA-accredited directory listing,,,AOA/COCA directory school/site row,Verify exact AACOMAS campus/application behavior before applying; keep separate because location may change fit and cost.,TRUE,FALSE,,unresearched,School/site identity and location source-verified from AOA directory map; scoring fields intentionally blank.,,,,,,,,,,,,,,,,,,,,,,,,,,,,,,,,,,,,,,,,,,,,,,,,,,,,,,,,,,,,,,,,,,,,,
do_mwu_azcom_midwestern_university_arizona_college_of_osteopathic_medicine_glendale,Midwestern University Arizona College of Osteopathic Medicine,DO,DO school/site,Midwestern University Arizona College of Osteopathic Medicine,MWU/AZCOM,Glendale,Arizona,AZ,USA,https://www.midwestern.edu/#,AOA Osteopathic Medical Schools Directory,https://osteopathic.org/about/affiliated-organizations/osteopathic-medical-schools/,2026-05-29,2026-06-05,MWU/AZCOM,COCA-accredited directory listing,,,AOA/COCA directory school/site row,Verify exact AACOMAS campus/application behavior before applying; keep separate because location may change fit and cost.,TRUE,FALSE,,unresearched,School/site identity and location source-verified from AOA directory map; scoring fields intentionally blank.,,,,,,,,,,,,,,,,,,,,,,,,,,,,,,,,,,,,,,,,,,,,,,,,,,,,,,,,,,,,,,,,,,,,,
do_atsu_soma_a_t_still_university_school_of_osteopathic_medicine_in_arizona_mesa_ar,"A.T. Still University, School of Osteopathic Medicine in Arizona",DO,DO school/site,"A.T. Still University, School of Osteopathic Medicine in Arizona",ATSU-SOMA,Mesa,Arizona,AZ,USA,https://www.atsu.edu/school-of-osteopathic-medicine-arizona/,AOA Osteopathic Medical Schools Directory,https://osteopathic.org/about/affiliated-organizations/osteopathic-medical-schools/,2026-05-29,2026-06-05,ATSU-SOMA,COCA-accredited directory listing,,,AOA/COCA directory school/site row,Verify exact AACOMAS campus/application behavior before applying; keep separate because location may change fit and cost.,TRUE,FALSE,,unresearched,School/site identity and location source-verified from AOA directory map; scoring fields intentionally blank.,,,,,,,,,,,,,,,,,,,,,,,,,,,,,,,,,,,,,,,,,,,,,,,,,,,,,,,,,,,,,,,,,,,,,
do_tvcom_the_valley_college_of_osteopathic_medicine_phoenix_arizona,The Valley College of Osteopathic Medicine,DO,DO school/site,The Valley College of Osteopathic Medicine,TVCOM,Phoenix,Arizona,AZ,USA,https://thevalleycom.org/,AOA Osteopathic Medical Schools Directory,https://osteopathic.org/about/affiliated-organizations/osteopathic-medical-schools/,2026-05-29,2026-06-05,TVCOM,COCA-accredited directory listing,,,AOA/COCA directory school/site row,Verify exact AACOMAS campus/application behavior before applying; keep separate because location may change fit and cost.,TRUE,FALSE,,unresearched,School/site identity and location source-verified from AOA directory map; scoring fields intentionally blank.,,,,,,,,,,,,,,,,,,,,,,,,,,,,,,,,,,,,,,,,,,,,,,,,,,,,,,,,,,,,,,,,,,,,,
do_arcom_arkansas_college_of_osteopathic_medicine_fort_smith_arkansas,Arkansas College of Osteopathic Medicine,DO,DO school/site,Arkansas College of Osteopathic Medicine,ARCOM,Fort Smith,Arkansas,AR,USA,http://arcomedu.org/,AOA Osteopathic Medical Schools Directory,https://osteopathic.org/about/affiliated-organizations/osteopathic-medical-schools/,2026-05-29,2026-06-05,ARCOM,COCA-accredited directory listing,,,AOA/COCA directory school/site row,Verify exact AACOMAS campus/application behavior before applying; keep separate because location may change fit and cost.,TRUE,FALSE,,unresearched,School/site identity and location source-verified from AOA directory map; scoring fields intentionally blank.,,,,,,,,,,,,,,,,,,,,,,,,,,,,,,,,,,,,,,,,,,,,,,,,,,,,,,,,,,,,,,,,,,,,,
do_nyitcom_jonesboro_new_york_institute_of_technology_college_of_osteopathic_medici,New York Institute of Technology College of Osteopathic Medicine at Arkansas State,DO,DO school/site,New York Institute of Technology College of Osteopathic Medicine,NYITCOM-Jonesboro,Jonesboro,Arkansas,AR,USA,https://www.nyit.edu/arkansas,AOA Osteopathic Medical Schools Directory,https://osteopathic.org/about/affiliated-organizations/osteopathic-medical-schools/,2026-05-29,2026-06-05,NYITCOM-Jonesboro,COCA-accredited directory listing,,,AOA/COCA directory site row; parent program shown separately.,Verify exact AACOMAS campus/application behavior before applying; keep separate because location may change fit and cost.,TRUE,FALSE,,unresearched,School/site identity and location source-verified from AOA directory map; scoring fields intentionally blank.,,,,,,,,,,,,,,,,,,,,,,,,,,,,,,,,,,,,,,,,,,,,,,,,,,,,,,,,,,,,,,,,,,,,,
do_chsu_com_california_health_sciences_university_college_of_osteopathic_medicine_c,California Health Sciences University College of Osteopathic Medicine,DO,DO school/site,California Health Sciences University College of Osteopathic Medicine,CHSU-COM,Clovis,California,CA,USA,https://osteopathic.chsu.edu/,AOA Osteopathic Medical Schools Directory,https://osteopathic.org/about/affiliated-organizations/osteopathic-medical-schools/,2026-05-29,2026-06-05,CHSU-COM,COCA-accredited directory listing,,,AOA/COCA directory school/site row,Verify exact AACOMAS campus/application behavior before applying; keep separate because location may change fit and cost.,TRUE,FALSE,,unresearched,School/site identity and location source-verified from AOA directory map; scoring fields intentionally blank.,,,,,,,,,,,,,,,,,,,,,,,,,,,,,,,,,,,,,,,,,,,,,,,,,,,,,,,,,,,,,,,,,,,,,
do_westernu_comp_western_university_of_health_sciences_college_of_osteopathic_medic,Western University of Health Sciences College of Osteopathic Medicine of the Pacific,DO,DO school/site,Western University of Health Sciences College of Osteopathic Medicine of the Pacific,WesternU/COMP,Pomona,California,CA,USA,http://www.westernu.edu/osteopathic/,AOA Osteopathic Medical Schools Directory,https://osteopathic.org/about/affiliated-organizations/osteopathic-medical-schools/,2026-05-29,2026-06-05,WesternU/COMP,COCA-accredited directory listing,,,AOA/COCA directory school/site row,Verify exact AACOMAS campus/application behavior before applying; keep separate because location may change fit and cost.,TRUE,FALSE,,unresearched,School/site identity and location source-verified from AOA directory map; scoring fields intentionally blank.,,,,,,,,,,,,,,,,,,,,,,,,,,,,,,,,,,,,,,,,,,,,,,,,,,,,,,,,,,,,,,,,,,,,,
do_tucom_touro_university_college_of_osteopathic_medicine_california_vallejo_califo,Touro University College of Osteopathic Medicine-California,DO,DO school/site,Touro University College of Osteopathic Medicine-California,TUCOM,Vallejo,California,CA,USA,http://www.tu.edu/,AOA Osteopathic Medical Schools Directory,https://osteopathic.org/about/affiliated-organizations/osteopathic-medical-schools/,2026-05-29,2026-06-05,TUCOM,COCA-accredited directory listing,,,AOA/COCA directory school/site row,Verify exact AACOMAS campus/application behavior before applying; keep separate because location may change fit and cost.,TRUE,FALSE,,unresearched,School/site identity and location source-verified from AOA directory map; scoring fields intentionally blank.,,,,,,,,,,,,,,,,,,,,,,,,,,,,,,,,,,,,,,,,,,,,,,,,,,,,,,,,,,,,,,,,,,,,,
do_unc_com_university_of_northern_colorado_college_of_osteopathic_medicine_greely_c,University of Northern Colorado College of Osteopathic Medicine,DO,DO school/site,University of Northern Colorado College of Osteopathic Medicine,UNC-COM,Greely,Colorado,CO,USA,https://www.unco.edu/osteopathic-medicine/,AOA Osteopathic Medical Schools Directory,https://osteopathic.org/about/affiliated-organizations/osteopathic-medical-schools/,2026-05-29,2026-06-05,UNC-COM,COCA-accredited directory listing,,,AOA/COCA directory school/site row,Verify exact AACOMAS campus/application behavior before applying; keep separate because location may change fit and cost.,TRUE,FALSE,,unresearched,School/site identity and location source-verified from AOA directory map; scoring fields intentionally blank.,,,,,,,,,,,,,,,,,,,,,,,,,,,,,,,,,,,,,,,,,,,,,,,,,,,,,,,,,,,,,,,,,,,,,
do_rvucom_rocky_vista_university_college_of_osteopathic_medicine_parker_colorado,Rocky Vista University College of Osteopathic Medicine,DO,DO school/site,Rocky Vista University College of Osteopathic Medicine,RVUCOM,Parker,Colorado,CO,USA,http://www.rvu.edu/,AOA Osteopathic Medical Schools Directory,https://osteopathic.org/about/affiliated-organizations/osteopathic-medical-schools/,2026-05-29,2026-06-05,RVUCOM,COCA-accredited directory listing,,,AOA/COCA directory school/site row,Verify exact AACOMAS campus/application behavior before applying; keep separate because location may change fit and cost.,TRUE,FALSE,,unresearched,School/site identity and location source-verified from AOA directory map; scoring fields intentionally blank.,,,,,,,,,,,,,,,,,,,,,,,,,,,,,,,,,,,,,,,,,,,,,,,,,,,,,,,,,,,,,,,,,,,,,
do_lecom_bradenton_lake_erie_college_of_osteopathic_medicine_bradenton_bradenton_fl,Lake Erie College of Osteopathic Medicine – Bradenton,DO,DO school/site,Lake Erie College of Osteopathic Medicine,LECOM-Bradenton,Bradenton,Florida,FL,USA,https://lecom.edu/academics/the-college-of-medicine/,AOA Osteopathic Medical Schools Directory,https://osteopathic.org/about/affiliated-organizations/osteopathic-medical-schools/,2026-05-29,2026-06-05,LECOM-Bradenton,COCA-accredited directory listing,,,AOA/COCA directory site row; parent program shown separately.,Verify exact AACOMAS campus/application behavior before applying; keep separate because location may change fit and cost.,TRUE,FALSE,,unresearched,School/site identity and location source-verified from AOA directory map; scoring fields intentionally blank.,,,,,,,,,,,,,,,,,,,,,,,,,,,,,,,,,,,,,,,,,,,,,,,,,,,,,,,,,,,,,,,,,,,,,
do_ocom_orlando_college_of_osteopathic_medicine_celebration_florida,Orlando College of Osteopathic Medicine,DO,DO school/site,Orlando College of Osteopathic Medicine,OCOM,Celebration,Florida,FL,USA,https://ocom.org/,AOA Osteopathic Medical Schools Directory,https://osteopathic.org/about/affiliated-organizations/osteopathic-medical-schools/,2026-05-29,2026-06-05,OCOM,COCA-accredited directory listing,,,AOA/COCA directory school/site row,Verify exact AACOMAS campus/application behavior before applying; keep separate because location may change fit and cost.,TRUE,FALSE,,unresearched,School/site identity and location source-verified from AOA directory map; scoring fields intentionally blank.,,,,,,,,,,,,,,,,,,,,,,,,,,,,,,,,,,,,,,,,,,,,,,,,,,,,,,,,,,,,,,,,,,,,,
do_nsu_kpcom_clearwater_nova_southeastern_university_dr_kiran_c_patel_college_of_os,Nova Southeastern University – Dr. Kiran C. Patel College of Osteopathic Medicine,DO,DO school/site,Nova Southeastern University Dr. Kiran C. Patel College of Osteopathic Medicine,NSU-KPCOM-Clearwater,Clearwater,Florida,FL,USA,https://osteopathic.nova.edu/,AOA Osteopathic Medical Schools Directory,https://osteopathic.org/about/affiliated-organizations/osteopathic-medical-schools/,2026-05-29,2026-06-05,NSU-KPCOM-Clearwater,COCA-accredited directory listing,,,AOA/COCA directory site row; parent program shown separately.,Verify exact AACOMAS campus/application behavior before applying; keep separate because location may change fit and cost.,TRUE,FALSE,,unresearched,School/site identity and location source-verified from AOA directory map; scoring fields intentionally blank.,,,,,,,,,,,,,,,,,,,,,,,,,,,,,,,,,,,,,,,,,,,,,,,,,,,,,,,,,,,,,,,,,,,,,
do_nsu_kpcom_nova_southeastern_university_dr_kiran_c_patel_college_of_osteopathic_m,Nova Southeastern University – Dr. Kiran C. Patel College of Osteopathic Medicine,DO,DO school/site,Nova Southeastern University – Dr. Kiran C. Patel College of Osteopathic Medicine,NSU-KPCOM,Fort Lauderdale,Florida,FL,USA,https://osteopathic.nova.edu/,AOA Osteopathic Medical Schools Directory,https://osteopathic.org/about/affiliated-organizations/osteopathic-medical-schools/,2026-05-29,2026-06-05,NSU-KPCOM,COCA-accredited directory listing,,,AOA/COCA directory school/site row,Verify exact AACOMAS campus/application behavior before applying; keep separate because location may change fit and cost.,TRUE,FALSE,,unresearched,School/site identity and location source-verified from AOA directory map; scoring fields intentionally blank.,,,,,,,,,,,,,,,,,,,,,,,,,,,,,,,,,,,,,,,,,,,,,,,,,,,,,,,,,,,,,,,,,,,,,
do_lecom_jacksonville_lake_erie_college_of_osteopathic_medicine_jacksonville_jackso,Lake Erie College of Osteopathic Medicine – Jacksonville,DO,DO school/site,Lake Erie College of Osteopathic Medicine,LECOM-Jacksonville,Jacksonville,Florida,FL,USA,https://lecom.edu/college-of-osteopathic-medicine/jacksonville-fl/,AOA Osteopathic Medical Schools Directory,https://osteopathic.org/about/affiliated-organizations/osteopathic-medical-schools/,2026-05-29,2026-06-05,LECOM-Jacksonville,COCA-accredited directory listing,,,AOA/COCA directory site row; parent program shown separately.,Verify exact AACOMAS campus/application behavior before applying; keep separate because location may change fit and cost.,TRUE,FALSE,,unresearched,School/site identity and location source-verified from AOA directory map; scoring fields intentionally blank.,,,,,,,,,,,,,,,,,,,,,,,,,,,,,,,,,,,,,,,,,,,,,,,,,,,,,,,,,,,,,,,,,,,,,
do_bcsom_fl_burrell_college_school_of_osteopathic_medicine_florida_melbourne_florid,"Burrell College School of Osteopathic Medicine, Florida",DO,DO school/site,Burrell College School of Osteopathic Medicine,BCSOM-FL,Melbourne,Florida,FL,USA,https://www.burrel.edu/,AOA Osteopathic Medical Schools Directory,https://osteopathic.org/about/affiliated-organizations/osteopathic-medical-schools/,2026-05-29,2026-06-05,BCSOM-FL,COCA-accredited directory listing,,,AOA/COCA directory site row; parent program shown separately.,Verify exact AACOMAS campus/application behavior before applying; keep separate because location may change fit and cost.,TRUE,FALSE,,unresearched,School/site identity and location source-verified from AOA directory map; scoring fields intentionally blank.,,,,,,,,,,,,,,,,,,,,,,,,,,,,,,,,,,,,,,,,,,,,,,,,,,,,,,,,,,,,,,,,,,,,,
do_lmu_dcom_orange_park_lincoln_memorial_university_debusk_college_of_osteopathic_m,Lincoln Memorial University-DeBusk College of Osteopathic Medicine – Orange Park,DO,DO school/site,Lincoln Memorial University-DeBusk College of Osteopathic Medicine,LMU-DCOM – Orange Park,Orange Park,Florida,FL,USA,https://www.lmunet.edu/debusk-college-of-osteopathic-medicine/do/dcom-in-orange-park/,AOA Osteopathic Medical Schools Directory,https://osteopathic.org/about/affiliated-organizations/osteopathic-medical-schools/,2026-05-29,2026-06-05,LMU-DCOM – Orange Park,COCA-accredited directory listing,,,AOA/COCA directory site row; parent program shown separately.,Verify exact AACOMAS campus/application behavior before applying; keep separate because location may change fit and cost.,TRUE,FALSE,,unresearched,School/site identity and location source-verified from AOA directory map; scoring fields intentionally blank.,,,,,,,,,,,,,,,,,,,,,,,,,,,,,,,,,,,,,,,,,,,,,,,,,,,,,,,,,,,,,,,,,,,,,
do_pcom_south_georgia_philadelphia_college_of_osteopathic_medicine_south_georgia_mo,Philadelphia College of Osteopathic Medicine South Georgia,DO,DO school/site,Philadelphia College of Osteopathic Medicine,PCOM South Georgia,Moultrie,Georgia,GA,USA,https://www.pcom.edu/south-georgia/,AOA Osteopathic Medical Schools Directory,https://osteopathic.org/about/affiliated-organizations/osteopathic-medical-schools/,2026-05-29,2026-06-05,PCOM South Georgia,COCA-accredited directory listing,,,AOA/COCA directory site row; parent program shown separately.,Verify exact AACOMAS campus/application behavior before applying; keep separate because location may change fit and cost.,TRUE,FALSE,,unresearched,School/site identity and location source-verified from AOA directory map; scoring fields intentionally blank.,,,,,,,,,,,,,,,,,,,,,,,,,,,,,,,,,,,,,,,,,,,,,,,,,,,,,,,,,,,,,,,,,,,,,
do_pcom_georgia_philadelphia_college_of_osteopathic_medicine_georgia_suwanee_georgi,Philadelphia College of Osteopathic Medicine Georgia,DO,DO school/site,Philadelphia College of Osteopathic Medicine,PCOM Georgia,Suwanee,Georgia,GA,USA,https://www.pcom.edu/campuses/georgia-campus/,AOA Osteopathic Medical Schools Directory,https://osteopathic.org/about/affiliated-organizations/osteopathic-medical-schools/,2026-05-29,2026-06-05,PCOM Georgia,COCA-accredited directory listing,,,AOA/COCA directory site row; parent program shown separately.,Verify exact AACOMAS campus/application behavior before applying; keep separate because location may change fit and cost.,TRUE,FALSE,,unresearched,School/site identity and location source-verified from AOA directory map; scoring fields intentionally blank.,,,,,,,,,,,,,,,,,,,,,,,,,,,,,,,,,,,,,,,,,,,,,,,,,,,,,,,,,,,,,,,,,,,,,
do_icom_idaho_college_of_osteopathic_medicine_meridian_idaho,Idaho College of Osteopathic Medicine,DO,DO school/site,Idaho College of Osteopathic Medicine,ICOM,Meridian,Idaho,ID,USA,http://www.idahocom.org/,AOA Osteopathic Medical Schools Directory,https://osteopathic.org/about/affiliated-organizations/osteopathic-medical-schools/,2026-05-29,2026-06-05,ICOM,COCA-accredited directory listing,,,AOA/COCA directory school/site row,Verify exact AACOMAS campus/application behavior before applying; keep separate because location may change fit and cost.,TRUE,FALSE,,unresearched,School/site identity and location source-verified from AOA directory map; scoring fields intentionally blank.,,,,,,,,,,,,,,,,,,,,,,,,,,,,,,,,,,,,,,,,,,,,,,,,,,,,,,,,,,,,,,,,,,,,,
do_illinoiscom_illinois_college_of_osteopathic_medicine_chicago_illinois,Illinois College of Osteopathic Medicine,DO,DO school/site,Illinois College of Osteopathic Medicine,IllinoisCOM,Chicago,Illinois,IL,USA,https://www.thechicagoschool.edu/academics/colleges/illinoiscom/,AOA Osteopathic Medical Schools Directory,https://osteopathic.org/about/affiliated-organizations/osteopathic-medical-schools/,2026-05-29,2026-06-05,IllinoisCOM,COCA-accredited directory listing,,,AOA/COCA directory school/site row,Verify exact AACOMAS campus/application behavior before applying; keep separate because location may change fit and cost.,TRUE,FALSE,,unresearched,School/site identity and location source-verified from AOA directory map; scoring fields intentionally blank.,,,,,,,,,,,,,,,,,,,,,,,,,,,,,,,,,,,,,,,,,,,,,,,,,,,,,,,,,,,,,,,,,,,,,
do_mwu_ccom_midwestern_university_chicago_college_of_osteopathic_medicine_downers_g,Midwestern University Chicago College of Osteopathic Medicine,DO,DO school/site,Midwestern University Chicago College of Osteopathic Medicine,MWU/CCOM,Downers Grove,Illinois,IL,USA,https://www.midwestern.edu/programs_and_admission/il_osteopathic_medicine.html,AOA Osteopathic Medical Schools Directory,https://osteopathic.org/about/affiliated-organizations/osteopathic-medical-schools/,2026-05-29,2026-06-05,MWU/CCOM,COCA-accredited directory listing,,,AOA/COCA directory school/site row,Verify exact AACOMAS campus/application behavior before applying; keep separate because location may change fit and cost.,TRUE,FALSE,,unresearched,School/site identity and location source-verified from AOA directory map; scoring fields intentionally blank.,,,,,,,,,,,,,,,,,,,,,,,,,,,,,,,,,,,,,,,,,,,,,,,,,,,,,,,,,,,,,,,,,,,,,
do_mu_wcom_marian_university_tom_and_julie_wood_college_of_osteopathic_medicine_ind,Marian University Tom and Julie Wood College of Osteopathic Medicine,DO,DO school/site,Marian University Tom and Julie Wood College of Osteopathic Medicine,MU-WCOM,Indianapolis,Indiana,IN,USA,http://www.marian.edu/osteopathic-medical-school,AOA Osteopathic Medical Schools Directory,https://osteopathic.org/about/affiliated-organizations/osteopathic-medical-schools/,2026-05-29,2026-06-05,MU-WCOM,COCA-accredited directory listing,,,AOA/COCA directory school/site row,Verify exact AACOMAS campus/application behavior before applying; keep separate because location may change fit and cost.,TRUE,FALSE,,unresearched,School/site identity and location source-verified from AOA directory map; scoring fields intentionally blank.,,,,,,,,,,,,,,,,,,,,,,,,,,,,,,,,,,,,,,,,,,,,,,,,,,,,,,,,,,,,,,,,,,,,,
do_dmu_com_des_moines_university_college_of_osteopathic_medicine_west_des_moines_io,Des Moines University College of Osteopathic Medicine,DO,DO school/site,Des Moines University College of Osteopathic Medicine,DMU-COM,West Des Moines,Iowa,IA,USA,https://www.dmu.edu/com/,AOA Osteopathic Medical Schools Directory,https://osteopathic.org/about/affiliated-organizations/osteopathic-medical-schools/,2026-05-29,2026-06-05,DMU-COM,COCA-accredited directory listing,,,AOA/COCA directory school/site row,Verify exact AACOMAS campus/application behavior before applying; keep separate because location may change fit and cost.,TRUE,FALSE,,unresearched,School/site identity and location source-verified from AOA directory map; scoring fields intentionally blank.,,,,,,,,,,,,,,,,,,,,,,,,,,,,,,,,,,,,,,,,,,,,,,,,,,,,,,,,,,,,,,,,,,,,,
do_kansascom_kansas_health_sciences_center_kansas_college_of_osteopathic_medicine_w,Kansas Health Sciences Center Kansas College of Osteopathic Medicine,DO,DO school/site,Kansas Health Sciences Center Kansas College of Osteopathic Medicine,KansasCOM,Wichita,Kansas,KS,USA,https://kansascom.kansashsc.org/,AOA Osteopathic Medical Schools Directory,https://osteopathic.org/about/affiliated-organizations/osteopathic-medical-schools/,2026-05-29,2026-06-05,KansasCOM,COCA-accredited directory listing,,,AOA/COCA directory school/site row,Verify exact AACOMAS campus/application behavior before applying; keep separate because location may change fit and cost.,TRUE,FALSE,,unresearched,School/site identity and location source-verified from AOA directory map; scoring fields intentionally blank.,,,,,,,,,,,,,,,,,,,,,,,,,,,,,,,,,,,,,,,,,,,,,,,,,,,,,,,,,,,,,,,,,,,,,
do_up_kycom_university_of_pikeville_kentucky_college_of_osteopathic_medicine_pikevi,University of Pikeville Kentucky College of Osteopathic Medicine,DO,DO school/site,University of Pikeville Kentucky College of Osteopathic Medicine,UP-KYCOM,Pikeville,Kentucky,KY,USA,http://www.upike.edu/KYCOM,AOA Osteopathic Medical Schools Directory,https://osteopathic.org/about/affiliated-organizations/osteopathic-medical-schools/,2026-05-29,2026-06-05,UP-KYCOM,COCA-accredited directory listing,,,AOA/COCA directory school/site row,Verify exact AACOMAS campus/application behavior before applying; keep separate because location may change fit and cost.,TRUE,FALSE,,unresearched,School/site identity and location source-verified from AOA directory map; scoring fields intentionally blank.,,,,,,,,,,,,,,,,,,,,,,,,,,,,,,,,,,,,,,,,,,,,,,,,,,,,,,,,,,,,,,,,,,,,,
do_vcom_louisiana_edward_via_college_of_osteopathic_medicine_louisiana_campus_monro,Edward Via College of Osteopathic Medicine-Louisiana Campus,DO,DO school/site,Edward Via College of Osteopathic Medicine,VCOM-Louisiana,Monroe,Louisiana,LA,USA,http://www.vcom.edu/,AOA Osteopathic Medical Schools Directory,https://osteopathic.org/about/affiliated-organizations/osteopathic-medical-schools/,2026-05-29,2026-06-05,VCOM-Louisiana,COCA-accredited directory listing,,,AOA/COCA directory site row; parent program shown separately.,Verify exact AACOMAS campus/application behavior before applying; keep separate because location may change fit and cost.,TRUE,FALSE,,unresearched,School/site identity and location source-verified from AOA directory map; scoring fields intentionally blank.,,,,,,,,,,,,,,,,,,,,,,,,,,,,,,,,,,,,,,,,,,,,,,,,,,,,,,,,,,,,,,,,,,,,,
do_unecom_university_of_new_england_college_of_osteopathic_medicine_biddeford_maine,University of New England College of Osteopathic Medicine,DO,DO school/site,University of New England College of Osteopathic Medicine,UNECOM,Biddeford,Maine,ME,USA,http://www.une.edu/com,AOA Osteopathic Medical Schools Directory,https://osteopathic.org/about/affiliated-organizations/osteopathic-medical-schools/,2026-05-29,2026-06-05,UNECOM,COCA-accredited directory listing,,,AOA/COCA directory school/site row,Verify exact AACOMAS campus/application behavior before applying; keep separate because location may change fit and cost.,TRUE,FALSE,,unresearched,School/site identity and location source-verified from AOA directory map; scoring fields intentionally blank.,,,,,,,,,,,,,,,,,,,,,,,,,,,,,,,,,,,,,,,,,,,,,,,,,,,,,,,,,,,,,,,,,,,,,
do_msom_meritus_school_of_osteopathic_medicine_hagerstown_maryland,Meritus School of Osteopathic Medicine,DO,DO school/site,Meritus School of Osteopathic Medicine,MSOM,Hagerstown,Maryland,MD,USA,https://msom.org/,AOA Osteopathic Medical Schools Directory,https://osteopathic.org/about/affiliated-organizations/osteopathic-medical-schools/,2026-05-29,2026-06-05,MSOM,COCA-accredited directory listing,,,AOA/COCA directory school/site row,Verify exact AACOMAS campus/application behavior before applying; keep separate because location may change fit and cost.,TRUE,FALSE,,unresearched,School/site identity and location source-verified from AOA directory map; scoring fields intentionally blank.,,,,,,,,,,,,,,,,,,,,,,,,,,,,,,,,,,,,,,,,,,,,,,,,,,,,,,,,,,,,,,,,,,,,,
do_msucom_dmc_michigan_state_university_college_of_osteopathic_medicine_detroit_mic,Michigan State University College of Osteopathic Medicine,DO,DO school/site,Michigan State University College of Osteopathic Medicine,MSUCOM-DMC,Detroit,Michigan,MI,USA,http://www.com.msu.edu/Students/Resources/DMC.htm,AOA Osteopathic Medical Schools Directory,https://osteopathic.org/about/affiliated-organizations/osteopathic-medical-schools/,2026-05-29,2026-06-05,MSUCOM-DMC,COCA-accredited directory listing,,,AOA/COCA directory site row; parent program shown separately.,Verify exact AACOMAS campus/application behavior before applying; keep separate because location may change fit and cost.,TRUE,FALSE,,unresearched,School/site identity and location source-verified from AOA directory map; scoring fields intentionally blank.,,,,,,,,,,,,,,,,,,,,,,,,,,,,,,,,,,,,,,,,,,,,,,,,,,,,,,,,,,,,,,,,,,,,,
do_msucom_michigan_state_university_college_of_osteopathic_medicine_east_lansing_mi,Michigan State University College of Osteopathic Medicine,DO,DO school/site,Michigan State University College of Osteopathic Medicine,MSUCOM,East Lansing,Michigan,MI,USA,http://www.com.msu.edu/,AOA Osteopathic Medical Schools Directory,https://osteopathic.org/about/affiliated-organizations/osteopathic-medical-schools/,2026-05-29,2026-06-05,MSUCOM,COCA-accredited directory listing,,,AOA/COCA directory school/site row,Verify exact AACOMAS campus/application behavior before applying; keep separate because location may change fit and cost.,TRUE,FALSE,,unresearched,School/site identity and location source-verified from AOA directory map; scoring fields intentionally blank.,,,,,,,,,,,,,,,,,,,,,,,,,,,,,,,,,,,,,,,,,,,,,,,,,,,,,,,,,,,,,,,,,,,,,
do_msucom_muc_michigan_state_university_college_of_osteopathic_medicine_macomb_mich,Michigan State University College of Osteopathic Medicine,DO,DO school/site,Michigan State University College of Osteopathic Medicine,MSUCOM-MUC,Macomb,Michigan,MI,USA,http://www.com.msu.edu/Students/Resources/Macomb.htm,AOA Osteopathic Medical Schools Directory,https://osteopathic.org/about/affiliated-organizations/osteopathic-medical-schools/,2026-05-29,2026-06-05,MSUCOM-MUC,COCA-accredited directory listing,,,AOA/COCA directory site row; parent program shown separately.,Verify exact AACOMAS campus/application behavior before applying; keep separate because location may change fit and cost.,TRUE,FALSE,,unresearched,School/site identity and location source-verified from AOA directory map; scoring fields intentionally blank.,,,,,,,,,,,,,,,,,,,,,,,,,,,,,,,,,,,,,,,,,,,,,,,,,,,,,,,,,,,,,,,,,,,,,
do_wcucom_william_carey_university_college_of_osteopathic_medicine_hattiesburg_miss,William Carey University College of Osteopathic Medicine,DO,DO school/site,William Carey University College of Osteopathic Medicine,WCUCOM,Hattiesburg,Mississippi,MS,USA,https://www.wmcarey.edu/College/Osteopathic-Medicine,AOA Osteopathic Medical Schools Directory,https://osteopathic.org/about/affiliated-organizations/osteopathic-medical-schools/,2026-05-29,2026-06-05,WCUCOM,COCA-accredited directory listing,,,AOA/COCA directory school/site row,Verify exact AACOMAS campus/application behavior before applying; keep separate because location may change fit and cost.,TRUE,FALSE,,unresearched,School/site identity and location source-verified from AOA directory map; scoring fields intentionally blank.,,,,,,,,,,,,,,,,,,,,,,,,,,,,,,,,,,,,,,,,,,,,,,,,,,,,,,,,,,,,,,,,,,,,,
do_kcu_com_joplin_kansas_city_university_of_medicine_and_biosciences_college_of_ost,Kansas City University of Medicine and Biosciences College of Osteopathic Medicine,DO,DO school/site,Kansas City University College of Osteopathic Medicine,KCU-COM-Joplin,Joplin,Missouri,MO,USA,http://www.kcumb.edu/about-kcu/joplin,AOA Osteopathic Medical Schools Directory,https://osteopathic.org/about/affiliated-organizations/osteopathic-medical-schools/,2026-05-29,2026-06-05,KCU-COM-Joplin,COCA-accredited directory listing,,,AOA/COCA directory site row; parent program shown separately.,Verify exact AACOMAS campus/application behavior before applying; keep separate because location may change fit and cost.,TRUE,FALSE,,unresearched,School/site identity and location source-verified from AOA directory map; scoring fields intentionally blank.,,,,,,,,,,,,,,,,,,,,,,,,,,,,,,,,,,,,,,,,,,,,,,,,,,,,,,,,,,,,,,,,,,,,,
do_kcu_com_kansas_city_university_of_medicine_and_biosciences_college_of_osteopathi,Kansas City University of Medicine and Biosciences College of Osteopathic Medicine,DO,DO school/site,Kansas City University of Medicine and Biosciences College of Osteopathic Medicine,KCU-COM,Kansas City,Missouri,MO,USA,https://www.kcumb.edu/,AOA Osteopathic Medical Schools Directory,https://osteopathic.org/about/affiliated-organizations/osteopathic-medical-schools/,2026-05-29,2026-06-05,KCU-COM,COCA-accredited directory listing,,,AOA/COCA directory school/site row,Verify exact AACOMAS campus/application behavior before applying; keep separate because location may change fit and cost.,TRUE,FALSE,,unresearched,School/site identity and location source-verified from AOA directory map; scoring fields intentionally blank.,,,,,,,,,,,,,,,,,,,,,,,,,,,,,,,,,,,,,,,,,,,,,,,,,,,,,,,,,,,,,,,,,,,,,
do_atsu_kcom_a_t_still_university_kirksville_college_of_osteopathic_medicine_kirksv,A.T. Still University – Kirksville College of Osteopathic Medicine,DO,DO school/site,A.T. Still University – Kirksville College of Osteopathic Medicine,ATSU-KCOM,Kirksville,Missouri,MO,USA,https://www.atsu.edu/kcom/,AOA Osteopathic Medical Schools Directory,https://osteopathic.org/about/affiliated-organizations/osteopathic-medical-schools/,2026-05-29,2026-06-05,ATSU-KCOM,COCA-accredited directory listing,,,AOA/COCA directory school/site row,Verify exact AACOMAS campus/application behavior before applying; keep separate because location may change fit and cost.,TRUE,FALSE,,unresearched,School/site identity and location source-verified from AOA directory map; scoring fields intentionally blank.,,,,,,,,,,,,,,,,,,,,,,,,,,,,,,,,,,,,,,,,,,,,,,,,,,,,,,,,,,,,,,,,,,,,,
do_rvu_mcom_rocky_vista_university_montana_college_of_osteopathic_medicine_billings,Rocky Vista University – Montana College of Osteopathic Medicine,DO,DO school/site,Rocky Vista University College of Osteopathic Medicine,RVU-MCOM,Billings,Montana,MT,USA,https://www.rvu.edu/mcom/,AOA Osteopathic Medical Schools Directory,https://osteopathic.org/about/affiliated-organizations/osteopathic-medical-schools/,2026-05-29,2026-06-05,RVU-MCOM,COCA-accredited directory listing,,,AOA/COCA directory site row; parent program shown separately.,Verify exact AACOMAS campus/application behavior before applying; keep separate because location may change fit and cost.,TRUE,FALSE,,unresearched,School/site identity and location source-verified from AOA directory map; scoring fields intentionally blank.,,,,,,,,,,,,,,,,,,,,,,,,,,,,,,,,,,,,,,,,,,,,,,,,,,,,,,,,,,,,,,,,,,,,,
do_tourocom_great_falls_touro_college_of_osteopathic_medicine_great_falls_great_fal,Touro College of Osteopathic Medicine – Great Falls,DO,DO school/site,Touro College of Osteopathic Medicine,TouroCOM-Great Falls,Great Falls,Montana,MT,USA,https://tourocom.touro.edu/,AOA Osteopathic Medical Schools Directory,https://osteopathic.org/about/affiliated-organizations/osteopathic-medical-schools/,2026-05-29,2026-06-05,TouroCOM-Great Falls,COCA-accredited directory listing,,,AOA/COCA directory site row; parent program shown separately.,Verify exact AACOMAS campus/application behavior before applying; keep separate because location may change fit and cost.,TRUE,FALSE,,unresearched,School/site identity and location source-verified from AOA directory map; scoring fields intentionally blank.,,,,,,,,,,,,,,,,,,,,,,,,,,,,,,,,,,,,,,,,,,,,,,,,,,,,,,,,,,,,,,,,,,,,,
do_tuncom_touro_university_nevada_college_of_osteopathic_medicine_henderson_nevada,Touro University Nevada College of Osteopathic Medicine,DO,DO school/site,Touro University College of Osteopathic Medicine-California,TUNCOM,Henderson,Nevada,NV,USA,https://tun.touro.edu/,AOA Osteopathic Medical Schools Directory,https://osteopathic.org/about/affiliated-organizations/osteopathic-medical-schools/,2026-05-29,2026-06-05,TUNCOM,COCA-accredited directory listing,,,AOA directory identifies this as a branch campus of TUCOM.,Verify exact AACOMAS campus/application behavior before applying; keep separate because location may change fit and cost.,TRUE,FALSE,,unresearched,School/site identity and location source-verified from AOA directory map; scoring fields intentionally blank.,,,,,,,,,,,,,,,,,,,,,,,,,,,,,,,,,,,,,,,,,,,,,,,,,,,,,,,,,,,,,,,,,,,,,
do_rowan_virtuasom_sewell_rowan_virtua_school_of_osteopathic_medicine_sewell_new_je,Rowan-Virtua School of Osteopathic Medicine,DO,DO school/site,Rowan-Virtua School of Osteopathic Medicine,Rowan-VirtuaSOM-Sewell,Sewell,New Jersey,NJ,USA,https://som.rowan.edu/oursom/campus/sewell/,AOA Osteopathic Medical Schools Directory,https://osteopathic.org/about/affiliated-organizations/osteopathic-medical-schools/,2026-05-29,2026-06-05,Rowan-VirtuaSOM-Sewell,COCA-accredited directory listing,,,AOA/COCA directory site row; parent program shown separately.,Verify exact AACOMAS campus/application behavior before applying; keep separate because location may change fit and cost.,TRUE,FALSE,,unresearched,School/site identity and location source-verified from AOA directory map; scoring fields intentionally blank.,,,,,,,,,,,,,,,,,,,,,,,,,,,,,,,,,,,,,,,,,,,,,,,,,,,,,,,,,,,,,,,,,,,,,
do_rowan_virtuasom_rowan_virtua_school_of_osteopathic_medicine_stratford_new_jersey,Rowan-Virtua School of Osteopathic Medicine,DO,DO school/site,Rowan-Virtua School of Osteopathic Medicine,Rowan-VirtuaSOM,Stratford,New Jersey,NJ,USA,https://www.rowan.edu/som/,AOA Osteopathic Medical Schools Directory,https://osteopathic.org/about/affiliated-organizations/osteopathic-medical-schools/,2026-05-29,2026-06-05,Rowan-VirtuaSOM,COCA-accredited directory listing,,,AOA/COCA directory school/site row,Verify exact AACOMAS campus/application behavior before applying; keep separate because location may change fit and cost.,TRUE,FALSE,,unresearched,School/site identity and location source-verified from AOA directory map; scoring fields intentionally blank.,,,,,,,,,,,,,,,,,,,,,,,,,,,,,,,,,,,,,,,,,,,,,,,,,,,,,,,,,,,,,,,,,,,,,
do_bcsom_burrell_college_school_of_osteopathic_medicine_las_cruces_new_mexico,Burrell College School of Osteopathic Medicine,DO,DO school/site,Burrell College School of Osteopathic Medicine,BCSOM,Las Cruces,New Mexico,NM,USA,https://www.burrel.edu/,AOA Osteopathic Medical Schools Directory,https://osteopathic.org/about/affiliated-organizations/osteopathic-medical-schools/,2026-05-29,2026-06-05,BCSOM,COCA-accredited directory listing,,,AOA/COCA directory school/site row,Verify exact AACOMAS campus/application behavior before applying; keep separate because location may change fit and cost.,TRUE,FALSE,,unresearched,School/site identity and location source-verified from AOA directory map; scoring fields intentionally blank.,,,,,,,,,,,,,,,,,,,,,,,,,,,,,,,,,,,,,,,,,,,,,,,,,,,,,,,,,,,,,,,,,,,,,
do_dyu_com_d_youville_university_college_of_osteopathic_medicine_buffalo_new_york,D’Youville University College of Osteopathic Medicine,DO,DO school/site,D’Youville University College of Osteopathic Medicine,DYU-COM,Buffalo,New York,NY,USA,https://www.dyu.edu/medicine,AOA Osteopathic Medical Schools Directory,https://osteopathic.org/about/affiliated-organizations/osteopathic-medical-schools/,2026-05-29,2026-06-05,DYU-COM,COCA-accredited directory listing,,,AOA/COCA directory school/site row,Verify exact AACOMAS campus/application behavior before applying; keep separate because location may change fit and cost.,TRUE,FALSE,,unresearched,School/site identity and location source-verified from AOA directory map; scoring fields intentionally blank.,,,,,,,,,,,,,,,,,,,,,,,,,,,,,,,,,,,,,,,,,,,,,,,,,,,,,,,,,,,,,,,,,,,,,
do_lecom_elmira_lake_erie_college_of_osteopathic_medicine_elmira_elmira_new_york,Lake Erie College of Osteopathic Medicine – Elmira,DO,DO school/site,Lake Erie College of Osteopathic Medicine,LECOM-Elmira,Elmira,New York,NY,USA,https://lecom.edu/academics/the-college-of-medicine/,AOA Osteopathic Medical Schools Directory,https://osteopathic.org/about/affiliated-organizations/osteopathic-medical-schools/,2026-05-29,2026-06-05,LECOM-Elmira,COCA-accredited directory listing,,,AOA/COCA directory site row; parent program shown separately.,Verify exact AACOMAS campus/application behavior before applying; keep separate because location may change fit and cost.,TRUE,FALSE,,unresearched,School/site identity and location source-verified from AOA directory map; scoring fields intentionally blank.,,,,,,,,,,,,,,,,,,,,,,,,,,,,,,,,,,,,,,,,,,,,,,,,,,,,,,,,,,,,,,,,,,,,,
do_tourocom_middletown_touro_college_of_osteopathic_medicine_middletown_new_york,Touro College of Osteopathic Medicine,DO,DO school/site,Touro College of Osteopathic Medicine,TouroCOM-Middletown,Middletown,New York,NY,USA,http://tourocom.touro.edu/about-us/our-facilities/middletown-campus/,AOA Osteopathic Medical Schools Directory,https://osteopathic.org/about/affiliated-organizations/osteopathic-medical-schools/,2026-05-29,2026-06-05,TouroCOM-Middletown,COCA-accredited directory listing,,,AOA/COCA directory site row; parent program shown separately.,Verify exact AACOMAS campus/application behavior before applying; keep separate because location may change fit and cost.,TRUE,FALSE,,unresearched,School/site identity and location source-verified from AOA directory map; scoring fields intentionally blank.,,,,,,,,,,,,,,,,,,,,,,,,,,,,,,,,,,,,,,,,,,,,,,,,,,,,,,,,,,,,,,,,,,,,,
do_tourocom_harlem_touro_college_of_osteopathic_medicine_new_york_new_york,Touro College of Osteopathic Medicine,DO,DO school/site,Touro College of Osteopathic Medicine,TouroCOM-Harlem,New York,New York,NY,USA,http://tourocom.touro.edu/,AOA Osteopathic Medical Schools Directory,https://osteopathic.org/about/affiliated-organizations/osteopathic-medical-schools/,2026-05-29,2026-06-05,TouroCOM-Harlem,COCA-accredited directory listing,,,AOA/COCA directory school/site row,Verify exact AACOMAS campus/application behavior before applying; keep separate because location may change fit and cost.,TRUE,FALSE,,unresearched,School/site identity and location source-verified from AOA directory map; scoring fields intentionally blank.,,,,,,,,,,,,,,,,,,,,,,,,,,,,,,,,,,,,,,,,,,,,,,,,,,,,,,,,,,,,,,,,,,,,,
do_nyitcom_new_york_institute_of_technology_college_of_osteopathic_medicine_old_wes,New York Institute of Technology College of Osteopathic Medicine,DO,DO school/site,New York Institute of Technology College of Osteopathic Medicine,NYITCOM,Old Westbury,New York,NY,USA,https://www.nyit.edu/medicine,AOA Osteopathic Medical Schools Directory,https://osteopathic.org/about/affiliated-organizations/osteopathic-medical-schools/,2026-05-29,2026-06-05,NYITCOM,COCA-accredited directory listing,,,AOA/COCA directory school/site row,Verify exact AACOMAS campus/application behavior before applying; keep separate because location may change fit and cost.,TRUE,FALSE,,unresearched,School/site identity and location source-verified from AOA directory map; scoring fields intentionally blank.,,,,,,,,,,,,,,,,,,,,,,,,,,,,,,,,,,,,,,,,,,,,,,,,,,,,,,,,,,,,,,,,,,,,,
do_cusom_campbell_university_jerry_m_wallace_school_of_osteopathic_medicine_buies_c,Campbell University Jerry M. Wallace School of Osteopathic Medicine,DO,DO school/site,Campbell University Jerry M. Wallace School of Osteopathic Medicine,CUSOM,Buies Creek,North Carolina,NC,USA,http://www.campbell.edu/cusom/,AOA Osteopathic Medical Schools Directory,https://osteopathic.org/about/affiliated-organizations/osteopathic-medical-schools/,2026-05-29,2026-06-05,CUSOM,COCA-accredited directory listing,,,AOA/COCA directory school/site row,Verify exact AACOMAS campus/application behavior before applying; keep separate because location may change fit and cost.,TRUE,FALSE,,unresearched,School/site identity and location source-verified from AOA directory map; scoring fields intentionally blank.,,,,,,,,,,,,,,,,,,,,,,,,,,,,,,,,,,,,,,,,,,,,,,,,,,,,,,,,,,,,,,,,,,,,,
do_ou_hcom_ohio_university_heritage_college_of_osteopathic_medicine_athens_ohio,Ohio University Heritage College of Osteopathic Medicine,DO,DO school/site,Ohio University Heritage College of Osteopathic Medicine,OU-HCOM,Athens,Ohio,OH,USA,https://www.ohio.edu/medicine/,AOA Osteopathic Medical Schools Directory,https://osteopathic.org/about/affiliated-organizations/osteopathic-medical-schools/,2026-05-29,2026-06-05,OU-HCOM,COCA-accredited directory listing,,,AOA/COCA directory school/site row,Verify exact AACOMAS campus/application behavior before applying; keep separate because location may change fit and cost.,TRUE,FALSE,,unresearched,School/site identity and location source-verified from AOA directory map; scoring fields intentionally blank.,,,,,,,,,,,,,,,,,,,,,,,,,,,,,,,,,,,,,,,,,,,,,,,,,,,,,,,,,,,,,,,,,,,,,
do_ou_hcom_cleveland_ohio_university_heritage_college_of_osteopathic_medicine_cleve,Ohio University Heritage College of Osteopathic Medicine,DO,DO school/site,Ohio University Heritage College of Osteopathic Medicine,OU-HCOM-Cleveland,Cleveland,Ohio,OH,USA,https://www.ohio.edu/medicine/about/campuses/cleveland/index.cfm,AOA Osteopathic Medical Schools Directory,https://osteopathic.org/about/affiliated-organizations/osteopathic-medical-schools/,2026-05-29,2026-06-05,OU-HCOM-Cleveland,COCA-accredited directory listing,,,AOA/COCA directory site row; parent program shown separately.,Verify exact AACOMAS campus/application behavior before applying; keep separate because location may change fit and cost.,TRUE,FALSE,,unresearched,School/site identity and location source-verified from AOA directory map; scoring fields intentionally blank.,,,,,,,,,,,,,,,,,,,,,,,,,,,,,,,,,,,,,,,,,,,,,,,,,,,,,,,,,,,,,,,,,,,,,
do_ou_hcom_dublin_ohio_university_heritage_college_of_osteopathic_medicine_dublin_d,Ohio University Heritage College of Osteopathic Medicine – Dublin,DO,DO school/site,Ohio University Heritage College of Osteopathic Medicine,OU-HCOM-Dublin,Dublin,Ohio,OH,USA,https://www.ohio.edu/medicine/about/campuses/dublin/index.cfm,AOA Osteopathic Medical Schools Directory,https://osteopathic.org/about/affiliated-organizations/osteopathic-medical-schools/,2026-05-29,2026-06-05,OU-HCOM-Dublin,COCA-accredited directory listing,,,AOA/COCA directory site row; parent program shown separately.,Verify exact AACOMAS campus/application behavior before applying; keep separate because location may change fit and cost.,TRUE,FALSE,,unresearched,School/site identity and location source-verified from AOA directory map; scoring fields intentionally blank.,,,,,,,,,,,,,,,,,,,,,,,,,,,,,,,,,,,,,,,,,,,,,,,,,,,,,,,,,,,,,,,,,,,,,
do_osu_com_tahlequah_oklahoma_state_university_center_for_health_sciences_college_o,Oklahoma State University Center for Health Sciences College of Osteopathic Medicine Tahlequah,DO,DO school/site,Oklahoma State University Center for Health Sciences College of Osteopathic Medicine,OSU-COM Tahlequah,Tahlequah,Oklahoma,OK,USA,,AOA Osteopathic Medical Schools Directory,https://osteopathic.org/about/affiliated-organizations/osteopathic-medical-schools/,2026-05-29,2026-06-05,OSU-COM Tahlequah,COCA-accredited directory listing,,,AOA/COCA directory site row; parent program shown separately.,Verify exact AACOMAS campus/application behavior before applying; keep separate because location may change fit and cost.,TRUE,FALSE,,unresearched,School/site identity and location source-verified from AOA directory map; scoring fields intentionally blank.,,,,,,,,,,,,,,,,,,,,,,,,,,,,,,,,,,,,,,,,,,,,,,,,,,,,,,,,,,,,,,,,,,,,,
do_osu_com_oklahoma_state_university_center_for_health_sciences_college_of_osteopat,Oklahoma State University Center for Health Sciences College of Osteopathic Medicine,DO,DO school/site,Oklahoma State University Center for Health Sciences College of Osteopathic Medicine,OSU-COM,Tulsa,Oklahoma,OK,USA,https://health.okstate.edu/,AOA Osteopathic Medical Schools Directory,https://osteopathic.org/about/affiliated-organizations/osteopathic-medical-schools/,2026-05-29,2026-06-05,OSU-COM,COCA-accredited directory listing,,,AOA/COCA directory school/site row,Verify exact AACOMAS campus/application behavior before applying; keep separate because location may change fit and cost.,TRUE,FALSE,,unresearched,School/site identity and location source-verified from AOA directory map; scoring fields intentionally blank.,,,,,,,,,,,,,,,,,,,,,,,,,,,,,,,,,,,,,,,,,,,,,,,,,,,,,,,,,,,,,,,,,,,,,
do_westernu_comp_northwest_western_university_of_health_sciences_college_of_osteopa,Western University of Health Sciences College of Osteopathic Medicine of the Pacific-Northwest,DO,DO school/site,Western University of Health Sciences College of Osteopathic Medicine of the Pacific,WesternU/COMP-Northwest,Lebanon,Oregon,OR,USA,http://www.westernu.edu/northwest/,AOA Osteopathic Medical Schools Directory,https://osteopathic.org/about/affiliated-organizations/osteopathic-medical-schools/,2026-05-29,2026-06-05,WesternU/COMP-Northwest,COCA-accredited directory listing,,,AOA/COCA directory site row; parent program shown separately.,Verify exact AACOMAS campus/application behavior before applying; keep separate because location may change fit and cost.,TRUE,FALSE,,unresearched,School/site identity and location source-verified from AOA directory map; scoring fields intentionally blank.,,,,,,,,,,,,,,,,,,,,,,,,,,,,,,,,,,,,,,,,,,,,,,,,,,,,,,,,,,,,,,,,,,,,,
do_lecom_lake_erie_college_of_osteopathic_medicine_erie_erie_pennsylvania,Lake Erie College of Osteopathic Medicine – Erie,DO,DO school/site,Lake Erie College of Osteopathic Medicine – Erie,LECOM,Erie,Pennsylvania,PA,USA,https://lecom.edu/academics/the-college-of-medicine/,AOA Osteopathic Medical Schools Directory,https://osteopathic.org/about/affiliated-organizations/osteopathic-medical-schools/,2026-05-29,2026-06-05,LECOM,COCA-accredited directory listing,,,AOA/COCA directory school/site row,Verify exact AACOMAS campus/application behavior before applying; keep separate because location may change fit and cost.,TRUE,FALSE,,unresearched,School/site identity and location source-verified from AOA directory map; scoring fields intentionally blank.,,,,,,,,,,,,,,,,,,,,,,,,,,,,,,,,,,,,,,,,,,,,,,,,,,,,,,,,,,,,,,,,,,,,,
do_lecom_seton_hill_lake_erie_college_of_osteopathic_medicine_seton_hill_greensburg,Lake Erie College of Osteopathic Medicine – Seton Hill,DO,DO school/site,Lake Erie College of Osteopathic Medicine,LECOM-Seton Hill,Greensburg,Pennsylvania,PA,USA,https://lecom.edu/academics/the-college-of-medicine/,AOA Osteopathic Medical Schools Directory,https://osteopathic.org/about/affiliated-organizations/osteopathic-medical-schools/,2026-05-29,2026-06-05,LECOM-Seton Hill,COCA-accredited directory listing,,,AOA/COCA directory site row; parent program shown separately.,Verify exact AACOMAS campus/application behavior before applying; keep separate because location may change fit and cost.,TRUE,FALSE,,unresearched,School/site identity and location source-verified from AOA directory map; scoring fields intentionally blank.,,,,,,,,,,,,,,,,,,,,,,,,,,,,,,,,,,,,,,,,,,,,,,,,,,,,,,,,,,,,,,,,,,,,,
do_iupcom_indiana_university_of_pennsylvania_college_of_osteopathic_medicine_indian,Indiana University of Pennsylvania College of Osteopathic Medicine,DO,DO school/site,Indiana University of Pennsylvania College of Osteopathic Medicine,IUPCOM,Indiana,Pennsylvania,PA,USA,https://www.iup.edu/academics/find-your-degree/programs/com/doctor-of-osteopathic-medicine.html,AOA Osteopathic Medical Schools Directory,https://osteopathic.org/about/affiliated-organizations/osteopathic-medical-schools/,2026-05-29,2026-06-05,IUPCOM,COCA-accredited directory listing,,,AOA/COCA directory school/site row,Verify exact AACOMAS campus/application behavior before applying; keep separate because location may change fit and cost.,TRUE,FALSE,,unresearched,School/site identity and location source-verified from AOA directory map; scoring fields intentionally blank.,,,,,,,,,,,,,,,,,,,,,,,,,,,,,,,,,,,,,,,,,,,,,,,,,,,,,,,,,,,,,,,,,,,,,
do_pcom_philadelphia_college_of_osteopathic_medicine_philadelphia_pennsylvania,Philadelphia College of Osteopathic Medicine,DO,DO school/site,Philadelphia College of Osteopathic Medicine,PCOM,Philadelphia,Pennsylvania,PA,USA,https://www.pcom.edu/,AOA Osteopathic Medical Schools Directory,https://osteopathic.org/about/affiliated-organizations/osteopathic-medical-schools/,2026-05-29,2026-06-05,PCOM,COCA-accredited directory listing,,,AOA/COCA directory school/site row,Verify exact AACOMAS campus/application behavior before applying; keep separate because location may change fit and cost.,TRUE,FALSE,,unresearched,School/site identity and location source-verified from AOA directory map; scoring fields intentionally blank.,,,,,,,,,,,,,,,,,,,,,,,,,,,,,,,,,,,,,,,,,,,,,,,,,,,,,,,,,,,,,,,,,,,,,
do_duqcom_duquesne_university_nasuti_college_of_osteopathic_medicine_pittsburgh_pen,Duquesne University Nasuti College of Osteopathic Medicine,DO,DO school/site,Duquesne University Nasuti College of Osteopathic Medicine,DUQCOM,Pittsburgh,Pennsylvania,PA,USA,https://www.dmu.edu/com/,AOA Osteopathic Medical Schools Directory,https://osteopathic.org/about/affiliated-organizations/osteopathic-medical-schools/,2026-05-29,2026-06-05,DUQCOM,COCA-accredited directory listing,,,AOA/COCA directory school/site row,Verify exact AACOMAS campus/application behavior before applying; keep separate because location may change fit and cost.,TRUE,FALSE,,unresearched,School/site identity and location source-verified from AOA directory map; scoring fields intentionally blank.,,,,,,,,,,,,,,,,,,,,,,,,,,,,,,,,,,,,,,,,,,,,,,,,,,,,,,,,,,,,,,,,,,,,,
do_vcom_carolinas_edward_via_college_of_osteopathic_medicine_spartanburg_south_caro,Edward Via College of Osteopathic Medicine,DO,DO school/site,Edward Via College of Osteopathic Medicine,VCOM-Carolinas,Spartanburg,South Carolina,SC,USA,http://www.vcom.edu/,AOA Osteopathic Medical Schools Directory,https://osteopathic.org/about/affiliated-organizations/osteopathic-medical-schools/,2026-05-29,2026-06-05,VCOM-Carolinas,COCA-accredited directory listing,,,AOA/COCA directory site row; parent program shown separately.,Verify exact AACOMAS campus/application behavior before applying; keep separate because location may change fit and cost.,TRUE,FALSE,,unresearched,School/site identity and location source-verified from AOA directory map; scoring fields intentionally blank.,,,,,,,,,,,,,,,,,,,,,,,,,,,,,,,,,,,,,,,,,,,,,,,,,,,,,,,,,,,,,,,,,,,,,
do_lmu_dcom_lincoln_memorial_university_debusk_college_of_osteopathic_medicine_harr,Lincoln Memorial University-DeBusk College of Osteopathic Medicine,DO,DO school/site,Lincoln Memorial University-DeBusk College of Osteopathic Medicine,LMU-DCOM,Harrogate,Tennessee,TN,USA,https://www.lmunet.edu/academics/schools/debusk-college-of-osteopathic-medicine,AOA Osteopathic Medical Schools Directory,https://osteopathic.org/about/affiliated-organizations/osteopathic-medical-schools/,2026-05-29,2026-06-05,LMU-DCOM,COCA-accredited directory listing,,,AOA/COCA directory school/site row,Verify exact AACOMAS campus/application behavior before applying; keep separate because location may change fit and cost.,TRUE,FALSE,,unresearched,School/site identity and location source-verified from AOA directory map; scoring fields intentionally blank.,,,,,,,,,,,,,,,,,,,,,,,,,,,,,,,,,,,,,,,,,,,,,,,,,,,,,,,,,,,,,,,,,,,,,
do_lmu_dcom_knoxville_lincoln_memorial_university_debusk_college_of_osteopathic_med,Lincoln Memorial University-DeBusk College of Osteopathic Medicine – Knoxville,DO,DO school/site,Lincoln Memorial University-DeBusk College of Osteopathic Medicine,LMU-DCOM Knoxville,Knoxville,Tennessee,TN,USA,https://www.lmunet.edu/academics/schools/debusk-college-of-osteopathic-medicine,AOA Osteopathic Medical Schools Directory,https://osteopathic.org/about/affiliated-organizations/osteopathic-medical-schools/,2026-05-29,2026-06-05,LMU-DCOM Knoxville,COCA-accredited directory listing,,,AOA/COCA directory site row; parent program shown separately.,Verify exact AACOMAS campus/application behavior before applying; keep separate because location may change fit and cost.,TRUE,FALSE,,unresearched,School/site identity and location source-verified from AOA directory map; scoring fields intentionally blank.,,,,,,,,,,,,,,,,,,,,,,,,,,,,,,,,,,,,,,,,,,,,,,,,,,,,,,,,,,,,,,,,,,,,,
do_bucom_baptist_health_sciences_university_college_of_osteopathic_medicine_memphis,Baptist Health Sciences University College of Osteopathic Medicine,DO,DO school/site,Baptist Health Sciences University College of Osteopathic Medicine,BUCOM,Memphis,Tennessee,TN,USA,https://www.baptistu.edu/,AOA Osteopathic Medical Schools Directory,https://osteopathic.org/about/affiliated-organizations/osteopathic-medical-schools/,2026-05-29,2026-06-05,BUCOM,COCA-accredited directory listing,,,AOA/COCA directory school/site row,Verify exact AACOMAS campus/application behavior before applying; keep separate because location may change fit and cost.,TRUE,FALSE,,unresearched,School/site identity and location source-verified from AOA directory map; scoring fields intentionally blank.,,,,,,,,,,,,,,,,,,,,,,,,,,,,,,,,,,,,,,,,,,,,,,,,,,,,,,,,,,,,,,,,,,,,,
do_unthsc_tcom_university_of_north_texas_health_science_center_texas_college_of_ost,University of North Texas Health Science Center Texas College of Osteopathic Medicine,DO,DO school/site,University of North Texas Health Science Center Texas College of Osteopathic Medicine,UNTHSC/TCOM,Fort Worth,Texas,TX,USA,https://www.unthsc.edu/texas-college-of-osteopathic-medicine/,AOA Osteopathic Medical Schools Directory,https://osteopathic.org/about/affiliated-organizations/osteopathic-medical-schools/,2026-05-29,2026-06-05,UNTHSC/TCOM,COCA-accredited directory listing,,,AOA/COCA directory school/site row,Verify exact AACOMAS campus/application behavior before applying; keep separate because location may change fit and cost.,TRUE,FALSE,,unresearched,School/site identity and location source-verified from AOA directory map; scoring fields intentionally blank.,,,,,,,,,,,,,,,,,,,,,,,,,,,,,,,,,,,,,,,,,,,,,,,,,,,,,,,,,,,,,,,,,,,,,
do_shsu_com_sam_houston_state_university_college_of_osteopathic_medicine_huntsville,Sam Houston State University College of Osteopathic Medicine,DO,DO school/site,Sam Houston State University College of Osteopathic Medicine,SHSU-COM,Huntsville,Texas,TX,USA,,AOA Osteopathic Medical Schools Directory,https://osteopathic.org/about/affiliated-organizations/osteopathic-medical-schools/,2026-05-29,2026-06-05,SHSU-COM,COCA-accredited directory listing,,,AOA/COCA directory school/site row,Verify exact AACOMAS campus/application behavior before applying; keep separate because location may change fit and cost.,TRUE,FALSE,,unresearched,School/site identity and location source-verified from AOA directory map; scoring fields intentionally blank.,,,,,,,,,,,,,,,,,,,,,,,,,,,,,,,,,,,,,,,,,,,,,,,,,,,,,,,,,,,,,,,,,,,,,
do_uiwsom_university_of_the_incarnate_word_school_of_osteopathic_medicine_san_anton,University of the Incarnate Word School of Osteopathic Medicine,DO,DO school/site,University of the Incarnate Word School of Osteopathic Medicine,UIWSOM,San Antonio,Texas,TX,USA,http://www.uiw.edu/som/,AOA Osteopathic Medical Schools Directory,https://osteopathic.org/about/affiliated-organizations/osteopathic-medical-schools/,2026-05-29,2026-06-05,UIWSOM,COCA-accredited directory listing,,,AOA/COCA directory school/site row,Verify exact AACOMAS campus/application behavior before applying; keep separate because location may change fit and cost.,TRUE,FALSE,,unresearched,School/site identity and location source-verified from AOA directory map; scoring fields intentionally blank.,,,,,,,,,,,,,,,,,,,,,,,,,,,,,,,,,,,,,,,,,,,,,,,,,,,,,,,,,,,,,,,,,,,,,
do_rvucom_su_campus_rocky_vista_university_college_of_osteopathic_medicine_ivins_ut,Rocky Vista University College of Osteopathic Medicine,DO,DO school/site,Rocky Vista University College of Osteopathic Medicine,RVUCOM-SU Campus,Ivins,Utah,UT,USA,http://www.rvu.edu/,AOA Osteopathic Medical Schools Directory,https://osteopathic.org/about/affiliated-organizations/osteopathic-medical-schools/,2026-05-29,2026-06-05,RVUCOM-SU Campus,COCA-accredited directory listing,,,AOA/COCA directory site row; parent program shown separately.,Verify exact AACOMAS campus/application behavior before applying; keep separate because location may change fit and cost.,TRUE,FALSE,,unresearched,School/site identity and location source-verified from AOA directory map; scoring fields intentionally blank.,,,,,,,,,,,,,,,,,,,,,,,,,,,,,,,,,,,,,,,,,,,,,,,,,,,,,,,,,,,,,,,,,,,,,
do_noordacom_noorda_college_of_osteopathic_medicine_provo_utah,Noorda College of Osteopathic Medicine,DO,DO school/site,Noorda College of Osteopathic Medicine,NoordaCOM,Provo,Utah,UT,USA,https://noordacom.org/,AOA Osteopathic Medical Schools Directory,https://osteopathic.org/about/affiliated-organizations/osteopathic-medical-schools/,2026-05-29,2026-06-05,NoordaCOM,COCA-accredited directory listing,,,AOA/COCA directory school/site row,Verify exact AACOMAS campus/application behavior before applying; keep separate because location may change fit and cost.,TRUE,FALSE,,unresearched,School/site identity and location source-verified from AOA directory map; scoring fields intentionally blank.,,,,,,,,,,,,,,,,,,,,,,,,,,,,,,,,,,,,,,,,,,,,,,,,,,,,,,,,,,,,,,,,,,,,,
do_vcom_virginia_edward_via_college_of_osteopathic_medicine_blacksburg_virginia,Edward Via College of Osteopathic Medicine,DO,DO school/site,Edward Via College of Osteopathic Medicine,VCOM-Virginia,Blacksburg,Virginia,VA,USA,http://www.vcom.edu/,AOA Osteopathic Medical Schools Directory,https://osteopathic.org/about/affiliated-organizations/osteopathic-medical-schools/,2026-05-29,2026-06-05,VCOM-Virginia,COCA-accredited directory listing,,,AOA/COCA directory school/site row,Verify exact AACOMAS campus/application behavior before applying; keep separate because location may change fit and cost.,TRUE,FALSE,,unresearched,School/site identity and location source-verified from AOA directory map; scoring fields intentionally blank.,,,,,,,,,,,,,,,,,,,,,,,,,,,,,,,,,,,,,,,,,,,,,,,,,,,,,,,,,,,,,,,,,,,,,
do_lucom_liberty_university_college_of_osteopathic_medicine_lynchburg_virginia,Liberty University College of Osteopathic Medicine,DO,DO school/site,Liberty University College of Osteopathic Medicine,LUCOM,Lynchburg,Virginia,VA,USA,http://www.liberty.edu/lucom/,AOA Osteopathic Medical Schools Directory,https://osteopathic.org/about/affiliated-organizations/osteopathic-medical-schools/,2026-05-29,2026-06-05,LUCOM,COCA-accredited directory listing,,,AOA/COCA directory school/site row,Verify exact AACOMAS campus/application behavior before applying; keep separate because location may change fit and cost.,TRUE,FALSE,,unresearched,School/site identity and location source-verified from AOA directory map; scoring fields intentionally blank.,,,,,,,,,,,,,,,,,,,,,,,,,,,,,,,,,,,,,,,,,,,,,,,,,,,,,,,,,,,,,,,,,,,,,
do_pnwu_com_pacific_northwest_university_of_health_sciences_college_of_osteopathic_,Pacific Northwest University of Health Sciences College of Osteopathic Medicine,DO,DO school/site,Pacific Northwest University of Health Sciences College of Osteopathic Medicine,PNWU-COM,Yakima,Washington,WA,USA,http://www.pnwu.edu/,AOA Osteopathic Medical Schools Directory,https://osteopathic.org/about/affiliated-organizations/osteopathic-medical-schools/,2026-05-29,2026-06-05,PNWU-COM,COCA-accredited directory listing,,,AOA/COCA directory school/site row,Verify exact AACOMAS campus/application behavior before applying; keep separate because location may change fit and cost.,TRUE,FALSE,,unresearched,School/site identity and location source-verified from AOA directory map; scoring fields intentionally blank.,,,,,,,,,,,,,,,,,,,,,,,,,,,,,,,,,,,,,,,,,,,,,,,,,,,,,,,,,,,,,,,,,,,,,
do_wvsom_west_virginia_school_of_osteopathic_medicine_lewisburg_west_virginia,West Virginia School of Osteopathic Medicine,DO,DO school/site,West Virginia School of Osteopathic Medicine,WVSOM,Lewisburg,West Virginia,WV,USA,https://www.wvsom.edu/home,AOA Osteopathic Medical Schools Directory,https://osteopathic.org/about/affiliated-organizations/osteopathic-medical-schools/,2026-05-29,2026-06-05,WVSOM,COCA-accredited directory listing,,,AOA/COCA directory school/site row,Verify exact AACOMAS campus/application behavior before applying; keep separate because location may change fit and cost.,TRUE,FALSE,,unresearched,School/site identity and location source-verified from AOA directory map; scoring fields intentionally blank.,,,,,,,,,,,,,,,,,,,,,,,,,,,,,,,,,,,,,,,,,,,,,,,,,,,,,,,,,,,,,,,,,,,,,
md_university_of_alabama_at_birmingham_marnix_e_heersink_school_of_medicine_birming,University of Alabama at Birmingham Marnix E. Heersink School of Medicine,MD,MD program,University of Alabama at Birmingham Marnix E. Heersink School of Medicine,Main campus,Birmingham,Alabama,AL,USA,,LCME Accredited Programs,https://lcme.org/directory/accredited-programs/,2026-05-29,2026-06-05,,Full,2029-30,1946,LCME MD accredited program row,Treat as one application unit unless AMCAS or school-specific materials indicate otherwise.,TRUE,FALSE,,unresearched,"School identity, city, state, and accreditation fields source-verified; scoring fields intentionally blank.",,,,,,,,,,,,,,,,,,,,,,,,,,,,,,,,,,,,,,,,,,,,,,,,,,,,,,,,,,,,,,,,,,,,,
md_frederick_p_whiddon_college_of_medicine_at_the_university_of_south_alabama_mobil,Frederick P. Whiddon College of Medicine at the University of South Alabama,MD,MD program,Frederick P. Whiddon College of Medicine at the University of South Alabama,Main campus,Mobile,Alabama,AL,USA,,LCME Accredited Programs,https://lcme.org/directory/accredited-programs/,2026-05-29,2026-06-05,,Full,2026-27,1972,LCME MD accredited program row,Treat as one application unit unless AMCAS or school-specific materials indicate otherwise.,TRUE,FALSE,,unresearched,"School identity, city, state, and accreditation fields source-verified; scoring fields intentionally blank.",,,,,,,,,,,,,,,,,,,,,,,,,,,,,,,,,,,,,,,,,,,,,,,,,,,,,,,,,,,,,,,,,,,,,
md_arizona_state_university_john_shufeldt_school_of_medicine_and_medical_engineerin,Arizona State University John Shufeldt School of Medicine and Medical Engineering,MD,MD program,Arizona State University John Shufeldt School of Medicine and Medical Engineering,Main campus,Phoenix,Arizona,AZ,USA,,LCME Accredited Programs,https://lcme.org/directory/accredited-programs/,2026-05-29,2026-06-05,,Preliminary,2027-28,2025,LCME MD accredited program row,Treat as one application unit unless AMCAS or school-specific materials indicate otherwise.,TRUE,FALSE,,unresearched,"School identity, city, state, and accreditation fields source-verified; scoring fields intentionally blank.",,,,,,,,,,,,,,,,,,,,,,,,,,,,,,,,,,,,,,,,,,,,,,,,,,,,,,,,,,,,,,,,,,,,,
md_university_of_arizona_college_of_medicine_phoenix_phoenix_arizona,University of Arizona College of Medicine - Phoenix,MD,MD program,University of Arizona College of Medicine - Phoenix,Main campus,Phoenix,Arizona,AZ,USA,,LCME Accredited Programs,https://lcme.org/directory/accredited-programs/,2026-05-29,2026-06-05,,Full,2029-30,2012,LCME MD accredited program row,Treat as one application unit unless AMCAS or school-specific materials indicate otherwise.,TRUE,FALSE,,unresearched,"School identity, city, state, and accreditation fields source-verified; scoring fields intentionally blank.",,,,,,,,,,,,,,,,,,,,,,,,,,,,,,,,,,,,,,,,,,,,,,,,,,,,,,,,,,,,,,,,,,,,,
md_university_of_arizona_college_of_medicine_tucson_tucson_arizona,University of Arizona College of Medicine - Tucson,MD,MD program,University of Arizona College of Medicine - Tucson,Main campus,Tucson,Arizona,AZ,USA,,LCME Accredited Programs,https://lcme.org/directory/accredited-programs/,2026-05-29,2026-06-05,,Full,2029-30,1965,LCME MD accredited program row,Treat as one application unit unless AMCAS or school-specific materials indicate otherwise.,TRUE,FALSE,,unresearched,"School identity, city, state, and accreditation fields source-verified; scoring fields intentionally blank.",,,,,,,,,,,,,,,,,,,,,,,,,,,,,,,,,,,,,,,,,,,,,,,,,,,,,,,,,,,,,,,,,,,,,
md_alice_l_walton_school_of_medicine_bentonville_arkansas,Alice L. Walton School of Medicine,MD,MD program,Alice L. Walton School of Medicine,Main campus,Bentonville,Arkansas,AR,USA,,LCME Accredited Programs,https://lcme.org/directory/accredited-programs/,2026-05-29,2026-06-05,,Preliminary,2026-27,2024,LCME MD accredited program row,Treat as one application unit unless AMCAS or school-specific materials indicate otherwise.,TRUE,FALSE,,unresearched,"School identity, city, state, and accreditation fields source-verified; scoring fields intentionally blank.",,,,,,,,,,,,,,,,,,,,,,,,,,,,,,,,,,,,,,,,,,,,,,,,,,,,,,,,,,,,,,,,,,,,,
md_university_of_arkansas_for_medical_sciences_college_of_medicine_little_rock_arka,University of Arkansas for Medical Sciences College of Medicine,MD,MD program,University of Arkansas for Medical Sciences College of Medicine,Main campus,Little Rock,Arkansas,AR,USA,,LCME Accredited Programs,https://lcme.org/directory/accredited-programs/,2026-05-29,2026-06-05,,Full,2030-31,1944,LCME MD accredited program row,Treat as one application unit unless AMCAS or school-specific materials indicate otherwise.,TRUE,FALSE,,unresearched,"School identity, city, state, and accreditation fields source-verified; scoring fields intentionally blank.",,,,,,,,,,,,,,,,,,,,,,,,,,,,,,,,,,,,,,,,,,,,,,,,,,,,,,,,,,,,,,,,,,,,,
md_california_university_of_science_and_medicine_school_of_medicine_colton_californ,California University of Science and Medicine - School of Medicine,MD,MD program,California University of Science and Medicine - School of Medicine,Main campus,Colton,California,CA,USA,,LCME Accredited Programs,https://lcme.org/directory/accredited-programs/,2026-05-29,2026-06-05,,Full,2030-31,2018,LCME MD accredited program row,Treat as one application unit unless AMCAS or school-specific materials indicate otherwise.,TRUE,FALSE,,unresearched,"School identity, city, state, and accreditation fields source-verified; scoring fields intentionally blank.",,,,,,,,,,,,,,,,,,,,,,,,,,,,,,,,,,,,,,,,,,,,,,,,,,,,,,,,,,,,,,,,,,,,,
md_university_of_california_davis_school_of_medicine_davis_california,"University of California, Davis School of Medicine",MD,MD program,"University of California, Davis School of Medicine",Main campus,Davis,California,CA,USA,,LCME Accredited Programs,https://lcme.org/directory/accredited-programs/,2026-05-29,2026-06-05,,Full,2029-30,1967,LCME MD accredited program row,Treat as one application unit unless AMCAS or school-specific materials indicate otherwise.,TRUE,FALSE,,unresearched,"School identity, city, state, and accreditation fields source-verified; scoring fields intentionally blank.",,,,,,,,,,,,,,,,,,,,,,,,,,,,,,,,,,,,,,,,,,,,,,,,,,,,,,,,,,,,,,,,,,,,,
md_california_northstate_university_college_of_medicine_elk_grove_california,California Northstate University College of Medicine,MD,MD program,California Northstate University College of Medicine,Main campus,Elk Grove,California,CA,USA,,LCME Accredited Programs,https://lcme.org/directory/accredited-programs/,2026-05-29,2026-06-05,,Full,2029-30,2015,LCME MD accredited program row,Treat as one application unit unless AMCAS or school-specific materials indicate otherwise.,TRUE,FALSE,,unresearched,"School identity, city, state, and accreditation fields source-verified; scoring fields intentionally blank.",,,,,,,,,,,,,,,,,,,,,,,,,,,,,,,,,,,,,,,,,,,,,,,,,,,,,,,,,,,,,,,,,,,,,
md_university_of_california_irvine_school_of_medicine_irvine_california,"University of California, Irvine School of Medicine",MD,MD program,"University of California, Irvine School of Medicine",Main campus,Irvine,California,CA,USA,,LCME Accredited Programs,https://lcme.org/directory/accredited-programs/,2026-05-29,2026-06-05,,Full,2032-33,1961,LCME MD accredited program row,Treat as one application unit unless AMCAS or school-specific materials indicate otherwise.,TRUE,FALSE,,unresearched,"School identity, city, state, and accreditation fields source-verified; scoring fields intentionally blank.",,,,,,,,,,,,,,,,,,,,,,,,,,,,,,,,,,,,,,,,,,,,,,,,,,,,,,,,,,,,,,,,,,,,,
md_loma_linda_university_school_of_medicine_loma_linda_california,Loma Linda University School of Medicine,MD,MD program,Loma Linda University School of Medicine,Main campus,Loma Linda,California,CA,USA,,LCME Accredited Programs,https://lcme.org/directory/accredited-programs/,2026-05-29,2026-06-05,,Full,2031-32,On or prior to 1942*,LCME MD accredited program row,Treat as one application unit unless AMCAS or school-specific materials indicate otherwise.,TRUE,FALSE,,unresearched,"School identity, city, state, and accreditation fields source-verified; scoring fields intentionally blank.",,,,,,,,,,,,,,,,,,,,,,,,,,,,,,,,,,,,,,,,,,,,,,,,,,,,,,,,,,,,,,,,,,,,,
md_charles_r_drew_university_of_medicine_and_science_college_of_medicine_los_angele,Charles R. Drew University of Medicine and Science College of Medicine,MD,MD program,Charles R. Drew University of Medicine and Science College of Medicine,Main campus,Los Angeles,California,CA,USA,,LCME Accredited Programs,https://lcme.org/directory/accredited-programs/,2026-05-29,2026-06-05,,Provisional,2026-27,2022,LCME MD accredited program row,Treat as one application unit unless AMCAS or school-specific materials indicate otherwise.,TRUE,FALSE,,unresearched,"School identity, city, state, and accreditation fields source-verified; scoring fields intentionally blank.",,,,,,,,,,,,,,,,,,,,,,,,,,,,,,,,,,,,,,,,,,,,,,,,,,,,,,,,,,,,,,,,,,,,,
md_david_geffen_school_of_medicine_at_ucla_los_angeles_california,David Geffen School of Medicine at UCLA,MD,MD program,David Geffen School of Medicine at UCLA,Main campus,Los Angeles,California,CA,USA,,LCME Accredited Programs,https://lcme.org/directory/accredited-programs/,2026-05-29,2026-06-05,,Full,2028-29,1951,LCME MD accredited program row,Treat as one application unit unless AMCAS or school-specific materials indicate otherwise.,TRUE,FALSE,,unresearched,"School identity, city, state, and accreditation fields source-verified; scoring fields intentionally blank.",,,,,,,,,,,,,,,,,,,,,,,,,,,,,,,,,,,,,,,,,,,,,,,,,,,,,,,,,,,,,,,,,,,,,
md_keck_school_of_medicine_of_the_university_of_southern_california_los_angeles_cal,Keck School of Medicine of the University of Southern California,MD,MD program,Keck School of Medicine of the University of Southern California,Main campus,Los Angeles,California,CA,USA,,LCME Accredited Programs,https://lcme.org/directory/accredited-programs/,2026-05-29,2026-06-05,,Full,2033-34,1949,LCME MD accredited program row,Treat as one application unit unless AMCAS or school-specific materials indicate otherwise.,TRUE,FALSE,,unresearched,"School identity, city, state, and accreditation fields source-verified; scoring fields intentionally blank.",,,,,,,,,,,,,,,,,,,,,,,,,,,,,,,,,,,,,,,,,,,,,,,,,,,,,,,,,,,,,,,,,,,,,
md_stanford_university_school_of_medicine_palo_alto_california,Stanford University School of Medicine,MD,MD program,Stanford University School of Medicine,Main campus,Palo Alto,California,CA,USA,,LCME Accredited Programs,https://lcme.org/directory/accredited-programs/,2026-05-29,2026-06-05,,Full,2029-30,On or prior to 1942*,LCME MD accredited program row,Treat as one application unit unless AMCAS or school-specific materials indicate otherwise.,TRUE,FALSE,,unresearched,"School identity, city, state, and accreditation fields source-verified; scoring fields intentionally blank.",,,,,,,,,,,,,,,,,,,,,,,,,,,,,,,,,,,,,,,,,,,,,,,,,,,,,,,,,,,,,,,,,,,,,
md_kaiser_permanente_bernard_j_tyson_school_of_medicine_pasadena_california,Kaiser Permanente Bernard J. Tyson School of Medicine,MD,MD program,Kaiser Permanente Bernard J. Tyson School of Medicine,Main campus,Pasadena,California,CA,USA,,LCME Accredited Programs,https://lcme.org/directory/accredited-programs/,2026-05-29,2026-06-05,,Full,2028-29,2019,LCME MD accredited program row,Treat as one application unit unless AMCAS or school-specific materials indicate otherwise.,TRUE,FALSE,,unresearched,"School identity, city, state, and accreditation fields source-verified; scoring fields intentionally blank.",,,,,,,,,,,,,,,,,,,,,,,,,,,,,,,,,,,,,,,,,,,,,,,,,,,,,,,,,,,,,,,,,,,,,
md_university_of_california_riverside_school_of_medicine_riverside_california,"University of California, Riverside School of Medicine",MD,MD program,"University of California, Riverside School of Medicine",Main campus,Riverside,California,CA,USA,,LCME Accredited Programs,https://lcme.org/directory/accredited-programs/,2026-05-29,2026-06-05,,Full,2029-30,2012,LCME MD accredited program row,Treat as one application unit unless AMCAS or school-specific materials indicate otherwise.,TRUE,FALSE,,unresearched,"School identity, city, state, and accreditation fields source-verified; scoring fields intentionally blank.",,,,,,,,,,,,,,,,,,,,,,,,,,,,,,,,,,,,,,,,,,,,,,,,,,,,,,,,,,,,,,,,,,,,,
md_university_of_california_san_diego_school_of_medicine_san_diego_california,"University of California, San Diego School of Medicine",MD,MD program,"University of California, San Diego School of Medicine",Main campus,San Diego,California,CA,USA,,LCME Accredited Programs,https://lcme.org/directory/accredited-programs/,2026-05-29,2026-06-05,,Full,2025-26,1968,LCME MD accredited program row,Treat as one application unit unless AMCAS or school-specific materials indicate otherwise.,TRUE,FALSE,,unresearched,"School identity, city, state, and accreditation fields source-verified; scoring fields intentionally blank.",,,,,,,,,,,,,,,,,,,,,,,,,,,,,,,,,,,,,,,,,,,,,,,,,,,,,,,,,,,,,,,,,,,,,
md_university_of_california_san_francisco_school_of_medicine_san_francisco_californ,"University of California, San Francisco School of Medicine",MD,MD program,"University of California, San Francisco School of Medicine",Main campus,San Francisco,California,CA,USA,,LCME Accredited Programs,https://lcme.org/directory/accredited-programs/,2026-05-29,2026-06-05,,Full,2026-27,On or prior to 1942*,LCME MD accredited program row,Treat as one application unit unless AMCAS or school-specific materials indicate otherwise.,TRUE,FALSE,,unresearched,"School identity, city, state, and accreditation fields source-verified; scoring fields intentionally blank.",,,,,,,,,,,,,,,,,,,,,,,,,,,,,,,,,,,,,,,,,,,,,,,,,,,,,,,,,,,,,,,,,,,,,
md_university_of_colorado_school_of_medicine_denver_colorado,University of Colorado School of Medicine,MD,MD program,University of Colorado School of Medicine,Main campus,Denver,Colorado,CO,USA,,LCME Accredited Programs,https://lcme.org/directory/accredited-programs/,2026-05-29,2026-06-05,,Full,2032-33,On or prior to 1942*,LCME MD accredited program row,Treat as one application unit unless AMCAS or school-specific materials indicate otherwise.,TRUE,FALSE,,unresearched,"School identity, city, state, and accreditation fields source-verified; scoring fields intentionally blank.",,,,,,,,,,,,,,,,,,,,,,,,,,,,,,,,,,,,,,,,,,,,,,,,,,,,,,,,,,,,,,,,,,,,,
md_university_of_connecticut_school_of_medicine_farmington_connecticut,University of Connecticut School of Medicine,MD,MD program,University of Connecticut School of Medicine,Main campus,Farmington,Connecticut,CT,USA,,LCME Accredited Programs,https://lcme.org/directory/accredited-programs/,2026-05-29,2026-06-05,,Full,2025-26,1968,LCME MD accredited program row,Treat as one application unit unless AMCAS or school-specific materials indicate otherwise.,TRUE,FALSE,,unresearched,"School identity, city, state, and accreditation fields source-verified; scoring fields intentionally blank.",,,,,,,,,,,,,,,,,,,,,,,,,,,,,,,,,,,,,,,,,,,,,,,,,,,,,,,,,,,,,,,,,,,,,
md_yale_school_of_medicine_new_haven_connecticut,Yale School of Medicine,MD,MD program,Yale School of Medicine,Main campus,New Haven,Connecticut,CT,USA,,LCME Accredited Programs,https://lcme.org/directory/accredited-programs/,2026-05-29,2026-06-05,,Full,2031-32,On or prior to 1942*,LCME MD accredited program row,Treat as one application unit unless AMCAS or school-specific materials indicate otherwise.,TRUE,FALSE,,unresearched,"School identity, city, state, and accreditation fields source-verified; scoring fields intentionally blank.",,,,,,,,,,,,,,,,,,,,,,,,,,,,,,,,,,,,,,,,,,,,,,,,,,,,,,,,,,,,,,,,,,,,,
md_frank_h_netter_md_school_of_medicine_at_quinnipiac_university_north_haven_connec,Frank H. Netter MD School of Medicine at Quinnipiac University,MD,MD program,Frank H. Netter MD School of Medicine at Quinnipiac University,Main campus,North Haven,Connecticut,CT,USA,,LCME Accredited Programs,https://lcme.org/directory/accredited-programs/,2026-05-29,2026-06-05,,Full,2029-30,2012,LCME MD accredited program row,Treat as one application unit unless AMCAS or school-specific materials indicate otherwise.,TRUE,FALSE,,unresearched,"School identity, city, state, and accreditation fields source-verified; scoring fields intentionally blank.",,,,,,,,,,,,,,,,,,,,,,,,,,,,,,,,,,,,,,,,,,,,,,,,,,,,,,,,,,,,,,,,,,,,,
md_george_washington_university_school_of_medicine_and_health_sciences_washington_d,George Washington University School of Medicine and Health Sciences,MD,MD program,George Washington University School of Medicine and Health Sciences,Main campus,Washington,District of Columbia,DC,USA,,LCME Accredited Programs,https://lcme.org/directory/accredited-programs/,2026-05-29,2026-06-05,,Full,2031-32,On or prior to 1942*,LCME MD accredited program row,Treat as one application unit unless AMCAS or school-specific materials indicate otherwise.,TRUE,FALSE,,unresearched,"School identity, city, state, and accreditation fields source-verified; scoring fields intentionally blank.",,,,,,,,,,,,,,,,,,,,,,,,,,,,,,,,,,,,,,,,,,,,,,,,,,,,,,,,,,,,,,,,,,,,,
md_georgetown_university_school_of_medicine_washington_district_of_columbia,Georgetown University School of Medicine,MD,MD program,Georgetown University School of Medicine,Main campus,Washington,District of Columbia,DC,USA,,LCME Accredited Programs,https://lcme.org/directory/accredited-programs/,2026-05-29,2026-06-05,,Full,2026-27,1949,LCME MD accredited program row,Treat as one application unit unless AMCAS or school-specific materials indicate otherwise.,TRUE,FALSE,,unresearched,"School identity, city, state, and accreditation fields source-verified; scoring fields intentionally blank.",,,,,,,,,,,,,,,,,,,,,,,,,,,,,,,,,,,,,,,,,,,,,,,,,,,,,,,,,,,,,,,,,,,,,
md_howard_university_college_of_medicine_washington_district_of_columbia,Howard University College of Medicine,MD,MD program,Howard University College of Medicine,Main campus,Washington,District of Columbia,DC,USA,,LCME Accredited Programs,https://lcme.org/directory/accredited-programs/,2026-05-29,2026-06-05,,"Full, on probation",2027-28,On or prior to 1942*,LCME MD accredited program row,Treat as one application unit unless AMCAS or school-specific materials indicate otherwise.,TRUE,FALSE,,unresearched,"School identity, city, state, and accreditation fields source-verified; scoring fields intentionally blank.",,,,,,,,,,,,,,,,,,,,,,,,,,,,,,,,,,,,,,,,,,,,,,,,,,,,,,,,,,,,,,,,,,,,,
md_charles_e_schmidt_college_of_medicine_at_florida_atlantic_university_boca_raton_,Charles E. Schmidt College of Medicine at Florida Atlantic University,MD,MD program,Charles E. Schmidt College of Medicine at Florida Atlantic University,Main campus,Boca Raton,Florida,FL,USA,,LCME Accredited Programs,https://lcme.org/directory/accredited-programs/,2026-05-29,2026-06-05,,Full,2027-28,2011,LCME MD accredited program row,Treat as one application unit unless AMCAS or school-specific materials indicate otherwise.,TRUE,FALSE,,unresearched,"School identity, city, state, and accreditation fields source-verified; scoring fields intentionally blank.",,,,,,,,,,,,,,,,,,,,,,,,,,,,,,,,,,,,,,,,,,,,,,,,,,,,,,,,,,,,,,,,,,,,,
md_nova_southeastern_university_dr_kiran_c_patel_college_of_allopathic_medicine_for,Nova Southeastern University Dr. Kiran C. Patel College of Allopathic Medicine,MD,MD program,Nova Southeastern University Dr. Kiran C. Patel College of Allopathic Medicine,Main campus,Fort Lauderdale,Florida,FL,USA,,LCME Accredited Programs,https://lcme.org/directory/accredited-programs/,2026-05-29,2026-06-05,,Full,2027-28,2017,LCME MD accredited program row,Treat as one application unit unless AMCAS or school-specific materials indicate otherwise.,TRUE,FALSE,,unresearched,"School identity, city, state, and accreditation fields source-verified; scoring fields intentionally blank.",,,,,,,,,,,,,,,,,,,,,,,,,,,,,,,,,,,,,,,,,,,,,,,,,,,,,,,,,,,,,,,,,,,,,
md_university_of_florida_college_of_medicine_gainesville_florida,University of Florida College of Medicine,MD,MD program,University of Florida College of Medicine,Main campus,Gainesville,Florida,FL,USA,,LCME Accredited Programs,https://lcme.org/directory/accredited-programs/,2026-05-29,2026-06-05,,Full,2030-31,1958,LCME MD accredited program row,Treat as one application unit unless AMCAS or school-specific materials indicate otherwise.,TRUE,FALSE,,unresearched,"School identity, city, state, and accreditation fields source-verified; scoring fields intentionally blank.",,,,,,,,,,,,,,,,,,,,,,,,,,,,,,,,,,,,,,,,,,,,,,,,,,,,,,,,,,,,,,,,,,,,,
md_florida_international_university_herbert_wertheim_college_of_medicine_miami_flor,Florida International University Herbert Wertheim College of Medicine,MD,MD program,Florida International University Herbert Wertheim College of Medicine,Main campus,Miami,Florida,FL,USA,,LCME Accredited Programs,https://lcme.org/directory/accredited-programs/,2026-05-29,2026-06-05,,Full,2033-34,2007,LCME MD accredited program row,Treat as one application unit unless AMCAS or school-specific materials indicate otherwise.,TRUE,FALSE,,unresearched,"School identity, city, state, and accreditation fields source-verified; scoring fields intentionally blank.",,,,,,,,,,,,,,,,,,,,,,,,,,,,,,,,,,,,,,,,,,,,,,,,,,,,,,,,,,,,,,,,,,,,,
md_university_of_miami_leonard_m_miller_school_of_medicine_miami_florida,University of Miami Leonard M. Miller School of Medicine,MD,MD program,University of Miami Leonard M. Miller School of Medicine,Main campus,Miami,Florida,FL,USA,,LCME Accredited Programs,https://lcme.org/directory/accredited-programs/,2026-05-29,2026-06-05,,Full,2032-33,1955,LCME MD accredited program row,Treat as one application unit unless AMCAS or school-specific materials indicate otherwise.,TRUE,FALSE,,unresearched,"School identity, city, state, and accreditation fields source-verified; scoring fields intentionally blank.",,,,,,,,,,,,,,,,,,,,,,,,,,,,,,,,,,,,,,,,,,,,,,,,,,,,,,,,,,,,,,,,,,,,,
md_university_of_central_florida_college_of_medicine_orlando_florida,University of Central Florida College of Medicine,MD,MD program,University of Central Florida College of Medicine,Main campus,Orlando,Florida,FL,USA,,LCME Accredited Programs,https://lcme.org/directory/accredited-programs/,2026-05-29,2026-06-05,,Full,2033-34,2008,LCME MD accredited program row,Treat as one application unit unless AMCAS or school-specific materials indicate otherwise.,TRUE,FALSE,,unresearched,"School identity, city, state, and accreditation fields source-verified; scoring fields intentionally blank.",,,,,,,,,,,,,,,,,,,,,,,,,,,,,,,,,,,,,,,,,,,,,,,,,,,,,,,,,,,,,,,,,,,,,
md_florida_state_university_college_of_medicine_tallahassee_florida,Florida State University College of Medicine,MD,MD program,Florida State University College of Medicine,Main campus,Tallahassee,Florida,FL,USA,,LCME Accredited Programs,https://lcme.org/directory/accredited-programs/,2026-05-29,2026-06-05,,Full,2026-27,2002,LCME MD accredited program row,Treat as one application unit unless AMCAS or school-specific materials indicate otherwise.,TRUE,FALSE,,unresearched,"School identity, city, state, and accreditation fields source-verified; scoring fields intentionally blank.",,,,,,,,,,,,,,,,,,,,,,,,,,,,,,,,,,,,,,,,,,,,,,,,,,,,,,,,,,,,,,,,,,,,,
md_usf_health_morsani_college_of_medicine_tampa_florida,USF Health Morsani College of Medicine,MD,MD program,USF Health Morsani College of Medicine,Main campus,Tampa,Florida,FL,USA,,LCME Accredited Programs,https://lcme.org/directory/accredited-programs/,2026-05-29,2026-06-05,,Full,2030-31,1971,LCME MD accredited program row,Treat as one application unit unless AMCAS or school-specific materials indicate otherwise.,TRUE,FALSE,,unresearched,"School identity, city, state, and accreditation fields source-verified; scoring fields intentionally blank.",,,,,,,,,,,,,,,,,,,,,,,,,,,,,,,,,,,,,,,,,,,,,,,,,,,,,,,,,,,,,,,,,,,,,
md_university_of_georgia_school_of_medicine_athens_georgia,University of Georgia School of Medicine,MD,MD program,University of Georgia School of Medicine,Main campus,Athens,Georgia,GA,USA,,LCME Accredited Programs,https://lcme.org/directory/accredited-programs/,2026-05-29,2026-06-05,,Preliminary,2027-28,2026,LCME MD accredited program row,Treat as one application unit unless AMCAS or school-specific materials indicate otherwise.,TRUE,FALSE,,unresearched,"School identity, city, state, and accreditation fields source-verified; scoring fields intentionally blank.",,,,,,,,,,,,,,,,,,,,,,,,,,,,,,,,,,,,,,,,,,,,,,,,,,,,,,,,,,,,,,,,,,,,,
md_emory_university_school_of_medicine_atlanta_georgia,Emory University School of Medicine,MD,MD program,Emory University School of Medicine,Main campus,Atlanta,Georgia,GA,USA,,LCME Accredited Programs,https://lcme.org/directory/accredited-programs/,2026-05-29,2026-06-05,,Full,2025-26,On or prior to 1942*,LCME MD accredited program row,Treat as one application unit unless AMCAS or school-specific materials indicate otherwise.,TRUE,FALSE,,unresearched,"School identity, city, state, and accreditation fields source-verified; scoring fields intentionally blank.",,,,,,,,,,,,,,,,,,,,,,,,,,,,,,,,,,,,,,,,,,,,,,,,,,,,,,,,,,,,,,,,,,,,,
md_morehouse_school_of_medicine_atlanta_georgia,Morehouse School of Medicine,MD,MD program,Morehouse School of Medicine,Main campus,Atlanta,Georgia,GA,USA,,LCME Accredited Programs,https://lcme.org/directory/accredited-programs/,2026-05-29,2026-06-05,,Full,2028-29,1978,LCME MD accredited program row,Treat as one application unit unless AMCAS or school-specific materials indicate otherwise.,TRUE,FALSE,,unresearched,"School identity, city, state, and accreditation fields source-verified; scoring fields intentionally blank.",,,,,,,,,,,,,,,,,,,,,,,,,,,,,,,,,,,,,,,,,,,,,,,,,,,,,,,,,,,,,,,,,,,,,
md_medical_college_of_georgia_at_augusta_university_augusta_georgia,Medical College of Georgia at Augusta University,MD,MD program,Medical College of Georgia at Augusta University,Main campus,Augusta,Georgia,GA,USA,,LCME Accredited Programs,https://lcme.org/directory/accredited-programs/,2026-05-29,2026-06-05,,Full,2025-26,On or prior to 1942*,LCME MD accredited program row,Treat as one application unit unless AMCAS or school-specific materials indicate otherwise.,TRUE,FALSE,,unresearched,"School identity, city, state, and accreditation fields source-verified; scoring fields intentionally blank.",,,,,,,,,,,,,,,,,,,,,,,,,,,,,,,,,,,,,,,,,,,,,,,,,,,,,,,,,,,,,,,,,,,,,
md_mercer_university_school_of_medicine_macon_georgia,Mercer University School of Medicine,MD,MD program,Mercer University School of Medicine,Main campus,Macon,Georgia,GA,USA,,LCME Accredited Programs,https://lcme.org/directory/accredited-programs/,2026-05-29,2026-06-05,,Full,2028-29,1982,LCME MD accredited program row,Treat as one application unit unless AMCAS or school-specific materials indicate otherwise.,TRUE,FALSE,,unresearched,"School identity, city, state, and accreditation fields source-verified; scoring fields intentionally blank.",,,,,,,,,,,,,,,,,,,,,,,,,,,,,,,,,,,,,,,,,,,,,,,,,,,,,,,,,,,,,,,,,,,,,
md_john_a_burns_school_of_medicine_university_of_hawaii_at_manoa_honolulu_hawaii,John A. Burns School of Medicine University of Hawaii at Manoa,MD,MD program,John A. Burns School of Medicine University of Hawaii at Manoa,Main campus,Honolulu,Hawaii,HI,USA,,LCME Accredited Programs,https://lcme.org/directory/accredited-programs/,2026-05-29,2026-06-05,,Full,2032-33,1966,LCME MD accredited program row,Treat as one application unit unless AMCAS or school-specific materials indicate otherwise.,TRUE,FALSE,,unresearched,"School identity, city, state, and accreditation fields source-verified; scoring fields intentionally blank.",,,,,,,,,,,,,,,,,,,,,,,,,,,,,,,,,,,,,,,,,,,,,,,,,,,,,,,,,,,,,,,,,,,,,
md_northwestern_university_feinberg_school_of_medicine_chicago_illinois,Northwestern University Feinberg School of Medicine,MD,MD program,Northwestern University Feinberg School of Medicine,Main campus,Chicago,Illinois,IL,USA,,LCME Accredited Programs,https://lcme.org/directory/accredited-programs/,2026-05-29,2026-06-05,,Full,2028-29,On or prior to 1942*,LCME MD accredited program row,Treat as one application unit unless AMCAS or school-specific materials indicate otherwise.,TRUE,FALSE,,unresearched,"School identity, city, state, and accreditation fields source-verified; scoring fields intentionally blank.",,,,,,,,,,,,,,,,,,,,,,,,,,,,,,,,,,,,,,,,,,,,,,,,,,,,,,,,,,,,,,,,,,,,,
md_rush_medical_college_of_rush_university_medical_center_chicago_illinois,Rush Medical College of Rush University Medical Center,MD,MD program,Rush Medical College of Rush University Medical Center,Main campus,Chicago,Illinois,IL,USA,,LCME Accredited Programs,https://lcme.org/directory/accredited-programs/,2026-05-29,2026-06-05,,Full,2028-29,On or prior to 1942*,LCME MD accredited program row,Treat as one application unit unless AMCAS or school-specific materials indicate otherwise.,TRUE,FALSE,,unresearched,"School identity, city, state, and accreditation fields source-verified; scoring fields intentionally blank.",,,,,,,,,,,,,,,,,,,,,,,,,,,,,,,,,,,,,,,,,,,,,,,,,,,,,,,,,,,,,,,,,,,,,
md_university_of_chicago_division_of_the_biological_sciences_the_pritzker_school_of,"University of Chicago Division of the Biological Sciences, The Pritzker School of Medicine",MD,MD program,"University of Chicago Division of the Biological Sciences, The Pritzker School of Medicine",Main campus,Chicago,Illinois,IL,USA,,LCME Accredited Programs,https://lcme.org/directory/accredited-programs/,2026-05-29,2026-06-05,,Full,2028-29,On or prior to 1942*,LCME MD accredited program row,Treat as one application unit unless AMCAS or school-specific materials indicate otherwise.,TRUE,FALSE,,unresearched,"School identity, city, state, and accreditation fields source-verified; scoring fields intentionally blank.",,,,,,,,,,,,,,,,,,,,,,,,,,,,,,,,,,,,,,,,,,,,,,,,,,,,,,,,,,,,,,,,,,,,,
md_university_of_illinois_college_of_medicine_chicago_illinois,University of Illinois College of Medicine,MD,MD program,University of Illinois College of Medicine,Main campus,Chicago,Illinois,IL,USA,,LCME Accredited Programs,https://lcme.org/directory/accredited-programs/,2026-05-29,2026-06-05,,Full,2025-26,On or prior to 1942*,LCME MD accredited program row,Treat as one application unit unless AMCAS or school-specific materials indicate otherwise.,TRUE,FALSE,,unresearched,"School identity, city, state, and accreditation fields source-verified; scoring fields intentionally blank.",,,,,,,,,,,,,,,,,,,,,,,,,,,,,,,,,,,,,,,,,,,,,,,,,,,,,,,,,,,,,,,,,,,,,
md_loyola_university_chicago_stritch_school_of_medicine_maywood_illinois,Loyola University Chicago Stritch School of Medicine,MD,MD program,Loyola University Chicago Stritch School of Medicine,Main campus,Maywood,Illinois,IL,USA,,LCME Accredited Programs,https://lcme.org/directory/accredited-programs/,2026-05-29,2026-06-05,,Full,2026-27,On or prior to 1942*,LCME MD accredited program row,Treat as one application unit unless AMCAS or school-specific materials indicate otherwise.,TRUE,FALSE,,unresearched,"School identity, city, state, and accreditation fields source-verified; scoring fields intentionally blank.",,,,,,,,,,,,,,,,,,,,,,,,,,,,,,,,,,,,,,,,,,,,,,,,,,,,,,,,,,,,,,,,,,,,,
md_chicago_medical_school_at_rosalind_franklin_university_of_medicine_and_science_n,Chicago Medical School at Rosalind Franklin University of Medicine and Science,MD,MD program,Chicago Medical School at Rosalind Franklin University of Medicine and Science,Main campus,North Chicago,Illinois,IL,USA,,LCME Accredited Programs,https://lcme.org/directory/accredited-programs/,2026-05-29,2026-06-05,,Full,2027-28,On or prior to 1942*,LCME MD accredited program row,Treat as one application unit unless AMCAS or school-specific materials indicate otherwise.,TRUE,FALSE,,unresearched,"School identity, city, state, and accreditation fields source-verified; scoring fields intentionally blank.",,,,,,,,,,,,,,,,,,,,,,,,,,,,,,,,,,,,,,,,,,,,,,,,,,,,,,,,,,,,,,,,,,,,,
md_southern_illinois_university_school_of_medicine_springfield_illinois,Southern Illinois University School of Medicine,MD,MD program,Southern Illinois University School of Medicine,Main campus,Springfield,Illinois,IL,USA,,LCME Accredited Programs,https://lcme.org/directory/accredited-programs/,2026-05-29,2026-06-05,,Full,2030-31,1972,LCME MD accredited program row,Treat as one application unit unless AMCAS or school-specific materials indicate otherwise.,TRUE,FALSE,,unresearched,"School identity, city, state, and accreditation fields source-verified; scoring fields intentionally blank.",,,,,,,,,,,,,,,,,,,,,,,,,,,,,,,,,,,,,,,,,,,,,,,,,,,,,,,,,,,,,,,,,,,,,
md_carle_illinois_college_of_medicine_urbana_champaign_illinois,Carle Illinois College of Medicine,MD,MD program,Carle Illinois College of Medicine,Main campus,Urbana-Champaign,Illinois,IL,USA,,LCME Accredited Programs,https://lcme.org/directory/accredited-programs/,2026-05-29,2026-06-05,,Full,2027-28,2017,LCME MD accredited program row,Treat as one application unit unless AMCAS or school-specific materials indicate otherwise.,TRUE,FALSE,,unresearched,"School identity, city, state, and accreditation fields source-verified; scoring fields intentionally blank.",,,,,,,,,,,,,,,,,,,,,,,,,,,,,,,,,,,,,,,,,,,,,,,,,,,,,,,,,,,,,,,,,,,,,
md_indiana_university_school_of_medicine_indianapolis_indiana,Indiana University School of Medicine,MD,MD program,Indiana University School of Medicine,Main campus,Indianapolis,Indiana,IN,USA,,LCME Accredited Programs,https://lcme.org/directory/accredited-programs/,2026-05-29,2026-06-05,,Full,2032-33,On or prior to 1942*,LCME MD accredited program row,Treat as one application unit unless AMCAS or school-specific materials indicate otherwise.,TRUE,FALSE,,unresearched,"School identity, city, state, and accreditation fields source-verified; scoring fields intentionally blank.",,,,,,,,,,,,,,,,,,,,,,,,,,,,,,,,,,,,,,,,,,,,,,,,,,,,,,,,,,,,,,,,,,,,,
md_university_of_iowa_roy_j_and_lucille_a_carver_college_of_medicine_iowa_city_iowa,University of Iowa Roy J. and Lucille A. Carver College of Medicine,MD,MD program,University of Iowa Roy J. and Lucille A. Carver College of Medicine,Main campus,Iowa City,Iowa,IA,USA,,LCME Accredited Programs,https://lcme.org/directory/accredited-programs/,2026-05-29,2026-06-05,,Full,2033-34,On or prior to 1942*,LCME MD accredited program row,Treat as one application unit unless AMCAS or school-specific materials indicate otherwise.,TRUE,FALSE,,unresearched,"School identity, city, state, and accreditation fields source-verified; scoring fields intentionally blank.",,,,,,,,,,,,,,,,,,,,,,,,,,,,,,,,,,,,,,,,,,,,,,,,,,,,,,,,,,,,,,,,,,,,,
md_university_of_kansas_school_of_medicine_kansas_city_kansas,University of Kansas School of Medicine,MD,MD program,University of Kansas School of Medicine,Main campus,Kansas City,Kansas,KS,USA,,LCME Accredited Programs,https://lcme.org/directory/accredited-programs/,2026-05-29,2026-06-05,,Full,2029-30,On or prior to 1942*,LCME MD accredited program row,Treat as one application unit unless AMCAS or school-specific materials indicate otherwise.,TRUE,FALSE,,unresearched,"School identity, city, state, and accreditation fields source-verified; scoring fields intentionally blank.",,,,,,,,,,,,,,,,,,,,,,,,,,,,,,,,,,,,,,,,,,,,,,,,,,,,,,,,,,,,,,,,,,,,,
md_university_of_kentucky_college_of_medicine_lexington_kentucky,University of Kentucky College of Medicine,MD,MD program,University of Kentucky College of Medicine,Main campus,Lexington,Kentucky,KY,USA,,LCME Accredited Programs,https://lcme.org/directory/accredited-programs/,2026-05-29,2026-06-05,,Full,2026-27,1960,LCME MD accredited program row,Treat as one application unit unless AMCAS or school-specific materials indicate otherwise.,TRUE,FALSE,,unresearched,"School identity, city, state, and accreditation fields source-verified; scoring fields intentionally blank.",,,,,,,,,,,,,,,,,,,,,,,,,,,,,,,,,,,,,,,,,,,,,,,,,,,,,,,,,,,,,,,,,,,,,
md_university_of_louisville_school_of_medicine_louisville_kentucky,University of Louisville School of Medicine,MD,MD program,University of Louisville School of Medicine,Main campus,Louisville,Kentucky,KY,USA,,LCME Accredited Programs,https://lcme.org/directory/accredited-programs/,2026-05-29,2026-06-05,,Full,2028-29,On or prior to 1942,LCME MD accredited program row,Treat as one application unit unless AMCAS or school-specific materials indicate otherwise.,TRUE,FALSE,,unresearched,"School identity, city, state, and accreditation fields source-verified; scoring fields intentionally blank.",,,,,,,,,,,,,,,,,,,,,,,,,,,,,,,,,,,,,,,,,,,,,,,,,,,,,,,,,,,,,,,,,,,,,
md_lsu_health_sciences_center_school_of_medicine_in_new_orleans_new_orleans_louisia,LSU Health Sciences Center School of Medicine in New Orleans,MD,MD program,LSU Health Sciences Center School of Medicine in New Orleans,Main campus,New Orleans,Louisiana,LA,USA,,LCME Accredited Programs,https://lcme.org/directory/accredited-programs/,2026-05-29,2026-06-05,,Full,2033-34,On or prior to 1942*,LCME MD accredited program row,Treat as one application unit unless AMCAS or school-specific materials indicate otherwise.,TRUE,FALSE,,unresearched,"School identity, city, state, and accreditation fields source-verified; scoring fields intentionally blank.",,,,,,,,,,,,,,,,,,,,,,,,,,,,,,,,,,,,,,,,,,,,,,,,,,,,,,,,,,,,,,,,,,,,,
md_tulane_university_school_of_medicine_new_orleans_louisiana,Tulane University School of Medicine,MD,MD program,Tulane University School of Medicine,Main campus,New Orleans,Louisiana,LA,USA,,LCME Accredited Programs,https://lcme.org/directory/accredited-programs/,2026-05-29,2026-06-05,,Full,2026-27,On or prior to 1942*,LCME MD accredited program row,Treat as one application unit unless AMCAS or school-specific materials indicate otherwise.,TRUE,FALSE,,unresearched,"School identity, city, state, and accreditation fields source-verified; scoring fields intentionally blank.",,,,,,,,,,,,,,,,,,,,,,,,,,,,,,,,,,,,,,,,,,,,,,,,,,,,,,,,,,,,,,,,,,,,,
md_louisiana_state_university_school_of_medicine_in_shreveport_shreveport_louisiana,Louisiana State University School of Medicine in Shreveport,MD,MD program,Louisiana State University School of Medicine in Shreveport,Main campus,Shreveport,Louisiana,LA,USA,,LCME Accredited Programs,https://lcme.org/directory/accredited-programs/,2026-05-29,2026-06-05,,Full,2029-30,1968,LCME MD accredited program row,Treat as one application unit unless AMCAS or school-specific materials indicate otherwise.,TRUE,FALSE,,unresearched,"School identity, city, state, and accreditation fields source-verified; scoring fields intentionally blank.",,,,,,,,,,,,,,,,,,,,,,,,,,,,,,,,,,,,,,,,,,,,,,,,,,,,,,,,,,,,,,,,,,,,,
md_johns_hopkins_university_school_of_medicine_baltimore_maryland,Johns Hopkins University School of Medicine,MD,MD program,Johns Hopkins University School of Medicine,Main campus,Baltimore,Maryland,MD,USA,,LCME Accredited Programs,https://lcme.org/directory/accredited-programs/,2026-05-29,2026-06-05,,Full,2029-30,On or prior to 1942*,LCME MD accredited program row,Treat as one application unit unless AMCAS or school-specific materials indicate otherwise.,TRUE,FALSE,,unresearched,"School identity, city, state, and accreditation fields source-verified; scoring fields intentionally blank.",,,,,,,,,,,,,,,,,,,,,,,,,,,,,,,,,,,,,,,,,,,,,,,,,,,,,,,,,,,,,,,,,,,,,
md_university_of_maryland_school_of_medicine_baltimore_maryland,University of Maryland School of Medicine,MD,MD program,University of Maryland School of Medicine,Main campus,Baltimore,Maryland,MD,USA,,LCME Accredited Programs,https://lcme.org/directory/accredited-programs/,2026-05-29,2026-06-05,,Full,2031-32,On or prior to 1942*,LCME MD accredited program row,Treat as one application unit unless AMCAS or school-specific materials indicate otherwise.,TRUE,FALSE,,unresearched,"School identity, city, state, and accreditation fields source-verified; scoring fields intentionally blank.",,,,,,,,,,,,,,,,,,,,,,,,,,,,,,,,,,,,,,,,,,,,,,,,,,,,,,,,,,,,,,,,,,,,,
md_uniformed_services_university_of_the_health_sciences_f_edward_h_bert_school_of_m,"Uniformed Services University of the Health Sciences, F. Edward Hébert School of Medicine",MD,MD program,"Uniformed Services University of the Health Sciences, F. Edward Hébert School of Medicine",Main campus,Bethesda,Maryland,MD,USA,,LCME Accredited Programs,https://lcme.org/directory/accredited-programs/,2026-05-29,2026-06-05,,Full,2031-32,1976,LCME MD accredited program row,Treat as one application unit unless AMCAS or school-specific materials indicate otherwise.,TRUE,FALSE,,unresearched,"School identity, city, state, and accreditation fields source-verified; scoring fields intentionally blank.",,,,,,,,,,,,,,,,,,,,,,,,,,,,,,,,,,,,,,,,,,,,,,,,,,,,,,,,,,,,,,,,,,,,,
md_boston_university_aram_v_chobanian_and_edward_avedisian_school_of_medicine_bosto,Boston University Aram V. Chobanian & Edward Avedisian School of Medicine,MD,MD program,Boston University Aram V. Chobanian & Edward Avedisian School of Medicine,Main campus,Boston,Massachusetts,MA,USA,,LCME Accredited Programs,https://lcme.org/directory/accredited-programs/,2026-05-29,2026-06-05,,Full,2026-27,On or prior to 1942*,LCME MD accredited program row,Treat as one application unit unless AMCAS or school-specific materials indicate otherwise.,TRUE,FALSE,,unresearched,"School identity, city, state, and accreditation fields source-verified; scoring fields intentionally blank.",,,,,,,,,,,,,,,,,,,,,,,,,,,,,,,,,,,,,,,,,,,,,,,,,,,,,,,,,,,,,,,,,,,,,
md_harvard_medical_school_boston_massachusetts,Harvard Medical School,MD,MD program,Harvard Medical School,Main campus,Boston,Massachusetts,MA,USA,,LCME Accredited Programs,https://lcme.org/directory/accredited-programs/,2026-05-29,2026-06-05,,Full,2026-27,On or prior to 1942*,LCME MD accredited program row,Treat as one application unit unless AMCAS or school-specific materials indicate otherwise.,TRUE,FALSE,,unresearched,"School identity, city, state, and accreditation fields source-verified; scoring fields intentionally blank.",,,,,,,,,,,,,,,,,,,,,,,,,,,,,,,,,,,,,,,,,,,,,,,,,,,,,,,,,,,,,,,,,,,,,
md_tufts_university_school_of_medicine_boston_massachusetts,Tufts University School of Medicine,MD,MD program,Tufts University School of Medicine,Main campus,Boston,Massachusetts,MA,USA,,LCME Accredited Programs,https://lcme.org/directory/accredited-programs/,2026-05-29,2026-06-05,,Full,2029-30,On or prior to 1942*,LCME MD accredited program row,Treat as one application unit unless AMCAS or school-specific materials indicate otherwise.,TRUE,FALSE,,unresearched,"School identity, city, state, and accreditation fields source-verified; scoring fields intentionally blank.",,,,,,,,,,,,,,,,,,,,,,,,,,,,,,,,,,,,,,,,,,,,,,,,,,,,,,,,,,,,,,,,,,,,,
md_university_of_massachusetts_t_h_chan_school_of_medicine_worcester_massachusetts,University of Massachusetts T.H. Chan School of Medicine,MD,MD program,University of Massachusetts T.H. Chan School of Medicine,Main campus,Worcester,Massachusetts,MA,USA,,LCME Accredited Programs,https://lcme.org/directory/accredited-programs/,2026-05-29,2026-06-05,,Full,2027-28,1971,LCME MD accredited program row,Treat as one application unit unless AMCAS or school-specific materials indicate otherwise.,TRUE,FALSE,,unresearched,"School identity, city, state, and accreditation fields source-verified; scoring fields intentionally blank.",,,,,,,,,,,,,,,,,,,,,,,,,,,,,,,,,,,,,,,,,,,,,,,,,,,,,,,,,,,,,,,,,,,,,
md_university_of_michigan_medical_school_ann_arbor_michigan,University of Michigan Medical School,MD,MD program,University of Michigan Medical School,Main campus,Ann Arbor,Michigan,MI,USA,,LCME Accredited Programs,https://lcme.org/directory/accredited-programs/,2026-05-29,2026-06-05,,Full,2027-28,On or prior to 1942*,LCME MD accredited program row,Treat as one application unit unless AMCAS or school-specific materials indicate otherwise.,TRUE,FALSE,,unresearched,"School identity, city, state, and accreditation fields source-verified; scoring fields intentionally blank.",,,,,,,,,,,,,,,,,,,,,,,,,,,,,,,,,,,,,,,,,,,,,,,,,,,,,,,,,,,,,,,,,,,,,
md_wayne_state_university_school_of_medicine_detroit_michigan,Wayne State University School of Medicine,MD,MD program,Wayne State University School of Medicine,Main campus,Detroit,Michigan,MI,USA,,LCME Accredited Programs,https://lcme.org/directory/accredited-programs/,2026-05-29,2026-06-05,,Full,2030-31,On or prior to 1942*,LCME MD accredited program row,Treat as one application unit unless AMCAS or school-specific materials indicate otherwise.,TRUE,FALSE,,unresearched,"School identity, city, state, and accreditation fields source-verified; scoring fields intentionally blank.",,,,,,,,,,,,,,,,,,,,,,,,,,,,,,,,,,,,,,,,,,,,,,,,,,,,,,,,,,,,,,,,,,,,,
md_michigan_state_university_college_of_human_medicine_east_lansing_michigan,Michigan State University College of Human Medicine,MD,MD program,Michigan State University College of Human Medicine,Main campus,East Lansing,Michigan,MI,USA,,LCME Accredited Programs,https://lcme.org/directory/accredited-programs/,2026-05-29,2026-06-05,,Full,2030-31,1964,LCME MD accredited program row,Treat as one application unit unless AMCAS or school-specific materials indicate otherwise.,TRUE,FALSE,,unresearched,"School identity, city, state, and accreditation fields source-verified; scoring fields intentionally blank.",,,,,,,,,,,,,,,,,,,,,,,,,,,,,,,,,,,,,,,,,,,,,,,,,,,,,,,,,,,,,,,,,,,,,
md_western_michigan_university_homer_stryker_m_d_school_of_medicine_kalamazoo_michi,Western Michigan University Homer Stryker M.D. School of Medicine,MD,MD program,Western Michigan University Homer Stryker M.D. School of Medicine,Main campus,Kalamazoo,Michigan,MI,USA,,LCME Accredited Programs,https://lcme.org/directory/accredited-programs/,2026-05-29,2026-06-05,,Full,2030-31,2012,LCME MD accredited program row,Treat as one application unit unless AMCAS or school-specific materials indicate otherwise.,TRUE,FALSE,,unresearched,"School identity, city, state, and accreditation fields source-verified; scoring fields intentionally blank.",,,,,,,,,,,,,,,,,,,,,,,,,,,,,,,,,,,,,,,,,,,,,,,,,,,,,,,,,,,,,,,,,,,,,
md_covenant_healthcare_college_of_medicine_at_central_michigan_university_mount_ple,Covenant HealthCare College of Medicine at Central Michigan University,MD,MD program,Covenant HealthCare College of Medicine at Central Michigan University,Main campus,Mount Pleasant,Michigan,MI,USA,,LCME Accredited Programs,https://lcme.org/directory/accredited-programs/,2026-05-29,2026-06-05,,Full,2030-31,2012,LCME MD accredited program row,Treat as one application unit unless AMCAS or school-specific materials indicate otherwise.,TRUE,FALSE,,unresearched,"School identity, city, state, and accreditation fields source-verified; scoring fields intentionally blank.",,,,,,,,,,,,,,,,,,,,,,,,,,,,,,,,,,,,,,,,,,,,,,,,,,,,,,,,,,,,,,,,,,,,,
md_oakland_university_william_beaumont_school_of_medicine_rochester_michigan,Oakland University William Beaumont School of Medicine,MD,MD program,Oakland University William Beaumont School of Medicine,Main campus,Rochester,Michigan,MI,USA,,LCME Accredited Programs,https://lcme.org/directory/accredited-programs/,2026-05-29,2026-06-05,,Full,2027-28,2010,LCME MD accredited program row,Treat as one application unit unless AMCAS or school-specific materials indicate otherwise.,TRUE,FALSE,,unresearched,"School identity, city, state, and accreditation fields source-verified; scoring fields intentionally blank.",,,,,,,,,,,,,,,,,,,,,,,,,,,,,,,,,,,,,,,,,,,,,,,,,,,,,,,,,,,,,,,,,,,,,
md_university_of_minnesota_medical_school_minneapolis_minnesota,University of Minnesota Medical School,MD,MD program,University of Minnesota Medical School,Main campus,Minneapolis,Minnesota,MN,USA,,LCME Accredited Programs,https://lcme.org/directory/accredited-programs/,2026-05-29,2026-06-05,,Full,2027-28,On or prior to 1942*,LCME MD accredited program row,Treat as one application unit unless AMCAS or school-specific materials indicate otherwise.,TRUE,FALSE,,unresearched,"School identity, city, state, and accreditation fields source-verified; scoring fields intentionally blank.",,,,,,,,,,,,,,,,,,,,,,,,,,,,,,,,,,,,,,,,,,,,,,,,,,,,,,,,,,,,,,,,,,,,,
md_mayo_clinic_alix_school_of_medicine_rochester_minnesota,Mayo Clinic Alix School of Medicine,MD,MD program,Mayo Clinic Alix School of Medicine,Main campus,Rochester,Minnesota,MN,USA,,LCME Accredited Programs,https://lcme.org/directory/accredited-programs/,2026-05-29,2026-06-05,,Full,2026-27,1972,LCME MD accredited program row,Treat as one application unit unless AMCAS or school-specific materials indicate otherwise.,TRUE,FALSE,,unresearched,"School identity, city, state, and accreditation fields source-verified; scoring fields intentionally blank.",,,,,,,,,,,,,,,,,,,,,,,,,,,,,,,,,,,,,,,,,,,,,,,,,,,,,,,,,,,,,,,,,,,,,
md_university_of_mississippi_school_of_medicine_jackson_mississippi,University of Mississippi School of Medicine,MD,MD program,University of Mississippi School of Medicine,Main campus,Jackson,Mississippi,MS,USA,,LCME Accredited Programs,https://lcme.org/directory/accredited-programs/,2026-05-29,2026-06-05,,Full,2027-28,On or prior to 1942*,LCME MD accredited program row,Treat as one application unit unless AMCAS or school-specific materials indicate otherwise.,TRUE,FALSE,,unresearched,"School identity, city, state, and accreditation fields source-verified; scoring fields intentionally blank.",,,,,,,,,,,,,,,,,,,,,,,,,,,,,,,,,,,,,,,,,,,,,,,,,,,,,,,,,,,,,,,,,,,,,
md_university_of_missouri_columbia_school_of_medicine_columbia_missouri,University of Missouri-Columbia School of Medicine,MD,MD program,University of Missouri-Columbia School of Medicine,Main campus,Columbia,Missouri,MO,USA,,LCME Accredited Programs,https://lcme.org/directory/accredited-programs/,2026-05-29,2026-06-05,,Full,2031-32,On or prior to 1942*,LCME MD accredited program row,Treat as one application unit unless AMCAS or school-specific materials indicate otherwise.,TRUE,FALSE,,unresearched,"School identity, city, state, and accreditation fields source-verified; scoring fields intentionally blank.",,,,,,,,,,,,,,,,,,,,,,,,,,,,,,,,,,,,,,,,,,,,,,,,,,,,,,,,,,,,,,,,,,,,,
md_university_of_missouri_kansas_city_school_of_medicine_kansas_city_missouri,University of Missouri-Kansas City School of Medicine,MD,MD program,University of Missouri-Kansas City School of Medicine,Main campus,Kansas City,Missouri,MO,USA,,LCME Accredited Programs,https://lcme.org/directory/accredited-programs/,2026-05-29,2026-06-05,,Full,2025-26,1971,LCME MD accredited program row,Treat as one application unit unless AMCAS or school-specific materials indicate otherwise.,TRUE,FALSE,,unresearched,"School identity, city, state, and accreditation fields source-verified; scoring fields intentionally blank.",,,,,,,,,,,,,,,,,,,,,,,,,,,,,,,,,,,,,,,,,,,,,,,,,,,,,,,,,,,,,,,,,,,,,
md_saint_louis_university_school_of_medicine_st_louis_missouri,Saint Louis University School of Medicine,MD,MD program,Saint Louis University School of Medicine,Main campus,St. Louis,Missouri,MO,USA,,LCME Accredited Programs,https://lcme.org/directory/accredited-programs/,2026-05-29,2026-06-05,,Full,2032-33,On or prior to 1942*,LCME MD accredited program row,Treat as one application unit unless AMCAS or school-specific materials indicate otherwise.,TRUE,FALSE,,unresearched,"School identity, city, state, and accreditation fields source-verified; scoring fields intentionally blank.",,,,,,,,,,,,,,,,,,,,,,,,,,,,,,,,,,,,,,,,,,,,,,,,,,,,,,,,,,,,,,,,,,,,,
md_washington_university_in_st_louis_school_of_medicine_st_louis_missouri,Washington University in St. Louis School of Medicine,MD,MD program,Washington University in St. Louis School of Medicine,Main campus,St. Louis,Missouri,MO,USA,,LCME Accredited Programs,https://lcme.org/directory/accredited-programs/,2026-05-29,2026-06-05,,Full,2030-31,On or prior to 1942*,LCME MD accredited program row,Treat as one application unit unless AMCAS or school-specific materials indicate otherwise.,TRUE,FALSE,,unresearched,"School identity, city, state, and accreditation fields source-verified; scoring fields intentionally blank.",,,,,,,,,,,,,,,,,,,,,,,,,,,,,,,,,,,,,,,,,,,,,,,,,,,,,,,,,,,,,,,,,,,,,
md_creighton_university_school_of_medicine_omaha_nebraska,Creighton University School of Medicine,MD,MD program,Creighton University School of Medicine,Main campus,Omaha,Nebraska,NE,USA,,LCME Accredited Programs,https://lcme.org/directory/accredited-programs/,2026-05-29,2026-06-05,,Full,2027-28,On or prior to 1942*,LCME MD accredited program row,Treat as one application unit unless AMCAS or school-specific materials indicate otherwise.,TRUE,FALSE,,unresearched,"School identity, city, state, and accreditation fields source-verified; scoring fields intentionally blank.",,,,,,,,,,,,,,,,,,,,,,,,,,,,,,,,,,,,,,,,,,,,,,,,,,,,,,,,,,,,,,,,,,,,,
md_university_of_nebraska_college_of_medicine_omaha_nebraska,University of Nebraska College of Medicine,MD,MD program,University of Nebraska College of Medicine,Main campus,Omaha,Nebraska,NE,USA,,LCME Accredited Programs,https://lcme.org/directory/accredited-programs/,2026-05-29,2026-06-05,,Full,2029-30,On or prior to 1942*,LCME MD accredited program row,Treat as one application unit unless AMCAS or school-specific materials indicate otherwise.,TRUE,FALSE,,unresearched,"School identity, city, state, and accreditation fields source-verified; scoring fields intentionally blank.",,,,,,,,,,,,,,,,,,,,,,,,,,,,,,,,,,,,,,,,,,,,,,,,,,,,,,,,,,,,,,,,,,,,,
md_kirk_kerkorian_school_of_medicine_at_unlv_las_vegas_nevada,Kirk Kerkorian School of Medicine at UNLV,MD,MD program,Kirk Kerkorian School of Medicine at UNLV,Main campus,Las Vegas,Nevada,NV,USA,,LCME Accredited Programs,https://lcme.org/directory/accredited-programs/,2026-05-29,2026-06-05,,Full,2027-28,2016,LCME MD accredited program row,Treat as one application unit unless AMCAS or school-specific materials indicate otherwise.,TRUE,FALSE,,unresearched,"School identity, city, state, and accreditation fields source-verified; scoring fields intentionally blank.",,,,,,,,,,,,,,,,,,,,,,,,,,,,,,,,,,,,,,,,,,,,,,,,,,,,,,,,,,,,,,,,,,,,,
md_roseman_university_college_of_medicine_las_vegas_nevada,Roseman University College of Medicine,MD,MD program,Roseman University College of Medicine,Main campus,Las Vegas,Nevada,NV,USA,,LCME Accredited Programs,https://lcme.org/directory/accredited-programs/,2026-05-29,2026-06-05,,Preliminary,2026-27,2025,LCME MD accredited program row,Treat as one application unit unless AMCAS or school-specific materials indicate otherwise.,TRUE,FALSE,,unresearched,"School identity, city, state, and accreditation fields source-verified; scoring fields intentionally blank.",,,,,,,,,,,,,,,,,,,,,,,,,,,,,,,,,,,,,,,,,,,,,,,,,,,,,,,,,,,,,,,,,,,,,
md_university_of_nevada_reno_school_of_medicine_reno_nevada,"University of Nevada, Reno School of Medicine",MD,MD program,"University of Nevada, Reno School of Medicine",Main campus,Reno,Nevada,NV,USA,,LCME Accredited Programs,https://lcme.org/directory/accredited-programs/,2026-05-29,2026-06-05,,Full,2027-28,1971,LCME MD accredited program row,Treat as one application unit unless AMCAS or school-specific materials indicate otherwise.,TRUE,FALSE,,unresearched,"School identity, city, state, and accreditation fields source-verified; scoring fields intentionally blank.",,,,,,,,,,,,,,,,,,,,,,,,,,,,,,,,,,,,,,,,,,,,,,,,,,,,,,,,,,,,,,,,,,,,,
md_geisel_school_of_medicine_at_dartmouth_hanover_new_hampshire,Geisel School of Medicine at Dartmouth,MD,MD program,Geisel School of Medicine at Dartmouth,Main campus,Hanover,New Hampshire,NH,USA,,LCME Accredited Programs,https://lcme.org/directory/accredited-programs/,2026-05-29,2026-06-05,,Full,2028-29,On or prior to 1942*,LCME MD accredited program row,Treat as one application unit unless AMCAS or school-specific materials indicate otherwise.,TRUE,FALSE,,unresearched,"School identity, city, state, and accreditation fields source-verified; scoring fields intentionally blank.",,,,,,,,,,,,,,,,,,,,,,,,,,,,,,,,,,,,,,,,,,,,,,,,,,,,,,,,,,,,,,,,,,,,,
md_cooper_medical_school_of_rowan_university_camden_new_jersey,Cooper Medical School of Rowan University,MD,MD program,Cooper Medical School of Rowan University,Main campus,Camden,New Jersey,NJ,USA,,LCME Accredited Programs,https://lcme.org/directory/accredited-programs/,2026-05-29,2026-06-05,,Full,2028-29,2011,LCME MD accredited program row,Treat as one application unit unless AMCAS or school-specific materials indicate otherwise.,TRUE,FALSE,,unresearched,"School identity, city, state, and accreditation fields source-verified; scoring fields intentionally blank.",,,,,,,,,,,,,,,,,,,,,,,,,,,,,,,,,,,,,,,,,,,,,,,,,,,,,,,,,,,,,,,,,,,,,
md_rutgers_new_jersey_medical_school_newark_new_jersey,Rutgers New Jersey Medical School,MD,MD program,Rutgers New Jersey Medical School,Main campus,Newark,New Jersey,NJ,USA,,LCME Accredited Programs,https://lcme.org/directory/accredited-programs/,2026-05-29,2026-06-05,,Full,2026-27,1958,LCME MD accredited program row,Treat as one application unit unless AMCAS or school-specific materials indicate otherwise.,TRUE,FALSE,,unresearched,"School identity, city, state, and accreditation fields source-verified; scoring fields intentionally blank.",,,,,,,,,,,,,,,,,,,,,,,,,,,,,,,,,,,,,,,,,,,,,,,,,,,,,,,,,,,,,,,,,,,,,
md_hackensack_meridian_school_of_medicine_nutley_new_jersey,Hackensack Meridian School of Medicine,MD,MD program,Hackensack Meridian School of Medicine,Main campus,Nutley,New Jersey,NJ,USA,,LCME Accredited Programs,https://lcme.org/directory/accredited-programs/,2026-05-29,2026-06-05,,Full,2027-28,2018,LCME MD accredited program row,Treat as one application unit unless AMCAS or school-specific materials indicate otherwise.,TRUE,FALSE,,unresearched,"School identity, city, state, and accreditation fields source-verified; scoring fields intentionally blank.",,,,,,,,,,,,,,,,,,,,,,,,,,,,,,,,,,,,,,,,,,,,,,,,,,,,,,,,,,,,,,,,,,,,,
md_rutgers_robert_wood_johnson_medical_school_piscataway_new_jersey,"Rutgers, Robert Wood Johnson Medical School",MD,MD program,"Rutgers, Robert Wood Johnson Medical School",Main campus,Piscataway,New Jersey,NJ,USA,,LCME Accredited Programs,https://lcme.org/directory/accredited-programs/,2026-05-29,2026-06-05,,Full,2026-27,1966,LCME MD accredited program row,Treat as one application unit unless AMCAS or school-specific materials indicate otherwise.,TRUE,FALSE,,unresearched,"School identity, city, state, and accreditation fields source-verified; scoring fields intentionally blank.",,,,,,,,,,,,,,,,,,,,,,,,,,,,,,,,,,,,,,,,,,,,,,,,,,,,,,,,,,,,,,,,,,,,,
md_university_of_new_mexico_school_of_medicine_albuquerque_new_mexico,University of New Mexico School of Medicine,MD,MD program,University of New Mexico School of Medicine,Main campus,Albuquerque,New Mexico,NM,USA,,LCME Accredited Programs,https://lcme.org/directory/accredited-programs/,2026-05-29,2026-06-05,,Full,2025-26,1964,LCME MD accredited program row,Treat as one application unit unless AMCAS or school-specific materials indicate otherwise.,TRUE,FALSE,,unresearched,"School identity, city, state, and accreditation fields source-verified; scoring fields intentionally blank.",,,,,,,,,,,,,,,,,,,,,,,,,,,,,,,,,,,,,,,,,,,,,,,,,,,,,,,,,,,,,,,,,,,,,
md_albany_medical_college_albany_new_york,Albany Medical College,MD,MD program,Albany Medical College,Main campus,Albany,New York,NY,USA,,LCME Accredited Programs,https://lcme.org/directory/accredited-programs/,2026-05-29,2026-06-05,,Full,2025-26,On or prior to 1942*,LCME MD accredited program row,Treat as one application unit unless AMCAS or school-specific materials indicate otherwise.,TRUE,FALSE,,unresearched,"School identity, city, state, and accreditation fields source-verified; scoring fields intentionally blank.",,,,,,,,,,,,,,,,,,,,,,,,,,,,,,,,,,,,,,,,,,,,,,,,,,,,,,,,,,,,,,,,,,,,,
md_suny_downstate_health_sciences_university_college_of_medicine_brooklyn_new_york,SUNY Downstate Health Sciences University College of Medicine,MD,MD program,SUNY Downstate Health Sciences University College of Medicine,Main campus,Brooklyn,New York,NY,USA,,LCME Accredited Programs,https://lcme.org/directory/accredited-programs/,2026-05-29,2026-06-05,,Full,2028-29,On or prior to 1942*,LCME MD accredited program row,Treat as one application unit unless AMCAS or school-specific materials indicate otherwise.,TRUE,FALSE,,unresearched,"School identity, city, state, and accreditation fields source-verified; scoring fields intentionally blank.",,,,,,,,,,,,,,,,,,,,,,,,,,,,,,,,,,,,,,,,,,,,,,,,,,,,,,,,,,,,,,,,,,,,,
md_jacobs_school_of_medicine_and_biomedical_sciences_at_the_university_at_buffalo_b,Jacobs School of Medicine and Biomedical Sciences at the University at Buffalo,MD,MD program,Jacobs School of Medicine and Biomedical Sciences at the University at Buffalo,Main campus,Buffalo,New York,NY,USA,,LCME Accredited Programs,https://lcme.org/directory/accredited-programs/,2026-05-29,2026-06-05,,Full,2026-27,On or prior to 1942*,LCME MD accredited program row,Treat as one application unit unless AMCAS or school-specific materials indicate otherwise.,TRUE,FALSE,,unresearched,"School identity, city, state, and accreditation fields source-verified; scoring fields intentionally blank.",,,,,,,,,,,,,,,,,,,,,,,,,,,,,,,,,,,,,,,,,,,,,,,,,,,,,,,,,,,,,,,,,,,,,
md_donald_and_barbara_zucker_school_of_medicine_at_hofstra_northwell_hempstead_new_,Donald and Barbara Zucker School of Medicine at Hofstra/Northwell,MD,MD program,Donald and Barbara Zucker School of Medicine at Hofstra/Northwell,Main campus,Hempstead,New York,NY,USA,,LCME Accredited Programs,https://lcme.org/directory/accredited-programs/,2026-05-29,2026-06-05,,Full,2027-28,2010,LCME MD accredited program row,Treat as one application unit unless AMCAS or school-specific materials indicate otherwise.,TRUE,FALSE,,unresearched,"School identity, city, state, and accreditation fields source-verified; scoring fields intentionally blank.",,,,,,,,,,,,,,,,,,,,,,,,,,,,,,,,,,,,,,,,,,,,,,,,,,,,,,,,,,,,,,,,,,,,,
md_nyu_grossman_long_island_school_of_medicine_mineola_new_york,NYU Grossman Long Island School of Medicine,MD,MD program,NYU Grossman Long Island School of Medicine,Main campus,Mineola,New York,NY,USA,,LCME Accredited Programs,https://lcme.org/directory/accredited-programs/,2026-05-29,2026-06-05,,Full,2027-28,2019,LCME MD accredited program row,Treat as one application unit unless AMCAS or school-specific materials indicate otherwise.,TRUE,FALSE,,unresearched,"School identity, city, state, and accreditation fields source-verified; scoring fields intentionally blank.",,,,,,,,,,,,,,,,,,,,,,,,,,,,,,,,,,,,,,,,,,,,,,,,,,,,,,,,,,,,,,,,,,,,,
md_albert_einstein_college_of_medicine_new_york_new_york,Albert Einstein College of Medicine,MD,MD program,Albert Einstein College of Medicine,Main campus,New York,New York,NY,USA,,LCME Accredited Programs,https://lcme.org/directory/accredited-programs/,2026-05-29,2026-06-05,,Full,2030-31,1955,LCME MD accredited program row,Treat as one application unit unless AMCAS or school-specific materials indicate otherwise.,TRUE,FALSE,,unresearched,"School identity, city, state, and accreditation fields source-verified; scoring fields intentionally blank.",,,,,,,,,,,,,,,,,,,,,,,,,,,,,,,,,,,,,,,,,,,,,,,,,,,,,,,,,,,,,,,,,,,,,
md_cuny_school_of_medicine_new_york_new_york,CUNY School of Medicine,MD,MD program,CUNY School of Medicine,Main campus,New York,New York,NY,USA,,LCME Accredited Programs,https://lcme.org/directory/accredited-programs/,2026-05-29,2026-06-05,,Full,2027-28,2015,LCME MD accredited program row,Treat as one application unit unless AMCAS or school-specific materials indicate otherwise.,TRUE,FALSE,,unresearched,"School identity, city, state, and accreditation fields source-verified; scoring fields intentionally blank.",,,,,,,,,,,,,,,,,,,,,,,,,,,,,,,,,,,,,,,,,,,,,,,,,,,,,,,,,,,,,,,,,,,,,
md_columbia_university_vagelos_college_of_physicians_and_surgeons_new_york_new_york,Columbia University Vagelos College of Physicians and Surgeons,MD,MD program,Columbia University Vagelos College of Physicians and Surgeons,Main campus,New York,New York,NY,USA,,LCME Accredited Programs,https://lcme.org/directory/accredited-programs/,2026-05-29,2026-06-05,,Full,2025-26,On or prior to 1942*,LCME MD accredited program row,Treat as one application unit unless AMCAS or school-specific materials indicate otherwise.,TRUE,FALSE,,unresearched,"School identity, city, state, and accreditation fields source-verified; scoring fields intentionally blank.",,,,,,,,,,,,,,,,,,,,,,,,,,,,,,,,,,,,,,,,,,,,,,,,,,,,,,,,,,,,,,,,,,,,,
md_icahn_school_of_medicine_at_mount_sinai_new_york_new_york,Icahn School of Medicine at Mount Sinai,MD,MD program,Icahn School of Medicine at Mount Sinai,Main campus,New York,New York,NY,USA,,LCME Accredited Programs,https://lcme.org/directory/accredited-programs/,2026-05-29,2026-06-05,,Full,2027-28,1968,LCME MD accredited program row,Treat as one application unit unless AMCAS or school-specific materials indicate otherwise.,TRUE,FALSE,,unresearched,"School identity, city, state, and accreditation fields source-verified; scoring fields intentionally blank.",,,,,,,,,,,,,,,,,,,,,,,,,,,,,,,,,,,,,,,,,,,,,,,,,,,,,,,,,,,,,,,,,,,,,
md_nyu_grossman_school_of_medicine_new_york_new_york,NYU Grossman School of Medicine,MD,MD program,NYU Grossman School of Medicine,Main campus,New York,New York,NY,USA,,LCME Accredited Programs,https://lcme.org/directory/accredited-programs/,2026-05-29,2026-06-05,,Full,2030-31,On or prior to 1942*,LCME MD accredited program row,Treat as one application unit unless AMCAS or school-specific materials indicate otherwise.,TRUE,FALSE,,unresearched,"School identity, city, state, and accreditation fields source-verified; scoring fields intentionally blank.",,,,,,,,,,,,,,,,,,,,,,,,,,,,,,,,,,,,,,,,,,,,,,,,,,,,,,,,,,,,,,,,,,,,,
md_weill_cornell_medicine_new_york_new_york,Weill Cornell Medicine,MD,MD program,Weill Cornell Medicine,Main campus,New York,New York,NY,USA,,LCME Accredited Programs,https://lcme.org/directory/accredited-programs/,2026-05-29,2026-06-05,,Full,2025-26,On or prior to 1942*,LCME MD accredited program row,Treat as one application unit unless AMCAS or school-specific materials indicate otherwise.,TRUE,FALSE,,unresearched,"School identity, city, state, and accreditation fields source-verified; scoring fields intentionally blank.",,,,,,,,,,,,,,,,,,,,,,,,,,,,,,,,,,,,,,,,,,,,,,,,,,,,,,,,,,,,,,,,,,,,,
md_university_of_rochester_school_of_medicine_and_dentistry_rochester_new_york,University of Rochester School of Medicine and Dentistry,MD,MD program,University of Rochester School of Medicine and Dentistry,Main campus,Rochester,New York,NY,USA,,LCME Accredited Programs,https://lcme.org/directory/accredited-programs/,2026-05-29,2026-06-05,,Full,2031-32,On or prior to 1942*,LCME MD accredited program row,Treat as one application unit unless AMCAS or school-specific materials indicate otherwise.,TRUE,FALSE,,unresearched,"School identity, city, state, and accreditation fields source-verified; scoring fields intentionally blank.",,,,,,,,,,,,,,,,,,,,,,,,,,,,,,,,,,,,,,,,,,,,,,,,,,,,,,,,,,,,,,,,,,,,,
md_renaissance_school_of_medicine_at_stony_brook_university_stony_brook_new_york,Renaissance School of Medicine at Stony Brook University,MD,MD program,Renaissance School of Medicine at Stony Brook University,Main campus,Stony Brook,New York,NY,USA,,LCME Accredited Programs,https://lcme.org/directory/accredited-programs/,2026-05-29,2026-06-05,,Full,2026-27,1971,LCME MD accredited program row,Treat as one application unit unless AMCAS or school-specific materials indicate otherwise.,TRUE,FALSE,,unresearched,"School identity, city, state, and accreditation fields source-verified; scoring fields intentionally blank.",,,,,,,,,,,,,,,,,,,,,,,,,,,,,,,,,,,,,,,,,,,,,,,,,,,,,,,,,,,,,,,,,,,,,
md_state_university_of_new_york_upstate_medical_university_alan_and_marlene_norton_,State University of New York Upstate Medical University Alan and Marlene Norton College of Medicine,MD,MD program,State University of New York Upstate Medical University Alan and Marlene Norton College of Medicine,Main campus,Syracuse,New York,NY,USA,,LCME Accredited Programs,https://lcme.org/directory/accredited-programs/,2026-05-29,2026-06-05,,Full,2026-27,On or prior to 1942*,LCME MD accredited program row,Treat as one application unit unless AMCAS or school-specific materials indicate otherwise.,TRUE,FALSE,,unresearched,"School identity, city, state, and accreditation fields source-verified; scoring fields intentionally blank.",,,,,,,,,,,,,,,,,,,,,,,,,,,,,,,,,,,,,,,,,,,,,,,,,,,,,,,,,,,,,,,,,,,,,
md_new_york_medical_college_valhalla_new_york,New York Medical College,MD,MD program,New York Medical College,Main campus,Valhalla,New York,NY,USA,,LCME Accredited Programs,https://lcme.org/directory/accredited-programs/,2026-05-29,2026-06-05,,Full,2031-32,On or prior to 1942*,LCME MD accredited program row,Treat as one application unit unless AMCAS or school-specific materials indicate otherwise.,TRUE,FALSE,,unresearched,"School identity, city, state, and accreditation fields source-verified; scoring fields intentionally blank.",,,,,,,,,,,,,,,,,,,,,,,,,,,,,,,,,,,,,,,,,,,,,,,,,,,,,,,,,,,,,,,,,,,,,
md_university_of_north_carolina_school_of_medicine_chapel_hill_north_carolina,University of North Carolina School of Medicine,MD,MD program,University of North Carolina School of Medicine,Main campus,Chapel Hill,North Carolina,NC,USA,,LCME Accredited Programs,https://lcme.org/directory/accredited-programs/,2026-05-29,2026-06-05,,Full,2027-28,On or prior to 1942*,LCME MD accredited program row,Treat as one application unit unless AMCAS or school-specific materials indicate otherwise.,TRUE,FALSE,,unresearched,"School identity, city, state, and accreditation fields source-verified; scoring fields intentionally blank.",,,,,,,,,,,,,,,,,,,,,,,,,,,,,,,,,,,,,,,,,,,,,,,,,,,,,,,,,,,,,,,,,,,,,
md_duke_university_school_of_medicine_durham_north_carolina,Duke University School of Medicine,MD,MD program,Duke University School of Medicine,Main campus,Durham,North Carolina,NC,USA,,LCME Accredited Programs,https://lcme.org/directory/accredited-programs/,2026-05-29,2026-06-05,,Full,2032-33,On or prior to 1942*,LCME MD accredited program row,Treat as one application unit unless AMCAS or school-specific materials indicate otherwise.,TRUE,FALSE,,unresearched,"School identity, city, state, and accreditation fields source-verified; scoring fields intentionally blank.",,,,,,,,,,,,,,,,,,,,,,,,,,,,,,,,,,,,,,,,,,,,,,,,,,,,,,,,,,,,,,,,,,,,,
md_methodist_university_cape_fear_valley_health_school_of_medicine_fayetteville_nor,Methodist University Cape Fear Valley Health School of Medicine,MD,MD program,Methodist University Cape Fear Valley Health School of Medicine,Main campus,Fayetteville,North Carolina,NC,USA,,LCME Accredited Programs,https://lcme.org/directory/accredited-programs/,2026-05-29,2026-06-05,,Preliminary,2027-28,2025,LCME MD accredited program row,Treat as one application unit unless AMCAS or school-specific materials indicate otherwise.,TRUE,FALSE,,unresearched,"School identity, city, state, and accreditation fields source-verified; scoring fields intentionally blank.",,,,,,,,,,,,,,,,,,,,,,,,,,,,,,,,,,,,,,,,,,,,,,,,,,,,,,,,,,,,,,,,,,,,,
md_brody_school_of_medicine_at_east_carolina_university_greenville_north_carolina,Brody School of Medicine at East Carolina University,MD,MD program,Brody School of Medicine at East Carolina University,Main campus,Greenville,North Carolina,NC,USA,,LCME Accredited Programs,https://lcme.org/directory/accredited-programs/,2026-05-29,2026-06-05,,Full,2027-28,1977,LCME MD accredited program row,Treat as one application unit unless AMCAS or school-specific materials indicate otherwise.,TRUE,FALSE,,unresearched,"School identity, city, state, and accreditation fields source-verified; scoring fields intentionally blank.",,,,,,,,,,,,,,,,,,,,,,,,,,,,,,,,,,,,,,,,,,,,,,,,,,,,,,,,,,,,,,,,,,,,,
md_wake_forest_university_school_of_medicine_winston_salem_north_carolina,Wake Forest University School of Medicine,MD,MD program,Wake Forest University School of Medicine,Main campus,Winston-Salem,North Carolina,NC,USA,,LCME Accredited Programs,https://lcme.org/directory/accredited-programs/,2026-05-29,2026-06-05,,Full,2031-32,On or prior to 1942*,LCME MD accredited program row,Treat as one application unit unless AMCAS or school-specific materials indicate otherwise.,TRUE,FALSE,,unresearched,"School identity, city, state, and accreditation fields source-verified; scoring fields intentionally blank.",,,,,,,,,,,,,,,,,,,,,,,,,,,,,,,,,,,,,,,,,,,,,,,,,,,,,,,,,,,,,,,,,,,,,
md_university_of_north_dakota_school_of_medicine_and_health_sciences_grand_forks_no,University of North Dakota School of Medicine and Health Sciences,MD,MD program,University of North Dakota School of Medicine and Health Sciences,Main campus,Grand Forks,North Dakota,ND,USA,,LCME Accredited Programs,https://lcme.org/directory/accredited-programs/,2026-05-29,2026-06-05,,Full,2029-30,On or prior to 1942*,LCME MD accredited program row,Treat as one application unit unless AMCAS or school-specific materials indicate otherwise.,TRUE,FALSE,,unresearched,"School identity, city, state, and accreditation fields source-verified; scoring fields intentionally blank.",,,,,,,,,,,,,,,,,,,,,,,,,,,,,,,,,,,,,,,,,,,,,,,,,,,,,,,,,,,,,,,,,,,,,
md_university_of_cincinnati_college_of_medicine_cincinnati_ohio,University of Cincinnati College of Medicine,MD,MD program,University of Cincinnati College of Medicine,Main campus,Cincinnati,Ohio,OH,USA,,LCME Accredited Programs,https://lcme.org/directory/accredited-programs/,2026-05-29,2026-06-05,,Full,2027-28,On or prior to 1942*,LCME MD accredited program row,Treat as one application unit unless AMCAS or school-specific materials indicate otherwise.,TRUE,FALSE,,unresearched,"School identity, city, state, and accreditation fields source-verified; scoring fields intentionally blank.",,,,,,,,,,,,,,,,,,,,,,,,,,,,,,,,,,,,,,,,,,,,,,,,,,,,,,,,,,,,,,,,,,,,,
md_case_western_reserve_university_school_of_medicine_cleveland_ohio,Case Western Reserve University School of Medicine,MD,MD program,Case Western Reserve University School of Medicine,Main campus,Cleveland,Ohio,OH,USA,,LCME Accredited Programs,https://lcme.org/directory/accredited-programs/,2026-05-29,2026-06-05,,Full,2032-33,On or prior to 1942*,LCME MD accredited program row,Treat as one application unit unless AMCAS or school-specific materials indicate otherwise.,TRUE,FALSE,,unresearched,"School identity, city, state, and accreditation fields source-verified; scoring fields intentionally blank.",,,,,,,,,,,,,,,,,,,,,,,,,,,,,,,,,,,,,,,,,,,,,,,,,,,,,,,,,,,,,,,,,,,,,
md_the_ohio_state_university_college_of_medicine_columbus_ohio,The Ohio State University College of Medicine,MD,MD program,The Ohio State University College of Medicine,Main campus,Columbus,Ohio,OH,USA,,LCME Accredited Programs,https://lcme.org/directory/accredited-programs/,2026-05-29,2026-06-05,,Full,2029-30,On or prior to 1942*,LCME MD accredited program row,Treat as one application unit unless AMCAS or school-specific materials indicate otherwise.,TRUE,FALSE,,unresearched,"School identity, city, state, and accreditation fields source-verified; scoring fields intentionally blank.",,,,,,,,,,,,,,,,,,,,,,,,,,,,,,,,,,,,,,,,,,,,,,,,,,,,,,,,,,,,,,,,,,,,,
md_boonshoft_school_of_medicine_wright_state_university_dayton_ohio,Boonshoft School of Medicine Wright State University,MD,MD program,Boonshoft School of Medicine Wright State University,Main campus,Dayton,Ohio,OH,USA,,LCME Accredited Programs,https://lcme.org/directory/accredited-programs/,2026-05-29,2026-06-05,,Full,2026-27,1976,LCME MD accredited program row,Treat as one application unit unless AMCAS or school-specific materials indicate otherwise.,TRUE,FALSE,,unresearched,"School identity, city, state, and accreditation fields source-verified; scoring fields intentionally blank.",,,,,,,,,,,,,,,,,,,,,,,,,,,,,,,,,,,,,,,,,,,,,,,,,,,,,,,,,,,,,,,,,,,,,
md_northeast_ohio_medical_university_college_of_medicine_rootstown_ohio,Northeast Ohio Medical University College of Medicine,MD,MD program,Northeast Ohio Medical University College of Medicine,Main campus,Rootstown,Ohio,OH,USA,,LCME Accredited Programs,https://lcme.org/directory/accredited-programs/,2026-05-29,2026-06-05,,Full,2026-27,1977,LCME MD accredited program row,Treat as one application unit unless AMCAS or school-specific materials indicate otherwise.,TRUE,FALSE,,unresearched,"School identity, city, state, and accreditation fields source-verified; scoring fields intentionally blank.",,,,,,,,,,,,,,,,,,,,,,,,,,,,,,,,,,,,,,,,,,,,,,,,,,,,,,,,,,,,,,,,,,,,,
md_university_of_toledo_college_of_medicine_and_life_sciences_toledo_ohio,University of Toledo College of Medicine and Life Sciences,MD,MD program,University of Toledo College of Medicine and Life Sciences,Main campus,Toledo,Ohio,OH,USA,,LCME Accredited Programs,https://lcme.org/directory/accredited-programs/,2026-05-29,2026-06-05,,Full,2028-29,1968,LCME MD accredited program row,Treat as one application unit unless AMCAS or school-specific materials indicate otherwise.,TRUE,FALSE,,unresearched,"School identity, city, state, and accreditation fields source-verified; scoring fields intentionally blank.",,,,,,,,,,,,,,,,,,,,,,,,,,,,,,,,,,,,,,,,,,,,,,,,,,,,,,,,,,,,,,,,,,,,,
md_university_of_oklahoma_college_of_medicine_oklahoma_city_oklahoma,University of Oklahoma College of Medicine,MD,MD program,University of Oklahoma College of Medicine,Main campus,Oklahoma City,Oklahoma,OK,USA,,LCME Accredited Programs,https://lcme.org/directory/accredited-programs/,2026-05-29,2026-06-05,,Full,2026-27,On or prior to 1942*,LCME MD accredited program row,Treat as one application unit unless AMCAS or school-specific materials indicate otherwise.,TRUE,FALSE,,unresearched,"School identity, city, state, and accreditation fields source-verified; scoring fields intentionally blank.",,,,,,,,,,,,,,,,,,,,,,,,,,,,,,,,,,,,,,,,,,,,,,,,,,,,,,,,,,,,,,,,,,,,,
md_oregon_health_and_science_university_school_of_medicine_portland_oregon,Oregon Health & Science University School of Medicine,MD,MD program,Oregon Health & Science University School of Medicine,Main campus,Portland,Oregon,OR,USA,,LCME Accredited Programs,https://lcme.org/directory/accredited-programs/,2026-05-29,2026-06-05,,Full,2027-28,On or prior to 1942*,LCME MD accredited program row,Treat as one application unit unless AMCAS or school-specific materials indicate otherwise.,TRUE,FALSE,,unresearched,"School identity, city, state, and accreditation fields source-verified; scoring fields intentionally blank.",,,,,,,,,,,,,,,,,,,,,,,,,,,,,,,,,,,,,,,,,,,,,,,,,,,,,,,,,,,,,,,,,,,,,
md_penn_state_college_of_medicine_hershey_pennsylvania,Penn State College of Medicine,MD,MD program,Penn State College of Medicine,Main campus,Hershey,Pennsylvania,PA,USA,,LCME Accredited Programs,https://lcme.org/directory/accredited-programs/,2026-05-29,2026-06-05,,Full,2025-26,1967,LCME MD accredited program row,Treat as one application unit unless AMCAS or school-specific materials indicate otherwise.,TRUE,FALSE,,unresearched,"School identity, city, state, and accreditation fields source-verified; scoring fields intentionally blank.",,,,,,,,,,,,,,,,,,,,,,,,,,,,,,,,,,,,,,,,,,,,,,,,,,,,,,,,,,,,,,,,,,,,,
md_drexel_university_college_of_medicine_philadelphia_pennsylvania,Drexel University College of Medicine,MD,MD program,Drexel University College of Medicine,Main campus,Philadelphia,Pennsylvania,PA,USA,,LCME Accredited Programs,https://lcme.org/directory/accredited-programs/,2026-05-29,2026-06-05,,Full,2028-29,On or prior to 1942*,LCME MD accredited program row,Treat as one application unit unless AMCAS or school-specific materials indicate otherwise.,TRUE,FALSE,,unresearched,"School identity, city, state, and accreditation fields source-verified; scoring fields intentionally blank.",,,,,,,,,,,,,,,,,,,,,,,,,,,,,,,,,,,,,,,,,,,,,,,,,,,,,,,,,,,,,,,,,,,,,
md_lewis_katz_school_of_medicine_at_temple_university_philadelphia_pennsylvania,Lewis Katz School of Medicine at Temple University,MD,MD program,Lewis Katz School of Medicine at Temple University,Main campus,Philadelphia,Pennsylvania,PA,USA,,LCME Accredited Programs,https://lcme.org/directory/accredited-programs/,2026-05-29,2026-06-05,,Full,2032-33,On or prior to 1942*,LCME MD accredited program row,Treat as one application unit unless AMCAS or school-specific materials indicate otherwise.,TRUE,FALSE,,unresearched,"School identity, city, state, and accreditation fields source-verified; scoring fields intentionally blank.",,,,,,,,,,,,,,,,,,,,,,,,,,,,,,,,,,,,,,,,,,,,,,,,,,,,,,,,,,,,,,,,,,,,,
md_raymond_and_ruth_perelman_school_of_medicine_at_the_university_of_pennsylvania_p,Raymond and Ruth Perelman School of Medicine at the University of Pennsylvania,MD,MD program,Raymond and Ruth Perelman School of Medicine at the University of Pennsylvania,Main campus,Philadelphia,Pennsylvania,PA,USA,,LCME Accredited Programs,https://lcme.org/directory/accredited-programs/,2026-05-29,2026-06-05,,Full,2025-26,On or prior to 1942*,LCME MD accredited program row,Treat as one application unit unless AMCAS or school-specific materials indicate otherwise.,TRUE,FALSE,,unresearched,"School identity, city, state, and accreditation fields source-verified; scoring fields intentionally blank.",,,,,,,,,,,,,,,,,,,,,,,,,,,,,,,,,,,,,,,,,,,,,,,,,,,,,,,,,,,,,,,,,,,,,
md_sidney_kimmel_medical_college_at_thomas_jefferson_university_philadelphia_pennsy,Sidney Kimmel Medical College at Thomas Jefferson University,MD,MD program,Sidney Kimmel Medical College at Thomas Jefferson University,Main campus,Philadelphia,Pennsylvania,PA,USA,,LCME Accredited Programs,https://lcme.org/directory/accredited-programs/,2026-05-29,2026-06-05,,Full,2030-31,On or prior to 1942*,LCME MD accredited program row,Treat as one application unit unless AMCAS or school-specific materials indicate otherwise.,TRUE,FALSE,,unresearched,"School identity, city, state, and accreditation fields source-verified; scoring fields intentionally blank.",,,,,,,,,,,,,,,,,,,,,,,,,,,,,,,,,,,,,,,,,,,,,,,,,,,,,,,,,,,,,,,,,,,,,
md_university_of_pittsburgh_school_of_medicine_pittsburgh_pennsylvania,University of Pittsburgh School of Medicine,MD,MD program,University of Pittsburgh School of Medicine,Main campus,Pittsburgh,Pennsylvania,PA,USA,,LCME Accredited Programs,https://lcme.org/directory/accredited-programs/,2026-05-29,2026-06-05,,Full,2026-27,On or prior to 1942*,LCME MD accredited program row,Treat as one application unit unless AMCAS or school-specific materials indicate otherwise.,TRUE,FALSE,,unresearched,"School identity, city, state, and accreditation fields source-verified; scoring fields intentionally blank.",,,,,,,,,,,,,,,,,,,,,,,,,,,,,,,,,,,,,,,,,,,,,,,,,,,,,,,,,,,,,,,,,,,,,
md_geisinger_commonwealth_school_of_medicine_scranton_pennsylvania,Geisinger Commonwealth School of Medicine,MD,MD program,Geisinger Commonwealth School of Medicine,Main campus,Scranton,Pennsylvania,PA,USA,,LCME Accredited Programs,https://lcme.org/directory/accredited-programs/,2026-05-29,2026-06-05,,Full,2026-27,2008,LCME MD accredited program row,Treat as one application unit unless AMCAS or school-specific materials indicate otherwise.,TRUE,FALSE,,unresearched,"School identity, city, state, and accreditation fields source-verified; scoring fields intentionally blank.",,,,,,,,,,,,,,,,,,,,,,,,,,,,,,,,,,,,,,,,,,,,,,,,,,,,,,,,,,,,,,,,,,,,,
md_the_warren_alpert_medical_school_of_brown_university_providence_rhode_island,The Warren Alpert Medical School of Brown University,MD,MD program,The Warren Alpert Medical School of Brown University,Main campus,Providence,Rhode Island,RI,USA,,LCME Accredited Programs,https://lcme.org/directory/accredited-programs/,2026-05-29,2026-06-05,,Full,2028-29,1963,LCME MD accredited program row,Treat as one application unit unless AMCAS or school-specific materials indicate otherwise.,TRUE,FALSE,,unresearched,"School identity, city, state, and accreditation fields source-verified; scoring fields intentionally blank.",,,,,,,,,,,,,,,,,,,,,,,,,,,,,,,,,,,,,,,,,,,,,,,,,,,,,,,,,,,,,,,,,,,,,
md_medical_university_of_south_carolina_college_of_medicine_charleston_south_caroli,Medical University of South Carolina College of Medicine,MD,MD program,Medical University of South Carolina College of Medicine,Main campus,Charleston,South Carolina,SC,USA,,LCME Accredited Programs,https://lcme.org/directory/accredited-programs/,2026-05-29,2026-06-05,,Full,2028-29,On or prior to 1942*,LCME MD accredited program row,Treat as one application unit unless AMCAS or school-specific materials indicate otherwise.,TRUE,FALSE,,unresearched,"School identity, city, state, and accreditation fields source-verified; scoring fields intentionally blank.",,,,,,,,,,,,,,,,,,,,,,,,,,,,,,,,,,,,,,,,,,,,,,,,,,,,,,,,,,,,,,,,,,,,,
md_university_of_south_carolina_kay_and_c_edward_floyd_m_d_school_of_medicine_colum,"University of South Carolina Kay and C. Edward Floyd, M.D. School of Medicine",MD,MD program,"University of South Carolina Kay and C. Edward Floyd, M.D. School of Medicine",Main campus,Columbia,South Carolina,SC,USA,,LCME Accredited Programs,https://lcme.org/directory/accredited-programs/,2026-05-29,2026-06-05,,Full,2026-27,1976,LCME MD accredited program row,Treat as one application unit unless AMCAS or school-specific materials indicate otherwise.,TRUE,FALSE,,unresearched,"School identity, city, state, and accreditation fields source-verified; scoring fields intentionally blank.",,,,,,,,,,,,,,,,,,,,,,,,,,,,,,,,,,,,,,,,,,,,,,,,,,,,,,,,,,,,,,,,,,,,,
md_university_of_south_carolina_school_of_medicine_greenville_greenville_south_caro,"University of South Carolina School of Medicine, Greenville",MD,MD program,"University of South Carolina School of Medicine, Greenville",Main campus,Greenville,South Carolina,SC,USA,,LCME Accredited Programs,https://lcme.org/directory/accredited-programs/,2026-05-29,2026-06-05,,Full,2028-29,2011,LCME MD accredited program row,Treat as one application unit unless AMCAS or school-specific materials indicate otherwise.,TRUE,FALSE,,unresearched,"School identity, city, state, and accreditation fields source-verified; scoring fields intentionally blank.",,,,,,,,,,,,,,,,,,,,,,,,,,,,,,,,,,,,,,,,,,,,,,,,,,,,,,,,,,,,,,,,,,,,,
md_university_of_south_dakota_sanford_school_of_medicine_vermillion_south_dakota,University of South Dakota Sanford School of Medicine,MD,MD program,University of South Dakota Sanford School of Medicine,Main campus,Vermillion,South Dakota,SD,USA,,LCME Accredited Programs,https://lcme.org/directory/accredited-programs/,2026-05-29,2026-06-05,,Full,2033-34,On or prior to 1942*,LCME MD accredited program row,Treat as one application unit unless AMCAS or school-specific materials indicate otherwise.,TRUE,FALSE,,unresearched,"School identity, city, state, and accreditation fields source-verified; scoring fields intentionally blank.",,,,,,,,,,,,,,,,,,,,,,,,,,,,,,,,,,,,,,,,,,,,,,,,,,,,,,,,,,,,,,,,,,,,,
md_east_tennessee_state_university_james_h_quillen_college_of_medicine_johnson_city,East Tennessee State University James H. Quillen College of Medicine,MD,MD program,East Tennessee State University James H. Quillen College of Medicine,Main campus,Johnson City,Tennessee,TN,USA,,LCME Accredited Programs,https://lcme.org/directory/accredited-programs/,2026-05-29,2026-06-05,,Full,2027-28,1978,LCME MD accredited program row,Treat as one application unit unless AMCAS or school-specific materials indicate otherwise.,TRUE,FALSE,,unresearched,"School identity, city, state, and accreditation fields source-verified; scoring fields intentionally blank.",,,,,,,,,,,,,,,,,,,,,,,,,,,,,,,,,,,,,,,,,,,,,,,,,,,,,,,,,,,,,,,,,,,,,
md_university_of_tennessee_health_science_center_college_of_medicine_memphis_tennes,University of Tennessee Health Science Center College of Medicine,MD,MD program,University of Tennessee Health Science Center College of Medicine,Main campus,Memphis,Tennessee,TN,USA,,LCME Accredited Programs,https://lcme.org/directory/accredited-programs/,2026-05-29,2026-06-05,,Full,2029-30,On or prior to 1942*,LCME MD accredited program row,Treat as one application unit unless AMCAS or school-specific materials indicate otherwise.,TRUE,FALSE,,unresearched,"School identity, city, state, and accreditation fields source-verified; scoring fields intentionally blank.",,,,,,,,,,,,,,,,,,,,,,,,,,,,,,,,,,,,,,,,,,,,,,,,,,,,,,,,,,,,,,,,,,,,,
md_meharry_medical_college_school_of_medicine_nashville_tennessee,Meharry Medical College School of Medicine,MD,MD program,Meharry Medical College School of Medicine,Main campus,Nashville,Tennessee,TN,USA,,LCME Accredited Programs,https://lcme.org/directory/accredited-programs/,2026-05-29,2026-06-05,,"Full, on probation",2025-26,On or prior to 1942*,LCME MD accredited program row,Treat as one application unit unless AMCAS or school-specific materials indicate otherwise.,TRUE,FALSE,,unresearched,"School identity, city, state, and accreditation fields source-verified; scoring fields intentionally blank.",,,,,,,,,,,,,,,,,,,,,,,,,,,,,,,,,,,,,,,,,,,,,,,,,,,,,,,,,,,,,,,,,,,,,
md_thomas_f_frist_jr_college_of_medicine_at_belmont_university_nashville_tennessee,"Thomas F. Frist, Jr. College of Medicine at Belmont University",MD,MD program,"Thomas F. Frist, Jr. College of Medicine at Belmont University",Main campus,Nashville,Tennessee,TN,USA,,LCME Accredited Programs,https://lcme.org/directory/accredited-programs/,2026-05-29,2026-06-05,,Preliminary,2025-26,2023,LCME MD accredited program row,Treat as one application unit unless AMCAS or school-specific materials indicate otherwise.,TRUE,FALSE,,unresearched,"School identity, city, state, and accreditation fields source-verified; scoring fields intentionally blank.",,,,,,,,,,,,,,,,,,,,,,,,,,,,,,,,,,,,,,,,,,,,,,,,,,,,,,,,,,,,,,,,,,,,,
md_vanderbilt_university_school_of_medicine_nashville_tennessee,Vanderbilt University School of Medicine,MD,MD program,Vanderbilt University School of Medicine,Main campus,Nashville,Tennessee,TN,USA,,LCME Accredited Programs,https://lcme.org/directory/accredited-programs/,2026-05-29,2026-06-05,,Full,2028-29,On or prior to 1942*,LCME MD accredited program row,Treat as one application unit unless AMCAS or school-specific materials indicate otherwise.,TRUE,FALSE,,unresearched,"School identity, city, state, and accreditation fields source-verified; scoring fields intentionally blank.",,,,,,,,,,,,,,,,,,,,,,,,,,,,,,,,,,,,,,,,,,,,,,,,,,,,,,,,,,,,,,,,,,,,,
md_dell_medical_school_university_of_texas_at_austin_austin_texas,Dell Medical School – University of Texas at Austin,MD,MD program,Dell Medical School – University of Texas at Austin,Main campus,Austin,Texas,TX,USA,,LCME Accredited Programs,https://lcme.org/directory/accredited-programs/,2026-05-29,2026-06-05,,Full,2032-33,2015,LCME MD accredited program row,Treat as one application unit unless AMCAS or school-specific materials indicate otherwise.,TRUE,FALSE,,unresearched,"School identity, city, state, and accreditation fields source-verified; scoring fields intentionally blank.",,,,,,,,,,,,,,,,,,,,,,,,,,,,,,,,,,,,,,,,,,,,,,,,,,,,,,,,,,,,,,,,,,,,,
md_texas_a_and_m_university_naresh_k_vashisht_college_of_medicine_college_station_t,Texas A&M University Naresh K. Vashisht College of Medicine,MD,MD program,Texas A&M University Naresh K. Vashisht College of Medicine,Main campus,College Station,Texas,TX,USA,,LCME Accredited Programs,https://lcme.org/directory/accredited-programs/,2026-05-29,2026-06-05,,Full,2027-28,1976,LCME MD accredited program row,Treat as one application unit unless AMCAS or school-specific materials indicate otherwise.,TRUE,FALSE,,unresearched,"School identity, city, state, and accreditation fields source-verified; scoring fields intentionally blank.",,,,,,,,,,,,,,,,,,,,,,,,,,,,,,,,,,,,,,,,,,,,,,,,,,,,,,,,,,,,,,,,,,,,,
md_university_of_texas_southwestern_medical_school_dallas_texas,University of Texas Southwestern Medical School,MD,MD program,University of Texas Southwestern Medical School,Main campus,Dallas,Texas,TX,USA,,LCME Accredited Programs,https://lcme.org/directory/accredited-programs/,2026-05-29,2026-06-05,,Full,2025-26,1943,LCME MD accredited program row,Treat as one application unit unless AMCAS or school-specific materials indicate otherwise.,TRUE,FALSE,,unresearched,"School identity, city, state, and accreditation fields source-verified; scoring fields intentionally blank.",,,,,,,,,,,,,,,,,,,,,,,,,,,,,,,,,,,,,,,,,,,,,,,,,,,,,,,,,,,,,,,,,,,,,
md_university_of_texas_rio_grande_valley_school_of_medicine_edinburg_texas,University of Texas Rio Grande Valley School of Medicine,MD,MD program,University of Texas Rio Grande Valley School of Medicine,Main campus,Edinburg,Texas,TX,USA,,LCME Accredited Programs,https://lcme.org/directory/accredited-programs/,2026-05-29,2026-06-05,,Full,2027-28,2015,LCME MD accredited program row,Treat as one application unit unless AMCAS or school-specific materials indicate otherwise.,TRUE,FALSE,,unresearched,"School identity, city, state, and accreditation fields source-verified; scoring fields intentionally blank.",,,,,,,,,,,,,,,,,,,,,,,,,,,,,,,,,,,,,,,,,,,,,,,,,,,,,,,,,,,,,,,,,,,,,
md_paul_l_foster_school_of_medicine_texas_tech_university_health_sciences_center_at,Paul L. Foster School of Medicine Texas Tech University Health Sciences Center at El Paso,MD,MD program,Paul L. Foster School of Medicine Texas Tech University Health Sciences Center at El Paso,Main campus,El Paso,Texas,TX,USA,,LCME Accredited Programs,https://lcme.org/directory/accredited-programs/,2026-05-29,2026-06-05,,Full,2027-28,2008,LCME MD accredited program row,Treat as one application unit unless AMCAS or school-specific materials indicate otherwise.,TRUE,FALSE,,unresearched,"School identity, city, state, and accreditation fields source-verified; scoring fields intentionally blank.",,,,,,,,,,,,,,,,,,,,,,,,,,,,,,,,,,,,,,,,,,,,,,,,,,,,,,,,,,,,,,,,,,,,,
md_anne_burnett_marion_school_of_medicine_at_texas_christian_university_fort_worth_,Anne Burnett Marion School of Medicine at Texas Christian University,MD,MD program,Anne Burnett Marion School of Medicine at Texas Christian University,Main campus,Fort Worth,Texas,TX,USA,,LCME Accredited Programs,https://lcme.org/directory/accredited-programs/,2026-05-29,2026-06-05,,Full,2027-28,2018,LCME MD accredited program row,Treat as one application unit unless AMCAS or school-specific materials indicate otherwise.,TRUE,FALSE,,unresearched,"School identity, city, state, and accreditation fields source-verified; scoring fields intentionally blank.",,,,,,,,,,,,,,,,,,,,,,,,,,,,,,,,,,,,,,,,,,,,,,,,,,,,,,,,,,,,,,,,,,,,,
md_university_of_texas_medical_branch_john_sealy_school_of_medicine_galveston_texas,University of Texas Medical Branch John Sealy School of Medicine,MD,MD program,University of Texas Medical Branch John Sealy School of Medicine,Main campus,Galveston,Texas,TX,USA,,LCME Accredited Programs,https://lcme.org/directory/accredited-programs/,2026-05-29,2026-06-05,,Full,2030-31,On or prior to 1942*,LCME MD accredited program row,Treat as one application unit unless AMCAS or school-specific materials indicate otherwise.,TRUE,FALSE,,unresearched,"School identity, city, state, and accreditation fields source-verified; scoring fields intentionally blank.",,,,,,,,,,,,,,,,,,,,,,,,,,,,,,,,,,,,,,,,,,,,,,,,,,,,,,,,,,,,,,,,,,,,,
md_baylor_college_of_medicine_school_of_medicine_houston_texas,Baylor College of Medicine School of Medicine,MD,MD program,Baylor College of Medicine School of Medicine,Main campus,Houston,Texas,TX,USA,,LCME Accredited Programs,https://lcme.org/directory/accredited-programs/,2026-05-29,2026-06-05,,Full,2029-30,On or prior to 1942*,LCME MD accredited program row,Treat as one application unit unless AMCAS or school-specific materials indicate otherwise.,TRUE,FALSE,,unresearched,"School identity, city, state, and accreditation fields source-verified; scoring fields intentionally blank.",,,,,,,,,,,,,,,,,,,,,,,,,,,,,,,,,,,,,,,,,,,,,,,,,,,,,,,,,,,,,,,,,,,,,
md_mcgovern_medical_school_at_uthealth_houston_houston_texas,McGovern Medical School at UTHealth Houston,MD,MD program,McGovern Medical School at UTHealth Houston,Main campus,Houston,Texas,TX,USA,,LCME Accredited Programs,https://lcme.org/directory/accredited-programs/,2026-05-29,2026-06-05,,Full,2027-28,1970,LCME MD accredited program row,Treat as one application unit unless AMCAS or school-specific materials indicate otherwise.,TRUE,FALSE,,unresearched,"School identity, city, state, and accreditation fields source-verified; scoring fields intentionally blank.",,,,,,,,,,,,,,,,,,,,,,,,,,,,,,,,,,,,,,,,,,,,,,,,,,,,,,,,,,,,,,,,,,,,,
md_university_of_houston_tilman_j_fertitta_family_college_of_medicine_houston_texas,University of Houston Tilman J. Fertitta Family College of Medicine,MD,MD program,University of Houston Tilman J. Fertitta Family College of Medicine,Main campus,Houston,Texas,TX,USA,,LCME Accredited Programs,https://lcme.org/directory/accredited-programs/,2026-05-29,2026-06-05,,Provisional,2025-26,2020,LCME MD accredited program row,Treat as one application unit unless AMCAS or school-specific materials indicate otherwise.,TRUE,FALSE,,unresearched,"School identity, city, state, and accreditation fields source-verified; scoring fields intentionally blank.",,,,,,,,,,,,,,,,,,,,,,,,,,,,,,,,,,,,,,,,,,,,,,,,,,,,,,,,,,,,,,,,,,,,,
md_texas_tech_university_health_sciences_center_school_of_medicine_lubbock_texas,Texas Tech University Health Sciences Center School of Medicine,MD,MD program,Texas Tech University Health Sciences Center School of Medicine,Main campus,Lubbock,Texas,TX,USA,,LCME Accredited Programs,https://lcme.org/directory/accredited-programs/,2026-05-29,2026-06-05,,Full,2032-33,1971,LCME MD accredited program row,Treat as one application unit unless AMCAS or school-specific materials indicate otherwise.,TRUE,FALSE,,unresearched,"School identity, city, state, and accreditation fields source-verified; scoring fields intentionally blank.",,,,,,,,,,,,,,,,,,,,,,,,,,,,,,,,,,,,,,,,,,,,,,,,,,,,,,,,,,,,,,,,,,,,,
md_the_university_of_texas_at_san_antonio_joe_r_and_teresa_lozano_long_school_of_me,The University of Texas at San Antonio Joe R. and Teresa Lozano Long School of Medicine,MD,MD program,The University of Texas at San Antonio Joe R. and Teresa Lozano Long School of Medicine,Main campus,San Antonio,Texas,TX,USA,,LCME Accredited Programs,https://lcme.org/directory/accredited-programs/,2026-05-29,2026-06-05,,Full,2026-27,1968,LCME MD accredited program row,Treat as one application unit unless AMCAS or school-specific materials indicate otherwise.,TRUE,FALSE,,unresearched,"School identity, city, state, and accreditation fields source-verified; scoring fields intentionally blank.",,,,,,,,,,,,,,,,,,,,,,,,,,,,,,,,,,,,,,,,,,,,,,,,,,,,,,,,,,,,,,,,,,,,,
md_the_university_of_texas_at_tyler_school_of_medicine_tyler_texas,The University of Texas at Tyler School of Medicine,MD,MD program,The University of Texas at Tyler School of Medicine,Main campus,Tyler,Texas,TX,USA,,LCME Accredited Programs,https://lcme.org/directory/accredited-programs/,2026-05-29,2026-06-05,,Preliminary,2026-27,2022,LCME MD accredited program row,Treat as one application unit unless AMCAS or school-specific materials indicate otherwise.,TRUE,FALSE,,unresearched,"School identity, city, state, and accreditation fields source-verified; scoring fields intentionally blank.",,,,,,,,,,,,,,,,,,,,,,,,,,,,,,,,,,,,,,,,,,,,,,,,,,,,,,,,,,,,,,,,,,,,,
md_spencer_fox_eccles_school_of_medicine_at_the_university_of_utah_salt_lake_city_u,Spencer Fox Eccles School of Medicine at the University of Utah,MD,MD program,Spencer Fox Eccles School of Medicine at the University of Utah,Main campus,Salt Lake City,Utah,UT,USA,,LCME Accredited Programs,https://lcme.org/directory/accredited-programs/,2026-05-29,2026-06-05,,Full,2027-28,On or prior to 1942*,LCME MD accredited program row,Treat as one application unit unless AMCAS or school-specific materials indicate otherwise.,TRUE,FALSE,,unresearched,"School identity, city, state, and accreditation fields source-verified; scoring fields intentionally blank.",,,,,,,,,,,,,,,,,,,,,,,,,,,,,,,,,,,,,,,,,,,,,,,,,,,,,,,,,,,,,,,,,,,,,
md_robert_larner_m_d_college_of_medicine_at_the_university_of_vermont_burlington_ve,"Robert Larner, M.D. College of Medicine at the University of Vermont",MD,MD program,"Robert Larner, M.D. College of Medicine at the University of Vermont",Main campus,Burlington,Vermont,VT,USA,,LCME Accredited Programs,https://lcme.org/directory/accredited-programs/,2026-05-29,2026-06-05,,Full,2028-29,On or prior to 1942*,LCME MD accredited program row,Treat as one application unit unless AMCAS or school-specific materials indicate otherwise.,TRUE,FALSE,,unresearched,"School identity, city, state, and accreditation fields source-verified; scoring fields intentionally blank.",,,,,,,,,,,,,,,,,,,,,,,,,,,,,,,,,,,,,,,,,,,,,,,,,,,,,,,,,,,,,,,,,,,,,
md_university_of_virginia_school_of_medicine_charlottesville_virginia,University of Virginia School of Medicine,MD,MD program,University of Virginia School of Medicine,Main campus,Charlottesville,Virginia,VA,USA,,LCME Accredited Programs,https://lcme.org/directory/accredited-programs/,2026-05-29,2026-06-05,,Full,2030-31,On or prior to 1942*,LCME MD accredited program row,Treat as one application unit unless AMCAS or school-specific materials indicate otherwise.,TRUE,FALSE,,unresearched,"School identity, city, state, and accreditation fields source-verified; scoring fields intentionally blank.",,,,,,,,,,,,,,,,,,,,,,,,,,,,,,,,,,,,,,,,,,,,,,,,,,,,,,,,,,,,,,,,,,,,,
md_eastern_virginia_medical_school_at_old_dominion_university_norfolk_virginia,Eastern Virginia Medical School at Old Dominion University,MD,MD program,Eastern Virginia Medical School at Old Dominion University,Main campus,Norfolk,Virginia,VA,USA,,LCME Accredited Programs,https://lcme.org/directory/accredited-programs/,2026-05-29,2026-06-05,,Full,2028-29,1973,LCME MD accredited program row,Treat as one application unit unless AMCAS or school-specific materials indicate otherwise.,TRUE,FALSE,,unresearched,"School identity, city, state, and accreditation fields source-verified; scoring fields intentionally blank.",,,,,,,,,,,,,,,,,,,,,,,,,,,,,,,,,,,,,,,,,,,,,,,,,,,,,,,,,,,,,,,,,,,,,
md_virginia_commonwealth_university_school_of_medicine_richmond_virginia,Virginia Commonwealth University School of Medicine,MD,MD program,Virginia Commonwealth University School of Medicine,Main campus,Richmond,Virginia,VA,USA,,LCME Accredited Programs,https://lcme.org/directory/accredited-programs/,2026-05-29,2026-06-05,,Full,2031-32,On or prior to 1942*,LCME MD accredited program row,Treat as one application unit unless AMCAS or school-specific materials indicate otherwise.,TRUE,FALSE,,unresearched,"School identity, city, state, and accreditation fields source-verified; scoring fields intentionally blank.",,,,,,,,,,,,,,,,,,,,,,,,,,,,,,,,,,,,,,,,,,,,,,,,,,,,,,,,,,,,,,,,,,,,,
md_virginia_tech_carilion_school_of_medicine_roanoke_virginia,Virginia Tech Carilion School of Medicine,MD,MD program,Virginia Tech Carilion School of Medicine,Main campus,Roanoke,Virginia,VA,USA,,LCME Accredited Programs,https://lcme.org/directory/accredited-programs/,2026-05-29,2026-06-05,,Full,2026-27,2009,LCME MD accredited program row,Treat as one application unit unless AMCAS or school-specific materials indicate otherwise.,TRUE,FALSE,,unresearched,"School identity, city, state, and accreditation fields source-verified; scoring fields intentionally blank.",,,,,,,,,,,,,,,,,,,,,,,,,,,,,,,,,,,,,,,,,,,,,,,,,,,,,,,,,,,,,,,,,,,,,
md_university_of_washington_school_of_medicine_seattle_washington,University of Washington School of Medicine,MD,MD program,University of Washington School of Medicine,Main campus,Seattle,Washington,WA,USA,,LCME Accredited Programs,https://lcme.org/directory/accredited-programs/,2026-05-29,2026-06-05,,Full,2025-26,1945,LCME MD accredited program row,Treat as one application unit unless AMCAS or school-specific materials indicate otherwise.,TRUE,FALSE,,unresearched,"School identity, city, state, and accreditation fields source-verified; scoring fields intentionally blank.",,,,,,,,,,,,,,,,,,,,,,,,,,,,,,,,,,,,,,,,,,,,,,,,,,,,,,,,,,,,,,,,,,,,,
md_washington_state_university_elson_s_floyd_college_of_medicine_spokane_washington,Washington State University Elson S. Floyd College of Medicine,MD,MD program,Washington State University Elson S. Floyd College of Medicine,Main campus,Spokane,Washington,WA,USA,,LCME Accredited Programs,https://lcme.org/directory/accredited-programs/,2026-05-29,2026-06-05,,Full,2028-29,2016,LCME MD accredited program row,Treat as one application unit unless AMCAS or school-specific materials indicate otherwise.,TRUE,FALSE,,unresearched,"School identity, city, state, and accreditation fields source-verified; scoring fields intentionally blank.",,,,,,,,,,,,,,,,,,,,,,,,,,,,,,,,,,,,,,,,,,,,,,,,,,,,,,,,,,,,,,,,,,,,,
md_marshall_university_joan_c_edwards_school_of_medicine_huntington_west_virginia,Marshall University Joan C. Edwards School of Medicine,MD,MD program,Marshall University Joan C. Edwards School of Medicine,Main campus,Huntington,West Virginia,WV,USA,,LCME Accredited Programs,https://lcme.org/directory/accredited-programs/,2026-05-29,2026-06-05,,Full,2026-27,1977,LCME MD accredited program row,Treat as one application unit unless AMCAS or school-specific materials indicate otherwise.,TRUE,FALSE,,unresearched,"School identity, city, state, and accreditation fields source-verified; scoring fields intentionally blank.",,,,,,,,,,,,,,,,,,,,,,,,,,,,,,,,,,,,,,,,,,,,,,,,,,,,,,,,,,,,,,,,,,,,,
md_west_virginia_university_school_of_medicine_morgantown_west_virginia,West Virginia University School of Medicine,MD,MD program,West Virginia University School of Medicine,Main campus,Morgantown,West Virginia,WV,USA,,LCME Accredited Programs,https://lcme.org/directory/accredited-programs/,2026-05-29,2026-06-05,,Full,2030-31,On or prior to 1942*,LCME MD accredited program row,Treat as one application unit unless AMCAS or school-specific materials indicate otherwise.,TRUE,FALSE,,unresearched,"School identity, city, state, and accreditation fields source-verified; scoring fields intentionally blank.",,,,,,,,,,,,,,,,,,,,,,,,,,,,,,,,,,,,,,,,,,,,,,,,,,,,,,,,,,,,,,,,,,,,,
md_university_of_wisconsin_school_of_medicine_and_public_health_madison_wisconsin,University of Wisconsin School of Medicine and Public Health,MD,MD program,University of Wisconsin School of Medicine and Public Health,Main campus,Madison,Wisconsin,WI,USA,,LCME Accredited Programs,https://lcme.org/directory/accredited-programs/,2026-05-29,2026-06-05,,Full,2025-26,On or prior to 1942*,LCME MD accredited program row,Treat as one application unit unless AMCAS or school-specific materials indicate otherwise.,TRUE,FALSE,,unresearched,"School identity, city, state, and accreditation fields source-verified; scoring fields intentionally blank.",,,,,,,,,,,,,,,,,,,,,,,,,,,,,,,,,,,,,,,,,,,,,,,,,,,,,,,,,,,,,,,,,,,,,
md_medical_college_of_wisconsin_milwaukee_wisconsin,Medical College of Wisconsin,MD,MD program,Medical College of Wisconsin,Main campus,Milwaukee,Wisconsin,WI,USA,,LCME Accredited Programs,https://lcme.org/directory/accredited-programs/,2026-05-29,2026-06-05,,Full,2026-27,On or prior to 1942*,LCME MD accredited program row,Treat as one application unit unless AMCAS or school-specific materials indicate otherwise.,TRUE,FALSE,,unresearched,"School identity, city, state, and accreditation fields source-verified; scoring fields intentionally blank.",,,,,,,,,,,,,,,,,,,,,,,,,,,,,,,,,,,,,,,,,,,,,,,,,,,,,,,,,,,,,,,,,,,,,
