cluster_id,canonical_school_name,sources_present,source_count,agreement_label,gpa_values,gpa_range,gpa_spread,mcat_values,mcat_range,mcat_spread,metric_definition_note,prospectivedoctor_school_name,prospectivedoctor_metric_context,prospectivedoctor_gpa,prospectivedoctor_mcat,prospectivedoctor_value_url,prospectivedoctor_notes,shemmassian_school_name,shemmassian_metric_context,shemmassian_gpa,shemmassian_mcat,shemmassian_value_url,shemmassian_notes,matchguy_school_name,matchguy_metric_context,matchguy_gpa,matchguy_mcat,matchguy_value_url,matchguy_notes,cycletrack_acceptance_median_school_name,cycletrack_acceptance_median_metric_context,cycletrack_acceptance_median_gpa,cycletrack_acceptance_median_mcat,cycletrack_acceptance_median_value_url,cycletrack_acceptance_median_notes
1,A.T. Still University School of Osteopathic Medicine Arizona (SOMA),shemmassian,1,single_source,3.53,3.53,,502,502,,Published source rows are school averages; CycleTrack rows are crowdsourced acceptance medians.,,,,,,,A.T. Still University School of Osteopathic Medicine Arizona (SOMA),published school average GPA and MCAT,3.53,502,,,,,,,,,,,,,,
2,A.T. Still University of Health Sciences (Arizona),cycletrack_acceptance_median,1,single_source,3.69;3.77,3.69 - 3.77,0.08,507;505,505 - 507,2,Published source rows are school averages; CycleTrack rows are crowdsourced acceptance medians.,,,,,,,,,,,,,,,,,,,A.T. Still University of Health Sciences (Arizona); A.T. Still University of Health Sciences (Kirksville),CycleTrack crowdsourced DO acceptance median cGPA and MCAT,3.69; 3.77,507; 505,https://cycletrack.org/explorer/school/A.T. Still - Arizona; https://cycletrack.org/explorer/school/A.T. Still - Kirksville,Not an official entering-class average; CycleTrack is crowdsourced applicant/outcome data.
3,A.T. Still University of Health Sciences Kirksville College of Osteopathic Medicine,shemmassian,1,single_source,3.69,3.69,,503,503,,Published source rows are school averages; CycleTrack rows are crowdsourced acceptance medians.,,,,,,,A.T. Still University of Health Sciences Kirksville College of Osteopathic Medicine,published school average GPA and MCAT,3.69,503,,,,,,,,,,,,,,
4,Alabama College of Osteopathic Medicine,cycletrack_acceptance_median;shemmassian,2,major_conflict,3.6;3.5;3;3.7;3.75;3.58,3 - 3.75,0.75,503;500;505;503;504,500 - 505,5,Published source rows are school averages; CycleTrack rows are crowdsourced acceptance medians.,,,,,,,Alabama College of Osteopathic Medicine; Arkansas College of Osteopathic Medicine; Kansas College of Osteopathic Medicine,published school average GPA and MCAT,3.6; 3.5; 3,503; 500,,,,,,,,,Alabama College of Osteopathic Medicine; Arkansas College of Osteopathic Medicine; Kansas College of Osteopathic Medicine,CycleTrack crowdsourced DO acceptance median cGPA and MCAT,3.7; 3.75; 3.58,505; 503; 504,https://cycletrack.org/explorer/school/Alabama COM; https://cycletrack.org/explorer/school/Arkansas COM; https://cycletrack.org/explorer/school/Kansas COM,Not an official entering-class average; CycleTrack is crowdsourced applicant/outcome data.
5,Albany Medical College,cycletrack_acceptance_median;matchguy;prospectivedoctor;shemmassian,4,major_conflict,3.74;3.8;3.77;3.86,3.74 - 3.86,0.12,511;512;512;512.5,511 - 512.5,1.5,Published source rows are school averages; CycleTrack rows are crowdsourced acceptance medians.,Albany Medical College,published school average GPA and MCAT,3.74,511,http://www.amc.edu/Academic/Undergraduate_Admissions/index.cfm,,Albany Medical College,published school average GPA and MCAT,3.8,512,,,Albany Medical College,published school average GPA and MCAT,3.77,512,,,Albany Medical College,CycleTrack crowdsourced MD acceptance median cGPA and MCAT,3.86,512.5,https://cycletrack.org/explorer/school/Albany,Not an official entering-class average; CycleTrack is crowdsourced applicant/outcome data.
6,Albert Einstein College of Medicine,cycletrack_acceptance_median;shemmassian,2,major_conflict,3.82;3.93,3.82 - 3.93,0.11,516;519,516 - 519,3,Published source rows are school averages; CycleTrack rows are crowdsourced acceptance medians.,,,,,,,Albert Einstein College of Medicine,published school average GPA and MCAT,3.82,516,,,,,,,,,Albert Einstein College of Medicine,CycleTrack crowdsourced MD acceptance median cGPA and MCAT,3.93,519,https://cycletrack.org/explorer/school/Albert Einstein,Not an official entering-class average; CycleTrack is crowdsourced applicant/outcome data.
7,Albert Einstein College of Medicine of Yeshiva University,prospectivedoctor,1,single_source,3.81,3.81,,515,515,,Published source rows are school averages; CycleTrack rows are crowdsourced acceptance medians.,Albert Einstein College of Medicine of Yeshiva University,published school average GPA and MCAT,3.81,515,https://www.einsteinmed.edu/,,,,,,,,,,,,,,,,,,,
8,Alice L. Walton School of Medicine,cycletrack_acceptance_median,1,single_source,3.95,3.95,,513.5,513.5,,Published source rows are school averages; CycleTrack rows are crowdsourced acceptance medians.,,,,,,,,,,,,,,,,,,,Alice L. Walton School of Medicine,CycleTrack crowdsourced MD acceptance median cGPA and MCAT,3.95,513.5,https://cycletrack.org/explorer/school/Alice Walton,Not an official entering-class average; CycleTrack is crowdsourced applicant/outcome data.
9,Arizona College of Osteopathic Medicine of Midwestern University,shemmassian,1,single_source,3.58;3.65,3.58 - 3.65,0.07,504;509,504 - 509,5,Published source rows are school averages; CycleTrack rows are crowdsourced acceptance medians.,,,,,,,Arizona College of Osteopathic Medicine of Midwestern University; Chicago College of Osteopathic Medicine of Midwestern University,published school average GPA and MCAT,3.58; 3.65,504; 509,,,,,,,,,,,,,,
10,Arizona State University,cycletrack_acceptance_median,1,single_source,3.96;3.9;3.87,3.87 - 3.96,0.09,516;510.5;514,510.5 - 516,5.5,Published source rows are school averages; CycleTrack rows are crowdsourced acceptance medians.,,,,,,,,,,,,,,,,,,,Arizona State University; Florida State University; Wayne State University,CycleTrack crowdsourced MD acceptance median cGPA and MCAT,3.96; 3.9; 3.87,516; 510.5; 514,https://cycletrack.org/explorer/school/Arizona State; https://cycletrack.org/explorer/school/Florida State; https://cycletrack.org/explorer/school/Wayne State,Not an official entering-class average; CycleTrack is crowdsourced applicant/outcome data.
11,Baptist Health Sciences University,cycletrack_acceptance_median,1,single_source,3.62,3.62,,505,505,,Published source rows are school averages; CycleTrack rows are crowdsourced acceptance medians.,,,,,,,,,,,,,,,,,,,Baptist Health Sciences University,CycleTrack crowdsourced DO acceptance median cGPA and MCAT,3.62,505,https://cycletrack.org/explorer/school/Baptist Health Sciences University COM,Not an official entering-class average; CycleTrack is crowdsourced applicant/outcome data.
12,Baylor,cycletrack_acceptance_median,1,single_source,3.97,3.97,,522,522,,Published source rows are school averages; CycleTrack rows are crowdsourced acceptance medians.,,,,,,,,,,,,,,,,,,,Baylor,CycleTrack crowdsourced MD acceptance median cGPA and MCAT,3.97,522,https://cycletrack.org/explorer/school/Baylor,Not an official entering-class average; CycleTrack is crowdsourced applicant/outcome data.
13,Baylor College of Medicine,prospectivedoctor;shemmassian,2,close_agreement,3.93;3.92,3.92 - 3.93,0.01,518;518,518 - 518,0,Published source rows are school averages; CycleTrack rows are crowdsourced acceptance medians.,Baylor College of Medicine,published school average GPA and MCAT,3.93,518,https://www.bcm.edu/education/schools/medical-school/admissions,,Baylor College of Medicine,published school average GPA and MCAT,3.92,518,,,,,,,,,,,,,,
14,Belmont University,cycletrack_acceptance_median,1,single_source,3.9,3.9,,513.5,513.5,,Published source rows are school averages; CycleTrack rows are crowdsourced acceptance medians.,,,,,,,,,,,,,,,,,,,Belmont University,CycleTrack crowdsourced MD acceptance median cGPA and MCAT,3.9,513.5,https://cycletrack.org/explorer/school/Belmont University,Not an official entering-class average; CycleTrack is crowdsourced applicant/outcome data.
15,Boston University Sch of Med,cycletrack_acceptance_median;matchguy,2,major_conflict,3.76;3.91,3.76 - 3.91,0.15,517;520,517 - 520,3,Published source rows are school averages; CycleTrack rows are crowdsourced acceptance medians.,,,,,,,,,,,,,Boston University Sch of Med,published school average GPA and MCAT,3.76,517,,,Boston University,CycleTrack crowdsourced MD acceptance median cGPA and MCAT,3.91,520,https://cycletrack.org/explorer/school/Boston,Not an official entering-class average; CycleTrack is crowdsourced applicant/outcome data.
16,Brown University,cycletrack_acceptance_median,1,single_source,3.9;3.91,3.9 - 3.91,0.01,517;518,517 - 518,1,Published source rows are school averages; CycleTrack rows are crowdsourced acceptance medians.,,,,,,,,,,,,,,,,,,,Brown University; Rowan University,CycleTrack crowdsourced MD acceptance median cGPA and MCAT,3.9; 3.91,517; 518,https://cycletrack.org/explorer/school/Brown; https://cycletrack.org/explorer/school/Cooper Rowan,Not an official entering-class average; CycleTrack is crowdsourced applicant/outcome data.
17,Brown University The Warren Alpert Medical School,matchguy;prospectivedoctor;shemmassian,3,minor_conflict,3.79;3.83;3.76,3.76 - 3.83,0.07,515;516;516,515 - 516,1,Published source rows are school averages; CycleTrack rows are crowdsourced acceptance medians.,Brown University The Warren Alpert Medical School,published school average GPA and MCAT,3.79,515,https://www.brown.edu/academics/medical/admission/,,Brown University The Warren Alpert Medical School,published school average GPA and MCAT,3.83,516,,,Brown University The Warren Alpert Medical School,published school average GPA and MCAT,3.76,516,,,,,,,,
18,Burrell College of Osteopathic Medicine,cycletrack_acceptance_median,1,single_source,3.67;3.7,3.67 - 3.7,0.03,504.5;508,504.5 - 508,3.5,Published source rows are school averages; CycleTrack rows are crowdsourced acceptance medians.,,,,,,,,,,,,,,,,,,,Burrell College of Osteopathic Medicine; Touro College of Osteopathic Medicine,CycleTrack crowdsourced DO acceptance median cGPA and MCAT,3.67; 3.7,504.5; 508,https://cycletrack.org/explorer/school/Burrell COM; https://cycletrack.org/explorer/school/Touro - New York,Not an official entering-class average; CycleTrack is crowdsourced applicant/outcome data.
19,Burrell College of Osteopathic Medicine at New Mexico State University,shemmassian,1,single_source,3.5,3.5,,500,500,,Published source rows are school averages; CycleTrack rows are crowdsourced acceptance medians.,,,,,,,Burrell College of Osteopathic Medicine at New Mexico State University,published school average GPA and MCAT,3.5,500,,,,,,,,,,,,,,
20,California Health Sciences University,cycletrack_acceptance_median,1,single_source,3.75,3.75,,510.5,510.5,,Published source rows are school averages; CycleTrack rows are crowdsourced acceptance medians.,,,,,,,,,,,,,,,,,,,California Health Sciences University,CycleTrack crowdsourced DO acceptance median cGPA and MCAT,3.75,510.5,https://cycletrack.org/explorer/school/California Health Sciences,Not an official entering-class average; CycleTrack is crowdsourced applicant/outcome data.
21,California Northstate University,cycletrack_acceptance_median,1,single_source,3.85,3.85,,516,516,,Published source rows are school averages; CycleTrack rows are crowdsourced acceptance medians.,,,,,,,,,,,,,,,,,,,California Northstate University,CycleTrack crowdsourced MD acceptance median cGPA and MCAT,3.85,516,https://cycletrack.org/explorer/school/California Northstate,Not an official entering-class average; CycleTrack is crowdsourced applicant/outcome data.
22,California Northstate University College of Medicine,matchguy;prospectivedoctor;shemmassian,3,major_conflict,3.72;3.76;3.83;3.83,3.72 - 3.83,0.11,513;508;513.3;513.4,508 - 513.4,5.4,Published source rows are school averages; CycleTrack rows are crowdsourced acceptance medians.,California Northstate University College of Medicine; Florida State University College of Medicine,published school average GPA and MCAT,3.72; 3.76,513; 508,http://medicine.cnsu.edu/students-com/admissions; http://med.fsu.edu/index.cfm?page=mdAdmissions.home&usemenu=prospectiveStudents,,California Northstate University College of Medicine,published school average GPA and MCAT,3.83,513.3,,,California Northstate University College of Medicine,published school average GPA and MCAT,3.83,513.4,,,,,,,,
23,California University of Science and Medicine,cycletrack_acceptance_median;matchguy;shemmassian,3,major_conflict,3.61;3.79,3.61 - 3.79,0.18,511;510;515,510 - 515,5,Published source rows are school averages; CycleTrack rows are crowdsourced acceptance medians.,,,,,,,California University of Science and Medicine,published school average GPA and MCAT,3.61,511,,,California University of Science and Medicine,published school average GPA and MCAT,,510,,,California University of Science and Medicine,CycleTrack crowdsourced MD acceptance median cGPA and MCAT,3.79,515,https://cycletrack.org/explorer/school/California University of Science and Medicine,Not an official entering-class average; CycleTrack is crowdsourced applicant/outcome data.
24,Campbell University,cycletrack_acceptance_median,1,single_source,3.75,3.75,,508,508,,Published source rows are school averages; CycleTrack rows are crowdsourced acceptance medians.,,,,,,,,,,,,,,,,,,,Campbell University,CycleTrack crowdsourced DO acceptance median cGPA and MCAT,3.75,508,https://cycletrack.org/explorer/school/Campbell,Not an official entering-class average; CycleTrack is crowdsourced applicant/outcome data.
25,Campbell University Jerry M. Wallace School of Osteopathic Medicine,shemmassian,1,single_source,3.61,3.61,,506,506,,Published source rows are school averages; CycleTrack rows are crowdsourced acceptance medians.,,,,,,,Campbell University Jerry M. Wallace School of Osteopathic Medicine,published school average GPA and MCAT,3.61,506,,,,,,,,,,,,,,
26,Carle Illinois,cycletrack_acceptance_median,1,single_source,3.84,3.84,,518,518,,Published source rows are school averages; CycleTrack rows are crowdsourced acceptance medians.,,,,,,,,,,,,,,,,,,,Carle Illinois,CycleTrack crowdsourced MD acceptance median cGPA and MCAT,3.84,518,https://cycletrack.org/explorer/school/Carle Illinois,Not an official entering-class average; CycleTrack is crowdsourced applicant/outcome data.
27,Carle Illinois College of Medicine,shemmassian,1,single_source,3.73,3.73,,513,513,,Published source rows are school averages; CycleTrack rows are crowdsourced acceptance medians.,,,,,,,Carle Illinois College of Medicine,published school average GPA and MCAT,3.73,513,,source row carried an asterisk,,,,,,,,,,,,
28,Case Western Reserve,cycletrack_acceptance_median,1,single_source,3.93,3.93,,519,519,,Published source rows are school averages; CycleTrack rows are crowdsourced acceptance medians.,,,,,,,,,,,,,,,,,,,Case Western Reserve,CycleTrack crowdsourced MD acceptance median cGPA and MCAT,3.93,519,https://cycletrack.org/explorer/school/Case Western,Not an official entering-class average; CycleTrack is crowdsourced applicant/outcome data.
29,Case Western Reserve University School of Medicine,matchguy;prospectivedoctor;shemmassian,3,minor_conflict,3.86;3.9;3.9,3.86 - 3.9,0.04,519;517;517,517 - 519,2,Published source rows are school averages; CycleTrack rows are crowdsourced acceptance medians.,Case Western Reserve University School of Medicine,published school average GPA and MCAT,3.86,519,http://case.edu/medicine/admissions/,,Case Western Reserve University School of Medicine,published school average GPA and MCAT,3.9,517,,,Case Western Reserve University School of Medicine,published school average GPA and MCAT,3.9,517,,,,,,,,
30,Central Michigan University,cycletrack_acceptance_median,1,single_source,3.87;3.84,3.84 - 3.87,0.03,510;514,510 - 514,4,Published source rows are school averages; CycleTrack rows are crowdsourced acceptance medians.,,,,,,,,,,,,,,,,,,,Central Michigan University; Western Michigan University,CycleTrack crowdsourced MD acceptance median cGPA and MCAT,3.87; 3.84,510; 514,https://cycletrack.org/explorer/school/Central Michigan; https://cycletrack.org/explorer/school/Western Michigan,Not an official entering-class average; CycleTrack is crowdsourced applicant/outcome data.
31,Central Michigan University College of Medicine,prospectivedoctor;shemmassian,2,major_conflict,3.69;3.8,3.69 - 3.8,0.11,508;506,506 - 508,2,Published source rows are school averages; CycleTrack rows are crowdsourced acceptance medians.,Central Michigan University College of Medicine,published school average GPA and MCAT,3.69,508,https://www.cmich.edu/academics/colleges/college-of-medicine,,Central Michigan University College of Medicine,published school average GPA and MCAT,3.8,506,,source row carried an asterisk,,,,,,,,,,,,
32,Charles R. Drew University of Medicine and Science,cycletrack_acceptance_median,1,single_source,3.7,3.7,,511,511,,Published source rows are school averages; CycleTrack rows are crowdsourced acceptance medians.,,,,,,,,,,,,,,,,,,,Charles R. Drew University of Medicine and Science,CycleTrack crowdsourced MD acceptance median cGPA and MCAT,3.7,511,https://cycletrack.org/explorer/school/Charles R. Drew,Not an official entering-class average; CycleTrack is crowdsourced applicant/outcome data.
33,Chicago Medical School at Rosalind Franklin University of Medicine and Science,matchguy;prospectivedoctor;shemmassian,3,major_conflict,3.69;3.69,3.69 - 3.69,0,513;508;508,508 - 513,5,Published source rows are school averages; CycleTrack rows are crowdsourced acceptance medians.,Chicago Medical School at Rosalind Franklin University of Medicine & Science,published school average GPA and MCAT,,513,https://www.rosalindfranklin.edu/academics/chicago-medical-school/degree-program/how-to-apply/,parsed GPA outside expected range; excluded invalid GPA from comparison math: 374,Chicago Medical School at Rosalind Franklin University of Medicine and Science,published school average GPA and MCAT,3.69,508,,,Chicago Medical School at Rosalind Franklin University of Medicine & Science,published school average GPA and MCAT,3.69,508,,,,,,,,
34,Cleveland Clinic Lerner,cycletrack_acceptance_median,1,single_source,3.97,3.97,,520,520,,Published source rows are school averages; CycleTrack rows are crowdsourced acceptance medians.,,,,,,,,,,,,,,,,,,,Cleveland Clinic Lerner,CycleTrack crowdsourced MD acceptance median cGPA and MCAT,3.97,520,https://cycletrack.org/explorer/school/Cleveland Clinic Lerner,Not an official entering-class average; CycleTrack is crowdsourced applicant/outcome data.
35,Columbia University,cycletrack_acceptance_median,1,single_source,3.96,3.96,,524,524,,Published source rows are school averages; CycleTrack rows are crowdsourced acceptance medians.,,,,,,,,,,,,,,,,,,,Columbia University,CycleTrack crowdsourced MD acceptance median cGPA and MCAT,3.96,524,https://cycletrack.org/explorer/school/Columbia,Not an official entering-class average; CycleTrack is crowdsourced applicant/outcome data.
36,Columbia University College of Physicians and Surgeons,prospectivedoctor;shemmassian,2,minor_conflict,3.92;3.85,3.85 - 3.92,0.07,522;521,521 - 522,1,Published source rows are school averages; CycleTrack rows are crowdsourced acceptance medians.,Columbia University College of Physicians and Surgeons,published school average GPA and MCAT,3.92,522,http://ps.columbia.edu/education/admissions,,Columbia University College of Physicians and Surgeons,published school average GPA and MCAT,3.85,521,,,,,,,,,,,,,,
37,Cooper Medical School of Rowan University,prospectivedoctor;shemmassian,2,close_agreement,3.79;3.79,3.79 - 3.79,0,512;512,512 - 512,0,Published source rows are school averages; CycleTrack rows are crowdsourced acceptance medians.,Cooper Medical School of Rowan University,published school average GPA and MCAT,3.79,512,http://www.rowan.edu/coopermed/students/admissions/,,Cooper Medical School of Rowan University,published school average GPA and MCAT,3.79,512,,source row carried an asterisk,,,,,,,,,,,,
38,Cornell University,cycletrack_acceptance_median,1,single_source,3.93,3.93,,520,520,,Published source rows are school averages; CycleTrack rows are crowdsourced acceptance medians.,,,,,,,,,,,,,,,,,,,Cornell University,CycleTrack crowdsourced MD acceptance median cGPA and MCAT,3.93,520,https://cycletrack.org/explorer/school/Cornell,Not an official entering-class average; CycleTrack is crowdsourced applicant/outcome data.
39,Creighton University,cycletrack_acceptance_median,1,single_source,3.86,3.86,,516,516,,Published source rows are school averages; CycleTrack rows are crowdsourced acceptance medians.,,,,,,,,,,,,,,,,,,,Creighton University,CycleTrack crowdsourced MD acceptance median cGPA and MCAT,3.86,516,https://cycletrack.org/explorer/school/Creighton,Not an official entering-class average; CycleTrack is crowdsourced applicant/outcome data.
40,Dalhousie University Faculty of Medicine,matchguy,1,single_source,3.8;3.8,3.8 - 3.8,0,505,505,,Published source rows are school averages; CycleTrack rows are crowdsourced acceptance medians.,,,,,,,,,,,,,Dalhousie University Faculty of Medicine; McGill University Faculty of Medicine,published school average GPA and MCAT,3.8,505,,,,,,,,
41,Dartmouth College,cycletrack_acceptance_median,1,single_source,3.91,3.91,,516,516,,Published source rows are school averages; CycleTrack rows are crowdsourced acceptance medians.,,,,,,,,,,,,,,,,,,,Dartmouth College,CycleTrack crowdsourced MD acceptance median cGPA and MCAT,3.91,516,https://cycletrack.org/explorer/school/Dartmouth,Not an official entering-class average; CycleTrack is crowdsourced applicant/outcome data.
42,Des Moines University,cycletrack_acceptance_median,1,single_source,3.79,3.79,,509.5,509.5,,Published source rows are school averages; CycleTrack rows are crowdsourced acceptance medians.,,,,,,,,,,,,,,,,,,,Des Moines University,CycleTrack crowdsourced DO acceptance median cGPA and MCAT,3.79,509.5,https://cycletrack.org/explorer/school/Des Moines,Not an official entering-class average; CycleTrack is crowdsourced applicant/outcome data.
43,Des Moines University College of Osteopathic Medicine,shemmassian,1,single_source,3.71;3.76;3.4,3.4 - 3.76,0.36,507;501;504,501 - 507,6,Published source rows are school averages; CycleTrack rows are crowdsourced acceptance medians.,,,,,,,Des Moines University College of Osteopathic Medicine; Marian University College of Osteopathic Medicine; Liberty University College of Osteopathic Medicine,published school average GPA and MCAT,3.71; 3.76; 3.4,507; 501; 504,,,,,,,,,,,,,,
44,Donald and Barbara Zucker School of Medicine at Hofstra/Northwell,matchguy,1,single_source,3.92,3.92,,518,518,,Published source rows are school averages; CycleTrack rows are crowdsourced acceptance medians.,,,,,,,,,,,,,Donald and Barbara Zucker School of Medicine at Hofstra/Northwell,published school average GPA and MCAT,3.92,518,,,,,,,,
45,Drew/UCLA Joint Medical Program Drew University of Medicine and Science,prospectivedoctor;shemmassian,2,major_conflict,3;3.42,3 - 3.42,0.42,498,498,,Published source rows are school averages; CycleTrack rows are crowdsourced acceptance medians.,Drew/UCLA Joint Medical Program Drew University of Medicine and Science,published school average GPA and MCAT,3,498,http://www.cdrewu.edu/com/CDU_UCLAMedicalStudentProgram/UndergraduateMedicalEducationPrograms,,Drew/UCLA Joint Medical Program Drew University of Medicine and Science,published school average GPA and MCAT,3.42,,,,,,,,,,,,,,,
46,Drexel University,cycletrack_acceptance_median,1,single_source,3.85,3.85,,513,513,,Published source rows are school averages; CycleTrack rows are crowdsourced acceptance medians.,,,,,,,,,,,,,,,,,,,Drexel University,CycleTrack crowdsourced MD acceptance median cGPA and MCAT,3.85,513,https://cycletrack.org/explorer/school/Drexel,Not an official entering-class average; CycleTrack is crowdsourced applicant/outcome data.
47,Duke University,cycletrack_acceptance_median,1,single_source,3.9,3.9,,520,520,,Published source rows are school averages; CycleTrack rows are crowdsourced acceptance medians.,,,,,,,,,,,,,,,,,,,Duke University,CycleTrack crowdsourced MD acceptance median cGPA and MCAT,3.9,520,https://cycletrack.org/explorer/school/Duke,Not an official entering-class average; CycleTrack is crowdsourced applicant/outcome data.
48,Duquesne University,cycletrack_acceptance_median,1,single_source,3.86,3.86,,508,508,,Published source rows are school averages; CycleTrack rows are crowdsourced acceptance medians.,,,,,,,,,,,,,,,,,,,Duquesne University,CycleTrack crowdsourced DO acceptance median cGPA and MCAT,3.86,508,https://cycletrack.org/explorer/school/Duquesne University COM,Not an official entering-class average; CycleTrack is crowdsourced applicant/outcome data.
49,East Carolina University,cycletrack_acceptance_median,1,single_source,3.89,3.89,,515,515,,Published source rows are school averages; CycleTrack rows are crowdsourced acceptance medians.,,,,,,,,,,,,,,,,,,,East Carolina University,CycleTrack crowdsourced MD acceptance median cGPA and MCAT,3.89,515,https://cycletrack.org/explorer/school/East Carolina,Not an official entering-class average; CycleTrack is crowdsourced applicant/outcome data.
50,East Carolina University Brody School of Medicine,matchguy;prospectivedoctor;shemmassian,3,major_conflict,3.71;3.88;3.77;3.8;3.8,3.71 - 3.88,0.17,509;509;510;511;511,509 - 511,2,Published source rows are school averages; CycleTrack rows are crowdsourced acceptance medians.,East Carolina University Brody School of Medicine; West Virginia University School of Medicine,published school average GPA and MCAT,3.71; 3.88,509,http://www.ecu.edu/bsomadmissions/; http://medicine.hsc.wvu.edu/md-admissions/,,East Carolina University Brody School of Medicine; West Virginia University School of Medicine,published school average GPA and MCAT,3.77; 3.8,510; 511,,source row carried an asterisk,West Virginia University School of Medicine,published school average GPA and MCAT,3.8,511,,,,,,,,
51,East Tennessee State University,cycletrack_acceptance_median,1,single_source,3.94,3.94,,514,514,,Published source rows are school averages; CycleTrack rows are crowdsourced acceptance medians.,,,,,,,,,,,,,,,,,,,East Tennessee State University,CycleTrack crowdsourced MD acceptance median cGPA and MCAT,3.94,514,https://cycletrack.org/explorer/school/East Tennessee,Not an official entering-class average; CycleTrack is crowdsourced applicant/outcome data.
52,East Tennessee State University Quillen College of Medicine,matchguy;prospectivedoctor;shemmassian,3,major_conflict,3.81;3.85;3.85,3.81 - 3.85,0.04,508;513;512.82,508 - 513,5,Published source rows are school averages; CycleTrack rows are crowdsourced acceptance medians.,East Tennessee State University Quillen College of Medicine,published school average GPA and MCAT,3.81,508,http://www.etsu.edu/com/sa/admissions/,,East Tennessee State University Quillen College of Medicine,published school average GPA and MCAT,3.85,513,,source row carried an asterisk,East Tennessee State University James H. Quillen College of Medicine,published school average GPA and MCAT,3.85,512.82,,,,,,,,
53,Eastern Virginia Medical School,cycletrack_acceptance_median;matchguy;prospectivedoctor;shemmassian,4,minor_conflict,3.71;3.7;3.7;3.79,3.7 - 3.79,0.09,513;513;513;514.5,513 - 514.5,1.5,Published source rows are school averages; CycleTrack rows are crowdsourced acceptance medians.,Eastern Virginia Medical School,published school average GPA and MCAT,3.71,513,http://www.evms.edu/education/medical_programs/doctor_of_medicine/,,Eastern Virginia Medical School,published school average GPA and MCAT,3.7,513,,source row carried an asterisk,Eastern Virginia Medical School,published school average GPA and MCAT,3.7,513,,,Eastern Virginia Medical School,CycleTrack crowdsourced MD acceptance median cGPA and MCAT,3.79,514.5,https://cycletrack.org/explorer/school/Eastern Virginia,Not an official entering-class average; CycleTrack is crowdsourced applicant/outcome data.
54,Edward Via College of Osteopathic Medicine (Carolinas),cycletrack_acceptance_median,1,single_source,3.77;3.85;3.81,3.77 - 3.85,0.08,505;507;507,505 - 507,2,Published source rows are school averages; CycleTrack rows are crowdsourced acceptance medians.,,,,,,,,,,,,,,,,,,,Edward Via College of Osteopathic Medicine (Carolinas); Edward Via College of Osteopathic Medicine (Louisiana); Edward Via College of Osteopathic Medicine (Virginia),CycleTrack crowdsourced DO acceptance median cGPA and MCAT,3.77; 3.85; 3.81,505; 507,https://cycletrack.org/explorer/school/Edward Via - Carolinas; https://cycletrack.org/explorer/school/Edward Via - Louisiana; https://cycletrack.org/explorer/school/Edward Via - Virginia,Not an official entering-class average; CycleTrack is crowdsourced applicant/outcome data.
55,Edward Via College of Osteopathic Medicine - Auburn Campus,cycletrack_acceptance_median;shemmassian,2,major_conflict,3.76;3.7;3.7;3.6;3.75,3.6 - 3.76,0.16,502;502;500;502;506.5,500 - 506.5,6.5,Published source rows are school averages; CycleTrack rows are crowdsourced acceptance medians.,,,,,,,Edward Via College of Osteopathic Medicine - Auburn Campus; Edward Via College of Osteopathic Medicine - Louisiana Campus; Edward Via College of Osteopathic Medicine - Carolinas Campus; Edward Via College of Osteopathic Medicine - Virginia Campus,published school average GPA and MCAT,3.76; 3.7; 3.6,502; 500,,,,,,,,,Edward Via College of Osteopathic Medicine (Auburn),CycleTrack crowdsourced DO acceptance median cGPA and MCAT,3.75,506.5,https://cycletrack.org/explorer/school/Edward Via - Auburn,Not an official entering-class average; CycleTrack is crowdsourced applicant/outcome data.
56,Emory University,cycletrack_acceptance_median,1,single_source,3.88,3.88,,517,517,,Published source rows are school averages; CycleTrack rows are crowdsourced acceptance medians.,,,,,,,,,,,,,,,,,,,Emory University,CycleTrack crowdsourced MD acceptance median cGPA and MCAT,3.88,517,https://cycletrack.org/explorer/school/Emory,Not an official entering-class average; CycleTrack is crowdsourced applicant/outcome data.
57,Florida Atlantic University,cycletrack_acceptance_median,1,single_source,3.92,3.92,,516,516,,Published source rows are school averages; CycleTrack rows are crowdsourced acceptance medians.,,,,,,,,,,,,,,,,,,,Florida Atlantic University,CycleTrack crowdsourced MD acceptance median cGPA and MCAT,3.92,516,https://cycletrack.org/explorer/school/Florida Atlantic,Not an official entering-class average; CycleTrack is crowdsourced applicant/outcome data.
58,Florida Atlantic University Charles E. Schmidt College of Medicine,matchguy;prospectivedoctor;shemmassian,3,close_agreement,3.8;3.83;3.83,3.8 - 3.83,0.03,513;513;513,513 - 513,0,Published source rows are school averages; CycleTrack rows are crowdsourced acceptance medians.,Florida Atlantic University Charles E. Schmidt College of Medicine,published school average GPA and MCAT,3.8,513,http://med.fau.edu/admissions/md/index.php,,Florida Atlantic University Charles E. Schmidt College of Medicine,published school average GPA and MCAT,3.83,513,,source row carried an asterisk,Florida Atlantic University Charles E. Schmidt College of Medicine,published school average GPA and MCAT,3.83,513,,,,,,,,
59,Florida International University,cycletrack_acceptance_median,1,single_source,3.9,3.9,,514,514,,Published source rows are school averages; CycleTrack rows are crowdsourced acceptance medians.,,,,,,,,,,,,,,,,,,,Florida International University,CycleTrack crowdsourced MD acceptance median cGPA and MCAT,3.9,514,https://cycletrack.org/explorer/school/Florida International,Not an official entering-class average; CycleTrack is crowdsourced applicant/outcome data.
60,Florida International University Herbert Wertheim College of Medicine,matchguy;prospectivedoctor;shemmassian,3,close_agreement,3.79;3.82;3.82,3.79 - 3.82,0.03,511;510;510,510 - 511,1,Published source rows are school averages; CycleTrack rows are crowdsourced acceptance medians.,Florida International University Herbert Wertheim College of Medicine,published school average GPA and MCAT,3.79,511,https://medicine.fiu.edu/academics/degrees-and-programs/doctor-of-medicine/admissions/index.html,,Florida International University Herbert Wertheim College of Medicine,published school average GPA and MCAT,3.82,510,,source row carried an asterisk,Florida International University Herbert Wertheim College of Medicine,published school average GPA and MCAT,3.82,510,,,,,,,,
61,Florida State University College of Medicine,matchguy;prospectivedoctor;shemmassian,3,major_conflict,3.92;3.68;3.83;3.83,3.68 - 3.92,0.24,517;507;514;514,507 - 517,10,Published source rows are school averages; CycleTrack rows are crowdsourced acceptance medians.,The Ohio State University College of Medicine,published school average GPA and MCAT,3.92,517,https://medicine.osu.edu/education/md/admissions,,Florida State University College of Medicine; The Ohio State University College of Medicine,published school average GPA and MCAT,3.68; 3.83,507; 514,,source row carried an asterisk,Ohio State University College of Medicine,published school average GPA and MCAT,3.83,514,,,,,,,,
62,Geisel School of Medicine at Dartmouth,matchguy;prospectivedoctor;shemmassian,3,close_agreement,3.77;3.77;3.77,3.77 - 3.77,0,516;516;516,516 - 516,0,Published source rows are school averages; CycleTrack rows are crowdsourced acceptance medians.,Geisel School of Medicine at Dartmouth,published school average GPA and MCAT,3.77,516,http://geiselmed.dartmouth.edu/admissions/,,Geisel School of Medicine at Dartmouth,published school average GPA and MCAT,3.77,516,,,Geisel School of Medicine at Dartmouth,published school average GPA and MCAT,3.77,516,,,,,,,,
63,Geisinger Commonwealth School of Medicine,cycletrack_acceptance_median;matchguy;prospectivedoctor;shemmassian,4,major_conflict,3.76;3.81;3.81;3.88,3.76 - 3.88,0.12,512;513.06;513.06;517,512 - 517,5,Published source rows are school averages; CycleTrack rows are crowdsourced acceptance medians.,Geisinger Commonwealth School of Medicine,published school average GPA and MCAT,3.76,512,https://tcmc.edu/admissions/md-admissions/,,Geisinger Commonwealth School of Medicine,published school average GPA and MCAT,3.81,513.06,,,Geisinger Commonwealth School of Medicine,published school average GPA and MCAT,3.81,513.06,,,Geisinger Commonwealth School of Medicine,CycleTrack crowdsourced MD acceptance median cGPA and MCAT,3.88,517,https://cycletrack.org/explorer/school/Geisinger Commonwealth,Not an official entering-class average; CycleTrack is crowdsourced applicant/outcome data.
64,George Washington University,cycletrack_acceptance_median,1,single_source,3.89,3.89,,517,517,,Published source rows are school averages; CycleTrack rows are crowdsourced acceptance medians.,,,,,,,,,,,,,,,,,,,George Washington University,CycleTrack crowdsourced MD acceptance median cGPA and MCAT,3.89,517,https://cycletrack.org/explorer/school/George Washington,Not an official entering-class average; CycleTrack is crowdsourced applicant/outcome data.
65,George Washington University School of Medicine and Health Sciences,matchguy;prospectivedoctor;shemmassian,3,major_conflict,3.78;3.94;3.74;3.88;3.88;3.7;3.8,3.7 - 3.94,0.24,513;521;512;515;519.5;511;515,511 - 521,10,Published source rows are school averages; CycleTrack rows are crowdsourced acceptance medians.,George Washington University School of Medicine and Health Sciences; Washington University School of Medicine; University of Washington School of Medicine,published school average GPA and MCAT,3.78; 3.94; 3.74,513; 521; 512,http://smhs.gwu.edu/academics/md-program/admissions; https://medicine.wustl.edu/education/admissions/#medical-education; http://www.uwmedicine.org/education/md-program/admissions,,George Washington University School of Medicine and Health Sciences; Washington University School of Medicine; University of Washington School of Medicine,published school average GPA and MCAT,3.88; 3.7,515; 519.5; 511,,source row carried an asterisk,George Washington University School of Medicine and Health Sciences,published school average GPA and MCAT,3.8,515,,,,,,,,
66,Georgetown University,cycletrack_acceptance_median,1,single_source,3.92,3.92,,518,518,,Published source rows are school averages; CycleTrack rows are crowdsourced acceptance medians.,,,,,,,,,,,,,,,,,,,Georgetown University,CycleTrack crowdsourced MD acceptance median cGPA and MCAT,3.92,518,https://cycletrack.org/explorer/school/Georgetown,Not an official entering-class average; CycleTrack is crowdsourced applicant/outcome data.
67,Georgetown University School of Medicine,matchguy;prospectivedoctor;shemmassian,3,major_conflict,3.79;3.8;3.73;3.86;3.78;3.84;3.9;3.86;3.76;3.7;3.69;3.76;3.82;3.86;3.89;3.86;3.81;3.76;3.69;3.82,3.69 - 3.9,0.21,513;517;504;518;515;513;520;516;513;514;503;517;514;513;514;513;514.9;513;503;514,503 - 520,17,Published source rows are school averages; CycleTrack rows are crowdsourced acceptance medians.,Georgetown University School of Medicine; Emory University School of Medicine; Mercer University School of Medicine; Boston University School of Medicine; Tufts University School of Medicine; Creighton University School of Medicine; New York University School of Medicine; Stony Brook University School of Medicine,published school average GPA and MCAT,3.79; 3.8; 3.73; 3.86; 3.78; 3.84; 3.9,513; 517; 504; 518; 515; 520; 516,https://som.georgetown.edu/prospectivestudents/degrees/md; http://med.emory.edu/education/admissions/md/index.html; http://medicine.mercer.edu/admissions/md/; http://www.bumc.bu.edu/busm/admissions/degree-programs/md-program/; http://medicine.tufts.edu/Admissions.aspx; https://medschool.creighton.edu/program/Medicine-MD; http://www.med.nyu.edu/school/md-admissions; https://medicine.stonybrookmedicine.edu/admissions_SOM,,Georgetown University School of Medicine; Emory University School of Medicine; Mercer University School of Medicine; Boston University School of Medicine; Tufts University School of Medicine; Creighton University School of Medicine; Stony Brook University School of Medicine,published school average GPA and MCAT,3.76; 3.7; 3.69; 3.82; 3.86; 3.89,513; 514; 503; 517,,source row carried an asterisk,Creighton University School of Medicine; Emory University School of Medicine; Georgetown University School of Medicine; Mercer University School of Medicine; Tufts University School of Medicine,published school average GPA and MCAT,3.86; 3.81; 3.76; 3.69; 3.82,513; 514.9; 503; 514,,,,,,,,
68,Georgia Campus Philadelphia College of Osteopathic Medicine,shemmassian,1,single_source,,,,503,503,,Published source rows are school averages; CycleTrack rows are crowdsourced acceptance medians.,,,,,,,Georgia Campus Philadelphia College of Osteopathic Medicine,published school average GPA and MCAT,,503,,,,,,,,,,,,,,
69,Hackensack Meridian School of Medicine,cycletrack_acceptance_median;shemmassian,2,minor_conflict,3.8;3.89,3.8 - 3.89,0.09,514;516,514 - 516,2,Published source rows are school averages; CycleTrack rows are crowdsourced acceptance medians.,,,,,,,Hackensack Meridian School of Medicine,published school average GPA and MCAT,3.8,514,,,,,,,,,Hackensack Meridian School of Medicine,CycleTrack crowdsourced MD acceptance median cGPA and MCAT,3.89,516,https://cycletrack.org/explorer/school/Hackensack Meridian,Not an official entering-class average; CycleTrack is crowdsourced applicant/outcome data.
70,Harvard Medical School,cycletrack_acceptance_median;matchguy;prospectivedoctor;shemmassian,4,minor_conflict,3.94;3.9;3.9;3.98,3.9 - 3.98,0.08,520;520.48;520.48;521,520 - 521,1,Published source rows are school averages; CycleTrack rows are crowdsourced acceptance medians.,Harvard Medical School,published school average GPA and MCAT,3.94,520,https://hms.harvard.edu/departments/admissions,,Harvard Medical School,published school average GPA and MCAT,3.9,520.48,,,Harvard Medical School,published school average GPA and MCAT,3.9,520.48,,,Harvard Medical School,CycleTrack crowdsourced MD acceptance median cGPA and MCAT,3.98,521,https://cycletrack.org/explorer/school/Harvard,Not an official entering-class average; CycleTrack is crowdsourced applicant/outcome data.
71,Hofstra Northwell School of Medicine,prospectivedoctor;shemmassian,2,minor_conflict,3.84;3.92,3.84 - 3.92,0.08,518;518,518 - 518,0,Published source rows are school averages; CycleTrack rows are crowdsourced acceptance medians.,Hofstra Northwell School of Medicine,published school average GPA and MCAT,3.84,518,http://medicine.hofstra.edu/admission/md/index.html,,Hofstra Northwell School of Medicine,published school average GPA and MCAT,3.92,518,,,,,,,,,,,,,,
72,Hofstra University,cycletrack_acceptance_median,1,single_source,3.95,3.95,,520.5,520.5,,Published source rows are school averages; CycleTrack rows are crowdsourced acceptance medians.,,,,,,,,,,,,,,,,,,,Hofstra University,CycleTrack crowdsourced MD acceptance median cGPA and MCAT,3.95,520.5,https://cycletrack.org/explorer/school/Hofstra,Not an official entering-class average; CycleTrack is crowdsourced applicant/outcome data.
73,Howard University,cycletrack_acceptance_median,1,single_source,3.76,3.76,,509.5,509.5,,Published source rows are school averages; CycleTrack rows are crowdsourced acceptance medians.,,,,,,,,,,,,,,,,,,,Howard University,CycleTrack crowdsourced MD acceptance median cGPA and MCAT,3.76,509.5,https://cycletrack.org/explorer/school/Howard,Not an official entering-class average; CycleTrack is crowdsourced applicant/outcome data.
74,Howard University College of Medicine,matchguy;prospectivedoctor;shemmassian,3,major_conflict,3.42;3.75;3.61;3.76;3.76,3.42 - 3.76,0.34,505;512;507;512;512,505 - 512,7,Published source rows are school averages; CycleTrack rows are crowdsourced acceptance medians.,Howard University College of Medicine; Drexel University College of Medicine,published school average GPA and MCAT,3.42; 3.75,505; 512,https://medicine.howard.edu/admissions; http://drexel.edu/medicine/academics/md-program/md-program-admissions/,,Howard University College of Medicine; Drexel University College of Medicine,published school average GPA and MCAT,3.61; 3.76,507; 512,,,Drexel University College of Medicine,published school average GPA and MCAT,3.76,512,,,,,,,,
75,Icahn School of Medicine at Mount Sinai,prospectivedoctor;shemmassian,2,minor_conflict,3.87;3.81,3.81 - 3.87,0.06,519;519,519 - 519,0,Published source rows are school averages; CycleTrack rows are crowdsourced acceptance medians.,Icahn School of Medicine at Mount Sinai,published school average GPA and MCAT,3.87,519,http://icahn.mssm.edu/education/medical/admissions,,Icahn School of Medicine at Mount Sinai,published school average GPA and MCAT,3.81,519,,,,,,,,,,,,,,
76,Idaho College of Osteopathic Medicine,cycletrack_acceptance_median;shemmassian,2,major_conflict,3.56;3.5;3.73;3.73;3.77;3.65;3.9;3.71,3.5 - 3.9,0.4,503.65;504;509;511;511;503.5;512;506,503.5 - 512,8.5,Published source rows are school averages; CycleTrack rows are crowdsourced acceptance medians.,,,,,,,Idaho College of Osteopathic Medicine; Noorda College of Osteopathic Medicine,published school average GPA and MCAT,3.56; 3.5,503.65; 504,,,,,,,,,Idaho College of Osteopathic Medicine; Illinois College of Osteopathic Medicine; Arizona College of Osteopathic Medicine; Noorda College of Osteopathic Medicine; Texas College of Osteopathic Medicine; Orlando College of Osteopathic Medicine,CycleTrack crowdsourced DO acceptance median cGPA and MCAT,3.73; 3.77; 3.65; 3.9; 3.71,509; 511; 503.5; 512; 506,https://cycletrack.org/explorer/school/Idaho COM; https://cycletrack.org/explorer/school/Illinois COM; https://cycletrack.org/explorer/school/Midwestern - Arizona; https://cycletrack.org/explorer/school/Noorda; https://cycletrack.org/explorer/school/North Texas; https://cycletrack.org/explorer/school/Orlando COM,Not an official entering-class average; CycleTrack is crowdsourced applicant/outcome data.
77,Indiana University,cycletrack_acceptance_median,1,single_source,3.95,3.95,,519,519,,Published source rows are school averages; CycleTrack rows are crowdsourced acceptance medians.,,,,,,,,,,,,,,,,,,,Indiana University,CycleTrack crowdsourced MD acceptance median cGPA and MCAT,3.95,519,https://cycletrack.org/explorer/school/Indiana,Not an official entering-class average; CycleTrack is crowdsourced applicant/outcome data.
78,Johns Hopkins University,cycletrack_acceptance_median,1,single_source,3.97,3.97,,522,522,,Published source rows are school averages; CycleTrack rows are crowdsourced acceptance medians.,,,,,,,,,,,,,,,,,,,Johns Hopkins University,CycleTrack crowdsourced MD acceptance median cGPA and MCAT,3.97,522,https://cycletrack.org/explorer/school/Johns Hopkins,Not an official entering-class average; CycleTrack is crowdsourced applicant/outcome data.
79,Kaiser Permanente,cycletrack_acceptance_median,1,single_source,3.95,3.95,,516,516,,Published source rows are school averages; CycleTrack rows are crowdsourced acceptance medians.,,,,,,,,,,,,,,,,,,,Kaiser Permanente,CycleTrack crowdsourced MD acceptance median cGPA and MCAT,3.95,516,https://cycletrack.org/explorer/school/Kaiser Permanente,Not an official entering-class average; CycleTrack is crowdsourced applicant/outcome data.
80,Kaiser Permanente Bernard J. Tyson School of Medicine,matchguy,1,single_source,3.78,3.78,,514,514,,Published source rows are school averages; CycleTrack rows are crowdsourced acceptance medians.,,,,,,,,,,,,,Kaiser Permanente Bernard J. Tyson School of Medicine,published school average GPA and MCAT,3.78,514,,,,,,,,
81,Kaiser Permanente School of Medicine,shemmassian,1,single_source,3.78,3.78,,514,514,,Published source rows are school averages; CycleTrack rows are crowdsourced acceptance medians.,,,,,,,Kaiser Permanente School of Medicine,published school average GPA and MCAT,3.78,514,,,,,,,,,,,,,,
82,Kansas City University,cycletrack_acceptance_median,1,single_source,3.8,3.8,,509,509,,Published source rows are school averages; CycleTrack rows are crowdsourced acceptance medians.,,,,,,,,,,,,,,,,,,,Kansas City University,CycleTrack crowdsourced DO acceptance median cGPA and MCAT,3.8,509,https://cycletrack.org/explorer/school/Kansas City University COM,Not an official entering-class average; CycleTrack is crowdsourced applicant/outcome data.
83,Kansas City University of Medicine and Biosciences College of Osteopathic Medicine,shemmassian,1,single_source,3.62,3.62,,505,505,,Published source rows are school averages; CycleTrack rows are crowdsourced acceptance medians.,,,,,,,Kansas City University of Medicine and Biosciences College of Osteopathic Medicine,published school average GPA and MCAT,3.62,505,,,,,,,,,,,,,,
84,Keck School of Medicine of the University of Southern California,matchguy,1,single_source,3.85,3.85,,517,517,,Published source rows are school averages; CycleTrack rows are crowdsourced acceptance medians.,,,,,,,,,,,,,Keck School of Medicine of the University of Southern California,published school average GPA and MCAT,3.85,517,,,,,,,,
85,Kentucky College of Osteopathic Medicine,cycletrack_acceptance_median,1,single_source,3.61,3.61,,504,504,,Published source rows are school averages; CycleTrack rows are crowdsourced acceptance medians.,,,,,,,,,,,,,,,,,,,Kentucky College of Osteopathic Medicine,CycleTrack crowdsourced DO acceptance median cGPA and MCAT,3.61,504,https://cycletrack.org/explorer/school/Kentucky COM,Not an official entering-class average; CycleTrack is crowdsourced applicant/outcome data.
86,Lake Erie College of Osteopathic Medicine,cycletrack_acceptance_median;shemmassian,2,major_conflict,3.41;3.79,3.41 - 3.79,0.38,503;509,503 - 509,6,Published source rows are school averages; CycleTrack rows are crowdsourced acceptance medians.,,,,,,,Lake Erie College of Osteopathic Medicine,published school average GPA and MCAT,3.41,503,,,,,,,,,Lake Erie College of Osteopathic Medicine (Erie),CycleTrack crowdsourced DO acceptance median cGPA and MCAT,3.79,509,https://cycletrack.org/explorer/school/Lake Erie,Not an official entering-class average; CycleTrack is crowdsourced applicant/outcome data.
87,Lake Erie College of Osteopathic Medicine Bradenton Campus,cycletrack_acceptance_median;shemmassian,2,major_conflict,3.71;3.87,3.71 - 3.87,0.16,502;509,502 - 509,7,Published source rows are school averages; CycleTrack rows are crowdsourced acceptance medians.,,,,,,,Lake Erie College of Osteopathic Medicine Bradenton Campus,published school average GPA and MCAT,3.71,502,,,,,,,,,Lake Erie College of Osteopathic Medicine (Bradenton),CycleTrack crowdsourced DO acceptance median cGPA and MCAT,3.87,509,https://cycletrack.org/explorer/school/Lake Erie - Bradenton,Not an official entering-class average; CycleTrack is crowdsourced applicant/outcome data.
88,Liberty University,cycletrack_acceptance_median,1,single_source,3.79,3.79,,504,504,,Published source rows are school averages; CycleTrack rows are crowdsourced acceptance medians.,,,,,,,,,,,,,,,,,,,Liberty University,CycleTrack crowdsourced DO acceptance median cGPA and MCAT,3.79,504,https://cycletrack.org/explorer/school/Liberty,Not an official entering-class average; CycleTrack is crowdsourced applicant/outcome data.
89,Lincoln Memorial University,cycletrack_acceptance_median,1,single_source,3.71,3.71,,504,504,,Published source rows are school averages; CycleTrack rows are crowdsourced acceptance medians.,,,,,,,,,,,,,,,,,,,Lincoln Memorial University,CycleTrack crowdsourced DO acceptance median cGPA and MCAT,3.71,504,https://cycletrack.org/explorer/school/Lincoln Memorial,Not an official entering-class average; CycleTrack is crowdsourced applicant/outcome data.
90,Lincoln Memorial University DeBusk College of Osteopathic Medicine,shemmassian,1,single_source,3.4,3.4,,501,501,,Published source rows are school averages; CycleTrack rows are crowdsourced acceptance medians.,,,,,,,Lincoln Memorial University DeBusk College of Osteopathic Medicine,published school average GPA and MCAT,3.4,501,,,,,,,,,,,,,,
91,Loma Linda University,cycletrack_acceptance_median,1,single_source,3.9,3.9,,516,516,,Published source rows are school averages; CycleTrack rows are crowdsourced acceptance medians.,,,,,,,,,,,,,,,,,,,Loma Linda University,CycleTrack crowdsourced MD acceptance median cGPA and MCAT,3.9,516,https://cycletrack.org/explorer/school/Loma Linda,Not an official entering-class average; CycleTrack is crowdsourced applicant/outcome data.
92,Loma Linda University School of Medicine,matchguy;prospectivedoctor;shemmassian,3,major_conflict,3.86;3.89;3.76;3.63;3.95;3.86;3.91;3.89;3.94;3.85;3.94;3.85;3.7;3.92;3.78;3.9;3.9;3.5;3.85;3.94;3.8;3.9;3.7;3.78,3.5 - 3.95,0.45,510;519;513;511;521;513;514;519;521;509;518;512;510;521;511;514;519;508;512;520;509;514;510,508 - 521,13,Published source rows are school averages; CycleTrack rows are crowdsourced acceptance medians.,Loma Linda University School of Medicine; Stanford University School of Medicine; Indiana University School of Medicine; Tulane University School of Medicine; Johns Hopkins University School of Medicine; Wayne State University School of Medicine; Saint Louis University School of Medicine; Duke University School of Medicine; Vanderbilt University School of Medicine,published school average GPA and MCAT,3.86; 3.89; 3.76; 3.63; 3.95; 3.91; 3.94,510; 519; 513; 511; 521; 514,http://medicine.llu.edu/admissions; http://med.stanford.edu/md-admissions.html; https://medicine.iu.edu/education/md/admissions/; http://www2.tulane.edu/som/admissions/index.cfm; http://www.hopkinsmedicine.org/som/admissions/md/; http://admissions.med.wayne.edu/; http://www.slu.edu/medicine/admissions; https://medschool.duke.edu/education/student-services/office-admissions; https://medschool.vanderbilt.edu/md-admissions/,,Loma Linda University School of Medicine; Stanford University School of Medicine; Indiana University School of Medicine; Tulane University School of Medicine; Johns Hopkins University School of Medicine; Wayne State University School of Medicine; Saint Louis University School of Medicine; Duke University School of Medicine; Vanderbilt University School of Medicine,published school average GPA and MCAT,3.85; 3.94; 3.7; 3.92; 3.78; 3.9; 3.5,509; 518; 512; 510; 521; 511; 514; 519; 508,,source row carried an asterisk,Indiana University School of Medicine; Johns Hopkins University School of Medicine; Loma Linda University School of Medicine; Saint Louis University School of Medicine; Stanford University School of Medicine; Tulane University School of Medicine; Wayne State University School of Medicine,published school average GPA and MCAT,3.85; 3.94; 3.8; 3.9; 3.7; 3.78,512; 520; 509; 514; 510,,,,,,,,
93,Louisiana State University (New Orleans),cycletrack_acceptance_median,1,single_source,3.9,3.9,,515,515,,Published source rows are school averages; CycleTrack rows are crowdsourced acceptance medians.,,,,,,,,,,,,,,,,,,,Louisiana State University (New Orleans),CycleTrack crowdsourced MD acceptance median cGPA and MCAT,3.9,515,https://cycletrack.org/explorer/school/LSU - New Orleans,Not an official entering-class average; CycleTrack is crowdsourced applicant/outcome data.
94,Louisiana State University (Shreveport),cycletrack_acceptance_median,1,single_source,3.94,3.94,,510.5,510.5,,Published source rows are school averages; CycleTrack rows are crowdsourced acceptance medians.,,,,,,,,,,,,,,,,,,,Louisiana State University (Shreveport),CycleTrack crowdsourced MD acceptance median cGPA and MCAT,3.94,510.5,https://cycletrack.org/explorer/school/LSU - Shreveport,Not an official entering-class average; CycleTrack is crowdsourced applicant/outcome data.
95,Louisiana State University - New Orleans School of Medicine,prospectivedoctor;shemmassian,2,major_conflict,3.82;3.77;3.76;3.8,3.76 - 3.82,0.06,509;506;509;508,506 - 509,3,Published source rows are school averages; CycleTrack rows are crowdsourced acceptance medians.,Louisiana State University-New Orleans School of Medicine; Louisiana State University-Shreveport School of Medicine,published school average GPA and MCAT,3.82; 3.77,509; 506,http://www.medschool.lsuhsc.edu/admissions/; https://www.lsuhs.edu/our-schools/school-of-medicine,,Louisiana State University - New Orleans School of Medicine; Louisiana State University - Shreveport School of Medicine,published school average GPA and MCAT,3.76; 3.8,509; 508,,source row carried an asterisk,,,,,,,,,,,,
96,Louisiana State University School of Medicine in Shreveport,matchguy,1,single_source,3.7,3.7,,507,507,,Published source rows are school averages; CycleTrack rows are crowdsourced acceptance medians.,,,,,,,,,,,,,Louisiana State University School of Medicine in Shreveport,published school average GPA and MCAT,3.7,507,,,,,,,,
97,Loyola University,cycletrack_acceptance_median,1,single_source,3.86,3.86,,514,514,,Published source rows are school averages; CycleTrack rows are crowdsourced acceptance medians.,,,,,,,,,,,,,,,,,,,Loyola University,CycleTrack crowdsourced MD acceptance median cGPA and MCAT,3.86,514,https://cycletrack.org/explorer/school/Loyola,Not an official entering-class average; CycleTrack is crowdsourced applicant/outcome data.
98,Loyola University of Chicago Stritch School of Medicine,matchguy;prospectivedoctor;shemmassian,3,major_conflict,3.76;3.93;3.8;3.91;3.8,3.76 - 3.93,0.17,512;521;512;521;512,512 - 521,9,Published source rows are school averages; CycleTrack rows are crowdsourced acceptance medians.,Loyola University of Chicago Stritch School of Medicine; University of Chicago Pritzker School of Medicine,published school average GPA and MCAT,3.76; 3.93,512; 521,http://ssom.luc.edu/admission/; http://pritzker.uchicago.edu/page/admissions,,Loyola University of Chicago Stritch School of Medicine; University of Chicago Pritzker School of Medicine,published school average GPA and MCAT,3.8; 3.91,512; 521,,,Loyola University Chicago Stritch School of Medicine,published school average GPA and MCAT,3.8,512,,,,,,,,
99,Marian University,cycletrack_acceptance_median,1,single_source,3.86,3.86,,506,506,,Published source rows are school averages; CycleTrack rows are crowdsourced acceptance medians.,,,,,,,,,,,,,,,,,,,Marian University,CycleTrack crowdsourced DO acceptance median cGPA and MCAT,3.86,506,https://cycletrack.org/explorer/school/Marian,Not an official entering-class average; CycleTrack is crowdsourced applicant/outcome data.
100,Marshall University,cycletrack_acceptance_median,1,single_source,3.92,3.92,,515,515,,Published source rows are school averages; CycleTrack rows are crowdsourced acceptance medians.,,,,,,,,,,,,,,,,,,,Marshall University,CycleTrack crowdsourced MD acceptance median cGPA and MCAT,3.92,515,https://cycletrack.org/explorer/school/Marshall,Not an official entering-class average; CycleTrack is crowdsourced applicant/outcome data.
101,Marshall University Joan C. Edwards School of Medicine,matchguy;prospectivedoctor;shemmassian,3,major_conflict,3.7;3.81;3.81,3.7 - 3.81,0.11,502;506;506,502 - 506,4,Published source rows are school averages; CycleTrack rows are crowdsourced acceptance medians.,Marshall University Joan C. Edwards School of Medicine,published school average GPA and MCAT,3.7,502,http://jcesom.marshall.edu/admissions/,,Marshall University Joan C. Edwards School of Medicine,published school average GPA and MCAT,3.81,506,,source row carried an asterisk,Marshall University Joan C. Edwards School of Medicine,published school average GPA and MCAT,3.81,506,,,,,,,,
102,"Max Rady College of Medicine, Rady Faculty of Health Sciences, University of Manitoba",matchguy,1,single_source,4.27,4.27,,513,513,,Published source rows are school averages; CycleTrack rows are crowdsourced acceptance medians.,,,,,,,,,,,,,"Max Rady College of Medicine, Rady Faculty of Health Sciences, University of Manitoba",published school average GPA and MCAT,4.27,513,,,,,,,,
103,Mayo Clinic,cycletrack_acceptance_median,1,single_source,3.95,3.95,,522,522,,Published source rows are school averages; CycleTrack rows are crowdsourced acceptance medians.,,,,,,,,,,,,,,,,,,,Mayo Clinic,CycleTrack crowdsourced MD acceptance median cGPA and MCAT,3.95,522,https://cycletrack.org/explorer/school/Mayo,Not an official entering-class average; CycleTrack is crowdsourced applicant/outcome data.
104,Mayo Clinic Alix School of Medicine,matchguy;shemmassian,2,close_agreement,3.95;3.95;3.95,3.95 - 3.95,0,521;521;521,521 - 521,0,Published source rows are school averages; CycleTrack rows are crowdsourced acceptance medians.,,,,,,,Mayo Clinic Alix School of Medicine,published school average GPA and MCAT,3.95,521,,,Mayo Clinic Alix School of Medicine,published school average GPA and MCAT,3.95,521,,,,,,,,
105,Mayo Medical School,prospectivedoctor,1,single_source,3.94,3.94,,520,520,,Published source rows are school averages; CycleTrack rows are crowdsourced acceptance medians.,Mayo Medical School,published school average GPA and MCAT,3.94,520,http://www.mayo.edu/mayo-clinic-school-of-medicine/programs/md/admissions-and-application-process,,,,,,,,,,,,,,,,,,,
106,Medical College of Georgia,cycletrack_acceptance_median,1,single_source,3.89,3.89,,516,516,,Published source rows are school averages; CycleTrack rows are crowdsourced acceptance medians.,,,,,,,,,,,,,,,,,,,Medical College of Georgia,CycleTrack crowdsourced MD acceptance median cGPA and MCAT,3.89,516,https://cycletrack.org/explorer/school/Medical College of Georgia,Not an official entering-class average; CycleTrack is crowdsourced applicant/outcome data.
107,Medical College of Georgia at Augusta University,matchguy;prospectivedoctor;shemmassian,3,close_agreement,3.82;3.8;3.8,3.8 - 3.82,0.02,513;512;513,512 - 513,1,Published source rows are school averages; CycleTrack rows are crowdsourced acceptance medians.,Medical College of Georgia at Augusta University,published school average GPA and MCAT,3.82,513,http://www.augusta.edu/mcg/admissions/,,Medical College of Georgia at Augusta University,published school average GPA and MCAT,3.8,512,,source row carried an asterisk,Medical College of Georgia at Augusta University,published school average GPA and MCAT,3.8,513,,,,,,,,
108,Medical College of Wisconsin,cycletrack_acceptance_median;prospectivedoctor;shemmassian,3,major_conflict,3.73;3.7;3.86,3.7 - 3.86,0.16,511;508;514,508 - 514,6,Published source rows are school averages; CycleTrack rows are crowdsourced acceptance medians.,Medical College of Wisconsin,published school average GPA and MCAT,3.73,511,http://www.mcw.edu/Medical-School/Admissions.htm,,Medical College of Wisconsin,published school average GPA and MCAT,3.7,508,,,,,,,,,Medical College of Wisconsin,CycleTrack crowdsourced MD acceptance median cGPA and MCAT,3.86,514,https://cycletrack.org/explorer/school/Medical College of Wisconsin,Not an official entering-class average; CycleTrack is crowdsourced applicant/outcome data.
109,Medical University of South Carolina College of Medicine,cycletrack_acceptance_median;matchguy;prospectivedoctor;shemmassian,4,major_conflict,3.83;3.85;3.7;3.85,3.7 - 3.85,0.15,517;511.2;511;517,511 - 517,6,Published source rows are school averages; CycleTrack rows are crowdsourced acceptance medians.,Medical University of South Carolina College of Medicine,published school average GPA and MCAT,3.83,517,http://academicdepartments.musc.edu/com/education/admissions/,,Medical University of South Carolina College of Medicine,published school average GPA and MCAT,3.85,511.2,,source row carried an asterisk,Medical University of South Carolina College of Medicine,published school average GPA and MCAT,3.7,511,,,Medical University of South Carolina,CycleTrack crowdsourced MD acceptance median cGPA and MCAT,3.85,517,https://cycletrack.org/explorer/school/Medical University of South Carolina,Not an official entering-class average; CycleTrack is crowdsourced applicant/outcome data.
110,Meharry Medical College,cycletrack_acceptance_median,1,single_source,3.72,3.72,,511,511,,Published source rows are school averages; CycleTrack rows are crowdsourced acceptance medians.,,,,,,,,,,,,,,,,,,,Meharry Medical College,CycleTrack crowdsourced MD acceptance median cGPA and MCAT,3.72,511,https://cycletrack.org/explorer/school/Meharry,Not an official entering-class average; CycleTrack is crowdsourced applicant/outcome data.
111,Meharry Medical College School of Medicine,prospectivedoctor;shemmassian,2,minor_conflict,3.52;3.46,3.46 - 3.52,0.06,503;503,503 - 503,0,Published source rows are school averages; CycleTrack rows are crowdsourced acceptance medians.,Meharry Medical College School of Medicine,published school average GPA and MCAT,3.52,503,http://www.mmc.edu/prospectivestudents/admissions/school-of-medicine/index.html,,Meharry Medical College School of Medicine,published school average GPA and MCAT,3.46,503,,,,,,,,,,,,,,
112,Mercer University,cycletrack_acceptance_median,1,single_source,3.83,3.83,,511,511,,Published source rows are school averages; CycleTrack rows are crowdsourced acceptance medians.,,,,,,,,,,,,,,,,,,,Mercer University,CycleTrack crowdsourced MD acceptance median cGPA and MCAT,3.83,511,https://cycletrack.org/explorer/school/Mercer,Not an official entering-class average; CycleTrack is crowdsourced applicant/outcome data.
113,Meritus School of Osteopathic Medicine,cycletrack_acceptance_median,1,single_source,3.69;3.82,3.69 - 3.82,0.13,506;512,506 - 512,6,Published source rows are school averages; CycleTrack rows are crowdsourced acceptance medians.,,,,,,,,,,,,,,,,,,,Meritus School of Osteopathic Medicine; Rowan-Virtua School of Osteopathic Medicine,CycleTrack crowdsourced DO acceptance median cGPA and MCAT,3.69; 3.82,506; 512,https://cycletrack.org/explorer/school/Meritus SOM; https://cycletrack.org/explorer/school/Rowan,Not an official entering-class average; CycleTrack is crowdsourced applicant/outcome data.
114,Methodist University,cycletrack_acceptance_median,1,single_source,3.82,3.82,,512,512,,Published source rows are school averages; CycleTrack rows are crowdsourced acceptance medians.,,,,,,,,,,,,,,,,,,,Methodist University,CycleTrack crowdsourced MD acceptance median cGPA and MCAT,3.82,512,https://cycletrack.org/explorer/school/Methodist University,Not an official entering-class average; CycleTrack is crowdsourced applicant/outcome data.
115,Michigan State University,cycletrack_acceptance_median,1,single_source,3.83;3.77;3.92,3.77 - 3.92,0.15,512;510;518,510 - 518,8,Published source rows are school averages; CycleTrack rows are crowdsourced acceptance medians.,,,,,,,,,,,,,,,,,,,Michigan State University; Ohio State University,CycleTrack crowdsourced MD acceptance median cGPA and MCAT; CycleTrack crowdsourced DO acceptance median cGPA and MCAT,3.83; 3.77; 3.92,512; 510; 518,https://cycletrack.org/explorer/school/Michigan State; https://cycletrack.org/explorer/school/Michigan State COM; https://cycletrack.org/explorer/school/Ohio State,Not an official entering-class average; CycleTrack is crowdsourced applicant/outcome data.
116,Michigan State University College of Human Medicine,matchguy;prospectivedoctor;shemmassian,3,major_conflict,3.76;3.7;3,3 - 3.76,0.76,509;507,507 - 509,2,Published source rows are school averages; CycleTrack rows are crowdsourced acceptance medians.,Michigan State University College of Human Medicine,published school average GPA and MCAT,3.76,509,http://mdadmissions.msu.edu/ApplicationProcess/future/default2.htm,,Michigan State University College of Human Medicine,published school average GPA and MCAT,3.7,507,,source row carried an asterisk,Michigan State University College of Human Medicine,published school average GPA and MCAT,3,,,,,,,,,
117,Michigan State University College of Osteopathic Medicine,shemmassian,1,single_source,3.5;3.53;3.8,3.5 - 3.8,0.3,506;505;506,505 - 506,1,Published source rows are school averages; CycleTrack rows are crowdsourced acceptance medians.,,,,,,,Michigan State University College of Osteopathic Medicine; William Carey University College of Osteopathic Medicine; Sam Houston State University College of Osteopathic Medicine,published school average GPA and MCAT,3.5; 3.53; 3.8,506; 505,,source row carried an asterisk,,,,,,,,,,,,
118,Midwestern University,cycletrack_acceptance_median,1,single_source,3.8,3.8,,512,512,,Published source rows are school averages; CycleTrack rows are crowdsourced acceptance medians.,,,,,,,,,,,,,,,,,,,Midwestern University,CycleTrack crowdsourced DO acceptance median cGPA and MCAT,3.8,512,https://cycletrack.org/explorer/school/Midwestern - Chicago,Not an official entering-class average; CycleTrack is crowdsourced applicant/outcome data.
119,Morehouse School of Medicine,cycletrack_acceptance_median;matchguy;prospectivedoctor;shemmassian,4,major_conflict,3.63;3.64;3.64;3.78,3.63 - 3.78,0.15,504;504.1;505.6;511.5,504 - 511.5,7.5,Published source rows are school averages; CycleTrack rows are crowdsourced acceptance medians.,Morehouse School of Medicine,published school average GPA and MCAT,3.63,504,http://www.msm.edu/Admissions/doctorofmedicine.php,,Morehouse School of Medicine,published school average GPA and MCAT,3.64,504.1,,,Morehouse School of Medicine,published school average GPA and MCAT,3.64,505.6,,,Morehouse School of Medicine,CycleTrack crowdsourced MD acceptance median cGPA and MCAT,3.78,511.5,https://cycletrack.org/explorer/school/Morehouse,Not an official entering-class average; CycleTrack is crowdsourced applicant/outcome data.
120,NYU Grossman,cycletrack_acceptance_median,1,single_source,3.97,3.97,,523,523,,Published source rows are school averages; CycleTrack rows are crowdsourced acceptance medians.,,,,,,,,,,,,,,,,,,,NYU Grossman,CycleTrack crowdsourced MD acceptance median cGPA and MCAT,3.97,523,https://cycletrack.org/explorer/school/New York University - Grossman,Not an official entering-class average; CycleTrack is crowdsourced applicant/outcome data.
121,New York Institute of Technology,cycletrack_acceptance_median,1,single_source,3.78,3.78,,509,509,,Published source rows are school averages; CycleTrack rows are crowdsourced acceptance medians.,,,,,,,,,,,,,,,,,,,New York Institute of Technology,CycleTrack crowdsourced DO acceptance median cGPA and MCAT,3.78,509,https://cycletrack.org/explorer/school/New York Institute of Technology,Not an official entering-class average; CycleTrack is crowdsourced applicant/outcome data.
122,New York Institute of Technology College of Osteopathic Medicine,shemmassian,1,single_source,3.62,3.62,,506,506,,Published source rows are school averages; CycleTrack rows are crowdsourced acceptance medians.,,,,,,,New York Institute of Technology College of Osteopathic Medicine,published school average GPA and MCAT,3.62,506,,,,,,,,,,,,,,
123,New York Medical College,cycletrack_acceptance_median;matchguy;prospectivedoctor;shemmassian,4,major_conflict,3.72;3.6;3.73;3.9,3.6 - 3.9,0.3,513;516;515;518,513 - 518,5,Published source rows are school averages; CycleTrack rows are crowdsourced acceptance medians.,New York Medical College,published school average GPA and MCAT,3.72,513,http://www.nymc.edu/future-students/admission-offices/,,New York Medical College,published school average GPA and MCAT,3.6,516,,,New York Medical College,published school average GPA and MCAT,3.73,515,,,New York Medical College,CycleTrack crowdsourced MD acceptance median cGPA and MCAT,3.9,518,https://cycletrack.org/explorer/school/New York Medical College,Not an official entering-class average; CycleTrack is crowdsourced applicant/outcome data.
124,New York University Grossman School of Medicine,matchguy;shemmassian,2,major_conflict,3.98;3.94;3.95,3.94 - 3.98,0.04,523;516;522.39,516 - 523,7,Published source rows are school averages; CycleTrack rows are crowdsourced acceptance medians.,,,,,,,New York University Grossman School of Medicine; New York University Long Island School of Medicine,published school average GPA and MCAT,3.98; 3.94,523; 516,,,New York University Grossman School of Medicine,published school average GPA and MCAT,3.95,522.39,,,,,,,,
125,Northeast Ohio Medical University,cycletrack_acceptance_median;matchguy;prospectivedoctor;shemmassian,4,major_conflict,3.76;3.75;3.75;3.84,3.75 - 3.84,0.09,507;511;511;515,507 - 515,8,Published source rows are school averages; CycleTrack rows are crowdsourced acceptance medians.,Northeast Ohio Medical University,published school average GPA and MCAT,3.76,507,http://www.neomed.edu/admissions/apply/#com,,Northeast Ohio Medical University,published school average GPA and MCAT,3.75,511,,source row carried an asterisk,Northeast Ohio Medical University,published school average GPA and MCAT,3.75,511,,,Northeast Ohio Medical University,CycleTrack crowdsourced MD acceptance median cGPA and MCAT,3.84,515,https://cycletrack.org/explorer/school/Northeast Ohio,Not an official entering-class average; CycleTrack is crowdsourced applicant/outcome data.
126,Northern Ontario School of Medicine,matchguy,1,single_source,3.79,3.79,,,,,Published source rows are school averages; CycleTrack rows are crowdsourced acceptance medians.,,,,,,,,,,,,,Northern Ontario School of Medicine,published school average GPA and MCAT,3.79,,,,,,,,,
127,Northwestern University,cycletrack_acceptance_median,1,single_source,3.95,3.95,,521,521,,Published source rows are school averages; CycleTrack rows are crowdsourced acceptance medians.,,,,,,,,,,,,,,,,,,,Northwestern University,CycleTrack crowdsourced MD acceptance median cGPA and MCAT,3.95,521,https://cycletrack.org/explorer/school/Northwestern,Not an official entering-class average; CycleTrack is crowdsourced applicant/outcome data.
128,Northwestern University The Feinberg School of Medicine,matchguy;prospectivedoctor;shemmassian,3,close_agreement,3.91;3.93;3.93,3.91 - 3.93,0.02,520;521;521,520 - 521,1,Published source rows are school averages; CycleTrack rows are crowdsourced acceptance medians.,Northwestern University The Feinberg School of Medicine,published school average GPA and MCAT,3.91,520,http://www.feinberg.northwestern.edu/admissions/index.html,,Northwestern University The Feinberg School of Medicine,published school average GPA and MCAT,3.93,521,,,Northwestern University The Feinberg School of Medicine,published school average GPA and MCAT,3.93,521,,,,,,,,
129,Nova Southeastern University,cycletrack_acceptance_median,1,single_source,3.76;3.72,3.72 - 3.76,0.04,512;507,507 - 512,5,Published source rows are school averages; CycleTrack rows are crowdsourced acceptance medians.,,,,,,,,,,,,,,,,,,,Nova Southeastern University,CycleTrack crowdsourced MD acceptance median cGPA and MCAT; CycleTrack crowdsourced DO acceptance median cGPA and MCAT,3.76; 3.72,512; 507,https://cycletrack.org/explorer/school/Nova Southeastern; https://cycletrack.org/explorer/school/Nova Southeastern COM,Not an official entering-class average; CycleTrack is crowdsourced applicant/outcome data.
130,Nova Southeastern University Dr. Kiran C. Patel College of Allopathic Medicine,matchguy;shemmassian,2,major_conflict,3.75;3.6;3.75,3.6 - 3.75,0.15,512;506;512,506 - 512,6,Published source rows are school averages; CycleTrack rows are crowdsourced acceptance medians.,,,,,,,Nova Southeastern University Dr. Kiran C. Patel College of Allopathic Medicine; Nova Southeastern University Dr. Kiran C. Patel College of Osteopathic Medicine,published school average GPA and MCAT,3.75; 3.6,512; 506,,,Nova Southeastern University Dr. Kiran C. Patel College of Allopathic Medicine,published school average GPA and MCAT,3.75,512,,,,,,,,
131,Oakland University,cycletrack_acceptance_median,1,single_source,3.93,3.93,,513.5,513.5,,Published source rows are school averages; CycleTrack rows are crowdsourced acceptance medians.,,,,,,,,,,,,,,,,,,,Oakland University,CycleTrack crowdsourced MD acceptance median cGPA and MCAT,3.93,513.5,https://cycletrack.org/explorer/school/Oakland,Not an official entering-class average; CycleTrack is crowdsourced applicant/outcome data.
132,Oakland University William Beaumont School of Medicine,matchguy;prospectivedoctor;shemmassian,3,close_agreement,3.85;3.89;3.89,3.85 - 3.89,0.04,510;510;510,510 - 510,0,Published source rows are school averages; CycleTrack rows are crowdsourced acceptance medians.,Oakland University William Beaumont School of Medicine,published school average GPA and MCAT,3.85,510,https://wwwp.oakland.edu/medicine/admissions/about/,,Oakland University William Beaumont School of Medicine,published school average GPA and MCAT,3.89,510,,,Oakland University William Beaumont School of Medicine,published school average GPA and MCAT,3.89,510,,,,,,,,
133,Ohio University,cycletrack_acceptance_median,1,single_source,3.79,3.79,,510,510,,Published source rows are school averages; CycleTrack rows are crowdsourced acceptance medians.,,,,,,,,,,,,,,,,,,,Ohio University,CycleTrack crowdsourced DO acceptance median cGPA and MCAT,3.79,510,https://cycletrack.org/explorer/school/Ohio University,Not an official entering-class average; CycleTrack is crowdsourced applicant/outcome data.
134,Ohio University Heritage College of Osteopathic Medicine,shemmassian,1,single_source,3.68,3.68,,503.46,503.46,,Published source rows are school averages; CycleTrack rows are crowdsourced acceptance medians.,,,,,,,Ohio University Heritage College of Osteopathic Medicine,published school average GPA and MCAT,3.68,503.46,,source row carried an asterisk,,,,,,,,,,,,
135,Oklahoma State University,cycletrack_acceptance_median,1,single_source,3.93,3.93,,506,506,,Published source rows are school averages; CycleTrack rows are crowdsourced acceptance medians.,,,,,,,,,,,,,,,,,,,Oklahoma State University,CycleTrack crowdsourced DO acceptance median cGPA and MCAT,3.93,506,https://cycletrack.org/explorer/school/Oklahoma State,Not an official entering-class average; CycleTrack is crowdsourced applicant/outcome data.
136,Oklahoma State University Center for Health Sciences College of Osteopathic Medicine,shemmassian,1,single_source,3.6,3.6,,500,500,,Published source rows are school averages; CycleTrack rows are crowdsourced acceptance medians.,,,,,,,Oklahoma State University Center for Health Sciences College of Osteopathic Medicine,published school average GPA and MCAT,3.6,500,,source row carried an asterisk,,,,,,,,,,,,
137,Oregon Health & Science University,cycletrack_acceptance_median,1,single_source,3.8,3.8,,515,515,,Published source rows are school averages; CycleTrack rows are crowdsourced acceptance medians.,,,,,,,,,,,,,,,,,,,Oregon Health & Science University,CycleTrack crowdsourced MD acceptance median cGPA and MCAT,3.8,515,https://cycletrack.org/explorer/school/Oregon Health and Science,Not an official entering-class average; CycleTrack is crowdsourced applicant/outcome data.
138,Oregon Health & Science University School of Medicine,matchguy;prospectivedoctor;shemmassian,3,major_conflict,3.77;3.66;3.66,3.66 - 3.77,0.11,512;509;509,509 - 512,3,Published source rows are school averages; CycleTrack rows are crowdsourced acceptance medians.,Oregon Health & Science University School of Medicine,published school average GPA and MCAT,3.77,512,http://www.ohsu.edu/xd/education/schools/school-of-medicine/education/future-students.cfm,,Oregon Health & Science University School of Medicine,published school average GPA and MCAT,3.66,509,,source row carried an asterisk,Oregon Health & Science University School of Medicine,published school average GPA and MCAT,3.66,509,,,,,,,,
139,Pacific Northwest University,cycletrack_acceptance_median,1,single_source,3.68,3.68,,507,507,,Published source rows are school averages; CycleTrack rows are crowdsourced acceptance medians.,,,,,,,,,,,,,,,,,,,Pacific Northwest University,CycleTrack crowdsourced DO acceptance median cGPA and MCAT,3.68,507,https://cycletrack.org/explorer/school/Pacific Northwest,Not an official entering-class average; CycleTrack is crowdsourced applicant/outcome data.
140,Pacific Northwestern University of Health Sciences College of Osteopathic Medicine,shemmassian,1,single_source,3.6,3.6,,503,503,,Published source rows are school averages; CycleTrack rows are crowdsourced acceptance medians.,,,,,,,Pacific Northwestern University of Health Sciences College of Osteopathic Medicine,published school average GPA and MCAT,3.6,503,,,,,,,,,,,,,,
141,Pennsylvania State University,cycletrack_acceptance_median,1,single_source,3.87,3.87,,512.5,512.5,,Published source rows are school averages; CycleTrack rows are crowdsourced acceptance medians.,,,,,,,,,,,,,,,,,,,Pennsylvania State University,CycleTrack crowdsourced MD acceptance median cGPA and MCAT,3.87,512.5,https://cycletrack.org/explorer/school/Penn State,Not an official entering-class average; CycleTrack is crowdsourced applicant/outcome data.
142,Pennsylvania State University College of Medicine,prospectivedoctor;shemmassian,2,minor_conflict,3.81;3.75,3.75 - 3.81,0.06,512;511,511 - 512,1,Published source rows are school averages; CycleTrack rows are crowdsourced acceptance medians.,Pennsylvania State University College of Medicine,published school average GPA and MCAT,3.81,512,http://med.psu.edu/md/apply,,Pennsylvania State University College of Medicine,published school average GPA and MCAT,3.75,511,,source row carried an asterisk,,,,,,,,,,,,
143,Perelman School of Medicine University of Pennsylvania,matchguy;prospectivedoctor;shemmassian,3,close_agreement,3.94;3.97;3.94,3.94 - 3.97,0.03,522;521;521.7,521 - 522,1,Published source rows are school averages; CycleTrack rows are crowdsourced acceptance medians.,Perelman School of Medicine University of Pennsylvania,published school average GPA and MCAT,3.94,522,http://www.med.upenn.edu/admissions/,,Perelman School of Medicine University of Pennsylvania,published school average GPA and MCAT,3.97,521,,,Perelman School of Medicine at the University of Pennsylvania,published school average GPA and MCAT,3.94,521.7,,,,,,,,
144,Philadelphia College of Osteopathic Medicine,cycletrack_acceptance_median;shemmassian,2,major_conflict,3.5;3.77;3.75,3.5 - 3.77,0.27,504;510.5;506.5,504 - 510.5,6.5,Published source rows are school averages; CycleTrack rows are crowdsourced acceptance medians.,,,,,,,Philadelphia College of Osteopathic Medicine,published school average GPA and MCAT,3.5,504,,,,,,,,,Philadelphia College of Osteopathic Medicine; Philadelphia College of Osteopathic Medicine (Georgia),CycleTrack crowdsourced DO acceptance median cGPA and MCAT,3.77; 3.75,510.5; 506.5,https://cycletrack.org/explorer/school/Philadelphia COM; https://cycletrack.org/explorer/school/Philadelphia COM - Georgia,Not an official entering-class average; CycleTrack is crowdsourced applicant/outcome data.
145,Philadelphia College of Osteopathic Medicine (South Georgia),cycletrack_acceptance_median,1,single_source,3.71,3.71,,503,503,,Published source rows are school averages; CycleTrack rows are crowdsourced acceptance medians.,,,,,,,,,,,,,,,,,,,Philadelphia College of Osteopathic Medicine (South Georgia),CycleTrack crowdsourced DO acceptance median cGPA and MCAT,3.71,503,https://cycletrack.org/explorer/school/Philadelphia COM - South Georgia,Not an official entering-class average; CycleTrack is crowdsourced applicant/outcome data.
146,Ponce Health Sciences University,cycletrack_acceptance_median,1,single_source,3.71,3.71,,503,503,,Published source rows are school averages; CycleTrack rows are crowdsourced acceptance medians.,,,,,,,,,,,,,,,,,,,Ponce Health Sciences University,CycleTrack crowdsourced MD acceptance median cGPA and MCAT,3.71,503,https://cycletrack.org/explorer/school/Ponce Health Sciences,Not an official entering-class average; CycleTrack is crowdsourced applicant/outcome data.
147,Ponce School of Medicine and Health Sciences,prospectivedoctor;shemmassian,2,major_conflict,3.64;3.5,3.5 - 3.64,0.14,499;499,499 - 499,0,Published source rows are school averages; CycleTrack rows are crowdsourced acceptance medians.,Ponce School of Medicine and Health Sciences,published school average GPA and MCAT,3.64,499,http://www.psm.edu/education/md-program/,,Ponce School of Medicine and Health Sciences,published school average GPA and MCAT,3.5,499,,,,,,,,,,,,,,
148,Queen’s University Faculty of Health Sciences,matchguy,1,single_source,3.75,3.75,,513,513,,Published source rows are school averages; CycleTrack rows are crowdsourced acceptance medians.,,,,,,,,,,,,,Queen’s University Faculty of Health Sciences,published school average GPA and MCAT,3.75,513,,,,,,,,
149,Quinnipiac University,cycletrack_acceptance_median,1,single_source,3.82,3.82,,514,514,,Published source rows are school averages; CycleTrack rows are crowdsourced acceptance medians.,,,,,,,,,,,,,,,,,,,Quinnipiac University,CycleTrack crowdsourced MD acceptance median cGPA and MCAT,3.82,514,https://cycletrack.org/explorer/school/Quinnipiac,Not an official entering-class average; CycleTrack is crowdsourced applicant/outcome data.
150,Quinnipiac University Frank H. Netter MD School of Medicine,matchguy;prospectivedoctor;shemmassian,3,close_agreement,3.68;3.7;3.7,3.68 - 3.7,0.02,512;511;511,511 - 512,1,Published source rows are school averages; CycleTrack rows are crowdsourced acceptance medians.,Quinnipiac University Frank H. Netter MD School of Medicine,published school average GPA and MCAT,3.68,512,https://www.qu.edu/schools/medicine/admissions.html,,Quinnipiac University Frank H. Netter MD School of Medicine,published school average GPA and MCAT,3.7,511,,,Frank H. Netter MD School of Medicine at Quinnipiac University,published school average GPA and MCAT,3.7,511,,,,,,,,
151,Rocky Vista University,cycletrack_acceptance_median,1,single_source,3.8;3.69,3.69 - 3.8,0.11,510;505,505 - 510,5,Published source rows are school averages; CycleTrack rows are crowdsourced acceptance medians.,,,,,,,,,,,,,,,,,,,Rocky Vista University; Rocky Vista University (Montana),CycleTrack crowdsourced DO acceptance median cGPA and MCAT,3.8; 3.69,510; 505,https://cycletrack.org/explorer/school/Rocky Vista; https://cycletrack.org/explorer/school/Rocky Vista - Montana,Not an official entering-class average; CycleTrack is crowdsourced applicant/outcome data.
152,Rocky Vista University College of Osteopathic Medicine,shemmassian,1,single_source,3.61,3.61,,506,506,,Published source rows are school averages; CycleTrack rows are crowdsourced acceptance medians.,,,,,,,Rocky Vista University College of Osteopathic Medicine,published school average GPA and MCAT,3.61,506,,,,,,,,,,,,,,
153,Rosalind Franklin University,cycletrack_acceptance_median,1,single_source,3.78,3.78,,513,513,,Published source rows are school averages; CycleTrack rows are crowdsourced acceptance medians.,,,,,,,,,,,,,,,,,,,Rosalind Franklin University,CycleTrack crowdsourced MD acceptance median cGPA and MCAT,3.78,513,https://cycletrack.org/explorer/school/Rosalind Franklin,Not an official entering-class average; CycleTrack is crowdsourced applicant/outcome data.
154,Roseman University College of Medicine,cycletrack_acceptance_median,1,single_source,3.79,3.79,,508.5,508.5,,Published source rows are school averages; CycleTrack rows are crowdsourced acceptance medians.,,,,,,,,,,,,,,,,,,,Roseman University College of Medicine,CycleTrack crowdsourced MD acceptance median cGPA and MCAT,3.79,508.5,https://cycletrack.org/explorer/school/Roseman,Not an official entering-class average; CycleTrack is crowdsourced applicant/outcome data.
155,Rowan University School of Osteopathic Medicine,shemmassian,1,single_source,3.7,3.7,,508,508,,Published source rows are school averages; CycleTrack rows are crowdsourced acceptance medians.,,,,,,,Rowan University School of Osteopathic Medicine,published school average GPA and MCAT,3.7,508,,source row carried an asterisk,,,,,,,,,,,,
156,Rush Medical College of Rush University,prospectivedoctor;shemmassian,2,minor_conflict,3.67;3.72,3.67 - 3.72,0.05,511;510,510 - 511,1,Published source rows are school averages; CycleTrack rows are crowdsourced acceptance medians.,Rush Medical College of Rush University,published school average GPA and MCAT,3.67,511,https://www.rushu.rush.edu/rush-medical-college/doctor-medicine-md-program,,Rush Medical College of Rush University,published school average GPA and MCAT,3.72,510,,,,,,,,,,,,,,
157,Rush Medical College of Rush University Medical Center,matchguy,1,single_source,3.72,3.72,,510,510,,Published source rows are school averages; CycleTrack rows are crowdsourced acceptance medians.,,,,,,,,,,,,,Rush Medical College of Rush University Medical Center,published school average GPA and MCAT,3.72,510,,,,,,,,
158,Rush University,cycletrack_acceptance_median,1,single_source,3.8,3.8,,514,514,,Published source rows are school averages; CycleTrack rows are crowdsourced acceptance medians.,,,,,,,,,,,,,,,,,,,Rush University,CycleTrack crowdsourced MD acceptance median cGPA and MCAT,3.8,514,https://cycletrack.org/explorer/school/Rush,Not an official entering-class average; CycleTrack is crowdsourced applicant/outcome data.
159,Rutgers New Jersey Medical School,prospectivedoctor;shemmassian,2,major_conflict,3.82;3.7,3.7 - 3.82,0.12,515;515,515 - 515,0,Published source rows are school averages; CycleTrack rows are crowdsourced acceptance medians.,Rutgers New Jersey Medical School,published school average GPA and MCAT,3.82,515,http://njms.rutgers.edu/admissions/prospective/index.cfm,,Rutgers New Jersey Medical School,published school average GPA and MCAT,3.7,515,,source row carried an asterisk,,,,,,,,,,,,
160,Rutgers Robert Wood Johnson Medical School,prospectivedoctor;shemmassian,2,close_agreement,3.75;3.7,3.7 - 3.75,0.05,514;514,514 - 514,0,Published source rows are school averages; CycleTrack rows are crowdsourced acceptance medians.,Rutgers Robert Wood Johnson Medical School,published school average GPA and MCAT,3.75,514,http://rwjms.rutgers.edu/education/admissions/index.html,,Rutgers Robert Wood Johnson Medical School,published school average GPA and MCAT,3.7,514,,source row carried an asterisk,,,,,,,,,,,,
161,Rutgers University (New Jersey),cycletrack_acceptance_median,1,single_source,3.89,3.89,,516,516,,Published source rows are school averages; CycleTrack rows are crowdsourced acceptance medians.,,,,,,,,,,,,,,,,,,,Rutgers University (New Jersey),CycleTrack crowdsourced MD acceptance median cGPA and MCAT,3.89,516,https://cycletrack.org/explorer/school/Rutgers - New Jersey,Not an official entering-class average; CycleTrack is crowdsourced applicant/outcome data.
162,Rutgers University (Robert Wood Johnson),cycletrack_acceptance_median,1,single_source,3.88,3.88,,517,517,,Published source rows are school averages; CycleTrack rows are crowdsourced acceptance medians.,,,,,,,,,,,,,,,,,,,Rutgers University (Robert Wood Johnson),CycleTrack crowdsourced MD acceptance median cGPA and MCAT,3.88,517,https://cycletrack.org/explorer/school/Rutgers - Robert Wood Johnson,Not an official entering-class average; CycleTrack is crowdsourced applicant/outcome data.
163,SUNY - Downstate Medical Center College of Medicine,prospectivedoctor;shemmassian,2,close_agreement,3.74;3.73,3.73 - 3.74,0.01,514;513,513 - 514,1,Published source rows are school averages; CycleTrack rows are crowdsourced acceptance medians.,SUNY - Downstate Medical Center College of Medicine,published school average GPA and MCAT,3.74,514,https://www.downstate.edu/education-training/college-of-medicine/index.html,,SUNY - Downstate Medical Center College of Medicine,published school average GPA and MCAT,3.73,513,,source row carried an asterisk,,,,,,,,,,,,
164,SUNY - Upstate Medical University,prospectivedoctor;shemmassian,2,close_agreement,3.77;3.74,3.74 - 3.77,0.03,513;512,512 - 513,1,Published source rows are school averages; CycleTrack rows are crowdsourced acceptance medians.,SUNY - Upstate Medical University,published school average GPA and MCAT,3.77,513,http://www.upstate.edu/com/admissions/index.php,,SUNY - Upstate Medical University,published school average GPA and MCAT,3.74,512,,source row carried an asterisk,,,,,,,,,,,,
165,Saint Louis University,cycletrack_acceptance_median,1,single_source,3.91,3.91,,517,517,,Published source rows are school averages; CycleTrack rows are crowdsourced acceptance medians.,,,,,,,,,,,,,,,,,,,Saint Louis University,CycleTrack crowdsourced MD acceptance median cGPA and MCAT,3.91,517,https://cycletrack.org/explorer/school/Saint Louis,Not an official entering-class average; CycleTrack is crowdsourced applicant/outcome data.
166,Sam Houston State University,cycletrack_acceptance_median,1,single_source,3.84,3.84,,510,510,,Published source rows are school averages; CycleTrack rows are crowdsourced acceptance medians.,,,,,,,,,,,,,,,,,,,Sam Houston State University,CycleTrack crowdsourced DO acceptance median cGPA and MCAT,3.84,510,https://cycletrack.org/explorer/school/Sam Houston,Not an official entering-class average; CycleTrack is crowdsourced applicant/outcome data.
167,San Juan Bautista School of Medicine,cycletrack_acceptance_median;prospectivedoctor;shemmassian,3,major_conflict,3.71;3.57;3.72,3.57 - 3.72,0.15,498;499;506,498 - 506,8,Published source rows are school averages; CycleTrack rows are crowdsourced acceptance medians.,San Juan Bautista School of Medicine,published school average GPA and MCAT,3.71,498,http://www.sanjuanbautista.edu/school/md-program/admissions.html,,San Juan Bautista School of Medicine,published school average GPA and MCAT,3.57,499,,,,,,,,,San Juan Bautista School of Medicine,CycleTrack crowdsourced MD acceptance median cGPA and MCAT,3.72,506,https://cycletrack.org/explorer/school/San Juan Bautista,Not an official entering-class average; CycleTrack is crowdsourced applicant/outcome data.
168,Sidney Kimmel Medical College at Thomas Jefferson University,matchguy;prospectivedoctor;shemmassian,3,close_agreement,3.8;3.8;3.8,3.8 - 3.8,0,514;513;513,513 - 514,1,Published source rows are school averages; CycleTrack rows are crowdsourced acceptance medians.,Sidney Kimmel Medical College at Thomas Jefferson University,published school average GPA and MCAT,3.8,514,http://www.jefferson.edu/university/skmc/admissions.html,,Sidney Kimmel Medical College at Thomas Jefferson University,published school average GPA and MCAT,3.8,513,,,Sidney Kimmel Medical College at Thomas Jefferson University,published school average GPA and MCAT,3.8,513,,,,,,,,
169,Southern Illinois University,cycletrack_acceptance_median,1,single_source,3.94,3.94,,517.5,517.5,,Published source rows are school averages; CycleTrack rows are crowdsourced acceptance medians.,,,,,,,,,,,,,,,,,,,Southern Illinois University,CycleTrack crowdsourced MD acceptance median cGPA and MCAT,3.94,517.5,https://cycletrack.org/explorer/school/Southern Illinois,Not an official entering-class average; CycleTrack is crowdsourced applicant/outcome data.
170,Southern Illinois University School of Medicine,matchguy;prospectivedoctor;shemmassian,3,major_conflict,3.81;3.79;3.7;3.81;2.8,2.8 - 3.81,1.01,506;516;508;512,506 - 516,10,Published source rows are school averages; CycleTrack rows are crowdsourced acceptance medians.,Southern Illinois University School of Medicine; Western Michigan University School of Medicine,published school average GPA and MCAT,3.81; 3.79,506; 516,http://www.siumed.edu/studentaffairs/admissions/home.html; http://med.wmich.edu/admissions,,Southern Illinois University School of Medicine; Western Michigan University School of Medicine,published school average GPA and MCAT,3.7; 3.81,508; 512,,source row carried an asterisk,Southern Illinois University School of Medicine,published school average GPA and MCAT,2.8,,,,,,,,,
171,Stanford University,cycletrack_acceptance_median,1,single_source,3.96,3.96,,521.5,521.5,,Published source rows are school averages; CycleTrack rows are crowdsourced acceptance medians.,,,,,,,,,,,,,,,,,,,Stanford University,CycleTrack crowdsourced MD acceptance median cGPA and MCAT,3.96,521.5,https://cycletrack.org/explorer/school/Stanford,Not an official entering-class average; CycleTrack is crowdsourced applicant/outcome data.
172,State University of New York Downstate Health Sciences University,cycletrack_acceptance_median,1,single_source,3.83,3.83,,516,516,,Published source rows are school averages; CycleTrack rows are crowdsourced acceptance medians.,,,,,,,,,,,,,,,,,,,State University of New York Downstate Health Sciences University,CycleTrack crowdsourced MD acceptance median cGPA and MCAT,3.83,516,https://cycletrack.org/explorer/school/SUNY Downstate,Not an official entering-class average; CycleTrack is crowdsourced applicant/outcome data.
173,State University of New York Upstate Medical University,cycletrack_acceptance_median;matchguy,2,major_conflict,3.74;3.84,3.74 - 3.84,0.1,512;515,512 - 515,3,Published source rows are school averages; CycleTrack rows are crowdsourced acceptance medians.,,,,,,,,,,,,,State University of New York Upstate Medical University,published school average GPA and MCAT,3.74,512,,,State University of New York Upstate Medical University,CycleTrack crowdsourced MD acceptance median cGPA and MCAT,3.84,515,https://cycletrack.org/explorer/school/SUNY Upstate,Not an official entering-class average; CycleTrack is crowdsourced applicant/outcome data.
174,Stony Brook University,cycletrack_acceptance_median,1,single_source,3.91,3.91,,518.5,518.5,,Published source rows are school averages; CycleTrack rows are crowdsourced acceptance medians.,,,,,,,,,,,,,,,,,,,Stony Brook University,CycleTrack crowdsourced MD acceptance median cGPA and MCAT,3.91,518.5,https://cycletrack.org/explorer/school/Stony Brook,Not an official entering-class average; CycleTrack is crowdsourced applicant/outcome data.
175,TCU and UNTHSC School of Medicine,matchguy;shemmassian,2,close_agreement,3.81;3.81,3.81 - 3.81,0,512;512,512 - 512,0,Published source rows are school averages; CycleTrack rows are crowdsourced acceptance medians.,,,,,,,TCU and UNTHSC School of Medicine,published school average GPA and MCAT,3.81,512,,,TCU and UNTHSC School of Medicine,published school average GPA and MCAT,3.81,512,,,,,,,,
176,Temple University,cycletrack_acceptance_median,1,single_source,3.84,3.84,,515,515,,Published source rows are school averages; CycleTrack rows are crowdsourced acceptance medians.,,,,,,,,,,,,,,,,,,,Temple University,CycleTrack crowdsourced MD acceptance median cGPA and MCAT,3.84,515,https://cycletrack.org/explorer/school/Temple,Not an official entering-class average; CycleTrack is crowdsourced applicant/outcome data.
177,Temple University Lewis Katz School of Medicine,prospectivedoctor;shemmassian,2,major_conflict,3.77;3.7,3.7 - 3.77,0.07,513;510,510 - 513,3,Published source rows are school averages; CycleTrack rows are crowdsourced acceptance medians.,Temple University Lewis Katz School of Medicine,published school average GPA and MCAT,3.77,513,https://medicine.temple.edu/admissions,,Temple University Lewis Katz School of Medicine,published school average GPA and MCAT,3.7,510,,source row carried an asterisk,,,,,,,,,,,,
178,Texas A&M Health Science Center College of Medicine,prospectivedoctor;shemmassian,2,minor_conflict,3.84;3.89,3.84 - 3.89,0.05,513;513,513 - 513,0,Published source rows are school averages; CycleTrack rows are crowdsourced acceptance medians.,Texas A&M Health Science Center College of Medicine,published school average GPA and MCAT,3.84,513,https://medicine.tamhsc.edu/admissions/index.html,,Texas A&M Health Science Center College of Medicine,published school average GPA and MCAT,3.89,513,,source row carried an asterisk,,,,,,,,,,,,
179,Texas A&M University,cycletrack_acceptance_median,1,single_source,3.93,3.93,,518,518,,Published source rows are school averages; CycleTrack rows are crowdsourced acceptance medians.,,,,,,,,,,,,,,,,,,,Texas A&M University,CycleTrack crowdsourced MD acceptance median cGPA and MCAT,3.93,518,https://cycletrack.org/explorer/school/Texas A&M,Not an official entering-class average; CycleTrack is crowdsourced applicant/outcome data.
180,Texas Christian University,cycletrack_acceptance_median,1,single_source,3.93,3.93,,514,514,,Published source rows are school averages; CycleTrack rows are crowdsourced acceptance medians.,,,,,,,,,,,,,,,,,,,Texas Christian University,CycleTrack crowdsourced MD acceptance median cGPA and MCAT,3.93,514,https://cycletrack.org/explorer/school/Texas Christian University,Not an official entering-class average; CycleTrack is crowdsourced applicant/outcome data.
181,Texas Tech University (Foster),cycletrack_acceptance_median,1,single_source,3.96,3.96,,517,517,,Published source rows are school averages; CycleTrack rows are crowdsourced acceptance medians.,,,,,,,,,,,,,,,,,,,Texas Tech University (Foster),CycleTrack crowdsourced MD acceptance median cGPA and MCAT,3.96,517,https://cycletrack.org/explorer/school/Texas Tech - Foster,Not an official entering-class average; CycleTrack is crowdsourced applicant/outcome data.
182,Texas Tech University (Lubbock),cycletrack_acceptance_median,1,single_source,3.96,3.96,,516,516,,Published source rows are school averages; CycleTrack rows are crowdsourced acceptance medians.,,,,,,,,,,,,,,,,,,,Texas Tech University (Lubbock),CycleTrack crowdsourced MD acceptance median cGPA and MCAT,3.96,516,https://cycletrack.org/explorer/school/Texas Tech - Lubbock,Not an official entering-class average; CycleTrack is crowdsourced applicant/outcome data.
183,Texas Tech University Health Sciences Center Paul L. Foster School of Medicine,matchguy;prospectivedoctor;shemmassian,3,major_conflict,3.89;3.71;3.84;3.85;3.84,3.71 - 3.89,0.18,512;510;509;509;509,509 - 512,3,Published source rows are school averages; CycleTrack rows are crowdsourced acceptance medians.,Texas Tech University Health Sciences Center Paul L. Foster School of Medicine; Texas Tech University Health Sciences Center School of Medicine - Lubbock,published school average GPA and MCAT,3.89; 3.71,512; 510,http://elpaso.ttuhsc.edu/som/admissions/; http://www.ttuhsc.edu/som/admissions/,,Texas Tech University Health Sciences Center Paul L. Foster School of Medicine; Texas Tech University Health Sciences Center School of Medicine - Lubbock,published school average GPA and MCAT,3.84; 3.85,509,,source row carried an asterisk,Texas Tech University Health Sciences Center Paul L. Foster School of Medicine,published school average GPA and MCAT,3.84,509,,,,,,,,
184,The University of Texas Health Science Center at San Antonio Joe R. and Teresa Lozano Long School of Medicine,matchguy,1,single_source,3.87,3.87,,517.6,517.6,,Published source rows are school averages; CycleTrack rows are crowdsourced acceptance medians.,,,,,,,,,,,,,The University of Texas Health Science Center at San Antonio Joe R. and Teresa Lozano Long School of Medicine,published school average GPA and MCAT,3.87,517.6,,,,,,,,
185,The University of Toledo College of Medicine and Life Sciences,matchguy;prospectivedoctor;shemmassian,3,close_agreement,3.76;3.78;3.78,3.76 - 3.78,0.02,510;510;510,510 - 510,0,Published source rows are school averages; CycleTrack rows are crowdsourced acceptance medians.,The University of Toledo College of Medicine and Life Sciences,published school average GPA and MCAT,3.76,510,https://www.utoledo.edu/med/md/,,The University of Toledo College of Medicine and Life Sciences,published school average GPA and MCAT,3.78,510,,source row carried an asterisk,The University of Toledo College of Medicine and Life Sciences,published school average GPA and MCAT,3.78,510,,,,,,,,
186,The University of Vermont Larner College of Medicine,prospectivedoctor;shemmassian,2,close_agreement,3.7;3.7,3.7 - 3.7,0,512;512,512 - 512,0,Published source rows are school averages; CycleTrack rows are crowdsourced acceptance medians.,The University of Vermont Larner College of Medicine,published school average GPA and MCAT,3.7,512,http://www.med.uvm.edu/admissions,,The University of Vermont Larner College of Medicine,published school average GPA and MCAT,3.7,512,,source row carried an asterisk,,,,,,,,,,,,
187,The University of Western Ontario - Schulich School of Medicine & Dentistry,matchguy,1,single_source,3.96,3.96,,513,513,,Published source rows are school averages; CycleTrack rows are crowdsourced acceptance medians.,,,,,,,,,,,,,The University of Western Ontario - Schulich School of Medicine & Dentistry,published school average GPA and MCAT,3.96,513,,,,,,,,
188,Thomas Jefferson University,cycletrack_acceptance_median,1,single_source,3.88,3.88,,516,516,,Published source rows are school averages; CycleTrack rows are crowdsourced acceptance medians.,,,,,,,,,,,,,,,,,,,Thomas Jefferson University,CycleTrack crowdsourced MD acceptance median cGPA and MCAT,3.88,516,https://cycletrack.org/explorer/school/Jefferson,Not an official entering-class average; CycleTrack is crowdsourced applicant/outcome data.
189,Touro College of Osteopathic Medicine - Middletown Campus,shemmassian,1,single_source,3.592;3.584,3.584 - 3.592,0.008,504.864;505.376,504.864 - 505.376,0.512,Published source rows are school averages; CycleTrack rows are crowdsourced acceptance medians.,,,,,,,Touro College of Osteopathic Medicine - Middletown Campus; Touro College of Osteopathic Medicine - Harlem Campus,published school average GPA and MCAT,3.592; 3.584,504.864; 505.376,,,,,,,,,,,,,,
190,Touro University (California),cycletrack_acceptance_median,1,single_source,3.77,3.77,,511,511,,Published source rows are school averages; CycleTrack rows are crowdsourced acceptance medians.,,,,,,,,,,,,,,,,,,,Touro University (California),CycleTrack crowdsourced DO acceptance median cGPA and MCAT,3.77,511,https://cycletrack.org/explorer/school/Touro - California,Not an official entering-class average; CycleTrack is crowdsourced applicant/outcome data.
191,Touro University (Nevada),cycletrack_acceptance_median,1,single_source,3.74,3.74,,508,508,,Published source rows are school averages; CycleTrack rows are crowdsourced acceptance medians.,,,,,,,,,,,,,,,,,,,Touro University (Nevada),CycleTrack crowdsourced DO acceptance median cGPA and MCAT,3.74,508,https://cycletrack.org/explorer/school/Touro - Nevada,Not an official entering-class average; CycleTrack is crowdsourced applicant/outcome data.
192,Touro University California College of Osteopathic Medicine,shemmassian,1,single_source,3.58;3.45;3.54,3.45 - 3.58,0.13,506;504.1;506.9,504.1 - 506.9,2.8,Published source rows are school averages; CycleTrack rows are crowdsourced acceptance medians.,,,,,,,Touro University California College of Osteopathic Medicine; California Health Sciences University College of Osteopathic Medicine; Touro University - Nevada College of Osteopathic Medicine,published school average GPA and MCAT,3.58; 3.45; 3.54,506; 504.1; 506.9,,,,,,,,,,,,,,
193,Tufts University,cycletrack_acceptance_median,1,single_source,3.92,3.92,,517,517,,Published source rows are school averages; CycleTrack rows are crowdsourced acceptance medians.,,,,,,,,,,,,,,,,,,,Tufts University,CycleTrack crowdsourced MD acceptance median cGPA and MCAT,3.92,517,https://cycletrack.org/explorer/school/Tufts,Not an official entering-class average; CycleTrack is crowdsourced applicant/outcome data.
194,Tulane University,cycletrack_acceptance_median,1,single_source,3.85,3.85,,516,516,,Published source rows are school averages; CycleTrack rows are crowdsourced acceptance medians.,,,,,,,,,,,,,,,,,,,Tulane University,CycleTrack crowdsourced MD acceptance median cGPA and MCAT,3.85,516,https://cycletrack.org/explorer/school/Tulane,Not an official entering-class average; CycleTrack is crowdsourced applicant/outcome data.
195,USF Health Morsani College of Medicine,matchguy,1,single_source,3.96,3.96,,520,520,,Published source rows are school averages; CycleTrack rows are crowdsourced acceptance medians.,,,,,,,,,,,,,USF Health Morsani College of Medicine,published school average GPA and MCAT,3.96,520,,,,,,,,
196,Uniformed Services University,cycletrack_acceptance_median,1,single_source,3.84,3.84,,512,512,,Published source rows are school averages; CycleTrack rows are crowdsourced acceptance medians.,,,,,,,,,,,,,,,,,,,Uniformed Services University,CycleTrack crowdsourced MD acceptance median cGPA and MCAT,3.84,512,https://cycletrack.org/explorer/school/Uniformed Services,Not an official entering-class average; CycleTrack is crowdsourced applicant/outcome data.
197,Uniformed Services University of the Health Sciences F. Edward Hebert School of Medicine,matchguy;prospectivedoctor;shemmassian,3,minor_conflict,3.76;3.7;3.7,3.7 - 3.76,0.06,510;510;510,510 - 510,0,Published source rows are school averages; CycleTrack rows are crowdsourced acceptance medians.,Uniformed Services University of the Health Sciences F. Edward Hebert School of Medicine,published school average GPA and MCAT,3.76,510,https://medschool.usuhs.edu/admissions/application-requirements,,Uniformed Services University of the Health Sciences F. Edward Hebert School of Medicine,published school average GPA and MCAT,3.7,510,,source row carried an asterisk,Uniformed Services University of the Health Sciences F. Edward Hebert School of Medicine,published school average GPA and MCAT,3.7,510,,,,,,,,
198,Universidad Central Del Caribe School of Medicine,prospectivedoctor;shemmassian,2,minor_conflict,3.73;3.8,3.73 - 3.8,0.07,499;501,499 - 501,2,Published source rows are school averages; CycleTrack rows are crowdsourced acceptance medians.,Universidad Central Del Caribe School of Medicine,published school average GPA and MCAT,3.73,499,http://www.uccaribe.edu/admission/,,Universidad Central Del Caribe School of Medicine,published school average GPA and MCAT,3.8,501,,,,,,,,,,,,,,
199,Universidad Central del Caribe,cycletrack_acceptance_median,1,single_source,3.7,3.7,,501,501,,Published source rows are school averages; CycleTrack rows are crowdsourced acceptance medians.,,,,,,,,,,,,,,,,,,,Universidad Central del Caribe,CycleTrack crowdsourced MD acceptance median cGPA and MCAT,3.7,501,https://cycletrack.org/explorer/school/Caribe,Not an official entering-class average; CycleTrack is crowdsourced applicant/outcome data.
200,University at Buffalo,cycletrack_acceptance_median,1,single_source,3.84,3.84,,515,515,,Published source rows are school averages; CycleTrack rows are crowdsourced acceptance medians.,,,,,,,,,,,,,,,,,,,University at Buffalo,CycleTrack crowdsourced MD acceptance median cGPA and MCAT,3.84,515,https://cycletrack.org/explorer/school/Buffalo,Not an official entering-class average; CycleTrack is crowdsourced applicant/outcome data.
201,University at Buffalo Jacobs School of Medicine and Biomedical Sciences,matchguy;prospectivedoctor;shemmassian,3,minor_conflict,3.75;3.7;3.7,3.7 - 3.75,0.05,512;510;510,510 - 512,2,Published source rows are school averages; CycleTrack rows are crowdsourced acceptance medians.,SUNY - Buffalo Jacobs School of Medicine and Biomedical Sciences,published school average GPA and MCAT,3.75,512,http://medicine.buffalo.edu/education/md/admissions.html,,University at Buffalo Jacobs School of Medicine and Biomedical Sciences,published school average GPA and MCAT,3.7,510,,source row carried an asterisk,Jacobs School of Medicine and Biomedical Sciences at the University at Buffalo,published school average GPA and MCAT,3.7,510,,,,,,,,
202,University of Alabama School of Medicine,matchguy;prospectivedoctor;shemmassian,3,major_conflict,3.86;3.69;3.83;3.78;3.88;3.83;3.76;3.86;3.82;3.87;3.7;3.84;3.84;3.76;3.6;3.91;3.87;3.87;3.84;3.83;3.91,3.6 - 3.91,0.31,510;512;514;514;512;514;512;518;513;509.4;517;509;512;509;510;516;514;509.4;500;509;516,500 - 518,18,Published source rows are school averages; CycleTrack rows are crowdsourced acceptance medians.,University of Alabama School of Medicine; University of California - Davis School of Medicine; University of Colorado School of Medicine; University of Miami Miller School of Medicine; University of Kansas School of Medicine; University of Maryland School of Medicine; University of Nevada School of Medicine; University of Pittsburgh School of Medicine; University of Utah School of Medicine,published school average GPA and MCAT,3.86; 3.69; 3.83; 3.78; 3.88; 3.76; 3.82,510; 512; 514; 518; 513,http://www.uab.edu/medicine/home/future-students/admissions; http://www.ucdmc.ucdavis.edu/mdprogram/admissions/index.html; http://www.ucdenver.edu/academics/colleges/medicalschool/education/Admissions/Pages/admissions.aspx; http://admissions.med.miami.edu/md-programs/general-md/; http://www.kumc.edu/school-of-medicine/education/admissions.html; http://www.medschool.umaryland.edu/admissions/MD-Application/; http://med.unr.edu/admissions; http://medschool.pitt.edu/admissions/index.aspx; https://medicine.utah.edu/students/programs/md/admissions/,,University of Alabama School of Medicine; University of Colorado School of Medicine; University of Kansas School of Medicine; University of Maryland School of Medicine; University of Nevada Reno School of Medicine; University of Nevada Las Vegas School of Medicine; University of Pittsburgh School of Medicine; University of Utah School of Medicine,published school average GPA and MCAT,3.87; 3.7; 3.84; 3.76; 3.6; 3.91,509.4; 517; 509; 512; 510; 516; 514,,source row carried an asterisk,University of Alabama School of Medicine; University of Colorado School of Medicine; University of Kansas School of Medicine; University of Maryland School of Medicine; University of Pittsburgh School of Medicine,published school average GPA and MCAT,3.87; 3.84; 3.83; 3.91,509.4; 500; 509; 516,,,,,,,,
203,University of Alabama at Birmingham,cycletrack_acceptance_median,1,single_source,3.91,3.91,,513,513,,Published source rows are school averages; CycleTrack rows are crowdsourced acceptance medians.,,,,,,,,,,,,,,,,,,,University of Alabama at Birmingham,CycleTrack crowdsourced MD acceptance median cGPA and MCAT,3.91,513,https://cycletrack.org/explorer/school/Alabama,Not an official entering-class average; CycleTrack is crowdsourced applicant/outcome data.
204,University of Alberta Faculty of Medicine and Dentistry,matchguy,1,single_source,3.84,3.84,,,,,Published source rows are school averages; CycleTrack rows are crowdsourced acceptance medians.,,,,,,,,,,,,,University of Alberta Faculty of Medicine and Dentistry,published school average GPA and MCAT,3.84,,,,,,,,,
205,University of Arizona (Phoenix),cycletrack_acceptance_median,1,single_source,3.96;3.85,3.85 - 3.96,0.11,519;513,513 - 519,6,Published source rows are school averages; CycleTrack rows are crowdsourced acceptance medians.,,,,,,,,,,,,,,,,,,,University of Arizona (Phoenix); University of Arizona (Tucson),CycleTrack crowdsourced MD acceptance median cGPA and MCAT,3.96; 3.85,519; 513,https://cycletrack.org/explorer/school/Arizona - Phoenix; https://cycletrack.org/explorer/school/Arizona - Tucson,Not an official entering-class average; CycleTrack is crowdsourced applicant/outcome data.
206,University of Arizona College of Medicine - Tucson,matchguy;prospectivedoctor;shemmassian,3,major_conflict,3.79;3.81;3.74;3.8,3.74 - 3.81,0.07,510;515;508;516,508 - 516,8,Published source rows are school averages; CycleTrack rows are crowdsourced acceptance medians.,University of Arizona College of Medicine - Tucson; University of Arizona College of Medicine-Phoenix,published school average GPA and MCAT,3.79; 3.81,510; 515,http://medicine.arizona.edu/admissions; http://phoenixmed.arizona.edu/admissions,,University of Arizona College of Medicine - Tucson,published school average GPA and MCAT,3.74,508,,source row carried an asterisk,University of Arizona College of Medicine - Phoenix; University of Arizona College of Medicine - Tucson,published school average GPA and MCAT,3.8,516,,,,,,,,
207,University of Arizona School of Medicine - Phoenix,shemmassian,1,single_source,3.82,3.82,,514,514,,Published source rows are school averages; CycleTrack rows are crowdsourced acceptance medians.,,,,,,,University of Arizona School of Medicine - Phoenix,published school average GPA and MCAT,3.82,514,,source row carried an asterisk,,,,,,,,,,,,
208,University of Arkansas,cycletrack_acceptance_median,1,single_source,3.89;3.95,3.89 - 3.95,0.06,511.5;515,511.5 - 515,3.5,Published source rows are school averages; CycleTrack rows are crowdsourced acceptance medians.,,,,,,,,,,,,,,,,,,,University of Arkansas; University of Kansas,CycleTrack crowdsourced MD acceptance median cGPA and MCAT,3.89; 3.95,511.5; 515,https://cycletrack.org/explorer/school/Arkansas; https://cycletrack.org/explorer/school/Kansas,Not an official entering-class average; CycleTrack is crowdsourced applicant/outcome data.
209,University of Arkansas for Medical Sciences College of Medicine,matchguy;prospectivedoctor;shemmassian,3,minor_conflict,3.85;3.85;3.83,3.83 - 3.85,0.02,508;507;509,507 - 509,2,Published source rows are school averages; CycleTrack rows are crowdsourced acceptance medians.,University of Arkansas for Medical Sciences College of Medicine,published school average GPA and MCAT,3.85,508,http://medicine.uams.edu/for-medical-school-applicants/,,University of Arkansas for Medical Sciences College of Medicine,published school average GPA and MCAT,3.85,507,,source row carried an asterisk,University of Arkansas for Medical Sciences College of Medicine,published school average GPA and MCAT,3.83,509,,,,,,,,
210,University of California (Davis),cycletrack_acceptance_median,1,single_source,3.84;3.91;3.75,3.75 - 3.91,0.16,516;518;513,513 - 518,5,Published source rows are school averages; CycleTrack rows are crowdsourced acceptance medians.,,,,,,,,,,,,,,,,,,,University of California (Davis); University of California (Irvine); University of California (Riverside),CycleTrack crowdsourced MD acceptance median cGPA and MCAT,3.84; 3.91; 3.75,516; 518; 513,https://cycletrack.org/explorer/school/University of California Davis; https://cycletrack.org/explorer/school/University of California Irvine; https://cycletrack.org/explorer/school/University of California Riverside,Not an official entering-class average; CycleTrack is crowdsourced applicant/outcome data.
211,University of California (Los Angeles),cycletrack_acceptance_median,1,single_source,3.81,3.81,,518,518,,Published source rows are school averages; CycleTrack rows are crowdsourced acceptance medians.,,,,,,,,,,,,,,,,,,,University of California (Los Angeles),CycleTrack crowdsourced MD acceptance median cGPA and MCAT,3.81,518,https://cycletrack.org/explorer/school/University of California Los Angeles,Not an official entering-class average; CycleTrack is crowdsourced applicant/outcome data.
212,University of California (San Diego),cycletrack_acceptance_median,1,single_source,3.95;3.94,3.94 - 3.95,0.01,519;520,519 - 520,1,Published source rows are school averages; CycleTrack rows are crowdsourced acceptance medians.,,,,,,,,,,,,,,,,,,,University of California (San Diego); University of California (San Francisco),CycleTrack crowdsourced MD acceptance median cGPA and MCAT,3.95; 3.94,519; 520,https://cycletrack.org/explorer/school/University of California San Diego; https://cycletrack.org/explorer/school/University of California San Francisco,Not an official entering-class average; CycleTrack is crowdsourced applicant/outcome data.
213,University of California - Davis School of Medicine,matchguy;prospectivedoctor;shemmassian,3,major_conflict,3.85;3.59;3.83;3.86;3.76;3.77;3.72;3.83;3.6;3.83;3.87;3.85;3.72;3.86;3.66;3.83,3.59 - 3.87,0.28,516;508;517;518;517;509;509;516;508;514.4;517;517;509;516;509;514.4,508 - 518,10,Published source rows are school averages; CycleTrack rows are crowdsourced acceptance medians.,University of California - Irvine School of Medicine; University of California - Riverside School of Medicine; University of California - San Diego School of Medicine; University of California - San Francisco School of Medicine; University of Southern California Keck School of Medicine; University of Louisville School of Medicine,published school average GPA and MCAT,3.85; 3.59; 3.83; 3.86; 3.76; 3.77,516; 508; 517; 518; 509,http://www.meded.uci.edu/admissions/index.asp; http://medschool.ucr.edu/admissions/; http://meded.ucsd.edu/asa/admissions/; http://meded.ucsf.edu/admissions; http://keck.usc.edu/education/md-program/admissions/; http://louisville.edu/medicine/admissions,,University of California - Davis School of Medicine; University of California - Irvine School of Medicine; University of California - Riverside School of Medicine; University of California - San Diego School of Medicine; University of California - San Francisco School of Medicine; University of Southern California Keck School of Medicine,published school average GPA and MCAT,3.72; 3.83; 3.6; 3.87; 3.85,509; 516; 508; 514.4; 517,,source row carried an asterisk,"University of California, Davis, School of Medicine; University of California, Irvine, School of Medicine; University of California, Riverside School of Medicine; University of California, San Diego School of Medicine",published school average GPA and MCAT,3.72; 3.86; 3.66; 3.83,509; 516; 514.4,,,,,,,,
214,University of California - Los Angeles David Geffen School of Medicine,prospectivedoctor;shemmassian,2,close_agreement,3.84;3.81,3.81 - 3.84,0.03,516;516,516 - 516,0,Published source rows are school averages; CycleTrack rows are crowdsourced acceptance medians.,University of California-Los Angeles David Geffen School of Medicine,published school average GPA and MCAT,3.84,516,http://medschool.ucla.edu/apply-admissions,,University of California - Los Angeles David Geffen School of Medicine,published school average GPA and MCAT,3.81,516,,source row carried an asterisk,,,,,,,,,,,,
215,University of Central Florida College of Medicine,matchguy;prospectivedoctor;shemmassian,3,major_conflict,3.88;3.9;3.89;3.86,3.86 - 3.9,0.04,514;515;514;515;500,500 - 515,15,Published source rows are school averages; CycleTrack rows are crowdsourced acceptance medians.,University of Central Florida College of Medicine; University of Florida College of Medicine,published school average GPA and MCAT,3.88; 3.9,514; 515,https://med.ucf.edu/admissions/; http://admissions.med.ufl.edu/,,University of Central Florida College of Medicine; University of Florida College of Medicine,published school average GPA and MCAT,3.89; 3.86,514; 515,,source row carried an asterisk,University of Florida College of Medicine,published school average GPA and MCAT,,500,,,,,,,,
216,University of Chicago,cycletrack_acceptance_median,1,single_source,3.93,3.93,,522,522,,Published source rows are school averages; CycleTrack rows are crowdsourced acceptance medians.,,,,,,,,,,,,,,,,,,,University of Chicago,CycleTrack crowdsourced MD acceptance median cGPA and MCAT,3.93,522,https://cycletrack.org/explorer/school/Chicago,Not an official entering-class average; CycleTrack is crowdsourced applicant/outcome data.
217,University of Cincinnati,cycletrack_acceptance_median,1,single_source,3.93,3.93,,517,517,,Published source rows are school averages; CycleTrack rows are crowdsourced acceptance medians.,,,,,,,,,,,,,,,,,,,University of Cincinnati,CycleTrack crowdsourced MD acceptance median cGPA and MCAT,3.93,517,https://cycletrack.org/explorer/school/Cincinnati,Not an official entering-class average; CycleTrack is crowdsourced applicant/outcome data.
218,University of Colorado,cycletrack_acceptance_median,1,single_source,3.91,3.91,,518,518,,Published source rows are school averages; CycleTrack rows are crowdsourced acceptance medians.,,,,,,,,,,,,,,,,,,,University of Colorado,CycleTrack crowdsourced MD acceptance median cGPA and MCAT,3.91,518,https://cycletrack.org/explorer/school/Colorado,Not an official entering-class average; CycleTrack is crowdsourced applicant/outcome data.
219,University of Connecticut,cycletrack_acceptance_median,1,single_source,3.87,3.87,,514,514,,Published source rows are school averages; CycleTrack rows are crowdsourced acceptance medians.,,,,,,,,,,,,,,,,,,,University of Connecticut,CycleTrack crowdsourced MD acceptance median cGPA and MCAT,3.87,514,https://cycletrack.org/explorer/school/Connecticut,Not an official entering-class average; CycleTrack is crowdsourced applicant/outcome data.
220,University of Connecticut School of Medicine,matchguy;prospectivedoctor;shemmassian,3,major_conflict,3.82;3.8;3.82;3.76;3.75;3.8;3.75;3.8,3.75 - 3.82,0.07,513;505;505;513;507;506;507;506,505 - 513,8,Published source rows are school averages; CycleTrack rows are crowdsourced acceptance medians.,University of Connecticut School of Medicine; University of New Mexico School of Medicine; University of Puerto Rico School of Medicine,published school average GPA and MCAT,3.82; 3.8,513; 505,http://medicine.uconn.edu/admissions/applying-to-the-md-or-md-mba-programs/; http://som.unm.edu/education/md/ume/; https://md.rcm.upr.edu/admissions/,,University of Connecticut School of Medicine; University of New Mexico School of Medicine; University of Puerto Rico School of Medicine,published school average GPA and MCAT,3.76; 3.75; 3.8,513; 507; 506,,source row carried an asterisk,University of New Mexico School of Medicine; University of Puerto Rico School of Medicine,published school average GPA and MCAT,3.75; 3.8,507; 506,,,,,,,,
221,University of Florida,cycletrack_acceptance_median,1,single_source,3.9;3.94;3.96,3.9 - 3.96,0.06,517;516;522,516 - 522,6,Published source rows are school averages; CycleTrack rows are crowdsourced acceptance medians.,,,,,,,,,,,,,,,,,,,University of Florida; University of Central Florida; University of South Florida,CycleTrack crowdsourced MD acceptance median cGPA and MCAT,3.9; 3.94; 3.96,517; 516; 522,https://cycletrack.org/explorer/school/Florida; https://cycletrack.org/explorer/school/University of Central Florida; https://cycletrack.org/explorer/school/University of South Florida,Not an official entering-class average; CycleTrack is crowdsourced applicant/outcome data.
222,University of Hawaii,cycletrack_acceptance_median,1,single_source,3.95,3.95,,516.5,516.5,,Published source rows are school averages; CycleTrack rows are crowdsourced acceptance medians.,,,,,,,,,,,,,,,,,,,University of Hawaii,CycleTrack crowdsourced MD acceptance median cGPA and MCAT,3.95,516.5,https://cycletrack.org/explorer/school/Hawaii,Not an official entering-class average; CycleTrack is crowdsourced applicant/outcome data.
223,University of Hawaii John A. Burns School of Medicine,matchguy;prospectivedoctor;shemmassian,3,close_agreement,3.84;3.79;3.79,3.79 - 3.84,0.05,513;512;512,512 - 513,1,Published source rows are school averages; CycleTrack rows are crowdsourced acceptance medians.,University of Hawaii John A. Burns School of Medicine,published school average GPA and MCAT,3.84,513,http://jabsom.hawaii.edu/ed-programs/md-program/admissions-program/,,University of Hawaii John A. Burns School of Medicine,published school average GPA and MCAT,3.79,512,,source row carried an asterisk,"University of Hawaii, John A. Burns School of Medicine",published school average GPA and MCAT,3.79,512,,,,,,,,
224,University of Houston,cycletrack_acceptance_median,1,single_source,3.95,3.95,,514,514,,Published source rows are school averages; CycleTrack rows are crowdsourced acceptance medians.,,,,,,,,,,,,,,,,,,,University of Houston,CycleTrack crowdsourced MD acceptance median cGPA and MCAT,3.95,514,https://cycletrack.org/explorer/school/Houston,Not an official entering-class average; CycleTrack is crowdsourced applicant/outcome data.
225,University of Houston Tilman J. Fertitta Family College of Medicine,shemmassian,1,single_source,3.84,3.84,,512,512,,Published source rows are school averages; CycleTrack rows are crowdsourced acceptance medians.,,,,,,,University of Houston Tilman J. Fertitta Family College of Medicine,published school average GPA and MCAT,3.84,512,,source row carried an asterisk,,,,,,,,,,,,
226,University of Illinois,cycletrack_acceptance_median,1,single_source,3.82,3.82,,512,512,,Published source rows are school averages; CycleTrack rows are crowdsourced acceptance medians.,,,,,,,,,,,,,,,,,,,University of Illinois,CycleTrack crowdsourced MD acceptance median cGPA and MCAT,3.82,512,https://cycletrack.org/explorer/school/Illinois,Not an official entering-class average; CycleTrack is crowdsourced applicant/outcome data.
227,University of Illinois College of Medicine,matchguy;prospectivedoctor;shemmassian,3,major_conflict,3.76;3.84;3.82;3.86;3.83;3.84;3.82,3.76 - 3.86,0.1,513;517;511;514;513;512;511,511 - 517,6,Published source rows are school averages; CycleTrack rows are crowdsourced acceptance medians.,University of Illinois College of Medicine; University of Cincinnati College of Medicine,published school average GPA and MCAT,3.76; 3.84,513; 517,http://www.medicine.uic.edu/education/m_d_admissions; https://med.uc.edu/admissions/medical-student-admissions/home,,University of Illinois College of Medicine; University of Cincinnati College of Medicine,published school average GPA and MCAT,3.82; 3.86,511; 514,,source row carried an asterisk,University of Cincinnati College of Medicine; University of Houston College of Medicine; University of Illinois College of Medicine,published school average GPA and MCAT,3.83; 3.84; 3.82,513; 512; 511,,,,,,,,
228,University of Iowa,cycletrack_acceptance_median,1,single_source,3.92,3.92,,519,519,,Published source rows are school averages; CycleTrack rows are crowdsourced acceptance medians.,,,,,,,,,,,,,,,,,,,University of Iowa,CycleTrack crowdsourced MD acceptance median cGPA and MCAT,3.92,519,https://cycletrack.org/explorer/school/Iowa,Not an official entering-class average; CycleTrack is crowdsourced applicant/outcome data.
229,University of Iowa Carver College of Medicine,prospectivedoctor;shemmassian,2,minor_conflict,3.85;3.81,3.81 - 3.85,0.04,512;514,512 - 514,2,Published source rows are school averages; CycleTrack rows are crowdsourced acceptance medians.,University of Iowa Carver College of Medicine,published school average GPA and MCAT,3.85,512,https://medicine.uiowa.edu/md/admission-medical-school-md,,University of Iowa Carver College of Medicine,published school average GPA and MCAT,3.81,514,,source row carried an asterisk,,,,,,,,,,,,
230,University of Iowa Roy J. and Lucille A. Carver College of Medicine,matchguy,1,single_source,3,3,,514,514,,Published source rows are school averages; CycleTrack rows are crowdsourced acceptance medians.,,,,,,,,,,,,,University of Iowa Roy J. and Lucille A. Carver College of Medicine,published school average GPA and MCAT,3,514,,,,,,,,
231,University of Kentucky,cycletrack_acceptance_median,1,single_source,3.93,3.93,,514,514,,Published source rows are school averages; CycleTrack rows are crowdsourced acceptance medians.,,,,,,,,,,,,,,,,,,,University of Kentucky,CycleTrack crowdsourced MD acceptance median cGPA and MCAT,3.93,514,https://cycletrack.org/explorer/school/Kentucky,Not an official entering-class average; CycleTrack is crowdsourced applicant/outcome data.
232,University of Kentucky College of Medicine,matchguy;prospectivedoctor;shemmassian,3,minor_conflict,3.81;3.84;3.83,3.81 - 3.84,0.03,508;508;506,506 - 508,2,Published source rows are school averages; CycleTrack rows are crowdsourced acceptance medians.,University of Kentucky College of Medicine,published school average GPA and MCAT,3.81,508,http://meded.med.uky.edu/medical-school-admissions,,University of Kentucky College of Medicine,published school average GPA and MCAT,3.84,508,,source row carried an asterisk,University of Kentucky College of Medicine,published school average GPA and MCAT,3.83,506,,,,,,,,
233,University of Louisville,cycletrack_acceptance_median,1,single_source,3.84,3.84,,514,514,,Published source rows are school averages; CycleTrack rows are crowdsourced acceptance medians.,,,,,,,,,,,,,,,,,,,University of Louisville,CycleTrack crowdsourced MD acceptance median cGPA and MCAT,3.84,514,https://cycletrack.org/explorer/school/Louisville,Not an official entering-class average; CycleTrack is crowdsourced applicant/outcome data.
234,University of Maryland,cycletrack_acceptance_median,1,single_source,3.92,3.92,,516.5,516.5,,Published source rows are school averages; CycleTrack rows are crowdsourced acceptance medians.,,,,,,,,,,,,,,,,,,,University of Maryland,CycleTrack crowdsourced MD acceptance median cGPA and MCAT,3.92,516.5,https://cycletrack.org/explorer/school/Maryland,Not an official entering-class average; CycleTrack is crowdsourced applicant/outcome data.
235,University of Massachusetts,cycletrack_acceptance_median,1,single_source,3.85,3.85,,515,515,,Published source rows are school averages; CycleTrack rows are crowdsourced acceptance medians.,,,,,,,,,,,,,,,,,,,University of Massachusetts,CycleTrack crowdsourced MD acceptance median cGPA and MCAT,3.85,515,https://cycletrack.org/explorer/school/Massachussetts,Not an official entering-class average; CycleTrack is crowdsourced applicant/outcome data.
236,University of Massachusetts Medical School,matchguy;prospectivedoctor;shemmassian,3,major_conflict,3.82;3.76;3.87,3.76 - 3.87,0.11,516;511;512,511 - 516,5,Published source rows are school averages; CycleTrack rows are crowdsourced acceptance medians.,University of Massachusetts Medical School,published school average GPA and MCAT,3.82,516,http://www.umassmed.edu/som/admissions/degree-programs/md-program/,,University of Massachusetts Medical School,published school average GPA and MCAT,3.76,511,,source row carried an asterisk,University of Massachusetts Medical School,published school average GPA and MCAT,3.87,512,,,,,,,,
237,University of Miami,cycletrack_acceptance_median,1,single_source,3.91,3.91,,517,517,,Published source rows are school averages; CycleTrack rows are crowdsourced acceptance medians.,,,,,,,,,,,,,,,,,,,University of Miami,CycleTrack crowdsourced MD acceptance median cGPA and MCAT,3.91,517,https://cycletrack.org/explorer/school/Miami,Not an official entering-class average; CycleTrack is crowdsourced applicant/outcome data.
238,University of Miami Miller School of Medicine,matchguy;prospectivedoctor;shemmassian,3,major_conflict,3.86;3.86;3.89;3.86;3.78;3.8;3.73;3.85;3.8,3.73 - 3.89,0.16,505;509;509;516;507;506;508;516;506,505 - 516,11,Published source rows are school averages; CycleTrack rows are crowdsourced acceptance medians.,University of Mississippi School of Medicine; University of Missouri - Columbia School of Medicine; University of Missouri - Kansas City School of Medicine,published school average GPA and MCAT,3.86; 3.89,505; 509,https://www.umc.edu/som/Departments%20and%20Offices/SOM%20Administrative%20Offices/SOM%20Admissions/SOM%20Admissions.html; http://medicine.missouri.edu/admissions/; http://med.umkc.edu/md/apply/,,University of Miami Miller School of Medicine; University of Louisville School of Medicine; University of Mississippi School of Medicine,published school average GPA and MCAT,3.86; 3.78; 3.8,516; 507; 506,,source row carried an asterisk,University of Louisville School of Medicine; University of Miami Leonard M. Miller School of Medicine; University of Mississippi School of Medicine,published school average GPA and MCAT,3.73; 3.85; 3.8,508; 516; 506,,,,,,,,
239,University of Michigan,cycletrack_acceptance_median,1,single_source,3.94,3.94,,520,520,,Published source rows are school averages; CycleTrack rows are crowdsourced acceptance medians.,,,,,,,,,,,,,,,,,,,University of Michigan,CycleTrack crowdsourced MD acceptance median cGPA and MCAT,3.94,520,https://cycletrack.org/explorer/school/Michigan,Not an official entering-class average; CycleTrack is crowdsourced applicant/outcome data.
240,University of Michigan Medical School,matchguy;prospectivedoctor;shemmassian,3,minor_conflict,3.87;3.85;3.85,3.85 - 3.87,0.02,518;516,516 - 518,2,Published source rows are school averages; CycleTrack rows are crowdsourced acceptance medians.,University of Michigan Medical School,published school average GPA and MCAT,3.87,518,https://www.cmich.edu/academics/colleges/college-of-medicine,,University of Michigan Medical School,published school average GPA and MCAT,3.85,516,,source row carried an asterisk,University of Michigan Medical School,published school average GPA and MCAT,3.85,,,,,,,,,
241,University of Minnesota,cycletrack_acceptance_median,1,single_source,3.87,3.87,,515,515,,Published source rows are school averages; CycleTrack rows are crowdsourced acceptance medians.,,,,,,,,,,,,,,,,,,,University of Minnesota,CycleTrack crowdsourced MD acceptance median cGPA and MCAT,3.87,515,https://cycletrack.org/explorer/school/Minnesota,Not an official entering-class average; CycleTrack is crowdsourced applicant/outcome data.
242,University of Minnesota Medical School - Twin Cities,prospectivedoctor;shemmassian,2,major_conflict,3.81;3.65;3.84;3.77,3.65 - 3.84,0.19,513;503;511;511.1,503 - 513,10,Published source rows are school averages; CycleTrack rows are crowdsourced acceptance medians.,University of Minnesota Medical School - Twin Cities; University of Minnesota Medical School - Duluth,published school average GPA and MCAT,3.81; 3.65,513; 503,https://www.med.umn.edu/admissions,,University of Minnesota Medical School - Twin Cities; University of Minnesota Medical School - Duluth,published school average GPA and MCAT,3.84; 3.77,511; 511.1,,source row carried an asterisk,,,,,,,,,,,,
243,University of Mississippi,cycletrack_acceptance_median,1,single_source,3.95,3.95,,520.5,520.5,,Published source rows are school averages; CycleTrack rows are crowdsourced acceptance medians.,,,,,,,,,,,,,,,,,,,University of Mississippi,CycleTrack crowdsourced MD acceptance median cGPA and MCAT,3.95,520.5,https://cycletrack.org/explorer/school/Mississippi,Not an official entering-class average; CycleTrack is crowdsourced applicant/outcome data.
244,University of Missouri (Columbia),cycletrack_acceptance_median,1,single_source,3.91,3.91,,518,518,,Published source rows are school averages; CycleTrack rows are crowdsourced acceptance medians.,,,,,,,,,,,,,,,,,,,University of Missouri (Columbia),CycleTrack crowdsourced MD acceptance median cGPA and MCAT,3.91,518,https://cycletrack.org/explorer/school/Missouri - Columbia,Not an official entering-class average; CycleTrack is crowdsourced applicant/outcome data.
245,University of Missouri (Kansas City),cycletrack_acceptance_median,1,single_source,3.9,3.9,,515,515,,Published source rows are school averages; CycleTrack rows are crowdsourced acceptance medians.,,,,,,,,,,,,,,,,,,,University of Missouri (Kansas City),CycleTrack crowdsourced MD acceptance median cGPA and MCAT,3.9,515,https://cycletrack.org/explorer/school/Missouri - Kansas City,Not an official entering-class average; CycleTrack is crowdsourced applicant/outcome data.
246,University of Missouri - Columbia School of Medicine,matchguy;shemmassian,2,major_conflict,3.83;3.78;3.84,3.78 - 3.84,0.06,509;506;511,506 - 511,5,Published source rows are school averages; CycleTrack rows are crowdsourced acceptance medians.,,,,,,,University of Missouri - Columbia School of Medicine; University of Missouri - Kansas City School of Medicine,published school average GPA and MCAT,3.83; 3.78,509; 506,,source row carried an asterisk,University of Missouri-Columbia School of Medicine,published school average GPA and MCAT,3.84,511,,,,,,,,
247,University of Nebraska,cycletrack_acceptance_median,1,single_source,3.9,3.9,,515,515,,Published source rows are school averages; CycleTrack rows are crowdsourced acceptance medians.,,,,,,,,,,,,,,,,,,,University of Nebraska,CycleTrack crowdsourced MD acceptance median cGPA and MCAT,3.9,515,https://cycletrack.org/explorer/school/Nebraska,Not an official entering-class average; CycleTrack is crowdsourced applicant/outcome data.
248,University of Nebraska College of Medicine,matchguy;prospectivedoctor,2,major_conflict,3.9,3.9,,513;507,507 - 513,6,Published source rows are school averages; CycleTrack rows are crowdsourced acceptance medians.,University of Nebraska College of Medicine,published school average GPA and MCAT,3.9,513,http://www.unmc.edu/com/prospective/admissions/index.html,,,,,,,,University of Saskatchewan College of Medicine,published school average GPA and MCAT,,507,,,,,,,,
249,University of Nebraska Medical Center College of Medicine,shemmassian,1,single_source,3.87,3.87,,512,512,,Published source rows are school averages; CycleTrack rows are crowdsourced acceptance medians.,,,,,,,University of Nebraska Medical Center College of Medicine,published school average GPA and MCAT,3.87,512,,,,,,,,,,,,,,
250,University of Nevada,cycletrack_acceptance_median,1,single_source,3.84,3.84,,514.5,514.5,,Published source rows are school averages; CycleTrack rows are crowdsourced acceptance medians.,,,,,,,,,,,,,,,,,,,University of Nevada,CycleTrack crowdsourced MD acceptance median cGPA and MCAT,3.84,514.5,https://cycletrack.org/explorer/school/Nevada Reno,Not an official entering-class average; CycleTrack is crowdsourced applicant/outcome data.
251,University of Nevada Las Vegas,cycletrack_acceptance_median,1,single_source,3.94,3.94,,516.5,516.5,,Published source rows are school averages; CycleTrack rows are crowdsourced acceptance medians.,,,,,,,,,,,,,,,,,,,University of Nevada Las Vegas,CycleTrack crowdsourced MD acceptance median cGPA and MCAT,3.94,516.5,https://cycletrack.org/explorer/school/University of Nevada Las Vegas,Not an official entering-class average; CycleTrack is crowdsourced applicant/outcome data.
252,University of New England,cycletrack_acceptance_median,1,single_source,3.71,3.71,,507,507,,Published source rows are school averages; CycleTrack rows are crowdsourced acceptance medians.,,,,,,,,,,,,,,,,,,,University of New England,CycleTrack crowdsourced DO acceptance median cGPA and MCAT,3.71,507,https://cycletrack.org/explorer/school/New England,Not an official entering-class average; CycleTrack is crowdsourced applicant/outcome data.
253,University of New England College of Osteopathic Medicine,shemmassian,1,single_source,3.62,3.62,,502,502,,Published source rows are school averages; CycleTrack rows are crowdsourced acceptance medians.,,,,,,,University of New England College of Osteopathic Medicine,published school average GPA and MCAT,3.62,502,,,,,,,,,,,,,,
254,University of New Mexico,cycletrack_acceptance_median,1,single_source,3.8,3.8,,512,512,,Published source rows are school averages; CycleTrack rows are crowdsourced acceptance medians.,,,,,,,,,,,,,,,,,,,University of New Mexico,CycleTrack crowdsourced MD acceptance median cGPA and MCAT,3.8,512,https://cycletrack.org/explorer/school/New Mexico,Not an official entering-class average; CycleTrack is crowdsourced applicant/outcome data.
255,University of North Carolina Chapel Hill,cycletrack_acceptance_median,1,single_source,3.9,3.9,,517,517,,Published source rows are school averages; CycleTrack rows are crowdsourced acceptance medians.,,,,,,,,,,,,,,,,,,,University of North Carolina Chapel Hill,CycleTrack crowdsourced MD acceptance median cGPA and MCAT,3.9,517,https://cycletrack.org/explorer/school/North Carolina,Not an official entering-class average; CycleTrack is crowdsourced applicant/outcome data.
256,University of North Carolina at Chapel Hill School of Medicine,matchguy;prospectivedoctor;shemmassian,3,major_conflict,3.78;3.79;3.79,3.78 - 3.79,0.01,515;512;514,512 - 515,3,Published source rows are school averages; CycleTrack rows are crowdsourced acceptance medians.,University of North Carolina at Chapel Hill School of Medicine,published school average GPA and MCAT,3.78,515,http://www.med.unc.edu/admit,,University of North Carolina at Chapel Hill School of Medicine,published school average GPA and MCAT,3.79,512,,source row carried an asterisk,University of North Carolina at Chapel Hill School of Medicine,published school average GPA and MCAT,3.79,514,,,,,,,,
257,University of North Dakota,cycletrack_acceptance_median,1,single_source,3.87;3.8,3.8 - 3.87,0.07,511;512,511 - 512,1,Published source rows are school averages; CycleTrack rows are crowdsourced acceptance medians.,,,,,,,,,,,,,,,,,,,University of North Dakota; University of South Dakota,CycleTrack crowdsourced MD acceptance median cGPA and MCAT,3.87; 3.8,511; 512,https://cycletrack.org/explorer/school/North Dakota; https://cycletrack.org/explorer/school/South Dakota,Not an official entering-class average; CycleTrack is crowdsourced applicant/outcome data.
258,University of North Dakota School of Medicine and Health Sciences,prospectivedoctor;shemmassian,2,close_agreement,3.8;3.8,3.8 - 3.8,0,507;507,507 - 507,0,Published source rows are school averages; CycleTrack rows are crowdsourced acceptance medians.,University of North Dakota School of Medicine and Health Sciences,published school average GPA and MCAT,3.8,507,http://www.med.und.edu/student-affairs-admissions/application-process.cfm,,University of North Dakota School of Medicine and Health Sciences,published school average GPA and MCAT,3.8,507,,source row carried an asterisk,,,,,,,,,,,,
259,University of North Texas Health Science Center at Fort Worth Texas College of Osteopathic Medicine,shemmassian,1,single_source,3.82,3.82,,507.2,507.2,,Published source rows are school averages; CycleTrack rows are crowdsourced acceptance medians.,,,,,,,University of North Texas Health Science Center at Fort Worth Texas College of Osteopathic Medicine,published school average GPA and MCAT,3.82,507.2,,,,,,,,,,,,,,
260,University of Oklahoma,cycletrack_acceptance_median,1,single_source,3.9,3.9,,516,516,,Published source rows are school averages; CycleTrack rows are crowdsourced acceptance medians.,,,,,,,,,,,,,,,,,,,University of Oklahoma,CycleTrack crowdsourced MD acceptance median cGPA and MCAT,3.9,516,https://cycletrack.org/explorer/school/Oklahoma,Not an official entering-class average; CycleTrack is crowdsourced applicant/outcome data.
261,University of Ottawa Faculty of Medicine,matchguy,1,single_source,3.74;3.94,3.74 - 3.94,0.2,510,510,,Published source rows are school averages; CycleTrack rows are crowdsourced acceptance medians.,,,,,,,,,,,,,University of Ottawa Faculty of Medicine; University of Toronto Faculty of Medicine,published school average GPA and MCAT,3.74; 3.94,510,,,,,,,,
262,University of Pennsylvania,cycletrack_acceptance_median,1,single_source,3.97,3.97,,523,523,,Published source rows are school averages; CycleTrack rows are crowdsourced acceptance medians.,,,,,,,,,,,,,,,,,,,University of Pennsylvania,CycleTrack crowdsourced MD acceptance median cGPA and MCAT,3.97,523,https://cycletrack.org/explorer/school/Pennsylvania,Not an official entering-class average; CycleTrack is crowdsourced applicant/outcome data.
263,University of Pikeville Kentucky College of Osteopathic Medicine,shemmassian,1,single_source,3.5,3.5,,502,502,,Published source rows are school averages; CycleTrack rows are crowdsourced acceptance medians.,,,,,,,University of Pikeville Kentucky College of Osteopathic Medicine,published school average GPA and MCAT,3.5,502,,,,,,,,,,,,,,
264,University of Pittsburgh,cycletrack_acceptance_median,1,single_source,3.95,3.95,,520,520,,Published source rows are school averages; CycleTrack rows are crowdsourced acceptance medians.,,,,,,,,,,,,,,,,,,,University of Pittsburgh,CycleTrack crowdsourced MD acceptance median cGPA and MCAT,3.95,520,https://cycletrack.org/explorer/school/Pittsburgh,Not an official entering-class average; CycleTrack is crowdsourced applicant/outcome data.
265,University of Rochester,cycletrack_acceptance_median,1,single_source,3.93,3.93,,519,519,,Published source rows are school averages; CycleTrack rows are crowdsourced acceptance medians.,,,,,,,,,,,,,,,,,,,University of Rochester,CycleTrack crowdsourced MD acceptance median cGPA and MCAT,3.93,519,https://cycletrack.org/explorer/school/Rochester,Not an official entering-class average; CycleTrack is crowdsourced applicant/outcome data.
266,University of Rochester School of Medicine and Dentistry,matchguy;prospectivedoctor;shemmassian,3,major_conflict,3.84;3.6;3.43,3.43 - 3.84,0.41,518;517;517,517 - 518,1,Published source rows are school averages; CycleTrack rows are crowdsourced acceptance medians.,University of Rochester School of Medicine and Dentistry,published school average GPA and MCAT,3.84,518,https://www.urmc.rochester.edu/education/md/admissions.aspx,,University of Rochester School of Medicine and Dentistry,published school average GPA and MCAT,3.6,517,,,University of Rochester School of Medicine and Dentistry,published school average GPA and MCAT,3.43,517,,,,,,,,
267,University of South Alabama,cycletrack_acceptance_median,1,single_source,3.9;3.85;3.92,3.85 - 3.92,0.07,514;515;515,514 - 515,1,Published source rows are school averages; CycleTrack rows are crowdsourced acceptance medians.,,,,,,,,,,,,,,,,,,,University of South Alabama; University of South Carolina,CycleTrack crowdsourced MD acceptance median cGPA and MCAT,3.9; 3.85; 3.92,514; 515,https://cycletrack.org/explorer/school/South Alabama; https://cycletrack.org/explorer/school/South Carolina - Columbia; https://cycletrack.org/explorer/school/South Carolina - Greenville,Not an official entering-class average; CycleTrack is crowdsourced applicant/outcome data.
268,University of South Alabama College of Medicine,matchguy;prospectivedoctor;shemmassian,3,major_conflict,3.91;3.85;3.85;3.79;3,3 - 3.91,0.91,511;511;508;511,508 - 511,3,Published source rows are school averages; CycleTrack rows are crowdsourced acceptance medians.,University of South Alabama College of Medicine; University of Oklahoma College of Medicine,published school average GPA and MCAT,3.91; 3.85,511,http://www.usahealthsystem.com/doctor-of-medicine; https://www.oumedicine.com/college-of-medicine/information-about/admissions,,University of South Alabama College of Medicine; University of Oklahoma College of Medicine,published school average GPA and MCAT,3.85; 3.79,508; 511,,source row carried an asterisk,University of Oklahoma College of Medicine,published school average GPA and MCAT,3,,,,,,,,,
269,University of South Carolina School of Medicine - Columbia,matchguy;prospectivedoctor;shemmassian,3,minor_conflict,3.83;3.81;3.77;3.75;3.77,3.75 - 3.83,0.08,510;509;508;509;508;509,508 - 510,2,Published source rows are school averages; CycleTrack rows are crowdsourced acceptance medians.,University of South Carolina School of Medicine - Columbia; University of South Carolina School of Medicine - Greenville,published school average GPA and MCAT,3.83; 3.81,510; 509,http://admissions.med.sc.edu/; http://sc.edu/study/colleges_schools/medicine_greenville/admissions/apply.php,,University of South Carolina School of Medicine - Columbia; University of South Carolina School of Medicine - Greenville,published school average GPA and MCAT,3.77; 3.75,508; 509,,source row carried an asterisk,University of South Carolina School of Medicine Columbia; University of South Carolina School of Medicine Greenville,published school average GPA and MCAT,3.77,508; 509,,,,,,,,
270,University of South Dakota Sanford School of Medicine,prospectivedoctor;shemmassian,2,minor_conflict,3.87;3.79,3.79 - 3.87,0.08,509;508.3,508.3 - 509,0.7,Published source rows are school averages; CycleTrack rows are crowdsourced acceptance medians.,University of South Dakota Sanford School of Medicine,published school average GPA and MCAT,3.87,509,http://www.usd.edu/medicine/medical-student-affairs/eligibility,,University of South Dakota Sanford School of Medicine,published school average GPA and MCAT,3.79,508.3,,source row carried an asterisk,,,,,,,,,,,,
271,University of South Florida Health Morsani College of Medicine,prospectivedoctor;shemmassian,2,major_conflict,3.78;3.96,3.78 - 3.96,0.18,517;520,517 - 520,3,Published source rows are school averages; CycleTrack rows are crowdsourced acceptance medians.,University of South Florida Health Morsani College of Medicine,published school average GPA and MCAT,3.78,517,http://health.usf.edu/medicine/mdprogram/mdadmissions/,,University of South Florida Health Morsani College of Medicine,published school average GPA and MCAT,3.96,520,,source row carried an asterisk,,,,,,,,,,,,
272,University of Southern California,cycletrack_acceptance_median,1,single_source,3.9,3.9,,518.5,518.5,,Published source rows are school averages; CycleTrack rows are crowdsourced acceptance medians.,,,,,,,,,,,,,,,,,,,University of Southern California,CycleTrack crowdsourced MD acceptance median cGPA and MCAT,3.9,518.5,https://cycletrack.org/explorer/school/University of Southern California,Not an official entering-class average; CycleTrack is crowdsourced applicant/outcome data.
273,University of Tennessee,cycletrack_acceptance_median,1,single_source,3.9,3.9,,517,517,,Published source rows are school averages; CycleTrack rows are crowdsourced acceptance medians.,,,,,,,,,,,,,,,,,,,University of Tennessee,CycleTrack crowdsourced MD acceptance median cGPA and MCAT,3.9,517,https://cycletrack.org/explorer/school/Tennessee,Not an official entering-class average; CycleTrack is crowdsourced applicant/outcome data.
274,University of Tennessee Health Science Center College of Medicine,matchguy;prospectivedoctor;shemmassian,3,close_agreement,3.82;3.83;3.83,3.82 - 3.83,0.01,513;513;513,513 - 513,0,Published source rows are school averages; CycleTrack rows are crowdsourced acceptance medians.,University of Tennessee Health Science Center College of Medicine,published school average GPA and MCAT,3.82,513,https://www.uthsc.edu/Medicine/Admissions/index.php,,University of Tennessee Health Science Center College of Medicine,published school average GPA and MCAT,3.83,513,,source row carried an asterisk,University of Tennessee Health Science Center College of Medicine,published school average GPA and MCAT,3.83,513,,,,,,,,
275,University of Texas (Austin),cycletrack_acceptance_median,1,single_source,3.97;3.96,3.96 - 3.97,0.01,523;516,516 - 523,7,Published source rows are school averages; CycleTrack rows are crowdsourced acceptance medians.,,,,,,,,,,,,,,,,,,,University of Texas (Austin); University of Texas (Houston),CycleTrack crowdsourced MD acceptance median cGPA and MCAT,3.97; 3.96,523; 516,https://cycletrack.org/explorer/school/University of Texas - Austin; https://cycletrack.org/explorer/school/University of Texas - Houston,Not an official entering-class average; CycleTrack is crowdsourced applicant/outcome data.
276,University of Texas (Medical Branch),cycletrack_acceptance_median,1,single_source,3.86,3.86,,516,516,,Published source rows are school averages; CycleTrack rows are crowdsourced acceptance medians.,,,,,,,,,,,,,,,,,,,University of Texas (Medical Branch),CycleTrack crowdsourced MD acceptance median cGPA and MCAT,3.86,516,https://cycletrack.org/explorer/school/University of Texas - Medical Branch,Not an official entering-class average; CycleTrack is crowdsourced applicant/outcome data.
277,University of Texas (Rio Grande),cycletrack_acceptance_median,1,single_source,3.83,3.83,,514,514,,Published source rows are school averages; CycleTrack rows are crowdsourced acceptance medians.,,,,,,,,,,,,,,,,,,,University of Texas (Rio Grande),CycleTrack crowdsourced MD acceptance median cGPA and MCAT,3.83,514,https://cycletrack.org/explorer/school/University of Texas - Rio Grande,Not an official entering-class average; CycleTrack is crowdsourced applicant/outcome data.
278,University of Texas (San Antonio),cycletrack_acceptance_median,1,single_source,3.95,3.95,,521,521,,Published source rows are school averages; CycleTrack rows are crowdsourced acceptance medians.,,,,,,,,,,,,,,,,,,,University of Texas (San Antonio),CycleTrack crowdsourced MD acceptance median cGPA and MCAT,3.95,521,https://cycletrack.org/explorer/school/University of Texas - San Antonio,Not an official entering-class average; CycleTrack is crowdsourced applicant/outcome data.
279,University of Texas (Southwestern),cycletrack_acceptance_median,1,single_source,3.97,3.97,,520,520,,Published source rows are school averages; CycleTrack rows are crowdsourced acceptance medians.,,,,,,,,,,,,,,,,,,,University of Texas (Southwestern),CycleTrack crowdsourced MD acceptance median cGPA and MCAT,3.97,520,https://cycletrack.org/explorer/school/University of Texas - Southwestern,Not an official entering-class average; CycleTrack is crowdsourced applicant/outcome data.
280,University of Texas McGovern Medical School at Houston,prospectivedoctor;shemmassian,2,close_agreement,3.88;3.84,3.84 - 3.88,0.04,513;512,512 - 513,1,Published source rows are school averages; CycleTrack rows are crowdsourced acceptance medians.,University of Texas McGovern Medical School at Houston,published school average GPA and MCAT,3.88,513,https://med.uth.edu/admissions/,,University of Texas McGovern Medical School at Houston,published school average GPA and MCAT,3.84,512,,source row carried an asterisk,,,,,,,,,,,,
281,University of Texas Medical Branch School of Medicine,matchguy;prospectivedoctor;shemmassian,3,major_conflict,3.88;3.78;3.8,3.78 - 3.88,0.1,511;512;511,511 - 512,1,Published source rows are school averages; CycleTrack rows are crowdsourced acceptance medians.,University of Texas Medical Branch School of Medicine,published school average GPA and MCAT,3.88,511,https://www.utmb.edu/enrollmentservices/resources/admissions,,University of Texas Medical Branch School of Medicine,published school average GPA and MCAT,3.78,512,,source row carried an asterisk,University of Texas Medical Branch School of Medicine,published school average GPA and MCAT,3.8,511,,,,,,,,
282,University of Texas Rio Grande Valley School of Medicine,prospectivedoctor;shemmassian,2,major_conflict,3.72;3.85,3.72 - 3.85,0.13,510;509,509 - 510,1,Published source rows are school averages; CycleTrack rows are crowdsourced acceptance medians.,University of Texas Rio Grande Valley School of Medicine,published school average GPA and MCAT,3.72,510,http://www.utrgv.edu/school-of-medicine/admissions-and-aid/index.htm,,University of Texas Rio Grande Valley School of Medicine,published school average GPA and MCAT,3.85,509,,source row carried an asterisk,,,,,,,,,,,,
283,University of Texas School of Medicine at San Antonio,prospectivedoctor;shemmassian,2,minor_conflict,3.88;3.9,3.88 - 3.9,0.02,517;518.6,517 - 518.6,1.6,Published source rows are school averages; CycleTrack rows are crowdsourced acceptance medians.,University of Texas School of Medicine at San Antonio,published school average GPA and MCAT,3.88,517,http://som.uthscsa.edu/admissions/,,University of Texas School of Medicine at San Antonio,published school average GPA and MCAT,3.9,518.6,,source row carried an asterisk,,,,,,,,,,,,
284,University of Texas Southwestern Medical School,matchguy;prospectivedoctor;shemmassian,3,minor_conflict,3.9;3.96;3.89,3.89 - 3.96,0.07,518;517;516,516 - 518,2,Published source rows are school averages; CycleTrack rows are crowdsourced acceptance medians.,University of Texas Southwestern Medical School,published school average GPA and MCAT,3.9,518,http://www.utsouthwestern.edu/education/medical-school/admissions/,,University of Texas Southwestern Medical School,published school average GPA and MCAT,3.96,517,,source row carried an asterisk,University of Texas Southwestern Medical School,published school average GPA and MCAT,3.89,516,,,,,,,,
285,University of Texas at Austin Dell Medical School,prospectivedoctor;shemmassian,2,minor_conflict,3.92;3.93,3.92 - 3.93,0.01,515;517,515 - 517,2,Published source rows are school averages; CycleTrack rows are crowdsourced acceptance medians.,University of Texas at Austin Dell Medical School,published school average GPA and MCAT,3.92,515,https://dellmed.utexas.edu/prospective-students,,University of Texas at Austin Dell Medical School,published school average GPA and MCAT,3.93,517,,source row carried an asterisk,,,,,,,,,,,,
286,University of Toledo,cycletrack_acceptance_median,1,single_source,3.85,3.85,,513,513,,Published source rows are school averages; CycleTrack rows are crowdsourced acceptance medians.,,,,,,,,,,,,,,,,,,,University of Toledo,CycleTrack crowdsourced MD acceptance median cGPA and MCAT,3.85,513,https://cycletrack.org/explorer/school/Toledo,Not an official entering-class average; CycleTrack is crowdsourced applicant/outcome data.
287,University of Utah,cycletrack_acceptance_median,1,single_source,3.89,3.89,,512.5,512.5,,Published source rows are school averages; CycleTrack rows are crowdsourced acceptance medians.,,,,,,,,,,,,,,,,,,,University of Utah,CycleTrack crowdsourced MD acceptance median cGPA and MCAT,3.89,512.5,https://cycletrack.org/explorer/school/Utah,Not an official entering-class average; CycleTrack is crowdsourced applicant/outcome data.
288,University of Vermont,cycletrack_acceptance_median,1,single_source,3.83,3.83,,515,515,,Published source rows are school averages; CycleTrack rows are crowdsourced acceptance medians.,,,,,,,,,,,,,,,,,,,University of Vermont,CycleTrack crowdsourced MD acceptance median cGPA and MCAT,3.83,515,https://cycletrack.org/explorer/school/Vermont,Not an official entering-class average; CycleTrack is crowdsourced applicant/outcome data.
289,University of Virginia,cycletrack_acceptance_median,1,single_source,3.95,3.95,,521,521,,Published source rows are school averages; CycleTrack rows are crowdsourced acceptance medians.,,,,,,,,,,,,,,,,,,,University of Virginia,CycleTrack crowdsourced MD acceptance median cGPA and MCAT,3.95,521,https://cycletrack.org/explorer/school/Virginia,Not an official entering-class average; CycleTrack is crowdsourced applicant/outcome data.
290,University of Washington,cycletrack_acceptance_median,1,single_source,3.85,3.85,,516,516,,Published source rows are school averages; CycleTrack rows are crowdsourced acceptance medians.,,,,,,,,,,,,,,,,,,,University of Washington,CycleTrack crowdsourced MD acceptance median cGPA and MCAT,3.85,516,https://cycletrack.org/explorer/school/Washington,Not an official entering-class average; CycleTrack is crowdsourced applicant/outcome data.
291,University of Wisconsin,cycletrack_acceptance_median,1,single_source,3.8,3.8,,515,515,,Published source rows are school averages; CycleTrack rows are crowdsourced acceptance medians.,,,,,,,,,,,,,,,,,,,University of Wisconsin,CycleTrack crowdsourced MD acceptance median cGPA and MCAT,3.8,515,https://cycletrack.org/explorer/school/Wisconsin,Not an official entering-class average; CycleTrack is crowdsourced applicant/outcome data.
292,University of Wisconsin School of Medicine and Public Health,matchguy;prospectivedoctor;shemmassian,3,minor_conflict,3.8;3.78;3.78,3.78 - 3.8,0.02,513;511;511,511 - 513,2,Published source rows are school averages; CycleTrack rows are crowdsourced acceptance medians.,University of Wisconsin School of Medicine and Public Health,published school average GPA and MCAT,3.8,513,http://www.med.wisc.edu/education/md/admissions/main/102,,University of Wisconsin School of Medicine and Public Health,published school average GPA and MCAT,3.78,511,,source row carried an asterisk,University of Wisconsin School of Medicine and Public Health,published school average GPA and MCAT,3.78,511,,,,,,,,
293,University of the Incarnate Word,cycletrack_acceptance_median,1,single_source,3.8,3.8,,507,507,,Published source rows are school averages; CycleTrack rows are crowdsourced acceptance medians.,,,,,,,,,,,,,,,,,,,University of the Incarnate Word,CycleTrack crowdsourced DO acceptance median cGPA and MCAT,3.8,507,https://cycletrack.org/explorer/school/Incarnate Word,Not an official entering-class average; CycleTrack is crowdsourced applicant/outcome data.
294,University of the Incarnate Word School of Osteopathic Medicine,shemmassian,1,single_source,3.6,3.6,,504,504,,Published source rows are school averages; CycleTrack rows are crowdsourced acceptance medians.,,,,,,,University of the Incarnate Word School of Osteopathic Medicine,published school average GPA and MCAT,3.6,504,,,,,,,,,,,,,,
295,Vanderbilt University,cycletrack_acceptance_median,1,single_source,3.97,3.97,,523,523,,Published source rows are school averages; CycleTrack rows are crowdsourced acceptance medians.,,,,,,,,,,,,,,,,,,,Vanderbilt University,CycleTrack crowdsourced MD acceptance median cGPA and MCAT,3.97,523,https://cycletrack.org/explorer/school/Vanderbilt,Not an official entering-class average; CycleTrack is crowdsourced applicant/outcome data.
296,Virginia Commonwealth University,cycletrack_acceptance_median,1,single_source,3.85,3.85,,515,515,,Published source rows are school averages; CycleTrack rows are crowdsourced acceptance medians.,,,,,,,,,,,,,,,,,,,Virginia Commonwealth University,CycleTrack crowdsourced MD acceptance median cGPA and MCAT,3.85,515,https://cycletrack.org/explorer/school/Virginia Commonwealth,Not an official entering-class average; CycleTrack is crowdsourced applicant/outcome data.
297,Virginia Commonwealth University School of Medicine,matchguy;prospectivedoctor;shemmassian,3,major_conflict,3.82;3.93;3.7;3.85;3.85;3.79,3.7 - 3.93,0.23,513;520;512;518;518;512,512 - 520,8,Published source rows are school averages; CycleTrack rows are crowdsourced acceptance medians.,Virginia Commonwealth University School of Medicine; University of Virginia School of Medicine,published school average GPA and MCAT,3.82; 3.93,513; 520,http://www.medschool.vcu.edu/admissions/md/; https://med.virginia.edu/admissions/,,Virginia Commonwealth University School of Medicine; University of Virginia School of Medicine,published school average GPA and MCAT,3.7; 3.85,512; 518,,source row carried an asterisk,University of Virginia School of Medicine; Virginia Commonwealth University School of Medicine,published school average GPA and MCAT,3.85; 3.79,518; 512,,,,,,,,
298,Virginia Tech,cycletrack_acceptance_median,1,single_source,3.8,3.8,,516,516,,Published source rows are school averages; CycleTrack rows are crowdsourced acceptance medians.,,,,,,,,,,,,,,,,,,,Virginia Tech,CycleTrack crowdsourced MD acceptance median cGPA and MCAT,3.8,516,https://cycletrack.org/explorer/school/Virginia Tech,Not an official entering-class average; CycleTrack is crowdsourced applicant/outcome data.
299,Virginia Tech Carilion School of Medicine,matchguy,1,single_source,3.67,3.67,,512,512,,Published source rows are school averages; CycleTrack rows are crowdsourced acceptance medians.,,,,,,,,,,,,,Virginia Tech Carilion School of Medicine,published school average GPA and MCAT,3.67,512,,,,,,,,
300,Virginia Tech Carilion School of Medicine and Research Institute,prospectivedoctor;shemmassian,2,close_agreement,3.7;3.67,3.67 - 3.7,0.03,512;512,512 - 512,0,Published source rows are school averages; CycleTrack rows are crowdsourced acceptance medians.,Virginia Tech Carilion School of Medicine and Research Institute,published school average GPA and MCAT,3.7,512,http://medicine.vtc.vt.edu/admissions/,,Virginia Tech Carilion School of Medicine and Research Institute,published school average GPA and MCAT,3.67,512,,source row carried an asterisk,,,,,,,,,,,,
301,Wake Forest School of Medicine,prospectivedoctor;shemmassian,2,minor_conflict,3.76;3.83,3.76 - 3.83,0.07,513;511,511 - 513,2,Published source rows are school averages; CycleTrack rows are crowdsourced acceptance medians.,Wake Forest School of Medicine,published school average GPA and MCAT,3.76,513,http://www.wakehealth.edu/School/MD-Program/Admissions/Admissions.htm,,Wake Forest School of Medicine,published school average GPA and MCAT,3.83,511,,,,,,,,,,,,,,
302,Wake Forest School of Medicine of Wake Forest Baptist Medical Center,matchguy,1,single_source,3.83,3.83,,511,511,,Published source rows are school averages; CycleTrack rows are crowdsourced acceptance medians.,,,,,,,,,,,,,Wake Forest School of Medicine of Wake Forest Baptist Medical Center,published school average GPA and MCAT,3.83,511,,,,,,,,
303,Wake Forest University,cycletrack_acceptance_median,1,single_source,3.9,3.9,,514,514,,Published source rows are school averages; CycleTrack rows are crowdsourced acceptance medians.,,,,,,,,,,,,,,,,,,,Wake Forest University,CycleTrack crowdsourced MD acceptance median cGPA and MCAT,3.9,514,https://cycletrack.org/explorer/school/Wake Forest,Not an official entering-class average; CycleTrack is crowdsourced applicant/outcome data.
304,Washington State University,cycletrack_acceptance_median,1,single_source,3.84;3.89,3.84 - 3.89,0.05,514;514,514 - 514,0,Published source rows are school averages; CycleTrack rows are crowdsourced acceptance medians.,,,,,,,,,,,,,,,,,,,Washington State University; Wright State University,CycleTrack crowdsourced MD acceptance median cGPA and MCAT,3.84; 3.89,514,https://cycletrack.org/explorer/school/Washington State; https://cycletrack.org/explorer/school/Wright State,Not an official entering-class average; CycleTrack is crowdsourced applicant/outcome data.
305,Washington State University Elson S. Floyd College of Medicine,matchguy;shemmassian,2,close_agreement,3.64;3.64,3.64 - 3.64,0,507.9;507.9,507.9 - 507.9,0,Published source rows are school averages; CycleTrack rows are crowdsourced acceptance medians.,,,,,,,Washington State University Elson S. Floyd College of Medicine,published school average GPA and MCAT,3.64,507.9,,source row carried an asterisk,Washington State University Elson S. Floyd College of Medicine,published school average GPA and MCAT,3.64,507.9,,,,,,,,
306,Washington University Saint Louis,cycletrack_acceptance_median,1,single_source,3.95,3.95,,523,523,,Published source rows are school averages; CycleTrack rows are crowdsourced acceptance medians.,,,,,,,,,,,,,,,,,,,Washington University Saint Louis,CycleTrack crowdsourced MD acceptance median cGPA and MCAT,3.95,523,https://cycletrack.org/explorer/school/Washington University Saint Louis,Not an official entering-class average; CycleTrack is crowdsourced applicant/outcome data.
307,Washington University in St. Louis School of Medicine,matchguy,1,single_source,3.92,3.92,,519.19,519.19,,Published source rows are school averages; CycleTrack rows are crowdsourced acceptance medians.,,,,,,,,,,,,,Washington University in St. Louis School of Medicine,published school average GPA and MCAT,3.92,519.19,,,,,,,,
308,Weill Cornell Medical College,prospectivedoctor;shemmassian,2,close_agreement,3.91;3.9,3.9 - 3.91,0.01,519;518,518 - 519,1,Published source rows are school averages; CycleTrack rows are crowdsourced acceptance medians.,Weill Cornell Medical College,published school average GPA and MCAT,3.91,519,http://weill.cornell.edu/education/admissions/,,Weill Cornell Medical College,published school average GPA and MCAT,3.9,518,,,,,,,,,,,,,,
309,West Virginia School of Osteopathic Medicine,cycletrack_acceptance_median;shemmassian,2,major_conflict,3.53;3.73,3.53 - 3.73,0.2,502;507,502 - 507,5,Published source rows are school averages; CycleTrack rows are crowdsourced acceptance medians.,,,,,,,West Virginia School of Osteopathic Medicine,published school average GPA and MCAT,3.53,502,,source row carried an asterisk,,,,,,,West Virginia School of Osteopathic Medicine,CycleTrack crowdsourced DO acceptance median cGPA and MCAT,3.73,507,https://cycletrack.org/explorer/school/West Virginia SOM,Not an official entering-class average; CycleTrack is crowdsourced applicant/outcome data.
310,West Virginia University,cycletrack_acceptance_median,1,single_source,3.8,3.8,,514,514,,Published source rows are school averages; CycleTrack rows are crowdsourced acceptance medians.,,,,,,,,,,,,,,,,,,,West Virginia University,CycleTrack crowdsourced MD acceptance median cGPA and MCAT,3.8,514,https://cycletrack.org/explorer/school/West Virginia,Not an official entering-class average; CycleTrack is crowdsourced applicant/outcome data.
311,Western Michigan University Homer Stryker M.D. School of Medicine,matchguy,1,single_source,3.81,3.81,,512,512,,Published source rows are school averages; CycleTrack rows are crowdsourced acceptance medians.,,,,,,,,,,,,,Western Michigan University Homer Stryker M.D. School of Medicine,published school average GPA and MCAT,3.81,512,,,,,,,,
312,Western University of Health Sciences,cycletrack_acceptance_median,1,single_source,3.79;3.76,3.76 - 3.79,0.03,512;509,509 - 512,3,Published source rows are school averages; CycleTrack rows are crowdsourced acceptance medians.,,,,,,,,,,,,,,,,,,,Western University of Health Sciences,CycleTrack crowdsourced DO acceptance median cGPA and MCAT,3.79; 3.76,512; 509,https://cycletrack.org/explorer/school/Western University - California; https://cycletrack.org/explorer/school/Western University - Oregon,Not an official entering-class average; CycleTrack is crowdsourced applicant/outcome data.
313,Western University of Health Sciences College of Osteopathic Medicine of the Pacific,shemmassian,1,single_source,3.82;3.58,3.58 - 3.82,0.24,509;507,507 - 509,2,Published source rows are school averages; CycleTrack rows are crowdsourced acceptance medians.,,,,,,,Western University of Health Sciences College of Osteopathic Medicine of the Pacific; Western University of Health Sciences College of Osteopathic Medicine of the Pacific Northwest,published school average GPA and MCAT,3.82; 3.58,509; 507,,,,,,,,,,,,,,
314,William Carey University,cycletrack_acceptance_median,1,single_source,3.79,3.79,,505,505,,Published source rows are school averages; CycleTrack rows are crowdsourced acceptance medians.,,,,,,,,,,,,,,,,,,,William Carey University,CycleTrack crowdsourced DO acceptance median cGPA and MCAT,3.79,505,https://cycletrack.org/explorer/school/William Carey,Not an official entering-class average; CycleTrack is crowdsourced applicant/outcome data.
315,Wright State University Boonshoft School of Medicine,matchguy;prospectivedoctor;shemmassian,3,close_agreement,3.73;3.68;3.68,3.68 - 3.73,0.05,508;508.76;508.76,508 - 508.76,0.76,Published source rows are school averages; CycleTrack rows are crowdsourced acceptance medians.,Wright State University Boonshoft School of Medicine,published school average GPA and MCAT,3.73,508,http://medicine.wright.edu/admissions,,Wright State University Boonshoft School of Medicine,published school average GPA and MCAT,3.68,508.76,,source row carried an asterisk,Wright State University Boonshoft School of Medicine,published school average GPA and MCAT,3.68,508.76,,,,,,,,
316,Yale School of Medicine,cycletrack_acceptance_median;matchguy;prospectivedoctor;shemmassian,4,minor_conflict,3.93;3.94;3.94;3.93;3.95,3.93 - 3.95,0.02,521;521;521;521;523,521 - 523,2,Published source rows are school averages; CycleTrack rows are crowdsourced acceptance medians.,Yale School of Medicine,published school average GPA and MCAT,3.93,521,http://medicine.yale.edu/education/admissions/,,Yale School of Medicine,published school average GPA and MCAT,3.94,521,,,Yale School of Medicine,published school average GPA and MCAT,3.94,521,,,Icahn School of Medicine; Yale School of Medicine,CycleTrack crowdsourced MD acceptance median cGPA and MCAT,3.93; 3.95,521; 523,https://cycletrack.org/explorer/school/Mount Sinai; https://cycletrack.org/explorer/school/Yale,Not an official entering-class average; CycleTrack is crowdsourced applicant/outcome data.
