candidate_id,school_id,school_name,degree_type,source_key,source_name,source_url,value_url,source_row_number,source_school_name,metric_context,gpa,mcat,published_source_count,published_mcat_average,published_gpa_average,published_mcat_spread,published_gpa_spread,data_quality_band,agreement_label,data_confidence,match_score,match_label,notes
cycletrack_acceptance_median:466,do_atsu_soma_a_t_still_university_school_of_osteopathic_medicine_in_arizona_mesa_ar,"A.T. Still University, School of Osteopathic Medicine in Arizona",DO,cycletrack_acceptance_median,CycleTrack Explorer acceptance medians,https://cycletrack.org/explorer,https://cycletrack.org/explorer/school/A.T. Still - Arizona,466,A.T. Still University of Health Sciences (Arizona),CycleTrack crowdsourced DO acceptance median cGPA and MCAT,3.69,507,,,,,,review,single_source,cycletrack_context_only_single_source,0.757,review,Not an official entering-class average; CycleTrack is crowdsourced applicant/outcome data.
cycletrack_acceptance_median:467,do_atsu_kcom_a_t_still_university_kirksville_college_of_osteopathic_medicine_kirksv,A.T. Still University – Kirksville College of Osteopathic Medicine,DO,cycletrack_acceptance_median,CycleTrack Explorer acceptance medians,https://cycletrack.org/explorer,https://cycletrack.org/explorer/school/A.T. Still - Kirksville,467,A.T. Still University of Health Sciences (Kirksville),CycleTrack crowdsourced DO acceptance median cGPA and MCAT,3.77,505,,,,,,review,single_source,cycletrack_context_only_single_source,0.71,no_match,Not an official entering-class average; CycleTrack is crowdsourced applicant/outcome data.
cycletrack_acceptance_median:468,md_university_of_alabama_at_birmingham_marnix_e_heersink_school_of_medicine_birming,University of Alabama at Birmingham Marnix E. Heersink School of Medicine,MD,cycletrack_acceptance_median,CycleTrack Explorer acceptance medians,https://cycletrack.org/explorer,https://cycletrack.org/explorer/school/Alabama,468,University of Alabama at Birmingham,CycleTrack crowdsourced MD acceptance median cGPA and MCAT,3.91,513,,,,,,review,single_source,cycletrack_context_only_single_source,0.63,no_match,Not an official entering-class average; CycleTrack is crowdsourced applicant/outcome data.
cycletrack_acceptance_median:469,do_acom_alabama_college_of_osteopathic_medicine_dothan_alabama,Alabama College of Osteopathic Medicine,DO,cycletrack_acceptance_median,CycleTrack Explorer acceptance medians,https://cycletrack.org/explorer,https://cycletrack.org/explorer/school/Alabama COM,469,Alabama College of Osteopathic Medicine,CycleTrack crowdsourced DO acceptance median cGPA and MCAT,3.7,505,1,501.5,3.37,0,0,low,major_conflict,cycletrack_context_only_major_conflict,1,exact,Not an official entering-class average; CycleTrack is crowdsourced applicant/outcome data.
cycletrack_acceptance_median:470,md_albany_medical_college_albany_new_york,Albany Medical College,MD,cycletrack_acceptance_median,CycleTrack Explorer acceptance medians,https://cycletrack.org/explorer,https://cycletrack.org/explorer/school/Albany,470,Albany Medical College,CycleTrack crowdsourced MD acceptance median cGPA and MCAT,3.86,512.5,3,511.7,3.77,1,0.06,high,major_conflict,cycletrack_context_only_major_conflict,1,exact,Not an official entering-class average; CycleTrack is crowdsourced applicant/outcome data.
cycletrack_acceptance_median:471,md_albert_einstein_college_of_medicine_new_york_new_york,Albert Einstein College of Medicine,MD,cycletrack_acceptance_median,CycleTrack Explorer acceptance medians,https://cycletrack.org/explorer,https://cycletrack.org/explorer/school/Albert Einstein,471,Albert Einstein College of Medicine,CycleTrack crowdsourced MD acceptance median cGPA and MCAT,3.93,519,1,516,3.82,0,0,low,major_conflict,cycletrack_context_only_major_conflict,1,exact,Not an official entering-class average; CycleTrack is crowdsourced applicant/outcome data.
cycletrack_acceptance_median:472,md_alice_l_walton_school_of_medicine_bentonville_arkansas,Alice L. Walton School of Medicine,MD,cycletrack_acceptance_median,CycleTrack Explorer acceptance medians,https://cycletrack.org/explorer,https://cycletrack.org/explorer/school/Alice Walton,472,Alice L. Walton School of Medicine,CycleTrack crowdsourced MD acceptance median cGPA and MCAT,3.95,513.5,,,,,,review,single_source,cycletrack_context_only_single_source,1,exact,Not an official entering-class average; CycleTrack is crowdsourced applicant/outcome data.
cycletrack_acceptance_median:473,md_university_of_arizona_college_of_medicine_phoenix_phoenix_arizona,University of Arizona College of Medicine - Phoenix,MD,cycletrack_acceptance_median,CycleTrack Explorer acceptance medians,https://cycletrack.org/explorer,https://cycletrack.org/explorer/school/Arizona - Phoenix,473,University of Arizona (Phoenix),CycleTrack crowdsourced MD acceptance median cGPA and MCAT,3.96,519,,,,,,review,single_source,cycletrack_context_only_single_source,0.754,review,Not an official entering-class average; CycleTrack is crowdsourced applicant/outcome data.
cycletrack_acceptance_median:474,md_university_of_arizona_college_of_medicine_tucson_tucson_arizona,University of Arizona College of Medicine - Tucson,MD,cycletrack_acceptance_median,CycleTrack Explorer acceptance medians,https://cycletrack.org/explorer,https://cycletrack.org/explorer/school/Arizona - Tucson,474,University of Arizona (Tucson),CycleTrack crowdsourced MD acceptance median cGPA and MCAT,3.85,513,,,,,,review,single_source,cycletrack_context_only_single_source,0.746,no_match,Not an official entering-class average; CycleTrack is crowdsourced applicant/outcome data.
cycletrack_acceptance_median:475,md_tulane_university_school_of_medicine_new_orleans_louisiana,Tulane University School of Medicine,MD,cycletrack_acceptance_median,CycleTrack Explorer acceptance medians,https://cycletrack.org/explorer,https://cycletrack.org/explorer/school/Arizona State,475,Arizona State University,CycleTrack crowdsourced MD acceptance median cGPA and MCAT,3.96,516,,,,,,review,single_source,cycletrack_context_only_single_source,0.632,no_match,Not an official entering-class average; CycleTrack is crowdsourced applicant/outcome data.
cycletrack_acceptance_median:476,md_university_of_kansas_school_of_medicine_kansas_city_kansas,University of Kansas School of Medicine,MD,cycletrack_acceptance_median,CycleTrack Explorer acceptance medians,https://cycletrack.org/explorer,https://cycletrack.org/explorer/school/Arkansas,476,University of Arkansas,CycleTrack crowdsourced MD acceptance median cGPA and MCAT,3.89,511.5,,,,,,review,single_source,cycletrack_context_only_single_source,0.654,no_match,Not an official entering-class average; CycleTrack is crowdsourced applicant/outcome data.
cycletrack_acceptance_median:477,do_arcom_arkansas_college_of_osteopathic_medicine_fort_smith_arkansas,Arkansas College of Osteopathic Medicine,DO,cycletrack_acceptance_median,CycleTrack Explorer acceptance medians,https://cycletrack.org/explorer,https://cycletrack.org/explorer/school/Arkansas COM,477,Arkansas College of Osteopathic Medicine,CycleTrack crowdsourced DO acceptance median cGPA and MCAT,3.75,503,1,501.5,3.37,0,0,low,major_conflict,cycletrack_context_only_major_conflict,1,exact,Not an official entering-class average; CycleTrack is crowdsourced applicant/outcome data.
cycletrack_acceptance_median:478,do_bucom_baptist_health_sciences_university_college_of_osteopathic_medicine_memphis,Baptist Health Sciences University College of Osteopathic Medicine,DO,cycletrack_acceptance_median,CycleTrack Explorer acceptance medians,https://cycletrack.org/explorer,https://cycletrack.org/explorer/school/Baptist Health Sciences University COM,478,Baptist Health Sciences University,CycleTrack crowdsourced DO acceptance median cGPA and MCAT,3.62,505,,,,,,review,single_source,cycletrack_context_only_single_source,0.701,no_match,Not an official entering-class average; CycleTrack is crowdsourced applicant/outcome data.
cycletrack_acceptance_median:479,md_albany_medical_college_albany_new_york,Albany Medical College,MD,cycletrack_acceptance_median,CycleTrack Explorer acceptance medians,https://cycletrack.org/explorer,https://cycletrack.org/explorer/school/Baylor,479,Baylor,CycleTrack crowdsourced MD acceptance median cGPA and MCAT,3.97,522,,,,,,review,single_source,cycletrack_context_only_single_source,0.357,no_match,Not an official entering-class average; CycleTrack is crowdsourced applicant/outcome data.
cycletrack_acceptance_median:480,md_university_of_minnesota_medical_school_minneapolis_minnesota,University of Minnesota Medical School,MD,cycletrack_acceptance_median,CycleTrack Explorer acceptance medians,https://cycletrack.org/explorer,https://cycletrack.org/explorer/school/Belmont University,480,Belmont University,CycleTrack crowdsourced MD acceptance median cGPA and MCAT,3.9,513.5,,,,,,review,single_source,cycletrack_context_only_single_source,0.604,no_match,Not an official entering-class average; CycleTrack is crowdsourced applicant/outcome data.
cycletrack_acceptance_median:481,md_stanford_university_school_of_medicine_palo_alto_california,Stanford University School of Medicine,MD,cycletrack_acceptance_median,CycleTrack Explorer acceptance medians,https://cycletrack.org/explorer,https://cycletrack.org/explorer/school/Boston,481,Boston University,CycleTrack crowdsourced MD acceptance median cGPA and MCAT,3.91,520,1,517,3.76,0,0,low,major_conflict,cycletrack_context_only_major_conflict,0.577,no_match,Not an official entering-class average; CycleTrack is crowdsourced applicant/outcome data.
cycletrack_acceptance_median:482,md_georgetown_university_school_of_medicine_washington_district_of_columbia,Georgetown University School of Medicine,MD,cycletrack_acceptance_median,CycleTrack Explorer acceptance medians,https://cycletrack.org/explorer,https://cycletrack.org/explorer/school/Brown,482,Brown University,CycleTrack crowdsourced MD acceptance median cGPA and MCAT,3.9,517,,,,,,review,single_source,cycletrack_context_only_single_source,0.566,no_match,Not an official entering-class average; CycleTrack is crowdsourced applicant/outcome data.
cycletrack_acceptance_median:483,md_university_of_michigan_medical_school_ann_arbor_michigan,University of Michigan Medical School,MD,cycletrack_acceptance_median,CycleTrack Explorer acceptance medians,https://cycletrack.org/explorer,https://cycletrack.org/explorer/school/Buffalo,483,University at Buffalo,CycleTrack crowdsourced MD acceptance median cGPA and MCAT,3.84,515,,,,,,review,single_source,cycletrack_context_only_single_source,0.538,no_match,Not an official entering-class average; CycleTrack is crowdsourced applicant/outcome data.
cycletrack_acceptance_median:484,do_bcsom_burrell_college_school_of_osteopathic_medicine_las_cruces_new_mexico,Burrell College School of Osteopathic Medicine,DO,cycletrack_acceptance_median,CycleTrack Explorer acceptance medians,https://cycletrack.org/explorer,https://cycletrack.org/explorer/school/Burrell COM,484,Burrell College of Osteopathic Medicine,CycleTrack crowdsourced DO acceptance median cGPA and MCAT,3.67,504.5,,,,,,review,single_source,cycletrack_context_only_single_source,0.911,review,Not an official entering-class average; CycleTrack is crowdsourced applicant/outcome data.
cycletrack_acceptance_median:485,md_california_university_of_science_and_medicine_school_of_medicine_colton_californ,California University of Science and Medicine - School of Medicine,MD,cycletrack_acceptance_median,CycleTrack Explorer acceptance medians,https://cycletrack.org/explorer,https://cycletrack.org/explorer/school/California Health Sciences,485,California Health Sciences University,CycleTrack crowdsourced DO acceptance median cGPA and MCAT,3.75,510.5,,,,,,review,single_source,cycletrack_context_only_single_source,0.78,review,Not an official entering-class average; CycleTrack is crowdsourced applicant/outcome data.
cycletrack_acceptance_median:486,md_california_northstate_university_college_of_medicine_elk_grove_california,California Northstate University College of Medicine,MD,cycletrack_acceptance_median,CycleTrack Explorer acceptance medians,https://cycletrack.org/explorer,https://cycletrack.org/explorer/school/California Northstate,486,California Northstate University,CycleTrack crowdsourced MD acceptance median cGPA and MCAT,3.85,516,,,,,,review,single_source,cycletrack_context_only_single_source,0.79,review,Not an official entering-class average; CycleTrack is crowdsourced applicant/outcome data.
cycletrack_acceptance_median:487,md_california_university_of_science_and_medicine_school_of_medicine_colton_californ,California University of Science and Medicine - School of Medicine,MD,cycletrack_acceptance_median,CycleTrack Explorer acceptance medians,https://cycletrack.org/explorer,https://cycletrack.org/explorer/school/California University of Science and Medicine,487,California University of Science and Medicine,CycleTrack crowdsourced MD acceptance median cGPA and MCAT,3.79,515,2,510.5,3.61,1,0,high,major_conflict,cycletrack_context_only_major_conflict,0.916,review,Not an official entering-class average; CycleTrack is crowdsourced applicant/outcome data.
cycletrack_acceptance_median:488,md_university_of_colorado_school_of_medicine_denver_colorado,University of Colorado School of Medicine,MD,cycletrack_acceptance_median,CycleTrack Explorer acceptance medians,https://cycletrack.org/explorer,https://cycletrack.org/explorer/school/Campbell,488,Campbell University,CycleTrack crowdsourced DO acceptance median cGPA and MCAT,3.75,508,,,,,,review,single_source,cycletrack_context_only_single_source,0.593,no_match,Not an official entering-class average; CycleTrack is crowdsourced applicant/outcome data.
cycletrack_acceptance_median:489,md_university_of_central_florida_college_of_medicine_orlando_florida,University of Central Florida College of Medicine,MD,cycletrack_acceptance_median,CycleTrack Explorer acceptance medians,https://cycletrack.org/explorer,https://cycletrack.org/explorer/school/Caribe,489,Universidad Central del Caribe,CycleTrack crowdsourced MD acceptance median cGPA and MCAT,3.7,501,,,,,,review,single_source,cycletrack_context_only_single_source,0.603,no_match,Not an official entering-class average; CycleTrack is crowdsourced applicant/outcome data.
cycletrack_acceptance_median:490,md_carle_illinois_college_of_medicine_urbana_champaign_illinois,Carle Illinois College of Medicine,MD,cycletrack_acceptance_median,CycleTrack Explorer acceptance medians,https://cycletrack.org/explorer,https://cycletrack.org/explorer/school/Carle Illinois,490,Carle Illinois,CycleTrack crowdsourced MD acceptance median cGPA and MCAT,3.84,518,,,,,,review,single_source,cycletrack_context_only_single_source,0.622,no_match,Not an official entering-class average; CycleTrack is crowdsourced applicant/outcome data.
cycletrack_acceptance_median:491,md_case_western_reserve_university_school_of_medicine_cleveland_ohio,Case Western Reserve University School of Medicine,MD,cycletrack_acceptance_median,CycleTrack Explorer acceptance medians,https://cycletrack.org/explorer,https://cycletrack.org/explorer/school/Case Western,491,Case Western Reserve,CycleTrack crowdsourced MD acceptance median cGPA and MCAT,3.93,519,,,,,,review,single_source,cycletrack_context_only_single_source,0.597,no_match,Not an official entering-class average; CycleTrack is crowdsourced applicant/outcome data.
cycletrack_acceptance_median:492,md_university_of_michigan_medical_school_ann_arbor_michigan,University of Michigan Medical School,MD,cycletrack_acceptance_median,CycleTrack Explorer acceptance medians,https://cycletrack.org/explorer,https://cycletrack.org/explorer/school/Central Michigan,492,Central Michigan University,CycleTrack crowdsourced MD acceptance median cGPA and MCAT,3.87,510,,,,,,review,single_source,cycletrack_context_only_single_source,0.754,review,Not an official entering-class average; CycleTrack is crowdsourced applicant/outcome data.
cycletrack_acceptance_median:493,md_charles_r_drew_university_of_medicine_and_science_college_of_medicine_los_angele,Charles R. Drew University of Medicine and Science College of Medicine,MD,cycletrack_acceptance_median,CycleTrack Explorer acceptance medians,https://cycletrack.org/explorer,https://cycletrack.org/explorer/school/Charles R. Drew,493,Charles R. Drew University of Medicine and Science,CycleTrack crowdsourced MD acceptance median cGPA and MCAT,3.7,511,,,,,,review,single_source,cycletrack_context_only_single_source,0.913,review,Not an official entering-class average; CycleTrack is crowdsourced applicant/outcome data.
cycletrack_acceptance_median:494,md_university_of_michigan_medical_school_ann_arbor_michigan,University of Michigan Medical School,MD,cycletrack_acceptance_median,CycleTrack Explorer acceptance medians,https://cycletrack.org/explorer,https://cycletrack.org/explorer/school/Chicago,494,University of Chicago,CycleTrack crowdsourced MD acceptance median cGPA and MCAT,3.93,522,,,,,,review,single_source,cycletrack_context_only_single_source,0.654,no_match,Not an official entering-class average; CycleTrack is crowdsourced applicant/outcome data.
cycletrack_acceptance_median:495,md_university_of_cincinnati_college_of_medicine_cincinnati_ohio,University of Cincinnati College of Medicine,MD,cycletrack_acceptance_median,CycleTrack Explorer acceptance medians,https://cycletrack.org/explorer,https://cycletrack.org/explorer/school/Cincinnati,495,University of Cincinnati,CycleTrack crowdsourced MD acceptance median cGPA and MCAT,3.93,517,,,,,,review,single_source,cycletrack_context_only_single_source,0.712,no_match,Not an official entering-class average; CycleTrack is crowdsourced applicant/outcome data.
cycletrack_acceptance_median:496,md_penn_state_college_of_medicine_hershey_pennsylvania,Penn State College of Medicine,MD,cycletrack_acceptance_median,CycleTrack Explorer acceptance medians,https://cycletrack.org/explorer,https://cycletrack.org/explorer/school/Cleveland Clinic Lerner,496,Cleveland Clinic Lerner,CycleTrack crowdsourced MD acceptance median cGPA and MCAT,3.97,520,,,,,,review,single_source,cycletrack_context_only_single_source,0.48,no_match,Not an official entering-class average; CycleTrack is crowdsourced applicant/outcome data.
cycletrack_acceptance_median:497,md_university_of_colorado_school_of_medicine_denver_colorado,University of Colorado School of Medicine,MD,cycletrack_acceptance_median,CycleTrack Explorer acceptance medians,https://cycletrack.org/explorer,https://cycletrack.org/explorer/school/Colorado,497,University of Colorado,CycleTrack crowdsourced MD acceptance median cGPA and MCAT,3.91,518,,,,,,review,single_source,cycletrack_context_only_single_source,0.704,no_match,Not an official entering-class average; CycleTrack is crowdsourced applicant/outcome data.
cycletrack_acceptance_median:498,md_roseman_university_college_of_medicine_las_vegas_nevada,Roseman University College of Medicine,MD,cycletrack_acceptance_median,CycleTrack Explorer acceptance medians,https://cycletrack.org/explorer,https://cycletrack.org/explorer/school/Columbia,498,Columbia University,CycleTrack crowdsourced MD acceptance median cGPA and MCAT,3.96,524,,,,,,review,single_source,cycletrack_context_only_single_source,0.63,no_match,Not an official entering-class average; CycleTrack is crowdsourced applicant/outcome data.
cycletrack_acceptance_median:499,md_university_of_connecticut_school_of_medicine_farmington_connecticut,University of Connecticut School of Medicine,MD,cycletrack_acceptance_median,CycleTrack Explorer acceptance medians,https://cycletrack.org/explorer,https://cycletrack.org/explorer/school/Connecticut,499,University of Connecticut,CycleTrack crowdsourced MD acceptance median cGPA and MCAT,3.87,514,,,,,,review,single_source,cycletrack_context_only_single_source,0.733,no_match,Not an official entering-class average; CycleTrack is crowdsourced applicant/outcome data.
cycletrack_acceptance_median:500,md_howard_university_college_of_medicine_washington_district_of_columbia,Howard University College of Medicine,MD,cycletrack_acceptance_median,CycleTrack Explorer acceptance medians,https://cycletrack.org/explorer,https://cycletrack.org/explorer/school/Cooper Rowan,500,Rowan University,CycleTrack crowdsourced MD acceptance median cGPA and MCAT,3.91,518,,,,,,review,single_source,cycletrack_context_only_single_source,0.6,no_match,Not an official entering-class average; CycleTrack is crowdsourced applicant/outcome data.
cycletrack_acceptance_median:501,md_university_of_colorado_school_of_medicine_denver_colorado,University of Colorado School of Medicine,MD,cycletrack_acceptance_median,CycleTrack Explorer acceptance medians,https://cycletrack.org/explorer,https://cycletrack.org/explorer/school/Cornell,501,Cornell University,CycleTrack crowdsourced MD acceptance median cGPA and MCAT,3.93,520,,,,,,review,single_source,cycletrack_context_only_single_source,0.642,no_match,Not an official entering-class average; CycleTrack is crowdsourced applicant/outcome data.
cycletrack_acceptance_median:502,md_creighton_university_school_of_medicine_omaha_nebraska,Creighton University School of Medicine,MD,cycletrack_acceptance_median,CycleTrack Explorer acceptance medians,https://cycletrack.org/explorer,https://cycletrack.org/explorer/school/Creighton,502,Creighton University,CycleTrack crowdsourced MD acceptance median cGPA and MCAT,3.86,516,,,,,,review,single_source,cycletrack_context_only_single_source,0.714,no_match,Not an official entering-class average; CycleTrack is crowdsourced applicant/outcome data.
cycletrack_acceptance_median:503,do_icom_idaho_college_of_osteopathic_medicine_meridian_idaho,Idaho College of Osteopathic Medicine,DO,cycletrack_acceptance_median,CycleTrack Explorer acceptance medians,https://cycletrack.org/explorer,https://cycletrack.org/explorer/school/Dartmouth,503,Dartmouth College,CycleTrack crowdsourced MD acceptance median cGPA and MCAT,3.91,516,,,,,,review,single_source,cycletrack_context_only_single_source,0.549,no_match,Not an official entering-class average; CycleTrack is crowdsourced applicant/outcome data.
cycletrack_acceptance_median:504,md_duke_university_school_of_medicine_durham_north_carolina,Duke University School of Medicine,MD,cycletrack_acceptance_median,CycleTrack Explorer acceptance medians,https://cycletrack.org/explorer,https://cycletrack.org/explorer/school/Des Moines,504,Des Moines University,CycleTrack crowdsourced DO acceptance median cGPA and MCAT,3.79,509.5,,,,,,review,single_source,cycletrack_context_only_single_source,0.731,no_match,Not an official entering-class average; CycleTrack is crowdsourced applicant/outcome data.
cycletrack_acceptance_median:505,md_drexel_university_college_of_medicine_philadelphia_pennsylvania,Drexel University College of Medicine,MD,cycletrack_acceptance_median,CycleTrack Explorer acceptance medians,https://cycletrack.org/explorer,https://cycletrack.org/explorer/school/Drexel,505,Drexel University,CycleTrack crowdsourced MD acceptance median cGPA and MCAT,3.85,513,,,,,,review,single_source,cycletrack_context_only_single_source,0.667,no_match,Not an official entering-class average; CycleTrack is crowdsourced applicant/outcome data.
cycletrack_acceptance_median:506,md_duke_university_school_of_medicine_durham_north_carolina,Duke University School of Medicine,MD,cycletrack_acceptance_median,CycleTrack Explorer acceptance medians,https://cycletrack.org/explorer,https://cycletrack.org/explorer/school/Duke,506,Duke University,CycleTrack crowdsourced MD acceptance median cGPA and MCAT,3.9,520,,,,,,review,single_source,cycletrack_context_only_single_source,0.652,no_match,Not an official entering-class average; CycleTrack is crowdsourced applicant/outcome data.
cycletrack_acceptance_median:507,md_duke_university_school_of_medicine_durham_north_carolina,Duke University School of Medicine,MD,cycletrack_acceptance_median,CycleTrack Explorer acceptance medians,https://cycletrack.org/explorer,https://cycletrack.org/explorer/school/Duquesne University COM,507,Duquesne University,CycleTrack crowdsourced DO acceptance median cGPA and MCAT,3.86,508,,,,,,review,single_source,cycletrack_context_only_single_source,0.64,no_match,Not an official entering-class average; CycleTrack is crowdsourced applicant/outcome data.
cycletrack_acceptance_median:508,md_brody_school_of_medicine_at_east_carolina_university_greenville_north_carolina,Brody School of Medicine at East Carolina University,MD,cycletrack_acceptance_median,CycleTrack Explorer acceptance medians,https://cycletrack.org/explorer,https://cycletrack.org/explorer/school/East Carolina,508,East Carolina University,CycleTrack crowdsourced MD acceptance median cGPA and MCAT,3.89,515,,,,,,review,single_source,cycletrack_context_only_single_source,0.686,no_match,Not an official entering-class average; CycleTrack is crowdsourced applicant/outcome data.
cycletrack_acceptance_median:509,md_east_tennessee_state_university_james_h_quillen_college_of_medicine_johnson_city,East Tennessee State University James H. Quillen College of Medicine,MD,cycletrack_acceptance_median,CycleTrack Explorer acceptance medians,https://cycletrack.org/explorer,https://cycletrack.org/explorer/school/East Tennessee,509,East Tennessee State University,CycleTrack crowdsourced MD acceptance median cGPA and MCAT,3.94,514,,,,,,review,single_source,cycletrack_context_only_single_source,0.653,no_match,Not an official entering-class average; CycleTrack is crowdsourced applicant/outcome data.
cycletrack_acceptance_median:510,md_virginia_tech_carilion_school_of_medicine_roanoke_virginia,Virginia Tech Carilion School of Medicine,MD,cycletrack_acceptance_median,CycleTrack Explorer acceptance medians,https://cycletrack.org/explorer,https://cycletrack.org/explorer/school/Eastern Virginia,510,Eastern Virginia Medical School,CycleTrack crowdsourced MD acceptance median cGPA and MCAT,3.79,514.5,3,513,3.7,0,0.01,high,minor_conflict,cycletrack_context_only_minor_conflict,0.725,no_match,Not an official entering-class average; CycleTrack is crowdsourced applicant/outcome data.
cycletrack_acceptance_median:511,do_vcom_auburn_campus_edward_via_college_of_osteopathic_medicine_auburn_alabama,Edward Via College of Osteopathic Medicine,DO,cycletrack_acceptance_median,CycleTrack Explorer acceptance medians,https://cycletrack.org/explorer,https://cycletrack.org/explorer/school/Edward Via - Auburn,511,Edward Via College of Osteopathic Medicine (Auburn),CycleTrack crowdsourced DO acceptance median cGPA and MCAT,3.75,506.5,1,501,3.69,0,0,low,major_conflict,cycletrack_context_only_major_conflict,0.918,review,Not an official entering-class average; CycleTrack is crowdsourced applicant/outcome data.
cycletrack_acceptance_median:512,do_vcom_auburn_campus_edward_via_college_of_osteopathic_medicine_auburn_alabama,Edward Via College of Osteopathic Medicine,DO,cycletrack_acceptance_median,CycleTrack Explorer acceptance medians,https://cycletrack.org/explorer,https://cycletrack.org/explorer/school/Edward Via - Carolinas,512,Edward Via College of Osteopathic Medicine (Carolinas),CycleTrack crowdsourced DO acceptance median cGPA and MCAT,3.77,505,,,,,,review,single_source,cycletrack_context_only_single_source,0.886,review,Not an official entering-class average; CycleTrack is crowdsourced applicant/outcome data.
cycletrack_acceptance_median:513,do_vcom_louisiana_edward_via_college_of_osteopathic_medicine_louisiana_campus_monro,Edward Via College of Osteopathic Medicine-Louisiana Campus,DO,cycletrack_acceptance_median,CycleTrack Explorer acceptance medians,https://cycletrack.org/explorer,https://cycletrack.org/explorer/school/Edward Via - Louisiana,513,Edward Via College of Osteopathic Medicine (Louisiana),CycleTrack crowdsourced DO acceptance median cGPA and MCAT,3.85,507,,,,,,review,single_source,cycletrack_context_only_single_source,0.933,high_confidence,Not an official entering-class average; CycleTrack is crowdsourced applicant/outcome data.
cycletrack_acceptance_median:514,do_vcom_auburn_campus_edward_via_college_of_osteopathic_medicine_auburn_alabama,Edward Via College of Osteopathic Medicine,DO,cycletrack_acceptance_median,CycleTrack Explorer acceptance medians,https://cycletrack.org/explorer,https://cycletrack.org/explorer/school/Edward Via - Virginia,514,Edward Via College of Osteopathic Medicine (Virginia),CycleTrack crowdsourced DO acceptance median cGPA and MCAT,3.81,507,,,,,,review,single_source,cycletrack_context_only_single_source,0.897,review,Not an official entering-class average; CycleTrack is crowdsourced applicant/outcome data.
cycletrack_acceptance_median:515,md_emory_university_school_of_medicine_atlanta_georgia,Emory University School of Medicine,MD,cycletrack_acceptance_median,CycleTrack Explorer acceptance medians,https://cycletrack.org/explorer,https://cycletrack.org/explorer/school/Emory,515,Emory University,CycleTrack crowdsourced MD acceptance median cGPA and MCAT,3.88,517,,,,,,review,single_source,cycletrack_context_only_single_source,0.667,no_match,Not an official entering-class average; CycleTrack is crowdsourced applicant/outcome data.
cycletrack_acceptance_median:516,md_university_of_florida_college_of_medicine_gainesville_florida,University of Florida College of Medicine,MD,cycletrack_acceptance_median,CycleTrack Explorer acceptance medians,https://cycletrack.org/explorer,https://cycletrack.org/explorer/school/Florida,516,University of Florida,CycleTrack crowdsourced MD acceptance median cGPA and MCAT,3.9,517,,,,,,review,single_source,cycletrack_context_only_single_source,0.679,no_match,Not an official entering-class average; CycleTrack is crowdsourced applicant/outcome data.
cycletrack_acceptance_median:517,md_university_of_florida_college_of_medicine_gainesville_florida,University of Florida College of Medicine,MD,cycletrack_acceptance_median,CycleTrack Explorer acceptance medians,https://cycletrack.org/explorer,https://cycletrack.org/explorer/school/Florida Atlantic,517,Florida Atlantic University,CycleTrack crowdsourced MD acceptance median cGPA and MCAT,3.92,516,,,,,,review,single_source,cycletrack_context_only_single_source,0.645,no_match,Not an official entering-class average; CycleTrack is crowdsourced applicant/outcome data.
cycletrack_acceptance_median:518,md_university_of_florida_college_of_medicine_gainesville_florida,University of Florida College of Medicine,MD,cycletrack_acceptance_median,CycleTrack Explorer acceptance medians,https://cycletrack.org/explorer,https://cycletrack.org/explorer/school/Florida International,518,Florida International University,CycleTrack crowdsourced MD acceptance median cGPA and MCAT,3.9,514,,,,,,review,single_source,cycletrack_context_only_single_source,0.657,no_match,Not an official entering-class average; CycleTrack is crowdsourced applicant/outcome data.
cycletrack_acceptance_median:519,md_florida_state_university_college_of_medicine_tallahassee_florida,Florida State University College of Medicine,MD,cycletrack_acceptance_median,CycleTrack Explorer acceptance medians,https://cycletrack.org/explorer,https://cycletrack.org/explorer/school/Florida State,519,Florida State University,CycleTrack crowdsourced MD acceptance median cGPA and MCAT,3.9,510.5,,,,,,review,single_source,cycletrack_context_only_single_source,0.738,no_match,Not an official entering-class average; CycleTrack is crowdsourced applicant/outcome data.
cycletrack_acceptance_median:520,md_geisinger_commonwealth_school_of_medicine_scranton_pennsylvania,Geisinger Commonwealth School of Medicine,MD,cycletrack_acceptance_median,CycleTrack Explorer acceptance medians,https://cycletrack.org/explorer,https://cycletrack.org/explorer/school/Geisinger Commonwealth,520,Geisinger Commonwealth School of Medicine,CycleTrack crowdsourced MD acceptance median cGPA and MCAT,3.88,517,3,512.7,3.79,1.1,0.05,high,major_conflict,cycletrack_context_only_major_conflict,1,exact,Not an official entering-class average; CycleTrack is crowdsourced applicant/outcome data.
cycletrack_acceptance_median:521,md_university_of_washington_school_of_medicine_seattle_washington,University of Washington School of Medicine,MD,cycletrack_acceptance_median,CycleTrack Explorer acceptance medians,https://cycletrack.org/explorer,https://cycletrack.org/explorer/school/George Washington,521,George Washington University,CycleTrack crowdsourced MD acceptance median cGPA and MCAT,3.89,517,,,,,,review,single_source,cycletrack_context_only_single_source,0.738,no_match,Not an official entering-class average; CycleTrack is crowdsourced applicant/outcome data.
cycletrack_acceptance_median:522,md_georgetown_university_school_of_medicine_washington_district_of_columbia,Georgetown University School of Medicine,MD,cycletrack_acceptance_median,CycleTrack Explorer acceptance medians,https://cycletrack.org/explorer,https://cycletrack.org/explorer/school/Georgetown,522,Georgetown University,CycleTrack crowdsourced MD acceptance median cGPA and MCAT,3.92,518,,,,,,review,single_source,cycletrack_context_only_single_source,0.724,no_match,Not an official entering-class average; CycleTrack is crowdsourced applicant/outcome data.
cycletrack_acceptance_median:523,md_hackensack_meridian_school_of_medicine_nutley_new_jersey,Hackensack Meridian School of Medicine,MD,cycletrack_acceptance_median,CycleTrack Explorer acceptance medians,https://cycletrack.org/explorer,https://cycletrack.org/explorer/school/Hackensack Meridian,523,Hackensack Meridian School of Medicine,CycleTrack crowdsourced MD acceptance median cGPA and MCAT,3.89,516,1,514,3.8,0,0,low,minor_conflict,cycletrack_context_only_minor_conflict,1,exact,Not an official entering-class average; CycleTrack is crowdsourced applicant/outcome data.
cycletrack_acceptance_median:524,md_harvard_medical_school_boston_massachusetts,Harvard Medical School,MD,cycletrack_acceptance_median,CycleTrack Explorer acceptance medians,https://cycletrack.org/explorer,https://cycletrack.org/explorer/school/Harvard,524,Harvard Medical School,CycleTrack crowdsourced MD acceptance median cGPA and MCAT,3.98,521,3,520.3,3.91,0.5,0.04,high,minor_conflict,cycletrack_context_only_minor_conflict,1,exact,Not an official entering-class average; CycleTrack is crowdsourced applicant/outcome data.
cycletrack_acceptance_median:525,md_howard_university_college_of_medicine_washington_district_of_columbia,Howard University College of Medicine,MD,cycletrack_acceptance_median,CycleTrack Explorer acceptance medians,https://cycletrack.org/explorer,https://cycletrack.org/explorer/school/Hawaii,525,University of Hawaii,CycleTrack crowdsourced MD acceptance median cGPA and MCAT,3.95,516.5,,,,,,review,single_source,cycletrack_context_only_single_source,0.627,no_match,Not an official entering-class average; CycleTrack is crowdsourced applicant/outcome data.
cycletrack_acceptance_median:526,md_stanford_university_school_of_medicine_palo_alto_california,Stanford University School of Medicine,MD,cycletrack_acceptance_median,CycleTrack Explorer acceptance medians,https://cycletrack.org/explorer,https://cycletrack.org/explorer/school/Hofstra,526,Hofstra University,CycleTrack crowdsourced MD acceptance median cGPA and MCAT,3.95,520.5,,,,,,review,single_source,cycletrack_context_only_single_source,0.604,no_match,Not an official entering-class average; CycleTrack is crowdsourced applicant/outcome data.
cycletrack_acceptance_median:527,md_duke_university_school_of_medicine_durham_north_carolina,Duke University School of Medicine,MD,cycletrack_acceptance_median,CycleTrack Explorer acceptance medians,https://cycletrack.org/explorer,https://cycletrack.org/explorer/school/Houston,527,University of Houston,CycleTrack crowdsourced MD acceptance median cGPA and MCAT,3.95,514,,,,,,review,single_source,cycletrack_context_only_single_source,0.612,no_match,Not an official entering-class average; CycleTrack is crowdsourced applicant/outcome data.
cycletrack_acceptance_median:528,md_howard_university_college_of_medicine_washington_district_of_columbia,Howard University College of Medicine,MD,cycletrack_acceptance_median,CycleTrack Explorer acceptance medians,https://cycletrack.org/explorer,https://cycletrack.org/explorer/school/Howard,528,Howard University,CycleTrack crowdsourced MD acceptance median cGPA and MCAT,3.76,509.5,,,,,,review,single_source,cycletrack_context_only_single_source,0.667,no_match,Not an official entering-class average; CycleTrack is crowdsourced applicant/outcome data.
cycletrack_acceptance_median:529,do_icom_idaho_college_of_osteopathic_medicine_meridian_idaho,Idaho College of Osteopathic Medicine,DO,cycletrack_acceptance_median,CycleTrack Explorer acceptance medians,https://cycletrack.org/explorer,https://cycletrack.org/explorer/school/Idaho COM,529,Idaho College of Osteopathic Medicine,CycleTrack crowdsourced DO acceptance median cGPA and MCAT,3.73,509,1,503.8,3.53,0,0,low,major_conflict,cycletrack_context_only_major_conflict,1,exact,Not an official entering-class average; CycleTrack is crowdsourced applicant/outcome data.
cycletrack_acceptance_median:530,md_university_of_illinois_college_of_medicine_chicago_illinois,University of Illinois College of Medicine,MD,cycletrack_acceptance_median,CycleTrack Explorer acceptance medians,https://cycletrack.org/explorer,https://cycletrack.org/explorer/school/Illinois,530,University of Illinois,CycleTrack crowdsourced MD acceptance median cGPA and MCAT,3.82,512,,,,,,review,single_source,cycletrack_context_only_single_source,0.691,no_match,Not an official entering-class average; CycleTrack is crowdsourced applicant/outcome data.
cycletrack_acceptance_median:531,do_illinoiscom_illinois_college_of_osteopathic_medicine_chicago_illinois,Illinois College of Osteopathic Medicine,DO,cycletrack_acceptance_median,CycleTrack Explorer acceptance medians,https://cycletrack.org/explorer,https://cycletrack.org/explorer/school/Illinois COM,531,Illinois College of Osteopathic Medicine,CycleTrack crowdsourced DO acceptance median cGPA and MCAT,3.73,511,1,503.8,3.53,0,0,low,major_conflict,cycletrack_context_only_major_conflict,1,exact,Not an official entering-class average; CycleTrack is crowdsourced applicant/outcome data.
cycletrack_acceptance_median:532,do_uiwsom_university_of_the_incarnate_word_school_of_osteopathic_medicine_san_anton,University of the Incarnate Word School of Osteopathic Medicine,DO,cycletrack_acceptance_median,CycleTrack Explorer acceptance medians,https://cycletrack.org/explorer,https://cycletrack.org/explorer/school/Incarnate Word,532,University of the Incarnate Word,CycleTrack crowdsourced DO acceptance median cGPA and MCAT,3.8,507,,,,,,review,single_source,cycletrack_context_only_single_source,0.641,no_match,Not an official entering-class average; CycleTrack is crowdsourced applicant/outcome data.
cycletrack_acceptance_median:533,md_indiana_university_school_of_medicine_indianapolis_indiana,Indiana University School of Medicine,MD,cycletrack_acceptance_median,CycleTrack Explorer acceptance medians,https://cycletrack.org/explorer,https://cycletrack.org/explorer/school/Indiana,533,Indiana University,CycleTrack crowdsourced MD acceptance median cGPA and MCAT,3.95,519,,,,,,review,single_source,cycletrack_context_only_single_source,0.692,no_match,Not an official entering-class average; CycleTrack is crowdsourced applicant/outcome data.
cycletrack_acceptance_median:534,md_tulane_university_school_of_medicine_new_orleans_louisiana,Tulane University School of Medicine,MD,cycletrack_acceptance_median,CycleTrack Explorer acceptance medians,https://cycletrack.org/explorer,https://cycletrack.org/explorer/school/Iowa,534,University of Iowa,CycleTrack crowdsourced MD acceptance median cGPA and MCAT,3.92,519,,,,,,review,single_source,cycletrack_context_only_single_source,0.583,no_match,Not an official entering-class average; CycleTrack is crowdsourced applicant/outcome data.
cycletrack_acceptance_median:535,md_sidney_kimmel_medical_college_at_thomas_jefferson_university_philadelphia_pennsy,Sidney Kimmel Medical College at Thomas Jefferson University,MD,cycletrack_acceptance_median,CycleTrack Explorer acceptance medians,https://cycletrack.org/explorer,https://cycletrack.org/explorer/school/Jefferson,535,Thomas Jefferson University,CycleTrack crowdsourced MD acceptance median cGPA and MCAT,3.88,516,,,,,,review,single_source,cycletrack_context_only_single_source,0.643,no_match,Not an official entering-class average; CycleTrack is crowdsourced applicant/outcome data.
cycletrack_acceptance_median:536,md_johns_hopkins_university_school_of_medicine_baltimore_maryland,Johns Hopkins University School of Medicine,MD,cycletrack_acceptance_median,CycleTrack Explorer acceptance medians,https://cycletrack.org/explorer,https://cycletrack.org/explorer/school/Johns Hopkins,536,Johns Hopkins University,CycleTrack crowdsourced MD acceptance median cGPA and MCAT,3.97,522,,,,,,review,single_source,cycletrack_context_only_single_source,0.75,review,Not an official entering-class average; CycleTrack is crowdsourced applicant/outcome data.
cycletrack_acceptance_median:537,md_kaiser_permanente_bernard_j_tyson_school_of_medicine_pasadena_california,Kaiser Permanente Bernard J. Tyson School of Medicine,MD,cycletrack_acceptance_median,CycleTrack Explorer acceptance medians,https://cycletrack.org/explorer,https://cycletrack.org/explorer/school/Kaiser Permanente,537,Kaiser Permanente,CycleTrack crowdsourced MD acceptance median cGPA and MCAT,3.95,516,,,,,,review,single_source,cycletrack_context_only_single_source,0.515,no_match,Not an official entering-class average; CycleTrack is crowdsourced applicant/outcome data.
cycletrack_acceptance_median:538,md_university_of_kansas_school_of_medicine_kansas_city_kansas,University of Kansas School of Medicine,MD,cycletrack_acceptance_median,CycleTrack Explorer acceptance medians,https://cycletrack.org/explorer,https://cycletrack.org/explorer/school/Kansas,538,University of Kansas,CycleTrack crowdsourced MD acceptance median cGPA and MCAT,3.95,515,,,,,,review,single_source,cycletrack_context_only_single_source,0.68,no_match,Not an official entering-class average; CycleTrack is crowdsourced applicant/outcome data.
cycletrack_acceptance_median:539,do_arcom_arkansas_college_of_osteopathic_medicine_fort_smith_arkansas,Arkansas College of Osteopathic Medicine,DO,cycletrack_acceptance_median,CycleTrack Explorer acceptance medians,https://cycletrack.org/explorer,https://cycletrack.org/explorer/school/Kansas COM,539,Kansas College of Osteopathic Medicine,CycleTrack crowdsourced DO acceptance median cGPA and MCAT,3.58,504,1,501.5,3.37,0,0,low,major_conflict,cycletrack_context_only_major_conflict,0.972,high_confidence,Not an official entering-class average; CycleTrack is crowdsourced applicant/outcome data.
cycletrack_acceptance_median:540,md_university_of_missouri_kansas_city_school_of_medicine_kansas_city_missouri,University of Missouri-Kansas City School of Medicine,MD,cycletrack_acceptance_median,CycleTrack Explorer acceptance medians,https://cycletrack.org/explorer,https://cycletrack.org/explorer/school/Kansas City University COM,540,Kansas City University,CycleTrack crowdsourced DO acceptance median cGPA and MCAT,3.8,509,,,,,,review,single_source,cycletrack_context_only_single_source,0.638,no_match,Not an official entering-class average; CycleTrack is crowdsourced applicant/outcome data.
cycletrack_acceptance_median:541,md_university_of_kentucky_college_of_medicine_lexington_kentucky,University of Kentucky College of Medicine,MD,cycletrack_acceptance_median,CycleTrack Explorer acceptance medians,https://cycletrack.org/explorer,https://cycletrack.org/explorer/school/Kentucky,541,University of Kentucky,CycleTrack crowdsourced MD acceptance median cGPA and MCAT,3.93,514,,,,,,review,single_source,cycletrack_context_only_single_source,0.691,no_match,Not an official entering-class average; CycleTrack is crowdsourced applicant/outcome data.
cycletrack_acceptance_median:542,do_tourocom_harlem_touro_college_of_osteopathic_medicine_new_york_new_york,Touro College of Osteopathic Medicine,DO,cycletrack_acceptance_median,CycleTrack Explorer acceptance medians,https://cycletrack.org/explorer,https://cycletrack.org/explorer/school/Kentucky COM,542,Kentucky College of Osteopathic Medicine,CycleTrack crowdsourced DO acceptance median cGPA and MCAT,3.61,504,,,,,,review,single_source,cycletrack_context_only_single_source,0.873,review,Not an official entering-class average; CycleTrack is crowdsourced applicant/outcome data.
cycletrack_acceptance_median:543,md_louisiana_state_university_school_of_medicine_in_shreveport_shreveport_louisiana,Louisiana State University School of Medicine in Shreveport,MD,cycletrack_acceptance_median,CycleTrack Explorer acceptance medians,https://cycletrack.org/explorer,https://cycletrack.org/explorer/school/LSU - New Orleans,543,Louisiana State University (New Orleans),CycleTrack crowdsourced MD acceptance median cGPA and MCAT,3.9,515,,,,,,review,single_source,cycletrack_context_only_single_source,0.681,no_match,Not an official entering-class average; CycleTrack is crowdsourced applicant/outcome data.
cycletrack_acceptance_median:544,md_louisiana_state_university_school_of_medicine_in_shreveport_shreveport_louisiana,Louisiana State University School of Medicine in Shreveport,MD,cycletrack_acceptance_median,CycleTrack Explorer acceptance medians,https://cycletrack.org/explorer,https://cycletrack.org/explorer/school/LSU - Shreveport,544,Louisiana State University (Shreveport),CycleTrack crowdsourced MD acceptance median cGPA and MCAT,3.94,510.5,,,,,,review,single_source,cycletrack_context_only_single_source,0.796,review,Not an official entering-class average; CycleTrack is crowdsourced applicant/outcome data.
cycletrack_acceptance_median:545,do_lecom_lake_erie_college_of_osteopathic_medicine_erie_erie_pennsylvania,Lake Erie College of Osteopathic Medicine – Erie,DO,cycletrack_acceptance_median,CycleTrack Explorer acceptance medians,https://cycletrack.org/explorer,https://cycletrack.org/explorer/school/Lake Erie,545,Lake Erie College of Osteopathic Medicine (Erie),CycleTrack crowdsourced DO acceptance median cGPA and MCAT,3.79,509,1,503,3.41,0,0,low,major_conflict,cycletrack_context_only_major_conflict,1,exact,Not an official entering-class average; CycleTrack is crowdsourced applicant/outcome data.
cycletrack_acceptance_median:546,do_lecom_bradenton_lake_erie_college_of_osteopathic_medicine_bradenton_bradenton_fl,Lake Erie College of Osteopathic Medicine – Bradenton,DO,cycletrack_acceptance_median,CycleTrack Explorer acceptance medians,https://cycletrack.org/explorer,https://cycletrack.org/explorer/school/Lake Erie - Bradenton,546,Lake Erie College of Osteopathic Medicine (Bradenton),CycleTrack crowdsourced DO acceptance median cGPA and MCAT,3.87,509,1,502,3.71,0,0,low,major_conflict,cycletrack_context_only_major_conflict,1,exact,Not an official entering-class average; CycleTrack is crowdsourced applicant/outcome data.
cycletrack_acceptance_median:547,md_roseman_university_college_of_medicine_las_vegas_nevada,Roseman University College of Medicine,MD,cycletrack_acceptance_median,CycleTrack Explorer acceptance medians,https://cycletrack.org/explorer,https://cycletrack.org/explorer/school/Liberty,547,Liberty University,CycleTrack crowdsourced DO acceptance median cGPA and MCAT,3.79,504,,,,,,review,single_source,cycletrack_context_only_single_source,0.566,no_match,Not an official entering-class average; CycleTrack is crowdsourced applicant/outcome data.
cycletrack_acceptance_median:548,md_rush_medical_college_of_rush_university_medical_center_chicago_illinois,Rush Medical College of Rush University Medical Center,MD,cycletrack_acceptance_median,CycleTrack Explorer acceptance medians,https://cycletrack.org/explorer,https://cycletrack.org/explorer/school/Lincoln Memorial,548,Lincoln Memorial University,CycleTrack crowdsourced DO acceptance median cGPA and MCAT,3.71,504,,,,,,review,single_source,cycletrack_context_only_single_source,0.646,no_match,Not an official entering-class average; CycleTrack is crowdsourced applicant/outcome data.
cycletrack_acceptance_median:549,md_loma_linda_university_school_of_medicine_loma_linda_california,Loma Linda University School of Medicine,MD,cycletrack_acceptance_median,CycleTrack Explorer acceptance medians,https://cycletrack.org/explorer,https://cycletrack.org/explorer/school/Loma Linda,549,Loma Linda University,CycleTrack crowdsourced MD acceptance median cGPA and MCAT,3.9,516,,,,,,review,single_source,cycletrack_context_only_single_source,0.724,no_match,Not an official entering-class average; CycleTrack is crowdsourced applicant/outcome data.
cycletrack_acceptance_median:550,md_university_of_louisville_school_of_medicine_louisville_kentucky,University of Louisville School of Medicine,MD,cycletrack_acceptance_median,CycleTrack Explorer acceptance medians,https://cycletrack.org/explorer,https://cycletrack.org/explorer/school/Louisville,550,University of Louisville,CycleTrack crowdsourced MD acceptance median cGPA and MCAT,3.84,514,,,,,,review,single_source,cycletrack_context_only_single_source,0.724,no_match,Not an official entering-class average; CycleTrack is crowdsourced applicant/outcome data.
cycletrack_acceptance_median:551,md_emory_university_school_of_medicine_atlanta_georgia,Emory University School of Medicine,MD,cycletrack_acceptance_median,CycleTrack Explorer acceptance medians,https://cycletrack.org/explorer,https://cycletrack.org/explorer/school/Loyola,551,Loyola University,CycleTrack crowdsourced MD acceptance median cGPA and MCAT,3.86,514,,,,,,review,single_source,cycletrack_context_only_single_source,0.612,no_match,Not an official entering-class average; CycleTrack is crowdsourced applicant/outcome data.
cycletrack_acceptance_median:552,md_university_of_michigan_medical_school_ann_arbor_michigan,University of Michigan Medical School,MD,cycletrack_acceptance_median,CycleTrack Explorer acceptance medians,https://cycletrack.org/explorer,https://cycletrack.org/explorer/school/Marian,552,Marian University,CycleTrack crowdsourced DO acceptance median cGPA and MCAT,3.86,506,,,,,,review,single_source,cycletrack_context_only_single_source,0.627,no_match,Not an official entering-class average; CycleTrack is crowdsourced applicant/outcome data.
cycletrack_acceptance_median:553,md_university_of_maryland_school_of_medicine_baltimore_maryland,University of Maryland School of Medicine,MD,cycletrack_acceptance_median,CycleTrack Explorer acceptance medians,https://cycletrack.org/explorer,https://cycletrack.org/explorer/school/Marshall,553,Marshall University,CycleTrack crowdsourced MD acceptance median cGPA and MCAT,3.92,515,,,,,,review,single_source,cycletrack_context_only_single_source,0.63,no_match,Not an official entering-class average; CycleTrack is crowdsourced applicant/outcome data.
cycletrack_acceptance_median:554,md_university_of_maryland_school_of_medicine_baltimore_maryland,University of Maryland School of Medicine,MD,cycletrack_acceptance_median,CycleTrack Explorer acceptance medians,https://cycletrack.org/explorer,https://cycletrack.org/explorer/school/Maryland,554,University of Maryland,CycleTrack crowdsourced MD acceptance median cGPA and MCAT,3.92,516.5,,,,,,review,single_source,cycletrack_context_only_single_source,0.704,no_match,Not an official entering-class average; CycleTrack is crowdsourced applicant/outcome data.
cycletrack_acceptance_median:555,md_university_of_massachusetts_t_h_chan_school_of_medicine_worcester_massachusetts,University of Massachusetts T.H. Chan School of Medicine,MD,cycletrack_acceptance_median,CycleTrack Explorer acceptance medians,https://cycletrack.org/explorer,https://cycletrack.org/explorer/school/Massachussetts,555,University of Massachusetts,CycleTrack crowdsourced MD acceptance median cGPA and MCAT,3.85,515,,,,,,review,single_source,cycletrack_context_only_single_source,0.658,no_match,Not an official entering-class average; CycleTrack is crowdsourced applicant/outcome data.
cycletrack_acceptance_median:556,md_mayo_clinic_alix_school_of_medicine_rochester_minnesota,Mayo Clinic Alix School of Medicine,MD,cycletrack_acceptance_median,CycleTrack Explorer acceptance medians,https://cycletrack.org/explorer,https://cycletrack.org/explorer/school/Mayo,556,Mayo Clinic,CycleTrack crowdsourced MD acceptance median cGPA and MCAT,3.95,522,,,,,,review,single_source,cycletrack_context_only_single_source,0.512,no_match,Not an official entering-class average; CycleTrack is crowdsourced applicant/outcome data.
cycletrack_acceptance_median:557,md_medical_college_of_wisconsin_milwaukee_wisconsin,Medical College of Wisconsin,MD,cycletrack_acceptance_median,CycleTrack Explorer acceptance medians,https://cycletrack.org/explorer,https://cycletrack.org/explorer/school/Medical College of Georgia,557,Medical College of Georgia,CycleTrack crowdsourced MD acceptance median cGPA and MCAT,3.89,516,,,,,,review,single_source,cycletrack_context_only_single_source,0.75,review,Not an official entering-class average; CycleTrack is crowdsourced applicant/outcome data.
cycletrack_acceptance_median:558,md_medical_college_of_wisconsin_milwaukee_wisconsin,Medical College of Wisconsin,MD,cycletrack_acceptance_median,CycleTrack Explorer acceptance medians,https://cycletrack.org/explorer,https://cycletrack.org/explorer/school/Medical College of Wisconsin,558,Medical College of Wisconsin,CycleTrack crowdsourced MD acceptance median cGPA and MCAT,3.86,514,2,509.5,3.71,3,0.03,medium,major_conflict,cycletrack_context_only_major_conflict,1,exact,Not an official entering-class average; CycleTrack is crowdsourced applicant/outcome data.
cycletrack_acceptance_median:559,md_medical_university_of_south_carolina_college_of_medicine_charleston_south_caroli,Medical University of South Carolina College of Medicine,MD,cycletrack_acceptance_median,CycleTrack Explorer acceptance medians,https://cycletrack.org/explorer,https://cycletrack.org/explorer/school/Medical University of South Carolina,559,Medical University of South Carolina,CycleTrack crowdsourced MD acceptance median cGPA and MCAT,3.85,517,3,513.1,3.79,6,0.15,low,major_conflict,cycletrack_context_only_major_conflict,0.795,review,Not an official entering-class average; CycleTrack is crowdsourced applicant/outcome data.
cycletrack_acceptance_median:560,md_albany_medical_college_albany_new_york,Albany Medical College,MD,cycletrack_acceptance_median,CycleTrack Explorer acceptance medians,https://cycletrack.org/explorer,https://cycletrack.org/explorer/school/Meharry,560,Meharry Medical College,CycleTrack crowdsourced MD acceptance median cGPA and MCAT,3.72,511,,,,,,review,single_source,cycletrack_context_only_single_source,0.8,review,Not an official entering-class average; CycleTrack is crowdsourced applicant/outcome data.
cycletrack_acceptance_median:561,md_mercer_university_school_of_medicine_macon_georgia,Mercer University School of Medicine,MD,cycletrack_acceptance_median,CycleTrack Explorer acceptance medians,https://cycletrack.org/explorer,https://cycletrack.org/explorer/school/Mercer,561,Mercer University,CycleTrack crowdsourced MD acceptance median cGPA and MCAT,3.83,511,,,,,,review,single_source,cycletrack_context_only_single_source,0.68,no_match,Not an official entering-class average; CycleTrack is crowdsourced applicant/outcome data.
cycletrack_acceptance_median:562,do_msom_meritus_school_of_osteopathic_medicine_hagerstown_maryland,Meritus School of Osteopathic Medicine,DO,cycletrack_acceptance_median,CycleTrack Explorer acceptance medians,https://cycletrack.org/explorer,https://cycletrack.org/explorer/school/Meritus SOM,562,Meritus School of Osteopathic Medicine,CycleTrack crowdsourced DO acceptance median cGPA and MCAT,3.69,506,,,,,,review,single_source,cycletrack_context_only_single_source,1,exact,Not an official entering-class average; CycleTrack is crowdsourced applicant/outcome data.
cycletrack_acceptance_median:563,md_stanford_university_school_of_medicine_palo_alto_california,Stanford University School of Medicine,MD,cycletrack_acceptance_median,CycleTrack Explorer acceptance medians,https://cycletrack.org/explorer,https://cycletrack.org/explorer/school/Methodist University,563,Methodist University,CycleTrack crowdsourced MD acceptance median cGPA and MCAT,3.82,512,,,,,,review,single_source,cycletrack_context_only_single_source,0.618,no_match,Not an official entering-class average; CycleTrack is crowdsourced applicant/outcome data.
cycletrack_acceptance_median:564,md_university_of_michigan_medical_school_ann_arbor_michigan,University of Michigan Medical School,MD,cycletrack_acceptance_median,CycleTrack Explorer acceptance medians,https://cycletrack.org/explorer,https://cycletrack.org/explorer/school/Miami,564,University of Miami,CycleTrack crowdsourced MD acceptance median cGPA and MCAT,3.91,517,,,,,,review,single_source,cycletrack_context_only_single_source,0.64,no_match,Not an official entering-class average; CycleTrack is crowdsourced applicant/outcome data.
cycletrack_acceptance_median:565,md_university_of_michigan_medical_school_ann_arbor_michigan,University of Michigan Medical School,MD,cycletrack_acceptance_median,CycleTrack Explorer acceptance medians,https://cycletrack.org/explorer,https://cycletrack.org/explorer/school/Michigan,565,University of Michigan,CycleTrack crowdsourced MD acceptance median cGPA and MCAT,3.94,520,,,,,,review,single_source,cycletrack_context_only_single_source,0.717,no_match,Not an official entering-class average; CycleTrack is crowdsourced applicant/outcome data.
cycletrack_acceptance_median:566,md_university_of_michigan_medical_school_ann_arbor_michigan,University of Michigan Medical School,MD,cycletrack_acceptance_median,CycleTrack Explorer acceptance medians,https://cycletrack.org/explorer,https://cycletrack.org/explorer/school/Michigan State,566,Michigan State University,CycleTrack crowdsourced MD acceptance median cGPA and MCAT,3.83,512,,,,,,review,single_source,cycletrack_context_only_single_source,0.712,no_match,Not an official entering-class average; CycleTrack is crowdsourced applicant/outcome data.
cycletrack_acceptance_median:567,md_university_of_michigan_medical_school_ann_arbor_michigan,University of Michigan Medical School,MD,cycletrack_acceptance_median,CycleTrack Explorer acceptance medians,https://cycletrack.org/explorer,https://cycletrack.org/explorer/school/Michigan State COM,567,Michigan State University,CycleTrack crowdsourced DO acceptance median cGPA and MCAT,3.77,510,,,,,,review,single_source,cycletrack_context_only_single_source,0.712,no_match,Not an official entering-class average; CycleTrack is crowdsourced applicant/outcome data.
cycletrack_acceptance_median:568,do_arcom_arkansas_college_of_osteopathic_medicine_fort_smith_arkansas,Arkansas College of Osteopathic Medicine,DO,cycletrack_acceptance_median,CycleTrack Explorer acceptance medians,https://cycletrack.org/explorer,https://cycletrack.org/explorer/school/Midwestern - Arizona,568,Arizona College of Osteopathic Medicine,CycleTrack crowdsourced DO acceptance median cGPA and MCAT,3.77,511,1,503.8,3.53,0,0,low,major_conflict,cycletrack_context_only_major_conflict,0.904,review,Not an official entering-class average; CycleTrack is crowdsourced applicant/outcome data.
cycletrack_acceptance_median:569,md_tulane_university_school_of_medicine_new_orleans_louisiana,Tulane University School of Medicine,MD,cycletrack_acceptance_median,CycleTrack Explorer acceptance medians,https://cycletrack.org/explorer,https://cycletrack.org/explorer/school/Midwestern - Chicago,569,Midwestern University,CycleTrack crowdsourced DO acceptance median cGPA and MCAT,3.8,512,,,,,,review,single_source,cycletrack_context_only_single_source,0.63,no_match,Not an official entering-class average; CycleTrack is crowdsourced applicant/outcome data.
cycletrack_acceptance_median:570,md_university_of_minnesota_medical_school_minneapolis_minnesota,University of Minnesota Medical School,MD,cycletrack_acceptance_median,CycleTrack Explorer acceptance medians,https://cycletrack.org/explorer,https://cycletrack.org/explorer/school/Minnesota,570,University of Minnesota,CycleTrack crowdsourced MD acceptance median cGPA and MCAT,3.87,515,,,,,,review,single_source,cycletrack_context_only_single_source,0.727,no_match,Not an official entering-class average; CycleTrack is crowdsourced applicant/outcome data.
cycletrack_acceptance_median:571,md_university_of_mississippi_school_of_medicine_jackson_mississippi,University of Mississippi School of Medicine,MD,cycletrack_acceptance_median,CycleTrack Explorer acceptance medians,https://cycletrack.org/explorer,https://cycletrack.org/explorer/school/Mississippi,571,University of Mississippi,CycleTrack crowdsourced MD acceptance median cGPA and MCAT,3.95,520.5,,,,,,review,single_source,cycletrack_context_only_single_source,0.733,no_match,Not an official entering-class average; CycleTrack is crowdsourced applicant/outcome data.
cycletrack_acceptance_median:572,md_university_of_missouri_columbia_school_of_medicine_columbia_missouri,University of Missouri-Columbia School of Medicine,MD,cycletrack_acceptance_median,CycleTrack Explorer acceptance medians,https://cycletrack.org/explorer,https://cycletrack.org/explorer/school/Missouri - Columbia,572,University of Missouri (Columbia),CycleTrack crowdsourced MD acceptance median cGPA and MCAT,3.91,518,,,,,,review,single_source,cycletrack_context_only_single_source,0.778,review,Not an official entering-class average; CycleTrack is crowdsourced applicant/outcome data.
cycletrack_acceptance_median:573,md_university_of_missouri_kansas_city_school_of_medicine_kansas_city_missouri,University of Missouri-Kansas City School of Medicine,MD,cycletrack_acceptance_median,CycleTrack Explorer acceptance medians,https://cycletrack.org/explorer,https://cycletrack.org/explorer/school/Missouri - Kansas City,573,University of Missouri (Kansas City),CycleTrack crowdsourced MD acceptance median cGPA and MCAT,3.9,515,,,,,,review,single_source,cycletrack_context_only_single_source,0.795,review,Not an official entering-class average; CycleTrack is crowdsourced applicant/outcome data.
cycletrack_acceptance_median:574,md_morehouse_school_of_medicine_atlanta_georgia,Morehouse School of Medicine,MD,cycletrack_acceptance_median,CycleTrack Explorer acceptance medians,https://cycletrack.org/explorer,https://cycletrack.org/explorer/school/Morehouse,574,Morehouse School of Medicine,CycleTrack crowdsourced MD acceptance median cGPA and MCAT,3.78,511.5,3,504.6,3.64,1.6,0.01,high,major_conflict,cycletrack_context_only_major_conflict,1,exact,Not an official entering-class average; CycleTrack is crowdsourced applicant/outcome data.
cycletrack_acceptance_median:575,md_cuny_school_of_medicine_new_york_new_york,CUNY School of Medicine,MD,cycletrack_acceptance_median,CycleTrack Explorer acceptance medians,https://cycletrack.org/explorer,https://cycletrack.org/explorer/school/Mount Sinai,575,Icahn School of Medicine,CycleTrack crowdsourced MD acceptance median cGPA and MCAT,3.93,521,3,521,3.94,0,0.01,high,minor_conflict,cycletrack_context_only_minor_conflict,0.878,review,Not an official entering-class average; CycleTrack is crowdsourced applicant/outcome data.
cycletrack_acceptance_median:576,md_university_of_nebraska_college_of_medicine_omaha_nebraska,University of Nebraska College of Medicine,MD,cycletrack_acceptance_median,CycleTrack Explorer acceptance medians,https://cycletrack.org/explorer,https://cycletrack.org/explorer/school/Nebraska,576,University of Nebraska,CycleTrack crowdsourced MD acceptance median cGPA and MCAT,3.9,515,,,,,,review,single_source,cycletrack_context_only_single_source,0.691,no_match,Not an official entering-class average; CycleTrack is crowdsourced applicant/outcome data.
cycletrack_acceptance_median:577,md_university_of_nevada_reno_school_of_medicine_reno_nevada,"University of Nevada, Reno School of Medicine",MD,cycletrack_acceptance_median,CycleTrack Explorer acceptance medians,https://cycletrack.org/explorer,https://cycletrack.org/explorer/school/Nevada Reno,577,University of Nevada,CycleTrack crowdsourced MD acceptance median cGPA and MCAT,3.84,514.5,,,,,,review,single_source,cycletrack_context_only_single_source,0.618,no_match,Not an official entering-class average; CycleTrack is crowdsourced applicant/outcome data.
cycletrack_acceptance_median:578,md_howard_university_college_of_medicine_washington_district_of_columbia,Howard University College of Medicine,MD,cycletrack_acceptance_median,CycleTrack Explorer acceptance medians,https://cycletrack.org/explorer,https://cycletrack.org/explorer/school/New England,578,University of New England,CycleTrack crowdsourced DO acceptance median cGPA and MCAT,3.71,507,,,,,,review,single_source,cycletrack_context_only_single_source,0.643,no_match,Not an official entering-class average; CycleTrack is crowdsourced applicant/outcome data.
cycletrack_acceptance_median:579,md_university_of_new_mexico_school_of_medicine_albuquerque_new_mexico,University of New Mexico School of Medicine,MD,cycletrack_acceptance_median,CycleTrack Explorer acceptance medians,https://cycletrack.org/explorer,https://cycletrack.org/explorer/school/New Mexico,579,University of New Mexico,CycleTrack crowdsourced MD acceptance median cGPA and MCAT,3.8,512,,,,,,review,single_source,cycletrack_context_only_single_source,0.724,no_match,Not an official entering-class average; CycleTrack is crowdsourced applicant/outcome data.
cycletrack_acceptance_median:580,do_nyitcom_new_york_institute_of_technology_college_of_osteopathic_medicine_old_wes,New York Institute of Technology College of Osteopathic Medicine,DO,cycletrack_acceptance_median,CycleTrack Explorer acceptance medians,https://cycletrack.org/explorer,https://cycletrack.org/explorer/school/New York Institute of Technology,580,New York Institute of Technology,CycleTrack crowdsourced DO acceptance median cGPA and MCAT,3.78,509,,,,,,review,single_source,cycletrack_context_only_single_source,0.667,no_match,Not an official entering-class average; CycleTrack is crowdsourced applicant/outcome data.
cycletrack_acceptance_median:581,md_new_york_medical_college_valhalla_new_york,New York Medical College,MD,cycletrack_acceptance_median,CycleTrack Explorer acceptance medians,https://cycletrack.org/explorer,https://cycletrack.org/explorer/school/New York Medical College,581,New York Medical College,CycleTrack crowdsourced MD acceptance median cGPA and MCAT,3.9,518,3,514.7,3.68,3,0.13,medium,major_conflict,cycletrack_context_only_major_conflict,1,exact,Not an official entering-class average; CycleTrack is crowdsourced applicant/outcome data.
cycletrack_acceptance_median:582,md_nyu_grossman_school_of_medicine_new_york_new_york,NYU Grossman School of Medicine,MD,cycletrack_acceptance_median,CycleTrack Explorer acceptance medians,https://cycletrack.org/explorer,https://cycletrack.org/explorer/school/New York University - Grossman,582,NYU Grossman,CycleTrack crowdsourced MD acceptance median cGPA and MCAT,3.97,523,,,,,,review,single_source,cycletrack_context_only_single_source,0.6,no_match,Not an official entering-class average; CycleTrack is crowdsourced applicant/outcome data.
cycletrack_acceptance_median:583,do_noordacom_noorda_college_of_osteopathic_medicine_provo_utah,Noorda College of Osteopathic Medicine,DO,cycletrack_acceptance_median,CycleTrack Explorer acceptance medians,https://cycletrack.org/explorer,https://cycletrack.org/explorer/school/Noorda,583,Noorda College of Osteopathic Medicine,CycleTrack crowdsourced DO acceptance median cGPA and MCAT,3.65,503.5,1,503.8,3.53,0,0,low,major_conflict,cycletrack_context_only_major_conflict,1,exact,Not an official entering-class average; CycleTrack is crowdsourced applicant/outcome data.
cycletrack_acceptance_median:584,md_university_of_north_carolina_school_of_medicine_chapel_hill_north_carolina,University of North Carolina School of Medicine,MD,cycletrack_acceptance_median,CycleTrack Explorer acceptance medians,https://cycletrack.org/explorer,https://cycletrack.org/explorer/school/North Carolina,584,University of North Carolina Chapel Hill,CycleTrack crowdsourced MD acceptance median cGPA and MCAT,3.9,517,,,,,,review,single_source,cycletrack_context_only_single_source,0.795,review,Not an official entering-class average; CycleTrack is crowdsourced applicant/outcome data.
cycletrack_acceptance_median:585,md_university_of_south_dakota_sanford_school_of_medicine_vermillion_south_dakota,University of South Dakota Sanford School of Medicine,MD,cycletrack_acceptance_median,CycleTrack Explorer acceptance medians,https://cycletrack.org/explorer,https://cycletrack.org/explorer/school/North Dakota,585,University of North Dakota,CycleTrack crowdsourced MD acceptance median cGPA and MCAT,3.87,511,,,,,,review,single_source,cycletrack_context_only_single_source,0.657,no_match,Not an official entering-class average; CycleTrack is crowdsourced applicant/outcome data.
cycletrack_acceptance_median:586,do_icom_idaho_college_of_osteopathic_medicine_meridian_idaho,Idaho College of Osteopathic Medicine,DO,cycletrack_acceptance_median,CycleTrack Explorer acceptance medians,https://cycletrack.org/explorer,https://cycletrack.org/explorer/school/North Texas,586,Texas College of Osteopathic Medicine,CycleTrack crowdsourced DO acceptance median cGPA and MCAT,3.9,512,1,503.8,3.53,0,0,low,major_conflict,cycletrack_context_only_major_conflict,0.882,review,Not an official entering-class average; CycleTrack is crowdsourced applicant/outcome data.
cycletrack_acceptance_median:587,md_northeast_ohio_medical_university_college_of_medicine_rootstown_ohio,Northeast Ohio Medical University College of Medicine,MD,cycletrack_acceptance_median,CycleTrack Explorer acceptance medians,https://cycletrack.org/explorer,https://cycletrack.org/explorer/school/Northeast Ohio,587,Northeast Ohio Medical University,CycleTrack crowdsourced MD acceptance median cGPA and MCAT,3.84,515,3,509.7,3.75,4,0.01,medium,major_conflict,cycletrack_context_only_major_conflict,0.795,review,Not an official entering-class average; CycleTrack is crowdsourced applicant/outcome data.
cycletrack_acceptance_median:588,md_northwestern_university_feinberg_school_of_medicine_chicago_illinois,Northwestern University Feinberg School of Medicine,MD,cycletrack_acceptance_median,CycleTrack Explorer acceptance medians,https://cycletrack.org/explorer,https://cycletrack.org/explorer/school/Northwestern,588,Northwestern University,CycleTrack crowdsourced MD acceptance median cGPA and MCAT,3.95,521,,,,,,review,single_source,cycletrack_context_only_single_source,0.648,no_match,Not an official entering-class average; CycleTrack is crowdsourced applicant/outcome data.
cycletrack_acceptance_median:589,md_the_university_of_texas_at_tyler_school_of_medicine_tyler_texas,The University of Texas at Tyler School of Medicine,MD,cycletrack_acceptance_median,CycleTrack Explorer acceptance medians,https://cycletrack.org/explorer,https://cycletrack.org/explorer/school/Nova Southeastern,589,Nova Southeastern University,CycleTrack crowdsourced MD acceptance median cGPA and MCAT,3.76,512,,,,,,review,single_source,cycletrack_context_only_single_source,0.667,no_match,Not an official entering-class average; CycleTrack is crowdsourced applicant/outcome data.
cycletrack_acceptance_median:590,md_the_university_of_texas_at_tyler_school_of_medicine_tyler_texas,The University of Texas at Tyler School of Medicine,MD,cycletrack_acceptance_median,CycleTrack Explorer acceptance medians,https://cycletrack.org/explorer,https://cycletrack.org/explorer/school/Nova Southeastern COM,590,Nova Southeastern University,CycleTrack crowdsourced DO acceptance median cGPA and MCAT,3.72,507,,,,,,review,single_source,cycletrack_context_only_single_source,0.667,no_match,Not an official entering-class average; CycleTrack is crowdsourced applicant/outcome data.
cycletrack_acceptance_median:591,md_stanford_university_school_of_medicine_palo_alto_california,Stanford University School of Medicine,MD,cycletrack_acceptance_median,CycleTrack Explorer acceptance medians,https://cycletrack.org/explorer,https://cycletrack.org/explorer/school/Oakland,591,Oakland University,CycleTrack crowdsourced MD acceptance median cGPA and MCAT,3.93,513.5,,,,,,review,single_source,cycletrack_context_only_single_source,0.604,no_match,Not an official entering-class average; CycleTrack is crowdsourced applicant/outcome data.
cycletrack_acceptance_median:592,md_the_ohio_state_university_college_of_medicine_columbus_ohio,The Ohio State University College of Medicine,MD,cycletrack_acceptance_median,CycleTrack Explorer acceptance medians,https://cycletrack.org/explorer,https://cycletrack.org/explorer/school/Ohio State,592,Ohio State University,CycleTrack crowdsourced MD acceptance median cGPA and MCAT,3.92,518,,,,,,review,single_source,cycletrack_context_only_single_source,0.712,no_match,Not an official entering-class average; CycleTrack is crowdsourced applicant/outcome data.
cycletrack_acceptance_median:593,md_emory_university_school_of_medicine_atlanta_georgia,Emory University School of Medicine,MD,cycletrack_acceptance_median,CycleTrack Explorer acceptance medians,https://cycletrack.org/explorer,https://cycletrack.org/explorer/school/Ohio University,593,Ohio University,CycleTrack crowdsourced DO acceptance median cGPA and MCAT,3.79,510,,,,,,review,single_source,cycletrack_context_only_single_source,0.596,no_match,Not an official entering-class average; CycleTrack is crowdsourced applicant/outcome data.
cycletrack_acceptance_median:594,md_university_of_oklahoma_college_of_medicine_oklahoma_city_oklahoma,University of Oklahoma College of Medicine,MD,cycletrack_acceptance_median,CycleTrack Explorer acceptance medians,https://cycletrack.org/explorer,https://cycletrack.org/explorer/school/Oklahoma,594,University of Oklahoma,CycleTrack crowdsourced MD acceptance median cGPA and MCAT,3.9,516,,,,,,review,single_source,cycletrack_context_only_single_source,0.691,no_match,Not an official entering-class average; CycleTrack is crowdsourced applicant/outcome data.
cycletrack_acceptance_median:595,md_the_ohio_state_university_college_of_medicine_columbus_ohio,The Ohio State University College of Medicine,MD,cycletrack_acceptance_median,CycleTrack Explorer acceptance medians,https://cycletrack.org/explorer,https://cycletrack.org/explorer/school/Oklahoma State,595,Oklahoma State University,CycleTrack crowdsourced DO acceptance median cGPA and MCAT,3.93,506,,,,,,review,single_source,cycletrack_context_only_single_source,0.667,no_match,Not an official entering-class average; CycleTrack is crowdsourced applicant/outcome data.
cycletrack_acceptance_median:596,md_oregon_health_and_science_university_school_of_medicine_portland_oregon,Oregon Health & Science University School of Medicine,MD,cycletrack_acceptance_median,CycleTrack Explorer acceptance medians,https://cycletrack.org/explorer,https://cycletrack.org/explorer/school/Oregon Health and Science,596,Oregon Health & Science University,CycleTrack crowdsourced MD acceptance median cGPA and MCAT,3.8,515,,,,,,review,single_source,cycletrack_context_only_single_source,0.8,review,Not an official entering-class average; CycleTrack is crowdsourced applicant/outcome data.
cycletrack_acceptance_median:597,do_ocom_orlando_college_of_osteopathic_medicine_celebration_florida,Orlando College of Osteopathic Medicine,DO,cycletrack_acceptance_median,CycleTrack Explorer acceptance medians,https://cycletrack.org/explorer,https://cycletrack.org/explorer/school/Orlando COM,597,Orlando College of Osteopathic Medicine,CycleTrack crowdsourced DO acceptance median cGPA and MCAT,3.71,506,1,503.8,3.53,0,0,low,major_conflict,cycletrack_context_only_major_conflict,1,exact,Not an official entering-class average; CycleTrack is crowdsourced applicant/outcome data.
cycletrack_acceptance_median:598,md_wake_forest_university_school_of_medicine_winston_salem_north_carolina,Wake Forest University School of Medicine,MD,cycletrack_acceptance_median,CycleTrack Explorer acceptance medians,https://cycletrack.org/explorer,https://cycletrack.org/explorer/school/Pacific Northwest,598,Pacific Northwest University,CycleTrack crowdsourced DO acceptance median cGPA and MCAT,3.68,507,,,,,,review,single_source,cycletrack_context_only_single_source,0.606,no_match,Not an official entering-class average; CycleTrack is crowdsourced applicant/outcome data.
cycletrack_acceptance_median:599,md_wayne_state_university_school_of_medicine_detroit_michigan,Wayne State University School of Medicine,MD,cycletrack_acceptance_median,CycleTrack Explorer acceptance medians,https://cycletrack.org/explorer,https://cycletrack.org/explorer/school/Penn State,599,Pennsylvania State University,CycleTrack crowdsourced MD acceptance median cGPA and MCAT,3.87,512.5,,,,,,review,single_source,cycletrack_context_only_single_source,0.627,no_match,Not an official entering-class average; CycleTrack is crowdsourced applicant/outcome data.
cycletrack_acceptance_median:600,md_tulane_university_school_of_medicine_new_orleans_louisiana,Tulane University School of Medicine,MD,cycletrack_acceptance_median,CycleTrack Explorer acceptance medians,https://cycletrack.org/explorer,https://cycletrack.org/explorer/school/Pennsylvania,600,University of Pennsylvania,CycleTrack crowdsourced MD acceptance median cGPA and MCAT,3.97,523,,,,,,review,single_source,cycletrack_context_only_single_source,0.607,no_match,Not an official entering-class average; CycleTrack is crowdsourced applicant/outcome data.
cycletrack_acceptance_median:601,do_pcom_philadelphia_college_of_osteopathic_medicine_philadelphia_pennsylvania,Philadelphia College of Osteopathic Medicine,DO,cycletrack_acceptance_median,CycleTrack Explorer acceptance medians,https://cycletrack.org/explorer,https://cycletrack.org/explorer/school/Philadelphia COM,601,Philadelphia College of Osteopathic Medicine,CycleTrack crowdsourced DO acceptance median cGPA and MCAT,3.77,510.5,1,504,3.5,0,0,low,major_conflict,cycletrack_context_only_major_conflict,1,exact,Not an official entering-class average; CycleTrack is crowdsourced applicant/outcome data.
cycletrack_acceptance_median:602,do_pcom_georgia_philadelphia_college_of_osteopathic_medicine_georgia_suwanee_georgi,Philadelphia College of Osteopathic Medicine Georgia,DO,cycletrack_acceptance_median,CycleTrack Explorer acceptance medians,https://cycletrack.org/explorer,https://cycletrack.org/explorer/school/Philadelphia COM - Georgia,602,Philadelphia College of Osteopathic Medicine (Georgia),CycleTrack crowdsourced DO acceptance median cGPA and MCAT,3.75,506.5,1,504,3.5,0,0,low,major_conflict,cycletrack_context_only_major_conflict,1,exact,Not an official entering-class average; CycleTrack is crowdsourced applicant/outcome data.
cycletrack_acceptance_median:603,do_pcom_south_georgia_philadelphia_college_of_osteopathic_medicine_south_georgia_mo,Philadelphia College of Osteopathic Medicine South Georgia,DO,cycletrack_acceptance_median,CycleTrack Explorer acceptance medians,https://cycletrack.org/explorer,https://cycletrack.org/explorer/school/Philadelphia COM - South Georgia,603,Philadelphia College of Osteopathic Medicine (South Georgia),CycleTrack crowdsourced DO acceptance median cGPA and MCAT,3.71,503,,,,,,review,single_source,cycletrack_context_only_single_source,1,exact,Not an official entering-class average; CycleTrack is crowdsourced applicant/outcome data.
cycletrack_acceptance_median:604,md_university_of_pittsburgh_school_of_medicine_pittsburgh_pennsylvania,University of Pittsburgh School of Medicine,MD,cycletrack_acceptance_median,CycleTrack Explorer acceptance medians,https://cycletrack.org/explorer,https://cycletrack.org/explorer/school/Pittsburgh,604,University of Pittsburgh,CycleTrack crowdsourced MD acceptance median cGPA and MCAT,3.95,520,,,,,,review,single_source,cycletrack_context_only_single_source,0.724,no_match,Not an official entering-class average; CycleTrack is crowdsourced applicant/outcome data.
cycletrack_acceptance_median:605,md_oregon_health_and_science_university_school_of_medicine_portland_oregon,Oregon Health & Science University School of Medicine,MD,cycletrack_acceptance_median,CycleTrack Explorer acceptance medians,https://cycletrack.org/explorer,https://cycletrack.org/explorer/school/Ponce Health Sciences,605,Ponce Health Sciences University,CycleTrack crowdsourced MD acceptance median cGPA and MCAT,3.71,503,,,,,,review,single_source,cycletrack_context_only_single_source,0.725,no_match,Not an official entering-class average; CycleTrack is crowdsourced applicant/outcome data.
cycletrack_acceptance_median:606,md_indiana_university_school_of_medicine_indianapolis_indiana,Indiana University School of Medicine,MD,cycletrack_acceptance_median,CycleTrack Explorer acceptance medians,https://cycletrack.org/explorer,https://cycletrack.org/explorer/school/Quinnipiac,606,Quinnipiac University,CycleTrack crowdsourced MD acceptance median cGPA and MCAT,3.82,514,,,,,,review,single_source,cycletrack_context_only_single_source,0.582,no_match,Not an official entering-class average; CycleTrack is crowdsourced applicant/outcome data.
cycletrack_acceptance_median:607,md_the_university_of_texas_at_tyler_school_of_medicine_tyler_texas,The University of Texas at Tyler School of Medicine,MD,cycletrack_acceptance_median,CycleTrack Explorer acceptance medians,https://cycletrack.org/explorer,https://cycletrack.org/explorer/school/Rochester,607,University of Rochester,CycleTrack crowdsourced MD acceptance median cGPA and MCAT,3.93,519,,,,,,review,single_source,cycletrack_context_only_single_source,0.621,no_match,Not an official entering-class average; CycleTrack is crowdsourced applicant/outcome data.
cycletrack_acceptance_median:608,do_rvucom_rocky_vista_university_college_of_osteopathic_medicine_parker_colorado,Rocky Vista University College of Osteopathic Medicine,DO,cycletrack_acceptance_median,CycleTrack Explorer acceptance medians,https://cycletrack.org/explorer,https://cycletrack.org/explorer/school/Rocky Vista,608,Rocky Vista University,CycleTrack crowdsourced DO acceptance median cGPA and MCAT,3.8,510,,,,,,review,single_source,cycletrack_context_only_single_source,0.603,no_match,Not an official entering-class average; CycleTrack is crowdsourced applicant/outcome data.
cycletrack_acceptance_median:609,do_rvu_mcom_rocky_vista_university_montana_college_of_osteopathic_medicine_billings,Rocky Vista University – Montana College of Osteopathic Medicine,DO,cycletrack_acceptance_median,CycleTrack Explorer acceptance medians,https://cycletrack.org/explorer,https://cycletrack.org/explorer/school/Rocky Vista - Montana,609,Rocky Vista University (Montana),CycleTrack crowdsourced DO acceptance median cGPA and MCAT,3.69,505,,,,,,review,single_source,cycletrack_context_only_single_source,0.674,no_match,Not an official entering-class average; CycleTrack is crowdsourced applicant/outcome data.
cycletrack_acceptance_median:610,md_roseman_university_college_of_medicine_las_vegas_nevada,Roseman University College of Medicine,MD,cycletrack_acceptance_median,CycleTrack Explorer acceptance medians,https://cycletrack.org/explorer,https://cycletrack.org/explorer/school/Rosalind Franklin,610,Rosalind Franklin University,CycleTrack crowdsourced MD acceptance median cGPA and MCAT,3.78,513,,,,,,review,single_source,cycletrack_context_only_single_source,0.635,no_match,Not an official entering-class average; CycleTrack is crowdsourced applicant/outcome data.
cycletrack_acceptance_median:611,md_roseman_university_college_of_medicine_las_vegas_nevada,Roseman University College of Medicine,MD,cycletrack_acceptance_median,CycleTrack Explorer acceptance medians,https://cycletrack.org/explorer,https://cycletrack.org/explorer/school/Roseman,611,Roseman University College of Medicine,CycleTrack crowdsourced MD acceptance median cGPA and MCAT,3.79,508.5,,,,,,review,single_source,cycletrack_context_only_single_source,1,exact,Not an official entering-class average; CycleTrack is crowdsourced applicant/outcome data.
cycletrack_acceptance_median:612,do_rowan_virtuasom_rowan_virtua_school_of_osteopathic_medicine_stratford_new_jersey,Rowan-Virtua School of Osteopathic Medicine,DO,cycletrack_acceptance_median,CycleTrack Explorer acceptance medians,https://cycletrack.org/explorer,https://cycletrack.org/explorer/school/Rowan,612,Rowan-Virtua School of Osteopathic Medicine,CycleTrack crowdsourced DO acceptance median cGPA and MCAT,3.82,512,,,,,,review,single_source,cycletrack_context_only_single_source,1,review,Not an official entering-class average; CycleTrack is crowdsourced applicant/outcome data.
cycletrack_acceptance_median:613,md_duke_university_school_of_medicine_durham_north_carolina,Duke University School of Medicine,MD,cycletrack_acceptance_median,CycleTrack Explorer acceptance medians,https://cycletrack.org/explorer,https://cycletrack.org/explorer/school/Rush,613,Rush University,CycleTrack crowdsourced MD acceptance median cGPA and MCAT,3.8,514,,,,,,review,single_source,cycletrack_context_only_single_source,0.609,no_match,Not an official entering-class average; CycleTrack is crowdsourced applicant/outcome data.
cycletrack_acceptance_median:614,md_rutgers_new_jersey_medical_school_newark_new_jersey,Rutgers New Jersey Medical School,MD,cycletrack_acceptance_median,CycleTrack Explorer acceptance medians,https://cycletrack.org/explorer,https://cycletrack.org/explorer/school/Rutgers - New Jersey,614,Rutgers University (New Jersey),CycleTrack crowdsourced MD acceptance median cGPA and MCAT,3.89,516,,,,,,review,single_source,cycletrack_context_only_single_source,0.645,no_match,Not an official entering-class average; CycleTrack is crowdsourced applicant/outcome data.
cycletrack_acceptance_median:615,md_rutgers_robert_wood_johnson_medical_school_piscataway_new_jersey,"Rutgers, Robert Wood Johnson Medical School",MD,cycletrack_acceptance_median,CycleTrack Explorer acceptance medians,https://cycletrack.org/explorer,https://cycletrack.org/explorer/school/Rutgers - Robert Wood Johnson,615,Rutgers University (Robert Wood Johnson),CycleTrack crowdsourced MD acceptance median cGPA and MCAT,3.88,517,,,,,,review,single_source,cycletrack_context_only_single_source,0.725,no_match,Not an official entering-class average; CycleTrack is crowdsourced applicant/outcome data.
cycletrack_acceptance_median:616,md_suny_downstate_health_sciences_university_college_of_medicine_brooklyn_new_york,SUNY Downstate Health Sciences University College of Medicine,MD,cycletrack_acceptance_median,CycleTrack Explorer acceptance medians,https://cycletrack.org/explorer,https://cycletrack.org/explorer/school/SUNY Downstate,616,State University of New York Downstate Health Sciences University,CycleTrack crowdsourced MD acceptance median cGPA and MCAT,3.83,516,,,,,,review,single_source,cycletrack_context_only_single_source,0.752,review,Not an official entering-class average; CycleTrack is crowdsourced applicant/outcome data.
cycletrack_acceptance_median:617,md_state_university_of_new_york_upstate_medical_university_alan_and_marlene_norton_,State University of New York Upstate Medical University Alan and Marlene Norton College of Medicine,MD,cycletrack_acceptance_median,CycleTrack Explorer acceptance medians,https://cycletrack.org/explorer,https://cycletrack.org/explorer/school/SUNY Upstate,617,State University of New York Upstate Medical University,CycleTrack crowdsourced MD acceptance median cGPA and MCAT,3.84,515,1,512,3.74,0,0,low,major_conflict,cycletrack_context_only_major_conflict,0.738,no_match,Not an official entering-class average; CycleTrack is crowdsourced applicant/outcome data.
cycletrack_acceptance_median:618,md_saint_louis_university_school_of_medicine_st_louis_missouri,Saint Louis University School of Medicine,MD,cycletrack_acceptance_median,CycleTrack Explorer acceptance medians,https://cycletrack.org/explorer,https://cycletrack.org/explorer/school/Saint Louis,618,Saint Louis University,CycleTrack crowdsourced MD acceptance median cGPA and MCAT,3.91,517,,,,,,review,single_source,cycletrack_context_only_single_source,0.733,no_match,Not an official entering-class average; CycleTrack is crowdsourced applicant/outcome data.
cycletrack_acceptance_median:619,do_shsu_com_sam_houston_state_university_college_of_osteopathic_medicine_huntsville,Sam Houston State University College of Osteopathic Medicine,DO,cycletrack_acceptance_median,CycleTrack Explorer acceptance medians,https://cycletrack.org/explorer,https://cycletrack.org/explorer/school/Sam Houston,619,Sam Houston State University,CycleTrack crowdsourced DO acceptance median cGPA and MCAT,3.84,510,,,,,,review,single_source,cycletrack_context_only_single_source,0.659,no_match,Not an official entering-class average; CycleTrack is crowdsourced applicant/outcome data.
cycletrack_acceptance_median:620,md_nyu_grossman_school_of_medicine_new_york_new_york,NYU Grossman School of Medicine,MD,cycletrack_acceptance_median,CycleTrack Explorer acceptance medians,https://cycletrack.org/explorer,https://cycletrack.org/explorer/school/San Juan Bautista,620,San Juan Bautista School of Medicine,CycleTrack crowdsourced MD acceptance median cGPA and MCAT,3.72,506,2,498.5,3.64,1,0.14,medium,major_conflict,cycletrack_context_only_major_conflict,0.689,no_match,Not an official entering-class average; CycleTrack is crowdsourced applicant/outcome data.
cycletrack_acceptance_median:621,md_university_of_maryland_school_of_medicine_baltimore_maryland,University of Maryland School of Medicine,MD,cycletrack_acceptance_median,CycleTrack Explorer acceptance medians,https://cycletrack.org/explorer,https://cycletrack.org/explorer/school/South Alabama,621,University of South Alabama,CycleTrack crowdsourced MD acceptance median cGPA and MCAT,3.9,514,,,,,,review,single_source,cycletrack_context_only_single_source,0.61,no_match,Not an official entering-class average; CycleTrack is crowdsourced applicant/outcome data.
cycletrack_acceptance_median:622,md_university_of_north_carolina_school_of_medicine_chapel_hill_north_carolina,University of North Carolina School of Medicine,MD,cycletrack_acceptance_median,CycleTrack Explorer acceptance medians,https://cycletrack.org/explorer,https://cycletrack.org/explorer/school/South Carolina - Columbia,622,University of South Carolina,CycleTrack crowdsourced MD acceptance median cGPA and MCAT,3.85,515,,,,,,review,single_source,cycletrack_context_only_single_source,0.697,no_match,Not an official entering-class average; CycleTrack is crowdsourced applicant/outcome data.
cycletrack_acceptance_median:623,md_university_of_north_carolina_school_of_medicine_chapel_hill_north_carolina,University of North Carolina School of Medicine,MD,cycletrack_acceptance_median,CycleTrack Explorer acceptance medians,https://cycletrack.org/explorer,https://cycletrack.org/explorer/school/South Carolina - Greenville,623,University of South Carolina,CycleTrack crowdsourced MD acceptance median cGPA and MCAT,3.92,515,,,,,,review,single_source,cycletrack_context_only_single_source,0.697,no_match,Not an official entering-class average; CycleTrack is crowdsourced applicant/outcome data.
cycletrack_acceptance_median:624,md_university_of_south_dakota_sanford_school_of_medicine_vermillion_south_dakota,University of South Dakota Sanford School of Medicine,MD,cycletrack_acceptance_median,CycleTrack Explorer acceptance medians,https://cycletrack.org/explorer,https://cycletrack.org/explorer/school/South Dakota,624,University of South Dakota,CycleTrack crowdsourced MD acceptance median cGPA and MCAT,3.8,512,,,,,,review,single_source,cycletrack_context_only_single_source,0.657,no_match,Not an official entering-class average; CycleTrack is crowdsourced applicant/outcome data.
cycletrack_acceptance_median:625,md_southern_illinois_university_school_of_medicine_springfield_illinois,Southern Illinois University School of Medicine,MD,cycletrack_acceptance_median,CycleTrack Explorer acceptance medians,https://cycletrack.org/explorer,https://cycletrack.org/explorer/school/Southern Illinois,625,Southern Illinois University,CycleTrack crowdsourced MD acceptance median cGPA and MCAT,3.94,517.5,,,,,,review,single_source,cycletrack_context_only_single_source,0.778,review,Not an official entering-class average; CycleTrack is crowdsourced applicant/outcome data.
cycletrack_acceptance_median:626,md_stanford_university_school_of_medicine_palo_alto_california,Stanford University School of Medicine,MD,cycletrack_acceptance_median,CycleTrack Explorer acceptance medians,https://cycletrack.org/explorer,https://cycletrack.org/explorer/school/Stanford,626,Stanford University,CycleTrack crowdsourced MD acceptance median cGPA and MCAT,3.96,521.5,,,,,,review,single_source,cycletrack_context_only_single_source,0.704,no_match,Not an official entering-class average; CycleTrack is crowdsourced applicant/outcome data.
cycletrack_acceptance_median:627,md_renaissance_school_of_medicine_at_stony_brook_university_stony_brook_new_york,Renaissance School of Medicine at Stony Brook University,MD,cycletrack_acceptance_median,CycleTrack Explorer acceptance medians,https://cycletrack.org/explorer,https://cycletrack.org/explorer/school/Stony Brook,627,Stony Brook University,CycleTrack crowdsourced MD acceptance median cGPA and MCAT,3.91,518.5,,,,,,review,single_source,cycletrack_context_only_single_source,0.611,no_match,Not an official entering-class average; CycleTrack is crowdsourced applicant/outcome data.
cycletrack_acceptance_median:628,md_duke_university_school_of_medicine_durham_north_carolina,Duke University School of Medicine,MD,cycletrack_acceptance_median,CycleTrack Explorer acceptance medians,https://cycletrack.org/explorer,https://cycletrack.org/explorer/school/Temple,628,Temple University,CycleTrack crowdsourced MD acceptance median cGPA and MCAT,3.84,515,,,,,,review,single_source,cycletrack_context_only_single_source,0.583,no_match,Not an official entering-class average; CycleTrack is crowdsourced applicant/outcome data.
cycletrack_acceptance_median:629,md_university_of_minnesota_medical_school_minneapolis_minnesota,University of Minnesota Medical School,MD,cycletrack_acceptance_median,CycleTrack Explorer acceptance medians,https://cycletrack.org/explorer,https://cycletrack.org/explorer/school/Tennessee,629,University of Tennessee,CycleTrack crowdsourced MD acceptance median cGPA and MCAT,3.9,517,,,,,,review,single_source,cycletrack_context_only_single_source,0.618,no_match,Not an official entering-class average; CycleTrack is crowdsourced applicant/outcome data.
cycletrack_acceptance_median:630,md_dell_medical_school_university_of_texas_at_austin_austin_texas,Dell Medical School – University of Texas at Austin,MD,cycletrack_acceptance_median,CycleTrack Explorer acceptance medians,https://cycletrack.org/explorer,https://cycletrack.org/explorer/school/Texas A&M,630,Texas A&M University,CycleTrack crowdsourced MD acceptance median cGPA and MCAT,3.93,518,,,,,,review,single_source,cycletrack_context_only_single_source,0.635,no_match,Not an official entering-class average; CycleTrack is crowdsourced applicant/outcome data.
cycletrack_acceptance_median:631,md_university_of_texas_southwestern_medical_school_dallas_texas,University of Texas Southwestern Medical School,MD,cycletrack_acceptance_median,CycleTrack Explorer acceptance medians,https://cycletrack.org/explorer,https://cycletrack.org/explorer/school/Texas Christian University,631,Texas Christian University,CycleTrack crowdsourced MD acceptance median cGPA and MCAT,3.93,514,,,,,,review,single_source,cycletrack_context_only_single_source,0.629,no_match,Not an official entering-class average; CycleTrack is crowdsourced applicant/outcome data.
cycletrack_acceptance_median:632,md_dell_medical_school_university_of_texas_at_austin_austin_texas,Dell Medical School – University of Texas at Austin,MD,cycletrack_acceptance_median,CycleTrack Explorer acceptance medians,https://cycletrack.org/explorer,https://cycletrack.org/explorer/school/Texas Tech - Foster,632,Texas Tech University (Foster),CycleTrack crowdsourced MD acceptance median cGPA and MCAT,3.96,517,,,,,,review,single_source,cycletrack_context_only_single_source,0.676,no_match,Not an official entering-class average; CycleTrack is crowdsourced applicant/outcome data.
cycletrack_acceptance_median:633,md_the_university_of_texas_at_tyler_school_of_medicine_tyler_texas,The University of Texas at Tyler School of Medicine,MD,cycletrack_acceptance_median,CycleTrack Explorer acceptance medians,https://cycletrack.org/explorer,https://cycletrack.org/explorer/school/Texas Tech - Lubbock,633,Texas Tech University (Lubbock),CycleTrack crowdsourced MD acceptance median cGPA and MCAT,3.96,516,,,,,,review,single_source,cycletrack_context_only_single_source,0.627,no_match,Not an official entering-class average; CycleTrack is crowdsourced applicant/outcome data.
cycletrack_acceptance_median:634,md_duke_university_school_of_medicine_durham_north_carolina,Duke University School of Medicine,MD,cycletrack_acceptance_median,CycleTrack Explorer acceptance medians,https://cycletrack.org/explorer,https://cycletrack.org/explorer/school/Toledo,634,University of Toledo,CycleTrack crowdsourced MD acceptance median cGPA and MCAT,3.85,513,,,,,,review,single_source,cycletrack_context_only_single_source,0.625,no_match,Not an official entering-class average; CycleTrack is crowdsourced applicant/outcome data.
cycletrack_acceptance_median:635,md_university_of_california_davis_school_of_medicine_davis_california,"University of California, Davis School of Medicine",MD,cycletrack_acceptance_median,CycleTrack Explorer acceptance medians,https://cycletrack.org/explorer,https://cycletrack.org/explorer/school/Touro - California,635,Touro University (California),CycleTrack crowdsourced DO acceptance median cGPA and MCAT,3.77,511,,,,,,review,single_source,cycletrack_context_only_single_source,0.686,no_match,Not an official entering-class average; CycleTrack is crowdsourced applicant/outcome data.
cycletrack_acceptance_median:636,md_university_of_nevada_reno_school_of_medicine_reno_nevada,"University of Nevada, Reno School of Medicine",MD,cycletrack_acceptance_median,CycleTrack Explorer acceptance medians,https://cycletrack.org/explorer,https://cycletrack.org/explorer/school/Touro - Nevada,636,Touro University (Nevada),CycleTrack crowdsourced DO acceptance median cGPA and MCAT,3.74,508,,,,,,review,single_source,cycletrack_context_only_single_source,0.656,no_match,Not an official entering-class average; CycleTrack is crowdsourced applicant/outcome data.
cycletrack_acceptance_median:637,do_tourocom_harlem_touro_college_of_osteopathic_medicine_new_york_new_york,Touro College of Osteopathic Medicine,DO,cycletrack_acceptance_median,CycleTrack Explorer acceptance medians,https://cycletrack.org/explorer,https://cycletrack.org/explorer/school/Touro - New York,637,Touro College of Osteopathic Medicine,CycleTrack crowdsourced DO acceptance median cGPA and MCAT,3.7,508,,,,,,review,single_source,cycletrack_context_only_single_source,1,review,Not an official entering-class average; CycleTrack is crowdsourced applicant/outcome data.
cycletrack_acceptance_median:638,md_tufts_university_school_of_medicine_boston_massachusetts,Tufts University School of Medicine,MD,cycletrack_acceptance_median,CycleTrack Explorer acceptance medians,https://cycletrack.org/explorer,https://cycletrack.org/explorer/school/Tufts,638,Tufts University,CycleTrack crowdsourced MD acceptance median cGPA and MCAT,3.92,517,,,,,,review,single_source,cycletrack_context_only_single_source,0.667,no_match,Not an official entering-class average; CycleTrack is crowdsourced applicant/outcome data.
cycletrack_acceptance_median:639,md_tulane_university_school_of_medicine_new_orleans_louisiana,Tulane University School of Medicine,MD,cycletrack_acceptance_median,CycleTrack Explorer acceptance medians,https://cycletrack.org/explorer,https://cycletrack.org/explorer/school/Tulane,639,Tulane University,CycleTrack crowdsourced MD acceptance median cGPA and MCAT,3.85,516,,,,,,review,single_source,cycletrack_context_only_single_source,0.68,no_match,Not an official entering-class average; CycleTrack is crowdsourced applicant/outcome data.
cycletrack_acceptance_median:640,md_stanford_university_school_of_medicine_palo_alto_california,Stanford University School of Medicine,MD,cycletrack_acceptance_median,CycleTrack Explorer acceptance medians,https://cycletrack.org/explorer,https://cycletrack.org/explorer/school/Uniformed Services,640,Uniformed Services University,CycleTrack crowdsourced MD acceptance median cGPA and MCAT,3.84,512,,,,,,review,single_source,cycletrack_context_only_single_source,0.688,no_match,Not an official entering-class average; CycleTrack is crowdsourced applicant/outcome data.
cycletrack_acceptance_median:641,md_university_of_california_davis_school_of_medicine_davis_california,"University of California, Davis School of Medicine",MD,cycletrack_acceptance_median,CycleTrack Explorer acceptance medians,https://cycletrack.org/explorer,https://cycletrack.org/explorer/school/University of California Davis,641,University of California (Davis),CycleTrack crowdsourced MD acceptance median cGPA and MCAT,3.84,516,,,,,,review,single_source,cycletrack_context_only_single_source,0.771,review,Not an official entering-class average; CycleTrack is crowdsourced applicant/outcome data.
cycletrack_acceptance_median:642,md_university_of_california_irvine_school_of_medicine_irvine_california,"University of California, Irvine School of Medicine",MD,cycletrack_acceptance_median,CycleTrack Explorer acceptance medians,https://cycletrack.org/explorer,https://cycletrack.org/explorer/school/University of California Irvine,642,University of California (Irvine),CycleTrack crowdsourced MD acceptance median cGPA and MCAT,3.91,518,,,,,,review,single_source,cycletrack_context_only_single_source,0.778,review,Not an official entering-class average; CycleTrack is crowdsourced applicant/outcome data.
cycletrack_acceptance_median:643,md_university_of_california_san_diego_school_of_medicine_san_diego_california,"University of California, San Diego School of Medicine",MD,cycletrack_acceptance_median,CycleTrack Explorer acceptance medians,https://cycletrack.org/explorer,https://cycletrack.org/explorer/school/University of California Los Angeles,643,University of California (Los Angeles),CycleTrack crowdsourced MD acceptance median cGPA and MCAT,3.81,518,,,,,,review,single_source,cycletrack_context_only_single_source,0.7,no_match,Not an official entering-class average; CycleTrack is crowdsourced applicant/outcome data.
cycletrack_acceptance_median:644,md_university_of_california_riverside_school_of_medicine_riverside_california,"University of California, Riverside School of Medicine",MD,cycletrack_acceptance_median,CycleTrack Explorer acceptance medians,https://cycletrack.org/explorer,https://cycletrack.org/explorer/school/University of California Riverside,644,University of California (Riverside),CycleTrack crowdsourced MD acceptance median cGPA and MCAT,3.75,513,,,,,,review,single_source,cycletrack_context_only_single_source,0.795,review,Not an official entering-class average; CycleTrack is crowdsourced applicant/outcome data.
cycletrack_acceptance_median:645,md_university_of_california_san_diego_school_of_medicine_san_diego_california,"University of California, San Diego School of Medicine",MD,cycletrack_acceptance_median,CycleTrack Explorer acceptance medians,https://cycletrack.org/explorer,https://cycletrack.org/explorer/school/University of California San Diego,645,University of California (San Diego),CycleTrack crowdsourced MD acceptance median cGPA and MCAT,3.95,519,,,,,,review,single_source,cycletrack_context_only_single_source,0.795,review,Not an official entering-class average; CycleTrack is crowdsourced applicant/outcome data.
cycletrack_acceptance_median:646,md_university_of_california_san_francisco_school_of_medicine_san_francisco_californ,"University of California, San Francisco School of Medicine",MD,cycletrack_acceptance_median,CycleTrack Explorer acceptance medians,https://cycletrack.org/explorer,https://cycletrack.org/explorer/school/University of California San Francisco,646,University of California (San Francisco),CycleTrack crowdsourced MD acceptance median cGPA and MCAT,3.94,520,,,,,,review,single_source,cycletrack_context_only_single_source,0.814,review,Not an official entering-class average; CycleTrack is crowdsourced applicant/outcome data.
cycletrack_acceptance_median:647,md_university_of_central_florida_college_of_medicine_orlando_florida,University of Central Florida College of Medicine,MD,cycletrack_acceptance_median,CycleTrack Explorer acceptance medians,https://cycletrack.org/explorer,https://cycletrack.org/explorer/school/University of Central Florida,647,University of Central Florida,CycleTrack crowdsourced MD acceptance median cGPA and MCAT,3.94,516,,,,,,review,single_source,cycletrack_context_only_single_source,0.754,review,Not an official entering-class average; CycleTrack is crowdsourced applicant/outcome data.
cycletrack_acceptance_median:648,md_university_of_nevada_reno_school_of_medicine_reno_nevada,"University of Nevada, Reno School of Medicine",MD,cycletrack_acceptance_median,CycleTrack Explorer acceptance medians,https://cycletrack.org/explorer,https://cycletrack.org/explorer/school/University of Nevada Las Vegas,648,University of Nevada Las Vegas,CycleTrack crowdsourced MD acceptance median cGPA and MCAT,3.94,516.5,,,,,,review,single_source,cycletrack_context_only_single_source,0.646,no_match,Not an official entering-class average; CycleTrack is crowdsourced applicant/outcome data.
cycletrack_acceptance_median:649,md_florida_state_university_college_of_medicine_tallahassee_florida,Florida State University College of Medicine,MD,cycletrack_acceptance_median,CycleTrack Explorer acceptance medians,https://cycletrack.org/explorer,https://cycletrack.org/explorer/school/University of South Florida,649,University of South Florida,CycleTrack crowdsourced MD acceptance median cGPA and MCAT,3.96,522,,,,,,review,single_source,cycletrack_context_only_single_source,0.646,no_match,Not an official entering-class average; CycleTrack is crowdsourced applicant/outcome data.
cycletrack_acceptance_median:650,md_keck_school_of_medicine_of_the_university_of_southern_california_los_angeles_cal,Keck School of Medicine of the University of Southern California,MD,cycletrack_acceptance_median,CycleTrack Explorer acceptance medians,https://cycletrack.org/explorer,https://cycletrack.org/explorer/school/University of Southern California,650,University of Southern California,CycleTrack crowdsourced MD acceptance median cGPA and MCAT,3.9,518.5,,,,,,review,single_source,cycletrack_context_only_single_source,0.741,no_match,Not an official entering-class average; CycleTrack is crowdsourced applicant/outcome data.
cycletrack_acceptance_median:651,md_dell_medical_school_university_of_texas_at_austin_austin_texas,Dell Medical School – University of Texas at Austin,MD,cycletrack_acceptance_median,CycleTrack Explorer acceptance medians,https://cycletrack.org/explorer,https://cycletrack.org/explorer/school/University of Texas - Austin,651,University of Texas (Austin),CycleTrack crowdsourced MD acceptance median cGPA and MCAT,3.97,523,,,,,,review,single_source,cycletrack_context_only_single_source,0.697,no_match,Not an official entering-class average; CycleTrack is crowdsourced applicant/outcome data.
cycletrack_acceptance_median:652,md_the_university_of_texas_at_tyler_school_of_medicine_tyler_texas,The University of Texas at Tyler School of Medicine,MD,cycletrack_acceptance_median,CycleTrack Explorer acceptance medians,https://cycletrack.org/explorer,https://cycletrack.org/explorer/school/University of Texas - Houston,652,University of Texas (Houston),CycleTrack crowdsourced MD acceptance median cGPA and MCAT,3.96,516,,,,,,review,single_source,cycletrack_context_only_single_source,0.677,no_match,Not an official entering-class average; CycleTrack is crowdsourced applicant/outcome data.
cycletrack_acceptance_median:653,md_dell_medical_school_university_of_texas_at_austin_austin_texas,Dell Medical School – University of Texas at Austin,MD,cycletrack_acceptance_median,CycleTrack Explorer acceptance medians,https://cycletrack.org/explorer,https://cycletrack.org/explorer/school/University of Texas - Medical Branch,653,University of Texas (Medical Branch),CycleTrack crowdsourced MD acceptance median cGPA and MCAT,3.86,516,,,,,,review,single_source,cycletrack_context_only_single_source,0.73,no_match,Not an official entering-class average; CycleTrack is crowdsourced applicant/outcome data.
cycletrack_acceptance_median:654,md_university_of_texas_rio_grande_valley_school_of_medicine_edinburg_texas,University of Texas Rio Grande Valley School of Medicine,MD,cycletrack_acceptance_median,CycleTrack Explorer acceptance medians,https://cycletrack.org/explorer,https://cycletrack.org/explorer/school/University of Texas - Rio Grande,654,University of Texas (Rio Grande),CycleTrack crowdsourced MD acceptance median cGPA and MCAT,3.83,514,,,,,,review,single_source,cycletrack_context_only_single_source,0.701,no_match,Not an official entering-class average; CycleTrack is crowdsourced applicant/outcome data.
cycletrack_acceptance_median:655,md_university_of_texas_southwestern_medical_school_dallas_texas,University of Texas Southwestern Medical School,MD,cycletrack_acceptance_median,CycleTrack Explorer acceptance medians,https://cycletrack.org/explorer,https://cycletrack.org/explorer/school/University of Texas - San Antonio,655,University of Texas (San Antonio),CycleTrack crowdsourced MD acceptance median cGPA and MCAT,3.95,521,,,,,,review,single_source,cycletrack_context_only_single_source,0.639,no_match,Not an official entering-class average; CycleTrack is crowdsourced applicant/outcome data.
cycletrack_acceptance_median:656,md_university_of_texas_southwestern_medical_school_dallas_texas,University of Texas Southwestern Medical School,MD,cycletrack_acceptance_median,CycleTrack Explorer acceptance medians,https://cycletrack.org/explorer,https://cycletrack.org/explorer/school/University of Texas - Southwestern,656,University of Texas (Southwestern),CycleTrack crowdsourced MD acceptance median cGPA and MCAT,3.97,520,,,,,,review,single_source,cycletrack_context_only_single_source,0.795,review,Not an official entering-class average; CycleTrack is crowdsourced applicant/outcome data.
cycletrack_acceptance_median:657,md_university_of_minnesota_medical_school_minneapolis_minnesota,University of Minnesota Medical School,MD,cycletrack_acceptance_median,CycleTrack Explorer acceptance medians,https://cycletrack.org/explorer,https://cycletrack.org/explorer/school/Utah,657,University of Utah,CycleTrack crowdsourced MD acceptance median cGPA and MCAT,3.89,512.5,,,,,,review,single_source,cycletrack_context_only_single_source,0.56,no_match,Not an official entering-class average; CycleTrack is crowdsourced applicant/outcome data.
cycletrack_acceptance_median:658,md_vanderbilt_university_school_of_medicine_nashville_tennessee,Vanderbilt University School of Medicine,MD,cycletrack_acceptance_median,CycleTrack Explorer acceptance medians,https://cycletrack.org/explorer,https://cycletrack.org/explorer/school/Vanderbilt,658,Vanderbilt University,CycleTrack crowdsourced MD acceptance median cGPA and MCAT,3.97,523,,,,,,review,single_source,cycletrack_context_only_single_source,0.724,no_match,Not an official entering-class average; CycleTrack is crowdsourced applicant/outcome data.
cycletrack_acceptance_median:659,md_university_of_georgia_school_of_medicine_athens_georgia,University of Georgia School of Medicine,MD,cycletrack_acceptance_median,CycleTrack Explorer acceptance medians,https://cycletrack.org/explorer,https://cycletrack.org/explorer/school/Vermont,659,University of Vermont,CycleTrack crowdsourced MD acceptance median cGPA and MCAT,3.83,515,,,,,,review,single_source,cycletrack_context_only_single_source,0.577,no_match,Not an official entering-class average; CycleTrack is crowdsourced applicant/outcome data.
cycletrack_acceptance_median:660,md_university_of_virginia_school_of_medicine_charlottesville_virginia,University of Virginia School of Medicine,MD,cycletrack_acceptance_median,CycleTrack Explorer acceptance medians,https://cycletrack.org/explorer,https://cycletrack.org/explorer/school/Virginia,660,University of Virginia,CycleTrack crowdsourced MD acceptance median cGPA and MCAT,3.95,521,,,,,,review,single_source,cycletrack_context_only_single_source,0.704,no_match,Not an official entering-class average; CycleTrack is crowdsourced applicant/outcome data.
cycletrack_acceptance_median:661,md_virginia_commonwealth_university_school_of_medicine_richmond_virginia,Virginia Commonwealth University School of Medicine,MD,cycletrack_acceptance_median,CycleTrack Explorer acceptance medians,https://cycletrack.org/explorer,https://cycletrack.org/explorer/school/Virginia Commonwealth,661,Virginia Commonwealth University,CycleTrack crowdsourced MD acceptance median cGPA and MCAT,3.85,515,,,,,,review,single_source,cycletrack_context_only_single_source,0.8,review,Not an official entering-class average; CycleTrack is crowdsourced applicant/outcome data.
cycletrack_acceptance_median:662,md_virginia_tech_carilion_school_of_medicine_roanoke_virginia,Virginia Tech Carilion School of Medicine,MD,cycletrack_acceptance_median,CycleTrack Explorer acceptance medians,https://cycletrack.org/explorer,https://cycletrack.org/explorer/school/Virginia Tech,662,Virginia Tech,CycleTrack crowdsourced MD acceptance median cGPA and MCAT,3.8,516,,,,,,review,single_source,cycletrack_context_only_single_source,0.51,no_match,Not an official entering-class average; CycleTrack is crowdsourced applicant/outcome data.
cycletrack_acceptance_median:663,md_wake_forest_university_school_of_medicine_winston_salem_north_carolina,Wake Forest University School of Medicine,MD,cycletrack_acceptance_median,CycleTrack Explorer acceptance medians,https://cycletrack.org/explorer,https://cycletrack.org/explorer/school/Wake Forest,663,Wake Forest University,CycleTrack crowdsourced MD acceptance median cGPA and MCAT,3.9,514,,,,,,review,single_source,cycletrack_context_only_single_source,0.733,no_match,Not an official entering-class average; CycleTrack is crowdsourced applicant/outcome data.
cycletrack_acceptance_median:664,md_university_of_washington_school_of_medicine_seattle_washington,University of Washington School of Medicine,MD,cycletrack_acceptance_median,CycleTrack Explorer acceptance medians,https://cycletrack.org/explorer,https://cycletrack.org/explorer/school/Washington,664,University of Washington,CycleTrack crowdsourced MD acceptance median cGPA and MCAT,3.85,516,,,,,,review,single_source,cycletrack_context_only_single_source,0.724,no_match,Not an official entering-class average; CycleTrack is crowdsourced applicant/outcome data.
cycletrack_acceptance_median:665,md_university_of_washington_school_of_medicine_seattle_washington,University of Washington School of Medicine,MD,cycletrack_acceptance_median,CycleTrack Explorer acceptance medians,https://cycletrack.org/explorer,https://cycletrack.org/explorer/school/Washington State,665,Washington State University,CycleTrack crowdsourced MD acceptance median cGPA and MCAT,3.84,514,,,,,,review,single_source,cycletrack_context_only_single_source,0.719,no_match,Not an official entering-class average; CycleTrack is crowdsourced applicant/outcome data.
cycletrack_acceptance_median:666,md_washington_university_in_st_louis_school_of_medicine_st_louis_missouri,Washington University in St. Louis School of Medicine,MD,cycletrack_acceptance_median,CycleTrack Explorer acceptance medians,https://cycletrack.org/explorer,https://cycletrack.org/explorer/school/Washington University Saint Louis,666,Washington University Saint Louis,CycleTrack crowdsourced MD acceptance median cGPA and MCAT,3.95,523,,,,,,review,single_source,cycletrack_context_only_single_source,0.756,review,Not an official entering-class average; CycleTrack is crowdsourced applicant/outcome data.
cycletrack_acceptance_median:667,md_wayne_state_university_school_of_medicine_detroit_michigan,Wayne State University School of Medicine,MD,cycletrack_acceptance_median,CycleTrack Explorer acceptance medians,https://cycletrack.org/explorer,https://cycletrack.org/explorer/school/Wayne State,667,Wayne State University,CycleTrack crowdsourced MD acceptance median cGPA and MCAT,3.87,514,,,,,,review,single_source,cycletrack_context_only_single_source,0.733,no_match,Not an official entering-class average; CycleTrack is crowdsourced applicant/outcome data.
cycletrack_acceptance_median:668,md_west_virginia_university_school_of_medicine_morgantown_west_virginia,West Virginia University School of Medicine,MD,cycletrack_acceptance_median,CycleTrack Explorer acceptance medians,https://cycletrack.org/explorer,https://cycletrack.org/explorer/school/West Virginia,668,West Virginia University,CycleTrack crowdsourced MD acceptance median cGPA and MCAT,3.8,514,,,,,,review,single_source,cycletrack_context_only_single_source,0.75,review,Not an official entering-class average; CycleTrack is crowdsourced applicant/outcome data.
cycletrack_acceptance_median:669,do_wvsom_west_virginia_school_of_osteopathic_medicine_lewisburg_west_virginia,West Virginia School of Osteopathic Medicine,DO,cycletrack_acceptance_median,CycleTrack Explorer acceptance medians,https://cycletrack.org/explorer,https://cycletrack.org/explorer/school/West Virginia SOM,669,West Virginia School of Osteopathic Medicine,CycleTrack crowdsourced DO acceptance median cGPA and MCAT,3.73,507,1,502,3.53,0,0,low,major_conflict,cycletrack_context_only_major_conflict,1,exact,Not an official entering-class average; CycleTrack is crowdsourced applicant/outcome data.
cycletrack_acceptance_median:670,md_university_of_washington_school_of_medicine_seattle_washington,University of Washington School of Medicine,MD,cycletrack_acceptance_median,CycleTrack Explorer acceptance medians,https://cycletrack.org/explorer,https://cycletrack.org/explorer/school/Western Michigan,670,Western Michigan University,CycleTrack crowdsourced MD acceptance median cGPA and MCAT,3.84,514,,,,,,review,single_source,cycletrack_context_only_single_source,0.625,no_match,Not an official entering-class average; CycleTrack is crowdsourced applicant/outcome data.
cycletrack_acceptance_median:671,md_george_washington_university_school_of_medicine_and_health_sciences_washington_d,George Washington University School of Medicine and Health Sciences,MD,cycletrack_acceptance_median,CycleTrack Explorer acceptance medians,https://cycletrack.org/explorer,https://cycletrack.org/explorer/school/Western University - California,671,Western University of Health Sciences,CycleTrack crowdsourced DO acceptance median cGPA and MCAT,3.79,512,,,,,,review,single_source,cycletrack_context_only_single_source,0.66,no_match,Not an official entering-class average; CycleTrack is crowdsourced applicant/outcome data.
cycletrack_acceptance_median:672,md_george_washington_university_school_of_medicine_and_health_sciences_washington_d,George Washington University School of Medicine and Health Sciences,MD,cycletrack_acceptance_median,CycleTrack Explorer acceptance medians,https://cycletrack.org/explorer,https://cycletrack.org/explorer/school/Western University - Oregon,672,Western University of Health Sciences,CycleTrack crowdsourced DO acceptance median cGPA and MCAT,3.76,509,,,,,,review,single_source,cycletrack_context_only_single_source,0.66,no_match,Not an official entering-class average; CycleTrack is crowdsourced applicant/outcome data.
cycletrack_acceptance_median:673,do_wcucom_william_carey_university_college_of_osteopathic_medicine_hattiesburg_miss,William Carey University College of Osteopathic Medicine,DO,cycletrack_acceptance_median,CycleTrack Explorer acceptance medians,https://cycletrack.org/explorer,https://cycletrack.org/explorer/school/William Carey,673,William Carey University,CycleTrack crowdsourced DO acceptance median cGPA and MCAT,3.79,505,,,,,,review,single_source,cycletrack_context_only_single_source,0.623,no_match,Not an official entering-class average; CycleTrack is crowdsourced applicant/outcome data.
cycletrack_acceptance_median:674,md_university_of_new_mexico_school_of_medicine_albuquerque_new_mexico,University of New Mexico School of Medicine,MD,cycletrack_acceptance_median,CycleTrack Explorer acceptance medians,https://cycletrack.org/explorer,https://cycletrack.org/explorer/school/Wisconsin,674,University of Wisconsin,CycleTrack crowdsourced MD acceptance median cGPA and MCAT,3.8,515,,,,,,review,single_source,cycletrack_context_only_single_source,0.632,no_match,Not an official entering-class average; CycleTrack is crowdsourced applicant/outcome data.
cycletrack_acceptance_median:675,md_boonshoft_school_of_medicine_wright_state_university_dayton_ohio,Boonshoft School of Medicine Wright State University,MD,cycletrack_acceptance_median,CycleTrack Explorer acceptance medians,https://cycletrack.org/explorer,https://cycletrack.org/explorer/school/Wright State,675,Wright State University,CycleTrack crowdsourced MD acceptance median cGPA and MCAT,3.89,514,,,,,,review,single_source,cycletrack_context_only_single_source,0.639,no_match,Not an official entering-class average; CycleTrack is crowdsourced applicant/outcome data.
cycletrack_acceptance_median:676,md_yale_school_of_medicine_new_haven_connecticut,Yale School of Medicine,MD,cycletrack_acceptance_median,CycleTrack Explorer acceptance medians,https://cycletrack.org/explorer,https://cycletrack.org/explorer/school/Yale,676,Yale School of Medicine,CycleTrack crowdsourced MD acceptance median cGPA and MCAT,3.95,523,3,521,3.94,0,0.01,high,minor_conflict,cycletrack_context_only_minor_conflict,1,exact,Not an official entering-class average; CycleTrack is crowdsourced applicant/outcome data.
matchguy:350,md_albany_medical_college_albany_new_york,Albany Medical College,MD,matchguy,The Match Guy,https://thematchguy.com/average-mcat-gpa-medical-school-acceptance/,,350,Albany Medical College,published school average GPA and MCAT,3.77,512,3,511.7,3.77,1,0.06,high,major_conflict,third_party_candidate_major_conflict,1,exact,
matchguy:351,md_georgetown_university_school_of_medicine_washington_district_of_columbia,Georgetown University School of Medicine,MD,matchguy,The Match Guy,https://thematchguy.com/average-mcat-gpa-medical-school-acceptance/,,351,Boston University Sch of Med,published school average GPA and MCAT,3.76,517,1,517,3.76,0,0,low,major_conflict,third_party_candidate_major_conflict,0.742,no_match,
matchguy:352,md_the_warren_alpert_medical_school_of_brown_university_providence_rhode_island,The Warren Alpert Medical School of Brown University,MD,matchguy,The Match Guy,https://thematchguy.com/average-mcat-gpa-medical-school-acceptance/,,352,Brown University The Warren Alpert Medical School,published school average GPA and MCAT,3.76,516,3,515.7,3.79,1,0.07,high,minor_conflict,third_party_candidate_minor_conflict,1,high_confidence,
matchguy:353,md_california_northstate_university_college_of_medicine_elk_grove_california,California Northstate University College of Medicine,MD,matchguy,The Match Guy,https://thematchguy.com/average-mcat-gpa-medical-school-acceptance/,,353,California Northstate University College of Medicine,published school average GPA and MCAT,3.83,513.4,3,512.4,3.8,2.9,0.09,medium,major_conflict,third_party_candidate_major_conflict,1,exact,
matchguy:354,md_california_university_of_science_and_medicine_school_of_medicine_colton_californ,California University of Science and Medicine - School of Medicine,MD,matchguy,The Match Guy,https://thematchguy.com/average-mcat-gpa-medical-school-acceptance/,,354,California University of Science and Medicine,published school average GPA and MCAT,,510,2,510.5,3.61,1,0,high,major_conflict,third_party_candidate_major_conflict,0.916,review,
matchguy:355,md_case_western_reserve_university_school_of_medicine_cleveland_ohio,Case Western Reserve University School of Medicine,MD,matchguy,The Match Guy,https://thematchguy.com/average-mcat-gpa-medical-school-acceptance/,,355,Case Western Reserve University School of Medicine,published school average GPA and MCAT,3.9,517,3,517.7,3.89,2,0.04,high,minor_conflict,third_party_candidate_minor_conflict,1,exact,
matchguy:356,md_chicago_medical_school_at_rosalind_franklin_university_of_medicine_and_science_n,Chicago Medical School at Rosalind Franklin University of Medicine and Science,MD,matchguy,The Match Guy,https://thematchguy.com/average-mcat-gpa-medical-school-acceptance/,,356,Chicago Medical School at Rosalind Franklin University of Medicine & Science,published school average GPA and MCAT,3.69,508,3,509.7,3.69,5,0,medium,major_conflict,third_party_candidate_major_conflict,1,exact,
matchguy:357,md_creighton_university_school_of_medicine_omaha_nebraska,Creighton University School of Medicine,MD,matchguy,The Match Guy,https://thematchguy.com/average-mcat-gpa-medical-school-acceptance/,,357,Creighton University School of Medicine,published school average GPA and MCAT,3.86,513,3,512.6,3.8,3.5,0.03,medium,major_conflict,third_party_candidate_major_conflict,1,exact,
matchguy:358,md_duke_university_school_of_medicine_durham_north_carolina,Duke University School of Medicine,MD,matchguy,The Match Guy,https://thematchguy.com/average-mcat-gpa-medical-school-acceptance/,,358,Dalhousie University Faculty of Medicine,published school average GPA and MCAT,3.8,505,1,505,3.8,0,0,low,single_source,third_party_candidate_single_source,0.765,review,
matchguy:359,md_donald_and_barbara_zucker_school_of_medicine_at_hofstra_northwell_hempstead_new_,Donald and Barbara Zucker School of Medicine at Hofstra/Northwell,MD,matchguy,The Match Guy,https://thematchguy.com/average-mcat-gpa-medical-school-acceptance/,,359,Donald and Barbara Zucker School of Medicine at Hofstra/Northwell,published school average GPA and MCAT,3.92,518,1,518,3.92,0,0,low,single_source,third_party_candidate_single_source,1,exact,
matchguy:360,md_drexel_university_college_of_medicine_philadelphia_pennsylvania,Drexel University College of Medicine,MD,matchguy,The Match Guy,https://thematchguy.com/average-mcat-gpa-medical-school-acceptance/,,360,Drexel University College of Medicine,published school average GPA and MCAT,3.76,512,3,510,3.68,3.5,0.17,medium,major_conflict,third_party_candidate_major_conflict,1,exact,
matchguy:361,md_east_tennessee_state_university_james_h_quillen_college_of_medicine_johnson_city,East Tennessee State University James H. Quillen College of Medicine,MD,matchguy,The Match Guy,https://thematchguy.com/average-mcat-gpa-medical-school-acceptance/,,361,East Tennessee State University James H. Quillen College of Medicine,published school average GPA and MCAT,3.85,512.82,3,511.3,3.84,5,0.04,medium,major_conflict,third_party_candidate_major_conflict,1,exact,
matchguy:362,md_virginia_tech_carilion_school_of_medicine_roanoke_virginia,Virginia Tech Carilion School of Medicine,MD,matchguy,The Match Guy,https://thematchguy.com/average-mcat-gpa-medical-school-acceptance/,,362,Eastern Virginia Medical School,published school average GPA and MCAT,3.7,513,3,513,3.7,0,0.01,high,minor_conflict,third_party_candidate_minor_conflict,0.725,no_match,
matchguy:363,md_emory_university_school_of_medicine_atlanta_georgia,Emory University School of Medicine,MD,matchguy,The Match Guy,https://thematchguy.com/average-mcat-gpa-medical-school-acceptance/,,363,Emory University School of Medicine,published school average GPA and MCAT,3.81,514.9,3,512.6,3.8,3.5,0.03,medium,major_conflict,third_party_candidate_major_conflict,1,exact,
matchguy:364,md_charles_e_schmidt_college_of_medicine_at_florida_atlantic_university_boca_raton_,Charles E. Schmidt College of Medicine at Florida Atlantic University,MD,matchguy,The Match Guy,https://thematchguy.com/average-mcat-gpa-medical-school-acceptance/,,364,Florida Atlantic University Charles E. Schmidt College of Medicine,published school average GPA and MCAT,3.83,513,3,513,3.82,0,0.03,high,close_agreement,third_party_candidate_close_agreement,1,high_confidence,
matchguy:365,md_florida_international_university_herbert_wertheim_college_of_medicine_miami_flor,Florida International University Herbert Wertheim College of Medicine,MD,matchguy,The Match Guy,https://thematchguy.com/average-mcat-gpa-medical-school-acceptance/,,365,Florida International University Herbert Wertheim College of Medicine,published school average GPA and MCAT,3.82,510,3,510.3,3.81,1,0.03,high,close_agreement,third_party_candidate_close_agreement,1,exact,
matchguy:366,md_frank_h_netter_md_school_of_medicine_at_quinnipiac_university_north_haven_connec,Frank H. Netter MD School of Medicine at Quinnipiac University,MD,matchguy,The Match Guy,https://thematchguy.com/average-mcat-gpa-medical-school-acceptance/,,366,Frank H. Netter MD School of Medicine at Quinnipiac University,published school average GPA and MCAT,3.7,511,3,511.3,3.69,1,0.02,high,close_agreement,third_party_candidate_close_agreement,1,exact,
matchguy:367,md_geisel_school_of_medicine_at_dartmouth_hanover_new_hampshire,Geisel School of Medicine at Dartmouth,MD,matchguy,The Match Guy,https://thematchguy.com/average-mcat-gpa-medical-school-acceptance/,,367,Geisel School of Medicine at Dartmouth,published school average GPA and MCAT,3.77,516,3,516,3.77,0,0,high,close_agreement,third_party_candidate_close_agreement,1,exact,
matchguy:368,md_geisinger_commonwealth_school_of_medicine_scranton_pennsylvania,Geisinger Commonwealth School of Medicine,MD,matchguy,The Match Guy,https://thematchguy.com/average-mcat-gpa-medical-school-acceptance/,,368,Geisinger Commonwealth School of Medicine,published school average GPA and MCAT,3.81,513.06,3,512.7,3.79,1.1,0.05,high,major_conflict,third_party_candidate_major_conflict,1,exact,
matchguy:369,md_george_washington_university_school_of_medicine_and_health_sciences_washington_d,George Washington University School of Medicine and Health Sciences,MD,matchguy,The Match Guy,https://thematchguy.com/average-mcat-gpa-medical-school-acceptance/,,369,George Washington University School of Medicine and Health Sciences,published school average GPA and MCAT,3.8,515,3,515.2,3.8,0.3,0.03,high,major_conflict,third_party_candidate_major_conflict,1,exact,
matchguy:370,md_georgetown_university_school_of_medicine_washington_district_of_columbia,Georgetown University School of Medicine,MD,matchguy,The Match Guy,https://thematchguy.com/average-mcat-gpa-medical-school-acceptance/,,370,Georgetown University School of Medicine,published school average GPA and MCAT,3.76,513,3,512.6,3.8,3.5,0.03,medium,major_conflict,third_party_candidate_major_conflict,1,exact,
matchguy:371,md_harvard_medical_school_boston_massachusetts,Harvard Medical School,MD,matchguy,The Match Guy,https://thematchguy.com/average-mcat-gpa-medical-school-acceptance/,,371,Harvard Medical School,published school average GPA and MCAT,3.9,520.48,3,520.3,3.91,0.5,0.04,high,minor_conflict,third_party_candidate_minor_conflict,1,exact,
matchguy:372,md_indiana_university_school_of_medicine_indianapolis_indiana,Indiana University School of Medicine,MD,matchguy,The Match Guy,https://thematchguy.com/average-mcat-gpa-medical-school-acceptance/,,372,Indiana University School of Medicine,published school average GPA and MCAT,3.85,512,3,513.7,3.83,1.7,0.05,high,major_conflict,third_party_candidate_major_conflict,1,exact,
matchguy:373,md_jacobs_school_of_medicine_and_biomedical_sciences_at_the_university_at_buffalo_b,Jacobs School of Medicine and Biomedical Sciences at the University at Buffalo,MD,matchguy,The Match Guy,https://thematchguy.com/average-mcat-gpa-medical-school-acceptance/,,373,Jacobs School of Medicine and Biomedical Sciences at the University at Buffalo,published school average GPA and MCAT,3.7,510,3,510.7,3.72,2,0.05,high,minor_conflict,third_party_candidate_minor_conflict,1,exact,
matchguy:374,md_johns_hopkins_university_school_of_medicine_baltimore_maryland,Johns Hopkins University School of Medicine,MD,matchguy,The Match Guy,https://thematchguy.com/average-mcat-gpa-medical-school-acceptance/,,374,Johns Hopkins University School of Medicine,published school average GPA and MCAT,3.94,520,3,513.7,3.83,1.7,0.05,high,major_conflict,third_party_candidate_major_conflict,1,exact,
matchguy:375,md_kaiser_permanente_bernard_j_tyson_school_of_medicine_pasadena_california,Kaiser Permanente Bernard J. Tyson School of Medicine,MD,matchguy,The Match Guy,https://thematchguy.com/average-mcat-gpa-medical-school-acceptance/,,375,Kaiser Permanente Bernard J. Tyson School of Medicine,published school average GPA and MCAT,3.78,514,1,514,3.78,0,0,low,single_source,third_party_candidate_single_source,1,exact,
matchguy:376,md_keck_school_of_medicine_of_the_university_of_southern_california_los_angeles_cal,Keck School of Medicine of the University of Southern California,MD,matchguy,The Match Guy,https://thematchguy.com/average-mcat-gpa-medical-school-acceptance/,,376,Keck School of Medicine of the University of Southern California,published school average GPA and MCAT,3.85,517,1,517,3.85,0,0,low,single_source,third_party_candidate_single_source,1,exact,
matchguy:377,md_loma_linda_university_school_of_medicine_loma_linda_california,Loma Linda University School of Medicine,MD,matchguy,The Match Guy,https://thematchguy.com/average-mcat-gpa-medical-school-acceptance/,,377,Loma Linda University School of Medicine,published school average GPA and MCAT,3.8,509,3,513.7,3.83,1.7,0.05,high,major_conflict,third_party_candidate_major_conflict,1,exact,
matchguy:378,md_louisiana_state_university_school_of_medicine_in_shreveport_shreveport_louisiana,Louisiana State University School of Medicine in Shreveport,MD,matchguy,The Match Guy,https://thematchguy.com/average-mcat-gpa-medical-school-acceptance/,,378,Louisiana State University School of Medicine in Shreveport,published school average GPA and MCAT,3.7,507,1,507,3.7,0,0,low,single_source,third_party_candidate_single_source,1,exact,
matchguy:379,md_loyola_university_chicago_stritch_school_of_medicine_maywood_illinois,Loyola University Chicago Stritch School of Medicine,MD,matchguy,The Match Guy,https://thematchguy.com/average-mcat-gpa-medical-school-acceptance/,,379,Loyola University Chicago Stritch School of Medicine,published school average GPA and MCAT,3.8,512,3,515,3.83,4.5,0.06,medium,major_conflict,third_party_candidate_major_conflict,1,exact,
matchguy:380,md_marshall_university_joan_c_edwards_school_of_medicine_huntington_west_virginia,Marshall University Joan C. Edwards School of Medicine,MD,matchguy,The Match Guy,https://thematchguy.com/average-mcat-gpa-medical-school-acceptance/,,380,Marshall University Joan C. Edwards School of Medicine,published school average GPA and MCAT,3.81,506,3,504.7,3.77,4,0.11,medium,major_conflict,third_party_candidate_major_conflict,1,exact,
matchguy:381,md_suny_downstate_health_sciences_university_college_of_medicine_brooklyn_new_york,SUNY Downstate Health Sciences University College of Medicine,MD,matchguy,The Match Guy,https://thematchguy.com/average-mcat-gpa-medical-school-acceptance/,,381,"Max Rady College of Medicine, Rady Faculty of Health Sciences, University of Manitoba",published school average GPA and MCAT,4.27,513,1,513,4.27,0,0,low,single_source,third_party_candidate_single_source,0.724,no_match,
matchguy:382,md_mayo_clinic_alix_school_of_medicine_rochester_minnesota,Mayo Clinic Alix School of Medicine,MD,matchguy,The Match Guy,https://thematchguy.com/average-mcat-gpa-medical-school-acceptance/,,382,Mayo Clinic Alix School of Medicine,published school average GPA and MCAT,3.95,521,2,521,3.95,0,0,high,close_agreement,third_party_candidate_close_agreement,1,exact,
matchguy:383,md_mercer_university_school_of_medicine_macon_georgia,Mercer University School of Medicine,MD,matchguy,The Match Guy,https://thematchguy.com/average-mcat-gpa-medical-school-acceptance/,,383,McGill University Faculty of Medicine,published school average GPA and MCAT,3.8,,1,505,3.8,0,0,low,single_source,third_party_candidate_single_source,0.746,no_match,
matchguy:384,md_medical_college_of_georgia_at_augusta_university_augusta_georgia,Medical College of Georgia at Augusta University,MD,matchguy,The Match Guy,https://thematchguy.com/average-mcat-gpa-medical-school-acceptance/,,384,Medical College of Georgia at Augusta University,published school average GPA and MCAT,3.8,513,3,512.7,3.81,1,0.02,high,close_agreement,third_party_candidate_close_agreement,1,exact,
matchguy:385,md_medical_university_of_south_carolina_college_of_medicine_charleston_south_caroli,Medical University of South Carolina College of Medicine,MD,matchguy,The Match Guy,https://thematchguy.com/average-mcat-gpa-medical-school-acceptance/,,385,Medical University of South Carolina College of Medicine,published school average GPA and MCAT,3.7,511,3,513.1,3.79,6,0.15,low,major_conflict,third_party_candidate_major_conflict,1,exact,
matchguy:386,md_mercer_university_school_of_medicine_macon_georgia,Mercer University School of Medicine,MD,matchguy,The Match Guy,https://thematchguy.com/average-mcat-gpa-medical-school-acceptance/,,386,Mercer University School of Medicine,published school average GPA and MCAT,3.69,503,3,512.6,3.8,3.5,0.03,medium,major_conflict,third_party_candidate_major_conflict,1,exact,
matchguy:387,md_michigan_state_university_college_of_human_medicine_east_lansing_michigan,Michigan State University College of Human Medicine,MD,matchguy,The Match Guy,https://thematchguy.com/average-mcat-gpa-medical-school-acceptance/,,387,Michigan State University College of Human Medicine,published school average GPA and MCAT,3,,3,508,3.49,2,0.76,low,major_conflict,third_party_candidate_major_conflict,1,exact,
matchguy:388,md_morehouse_school_of_medicine_atlanta_georgia,Morehouse School of Medicine,MD,matchguy,The Match Guy,https://thematchguy.com/average-mcat-gpa-medical-school-acceptance/,,388,Morehouse School of Medicine,published school average GPA and MCAT,3.64,505.6,3,504.6,3.64,1.6,0.01,high,major_conflict,third_party_candidate_major_conflict,1,exact,
matchguy:389,md_new_york_medical_college_valhalla_new_york,New York Medical College,MD,matchguy,The Match Guy,https://thematchguy.com/average-mcat-gpa-medical-school-acceptance/,,389,New York Medical College,published school average GPA and MCAT,3.73,515,3,514.7,3.68,3,0.13,medium,major_conflict,third_party_candidate_major_conflict,1,exact,
matchguy:390,md_emory_university_school_of_medicine_atlanta_georgia,Emory University School of Medicine,MD,matchguy,The Match Guy,https://thematchguy.com/average-mcat-gpa-medical-school-acceptance/,,390,New York University Grossman School of Medicine,published school average GPA and MCAT,3.95,522.39,2,520.9,3.96,2.9,0.01,medium,major_conflict,third_party_candidate_major_conflict,0.789,review,
matchguy:391,md_northeast_ohio_medical_university_college_of_medicine_rootstown_ohio,Northeast Ohio Medical University College of Medicine,MD,matchguy,The Match Guy,https://thematchguy.com/average-mcat-gpa-medical-school-acceptance/,,391,Northeast Ohio Medical University,published school average GPA and MCAT,3.75,511,3,509.7,3.75,4,0.01,medium,major_conflict,third_party_candidate_major_conflict,0.795,review,
matchguy:392,md_morehouse_school_of_medicine_atlanta_georgia,Morehouse School of Medicine,MD,matchguy,The Match Guy,https://thematchguy.com/average-mcat-gpa-medical-school-acceptance/,,392,Northern Ontario School of Medicine,published school average GPA and MCAT,3.79,,1,,3.79,,0,low,single_source,third_party_candidate_single_source,0.702,no_match,
matchguy:393,md_northwestern_university_feinberg_school_of_medicine_chicago_illinois,Northwestern University Feinberg School of Medicine,MD,matchguy,The Match Guy,https://thematchguy.com/average-mcat-gpa-medical-school-acceptance/,,393,Northwestern University The Feinberg School of Medicine,published school average GPA and MCAT,3.93,521,3,520.7,3.92,1,0.02,high,close_agreement,third_party_candidate_close_agreement,1,exact,
matchguy:394,md_nova_southeastern_university_dr_kiran_c_patel_college_of_allopathic_medicine_for,Nova Southeastern University Dr. Kiran C. Patel College of Allopathic Medicine,MD,matchguy,The Match Guy,https://thematchguy.com/average-mcat-gpa-medical-school-acceptance/,,394,Nova Southeastern University Dr. Kiran C. Patel College of Allopathic Medicine,published school average GPA and MCAT,3.75,512,2,510.5,3.71,3,0.08,medium,major_conflict,third_party_candidate_major_conflict,1,exact,
matchguy:395,md_oakland_university_william_beaumont_school_of_medicine_rochester_michigan,Oakland University William Beaumont School of Medicine,MD,matchguy,The Match Guy,https://thematchguy.com/average-mcat-gpa-medical-school-acceptance/,,395,Oakland University William Beaumont School of Medicine,published school average GPA and MCAT,3.89,510,3,510,3.88,0,0.04,high,close_agreement,third_party_candidate_close_agreement,1,exact,
matchguy:396,md_the_ohio_state_university_college_of_medicine_columbus_ohio,The Ohio State University College of Medicine,MD,matchguy,The Match Guy,https://thematchguy.com/average-mcat-gpa-medical-school-acceptance/,,396,Ohio State University College of Medicine,published school average GPA and MCAT,3.83,514,3,513.8,3.83,6.5,0.17,low,major_conflict,third_party_candidate_major_conflict,1,exact,
matchguy:397,md_oregon_health_and_science_university_school_of_medicine_portland_oregon,Oregon Health & Science University School of Medicine,MD,matchguy,The Match Guy,https://thematchguy.com/average-mcat-gpa-medical-school-acceptance/,,397,Oregon Health & Science University School of Medicine,published school average GPA and MCAT,3.66,509,3,510,3.7,3,0.11,medium,major_conflict,third_party_candidate_major_conflict,1,exact,
matchguy:398,md_raymond_and_ruth_perelman_school_of_medicine_at_the_university_of_pennsylvania_p,Raymond and Ruth Perelman School of Medicine at the University of Pennsylvania,MD,matchguy,The Match Guy,https://thematchguy.com/average-mcat-gpa-medical-school-acceptance/,,398,Perelman School of Medicine at the University of Pennsylvania,published school average GPA and MCAT,3.94,521.7,3,521.6,3.95,1,0.03,high,close_agreement,third_party_candidate_close_agreement,0.881,review,
matchguy:399,md_university_of_north_dakota_school_of_medicine_and_health_sciences_grand_forks_no,University of North Dakota School of Medicine and Health Sciences,MD,matchguy,The Match Guy,https://thematchguy.com/average-mcat-gpa-medical-school-acceptance/,,399,Queen’s University Faculty of Health Sciences,published school average GPA and MCAT,3.75,513,1,513,3.75,0,0,low,single_source,third_party_candidate_single_source,0.708,no_match,
matchguy:400,md_rush_medical_college_of_rush_university_medical_center_chicago_illinois,Rush Medical College of Rush University Medical Center,MD,matchguy,The Match Guy,https://thematchguy.com/average-mcat-gpa-medical-school-acceptance/,,400,Rush Medical College of Rush University Medical Center,published school average GPA and MCAT,3.72,510,1,510,3.72,0,0,low,single_source,third_party_candidate_single_source,1,exact,
matchguy:401,md_saint_louis_university_school_of_medicine_st_louis_missouri,Saint Louis University School of Medicine,MD,matchguy,The Match Guy,https://thematchguy.com/average-mcat-gpa-medical-school-acceptance/,,401,Saint Louis University School of Medicine,published school average GPA and MCAT,3.9,514,3,513.7,3.83,1.7,0.05,high,major_conflict,third_party_candidate_major_conflict,1,exact,
matchguy:402,md_sidney_kimmel_medical_college_at_thomas_jefferson_university_philadelphia_pennsy,Sidney Kimmel Medical College at Thomas Jefferson University,MD,matchguy,The Match Guy,https://thematchguy.com/average-mcat-gpa-medical-school-acceptance/,,402,Sidney Kimmel Medical College at Thomas Jefferson University,published school average GPA and MCAT,3.8,513,3,513.3,3.8,1,0,high,close_agreement,third_party_candidate_close_agreement,1,exact,
matchguy:403,md_southern_illinois_university_school_of_medicine_springfield_illinois,Southern Illinois University School of Medicine,MD,matchguy,The Match Guy,https://thematchguy.com/average-mcat-gpa-medical-school-acceptance/,,403,Southern Illinois University School of Medicine,published school average GPA and MCAT,2.8,,3,510.5,3.45,1,1,low,major_conflict,third_party_candidate_major_conflict,1,exact,
matchguy:404,md_stanford_university_school_of_medicine_palo_alto_california,Stanford University School of Medicine,MD,matchguy,The Match Guy,https://thematchguy.com/average-mcat-gpa-medical-school-acceptance/,,404,Stanford University School of Medicine,published school average GPA and MCAT,,,3,513.7,3.83,1.7,0.05,high,major_conflict,third_party_candidate_major_conflict,1,exact,
matchguy:405,md_state_university_of_new_york_upstate_medical_university_alan_and_marlene_norton_,State University of New York Upstate Medical University Alan and Marlene Norton College of Medicine,MD,matchguy,The Match Guy,https://thematchguy.com/average-mcat-gpa-medical-school-acceptance/,,405,State University of New York Upstate Medical University,published school average GPA and MCAT,3.74,512,1,512,3.74,0,0,low,major_conflict,third_party_candidate_major_conflict,0.738,no_match,
matchguy:406,md_cuny_school_of_medicine_new_york_new_york,CUNY School of Medicine,MD,matchguy,The Match Guy,https://thematchguy.com/average-mcat-gpa-medical-school-acceptance/,,406,TCU and UNTHSC School of Medicine,published school average GPA and MCAT,3.81,512,2,512,3.81,0,0,high,close_agreement,third_party_candidate_close_agreement,0.826,review,
matchguy:407,md_paul_l_foster_school_of_medicine_texas_tech_university_health_sciences_center_at,Paul L. Foster School of Medicine Texas Tech University Health Sciences Center at El Paso,MD,matchguy,The Match Guy,https://thematchguy.com/average-mcat-gpa-medical-school-acceptance/,,407,Texas Tech University Health Sciences Center Paul L. Foster School of Medicine,published school average GPA and MCAT,3.84,509,3,509.7,3.83,2,0.04,high,major_conflict,third_party_candidate_major_conflict,0.949,high_confidence,
matchguy:408,md_the_university_of_texas_at_san_antonio_joe_r_and_teresa_lozano_long_school_of_me,The University of Texas at San Antonio Joe R. and Teresa Lozano Long School of Medicine,MD,matchguy,The Match Guy,https://thematchguy.com/average-mcat-gpa-medical-school-acceptance/,,408,The University of Texas Health Science Center at San Antonio Joe R. and Teresa Lozano Long School of Medicine,published school average GPA and MCAT,3.87,517.6,1,517.6,3.87,0,0,low,single_source,third_party_candidate_single_source,0.863,review,
matchguy:409,md_university_of_toledo_college_of_medicine_and_life_sciences_toledo_ohio,University of Toledo College of Medicine and Life Sciences,MD,matchguy,The Match Guy,https://thematchguy.com/average-mcat-gpa-medical-school-acceptance/,,409,The University of Toledo College of Medicine and Life Sciences,published school average GPA and MCAT,3.78,510,3,510,3.77,0,0.02,high,close_agreement,third_party_candidate_close_agreement,1,exact,
matchguy:410,md_university_of_rochester_school_of_medicine_and_dentistry_rochester_new_york,University of Rochester School of Medicine and Dentistry,MD,matchguy,The Match Guy,https://thematchguy.com/average-mcat-gpa-medical-school-acceptance/,,410,The University of Western Ontario - Schulich School of Medicine & Dentistry,published school average GPA and MCAT,3.96,513,1,513,3.96,0,0,low,single_source,third_party_candidate_single_source,0.785,review,
matchguy:411,md_tufts_university_school_of_medicine_boston_massachusetts,Tufts University School of Medicine,MD,matchguy,The Match Guy,https://thematchguy.com/average-mcat-gpa-medical-school-acceptance/,,411,Tufts University School of Medicine,published school average GPA and MCAT,3.82,514,3,512.6,3.8,3.5,0.03,medium,major_conflict,third_party_candidate_major_conflict,1,exact,
matchguy:412,md_tulane_university_school_of_medicine_new_orleans_louisiana,Tulane University School of Medicine,MD,matchguy,The Match Guy,https://thematchguy.com/average-mcat-gpa-medical-school-acceptance/,,412,Tulane University School of Medicine,published school average GPA and MCAT,3.7,510,3,513.7,3.83,1.7,0.05,high,major_conflict,third_party_candidate_major_conflict,1,exact,
matchguy:413,md_uniformed_services_university_of_the_health_sciences_f_edward_h_bert_school_of_m,"Uniformed Services University of the Health Sciences, F. Edward Hébert School of Medicine",MD,matchguy,The Match Guy,https://thematchguy.com/average-mcat-gpa-medical-school-acceptance/,,413,Uniformed Services University of the Health Sciences F. Edward Hebert School of Medicine,published school average GPA and MCAT,3.7,510,3,510,3.72,0,0.06,high,minor_conflict,third_party_candidate_minor_conflict,1,exact,
matchguy:414,md_loma_linda_university_school_of_medicine_loma_linda_california,Loma Linda University School of Medicine,MD,matchguy,The Match Guy,https://thematchguy.com/average-mcat-gpa-medical-school-acceptance/,,414,University of Alabama School of Medicine,published school average GPA and MCAT,3.87,509.4,3,511.5,3.82,4.8,0.08,medium,major_conflict,third_party_candidate_major_conflict,0.873,review,
matchguy:415,md_university_of_rochester_school_of_medicine_and_dentistry_rochester_new_york,University of Rochester School of Medicine and Dentistry,MD,matchguy,The Match Guy,https://thematchguy.com/average-mcat-gpa-medical-school-acceptance/,,415,University of Alberta Faculty of Medicine and Dentistry,published school average GPA and MCAT,3.84,,1,,3.84,,0,low,single_source,third_party_candidate_single_source,0.769,review,
matchguy:416,md_university_of_arizona_college_of_medicine_phoenix_phoenix_arizona,University of Arizona College of Medicine - Phoenix,MD,matchguy,The Match Guy,https://thematchguy.com/average-mcat-gpa-medical-school-acceptance/,,416,University of Arizona College of Medicine - Phoenix,published school average GPA and MCAT,3.8,516,3,512.2,3.78,8,0.06,low,major_conflict,third_party_candidate_major_conflict,1,exact,
matchguy:417,md_university_of_arizona_college_of_medicine_tucson_tucson_arizona,University of Arizona College of Medicine - Tucson,MD,matchguy,The Match Guy,https://thematchguy.com/average-mcat-gpa-medical-school-acceptance/,,417,University of Arizona College of Medicine - Tucson,published school average GPA and MCAT,,,3,512.2,3.78,8,0.06,low,major_conflict,third_party_candidate_major_conflict,1,exact,
matchguy:418,md_university_of_arkansas_for_medical_sciences_college_of_medicine_little_rock_arka,University of Arkansas for Medical Sciences College of Medicine,MD,matchguy,The Match Guy,https://thematchguy.com/average-mcat-gpa-medical-school-acceptance/,,418,University of Arkansas for Medical Sciences College of Medicine,published school average GPA and MCAT,3.83,509,3,508,3.84,2,0.02,high,minor_conflict,third_party_candidate_minor_conflict,1,exact,
matchguy:419,md_university_of_california_davis_school_of_medicine_davis_california,"University of California, Davis School of Medicine",MD,matchguy,The Match Guy,https://thematchguy.com/average-mcat-gpa-medical-school-acceptance/,,419,"University of California, Davis, School of Medicine",published school average GPA and MCAT,3.72,509,3,511.5,3.82,4.8,0.08,medium,major_conflict,third_party_candidate_major_conflict,1,exact,
matchguy:420,md_university_of_california_irvine_school_of_medicine_irvine_california,"University of California, Irvine School of Medicine",MD,matchguy,The Match Guy,https://thematchguy.com/average-mcat-gpa-medical-school-acceptance/,,420,"University of California, Irvine, School of Medicine",published school average GPA and MCAT,3.86,516,3,513.2,3.77,0.7,0.01,high,major_conflict,third_party_candidate_major_conflict,1,exact,
matchguy:421,md_university_of_california_riverside_school_of_medicine_riverside_california,"University of California, Riverside School of Medicine",MD,matchguy,The Match Guy,https://thematchguy.com/average-mcat-gpa-medical-school-acceptance/,,421,"University of California, Riverside School of Medicine",published school average GPA and MCAT,3.66,509,3,513.2,3.77,0.7,0.01,high,major_conflict,third_party_candidate_major_conflict,1,exact,
matchguy:422,md_university_of_california_san_diego_school_of_medicine_san_diego_california,"University of California, San Diego School of Medicine",MD,matchguy,The Match Guy,https://thematchguy.com/average-mcat-gpa-medical-school-acceptance/,,422,"University of California, San Diego School of Medicine",published school average GPA and MCAT,3.83,514.4,3,513.2,3.77,0.7,0.01,high,major_conflict,third_party_candidate_major_conflict,1,exact,
matchguy:423,md_university_of_cincinnati_college_of_medicine_cincinnati_ohio,University of Cincinnati College of Medicine,MD,matchguy,The Match Guy,https://thematchguy.com/average-mcat-gpa-medical-school-acceptance/,,423,University of Cincinnati College of Medicine,published school average GPA and MCAT,3.83,513,3,513.2,3.82,3,0.04,medium,major_conflict,third_party_candidate_major_conflict,1,exact,
matchguy:424,md_university_of_colorado_school_of_medicine_denver_colorado,University of Colorado School of Medicine,MD,matchguy,The Match Guy,https://thematchguy.com/average-mcat-gpa-medical-school-acceptance/,,424,University of Colorado School of Medicine,published school average GPA and MCAT,,500,3,511.5,3.82,4.8,0.08,medium,major_conflict,third_party_candidate_major_conflict,1,exact,
matchguy:425,md_university_of_florida_college_of_medicine_gainesville_florida,University of Florida College of Medicine,MD,matchguy,The Match Guy,https://thematchguy.com/average-mcat-gpa-medical-school-acceptance/,,425,University of Florida College of Medicine,published school average GPA and MCAT,,500,3,509.7,3.88,14.5,0.01,low,major_conflict,third_party_candidate_major_conflict,1,exact,
matchguy:426,md_john_a_burns_school_of_medicine_university_of_hawaii_at_manoa_honolulu_hawaii,John A. Burns School of Medicine University of Hawaii at Manoa,MD,matchguy,The Match Guy,https://thematchguy.com/average-mcat-gpa-medical-school-acceptance/,,426,"University of Hawaii, John A. Burns School of Medicine",published school average GPA and MCAT,3.79,512,3,512.3,3.81,1,0.05,high,close_agreement,third_party_candidate_close_agreement,0.939,high_confidence,
matchguy:427,md_howard_university_college_of_medicine_washington_district_of_columbia,Howard University College of Medicine,MD,matchguy,The Match Guy,https://thematchguy.com/average-mcat-gpa-medical-school-acceptance/,,427,University of Houston College of Medicine,published school average GPA and MCAT,3.84,512,3,513.2,3.82,3,0.04,medium,major_conflict,third_party_candidate_major_conflict,0.87,review,
matchguy:428,md_university_of_illinois_college_of_medicine_chicago_illinois,University of Illinois College of Medicine,MD,matchguy,The Match Guy,https://thematchguy.com/average-mcat-gpa-medical-school-acceptance/,,428,University of Illinois College of Medicine,published school average GPA and MCAT,3.82,511,3,513.2,3.82,3,0.04,medium,major_conflict,third_party_candidate_major_conflict,1,exact,
matchguy:429,md_university_of_iowa_roy_j_and_lucille_a_carver_college_of_medicine_iowa_city_iowa,University of Iowa Roy J. and Lucille A. Carver College of Medicine,MD,matchguy,The Match Guy,https://thematchguy.com/average-mcat-gpa-medical-school-acceptance/,,429,University of Iowa Roy J. and Lucille A. Carver College of Medicine,published school average GPA and MCAT,3,514,1,514,3,0,0,low,single_source,third_party_candidate_single_source,1,exact,
matchguy:430,md_university_of_kansas_school_of_medicine_kansas_city_kansas,University of Kansas School of Medicine,MD,matchguy,The Match Guy,https://thematchguy.com/average-mcat-gpa-medical-school-acceptance/,,430,University of Kansas School of Medicine,published school average GPA and MCAT,3.84,509,3,511.5,3.82,4.8,0.08,medium,major_conflict,third_party_candidate_major_conflict,1,exact,
matchguy:431,md_university_of_kentucky_college_of_medicine_lexington_kentucky,University of Kentucky College of Medicine,MD,matchguy,The Match Guy,https://thematchguy.com/average-mcat-gpa-medical-school-acceptance/,,431,University of Kentucky College of Medicine,published school average GPA and MCAT,3.83,506,3,507.3,3.83,2,0.03,high,minor_conflict,third_party_candidate_minor_conflict,1,exact,
matchguy:432,md_university_of_louisville_school_of_medicine_louisville_kentucky,University of Louisville School of Medicine,MD,matchguy,The Match Guy,https://thematchguy.com/average-mcat-gpa-medical-school-acceptance/,,432,University of Louisville School of Medicine,published school average GPA and MCAT,3.73,508,3,513.2,3.77,0.7,0.01,high,major_conflict,third_party_candidate_major_conflict,1,exact,
matchguy:433,md_university_of_maryland_school_of_medicine_baltimore_maryland,University of Maryland School of Medicine,MD,matchguy,The Match Guy,https://thematchguy.com/average-mcat-gpa-medical-school-acceptance/,,433,University of Maryland School of Medicine,published school average GPA and MCAT,3.83,,3,511.5,3.82,4.8,0.08,medium,major_conflict,third_party_candidate_major_conflict,1,exact,
matchguy:434,md_university_of_massachusetts_t_h_chan_school_of_medicine_worcester_massachusetts,University of Massachusetts T.H. Chan School of Medicine,MD,matchguy,The Match Guy,https://thematchguy.com/average-mcat-gpa-medical-school-acceptance/,,434,University of Massachusetts Medical School,published school average GPA and MCAT,3.87,512,3,513,3.82,5,0.11,medium,major_conflict,third_party_candidate_major_conflict,0.841,review,
matchguy:435,md_university_of_miami_leonard_m_miller_school_of_medicine_miami_florida,University of Miami Leonard M. Miller School of Medicine,MD,matchguy,The Match Guy,https://thematchguy.com/average-mcat-gpa-medical-school-acceptance/,,435,University of Miami Leonard M. Miller School of Medicine,published school average GPA and MCAT,3.85,516,3,508.9,3.83,3,0.08,medium,major_conflict,third_party_candidate_major_conflict,1,exact,
matchguy:436,md_university_of_michigan_medical_school_ann_arbor_michigan,University of Michigan Medical School,MD,matchguy,The Match Guy,https://thematchguy.com/average-mcat-gpa-medical-school-acceptance/,,436,University of Michigan Medical School,published school average GPA and MCAT,3.85,,3,517,3.86,2,0.02,high,minor_conflict,third_party_candidate_minor_conflict,1,exact,
matchguy:437,md_university_of_mississippi_school_of_medicine_jackson_mississippi,University of Mississippi School of Medicine,MD,matchguy,The Match Guy,https://thematchguy.com/average-mcat-gpa-medical-school-acceptance/,,437,University of Mississippi School of Medicine,published school average GPA and MCAT,3.8,506,3,508.9,3.83,3,0.08,medium,major_conflict,third_party_candidate_major_conflict,1,exact,
matchguy:438,md_university_of_missouri_columbia_school_of_medicine_columbia_missouri,University of Missouri-Columbia School of Medicine,MD,matchguy,The Match Guy,https://thematchguy.com/average-mcat-gpa-medical-school-acceptance/,,438,University of Missouri-Columbia School of Medicine,published school average GPA and MCAT,3.84,511,3,508.9,3.83,3,0.08,medium,major_conflict,third_party_candidate_major_conflict,1,exact,
matchguy:439,md_university_of_new_mexico_school_of_medicine_albuquerque_new_mexico,University of New Mexico School of Medicine,MD,matchguy,The Match Guy,https://thematchguy.com/average-mcat-gpa-medical-school-acceptance/,,439,University of New Mexico School of Medicine,published school average GPA and MCAT,3.75,507,3,508.1,3.78,2.5,0.04,medium,major_conflict,third_party_candidate_major_conflict,1,exact,
matchguy:440,md_university_of_north_carolina_school_of_medicine_chapel_hill_north_carolina,University of North Carolina School of Medicine,MD,matchguy,The Match Guy,https://thematchguy.com/average-mcat-gpa-medical-school-acceptance/,,440,University of North Carolina at Chapel Hill School of Medicine,published school average GPA and MCAT,3.79,514,3,513.7,3.79,3,0.01,medium,major_conflict,third_party_candidate_major_conflict,0.872,review,
matchguy:441,md_university_of_oklahoma_college_of_medicine_oklahoma_city_oklahoma,University of Oklahoma College of Medicine,MD,matchguy,The Match Guy,https://thematchguy.com/average-mcat-gpa-medical-school-acceptance/,,441,University of Oklahoma College of Medicine,published school average GPA and MCAT,3,,3,510.2,3.57,1.5,0.88,low,major_conflict,third_party_candidate_major_conflict,1,exact,
matchguy:442,md_university_of_oklahoma_college_of_medicine_oklahoma_city_oklahoma,University of Oklahoma College of Medicine,MD,matchguy,The Match Guy,https://thematchguy.com/average-mcat-gpa-medical-school-acceptance/,,442,University of Ottawa Faculty of Medicine,published school average GPA and MCAT,3.74,510,1,510,3.84,0,0,low,single_source,third_party_candidate_single_source,0.743,no_match,
matchguy:443,md_university_of_pittsburgh_school_of_medicine_pittsburgh_pennsylvania,University of Pittsburgh School of Medicine,MD,matchguy,The Match Guy,https://thematchguy.com/average-mcat-gpa-medical-school-acceptance/,,443,University of Pittsburgh School of Medicine,published school average GPA and MCAT,3.91,516,3,511.5,3.82,4.8,0.08,medium,major_conflict,third_party_candidate_major_conflict,1,exact,
matchguy:444,md_university_of_new_mexico_school_of_medicine_albuquerque_new_mexico,University of New Mexico School of Medicine,MD,matchguy,The Match Guy,https://thematchguy.com/average-mcat-gpa-medical-school-acceptance/,,444,University of Puerto Rico School of Medicine,published school average GPA and MCAT,3.8,506,3,508.1,3.78,2.5,0.04,medium,major_conflict,third_party_candidate_major_conflict,0.853,review,
matchguy:445,md_university_of_rochester_school_of_medicine_and_dentistry_rochester_new_york,University of Rochester School of Medicine and Dentistry,MD,matchguy,The Match Guy,https://thematchguy.com/average-mcat-gpa-medical-school-acceptance/,,445,University of Rochester School of Medicine and Dentistry,published school average GPA and MCAT,3.43,517,3,517.3,3.62,1,0.41,low,major_conflict,third_party_candidate_major_conflict,1,exact,
matchguy:446,md_roseman_university_college_of_medicine_las_vegas_nevada,Roseman University College of Medicine,MD,matchguy,The Match Guy,https://thematchguy.com/average-mcat-gpa-medical-school-acceptance/,,446,University of Saskatchewan College of Medicine,published school average GPA and MCAT,,507,2,510,3.9,6,0,low,major_conflict,third_party_candidate_major_conflict,0.853,review,
matchguy:447,md_university_of_north_carolina_school_of_medicine_chapel_hill_north_carolina,University of North Carolina School of Medicine,MD,matchguy,The Match Guy,https://thematchguy.com/average-mcat-gpa-medical-school-acceptance/,,447,University of South Carolina School of Medicine Columbia,published school average GPA and MCAT,3.77,508,3,508.8,3.78,1,0.06,high,minor_conflict,third_party_candidate_minor_conflict,0.857,review,
matchguy:448,md_university_of_south_carolina_school_of_medicine_greenville_greenville_south_caro,"University of South Carolina School of Medicine, Greenville",MD,matchguy,The Match Guy,https://thematchguy.com/average-mcat-gpa-medical-school-acceptance/,,448,University of South Carolina School of Medicine Greenville,published school average GPA and MCAT,,509,3,508.8,3.78,1,0.06,high,minor_conflict,third_party_candidate_minor_conflict,1,exact,
matchguy:449,md_university_of_tennessee_health_science_center_college_of_medicine_memphis_tennes,University of Tennessee Health Science Center College of Medicine,MD,matchguy,The Match Guy,https://thematchguy.com/average-mcat-gpa-medical-school-acceptance/,,449,University of Tennessee Health Science Center College of Medicine,published school average GPA and MCAT,3.83,513,3,513,3.83,0,0.01,high,close_agreement,third_party_candidate_close_agreement,1,exact,
matchguy:450,md_university_of_texas_medical_branch_john_sealy_school_of_medicine_galveston_texas,University of Texas Medical Branch John Sealy School of Medicine,MD,matchguy,The Match Guy,https://thematchguy.com/average-mcat-gpa-medical-school-acceptance/,,450,University of Texas Medical Branch School of Medicine,published school average GPA and MCAT,3.8,511,3,511.3,3.82,1,0.1,medium,major_conflict,third_party_candidate_major_conflict,0.895,review,
matchguy:451,md_university_of_texas_southwestern_medical_school_dallas_texas,University of Texas Southwestern Medical School,MD,matchguy,The Match Guy,https://thematchguy.com/average-mcat-gpa-medical-school-acceptance/,,451,University of Texas Southwestern Medical School,published school average GPA and MCAT,3.89,516,3,517,3.92,2,0.07,high,minor_conflict,third_party_candidate_minor_conflict,1,exact,
matchguy:452,md_roseman_university_college_of_medicine_las_vegas_nevada,Roseman University College of Medicine,MD,matchguy,The Match Guy,https://thematchguy.com/average-mcat-gpa-medical-school-acceptance/,,452,University of Toronto Faculty of Medicine,published school average GPA and MCAT,3.94,,1,510,3.84,0,0,low,single_source,third_party_candidate_single_source,0.743,no_match,
matchguy:453,md_university_of_virginia_school_of_medicine_charlottesville_virginia,University of Virginia School of Medicine,MD,matchguy,The Match Guy,https://thematchguy.com/average-mcat-gpa-medical-school-acceptance/,,453,University of Virginia School of Medicine,published school average GPA and MCAT,3.85,518,3,515.5,3.82,1.5,0.1,high,major_conflict,third_party_candidate_major_conflict,1,exact,
matchguy:454,md_university_of_wisconsin_school_of_medicine_and_public_health_madison_wisconsin,University of Wisconsin School of Medicine and Public Health,MD,matchguy,The Match Guy,https://thematchguy.com/average-mcat-gpa-medical-school-acceptance/,,454,University of Wisconsin School of Medicine and Public Health,published school average GPA and MCAT,3.78,511,3,511.7,3.79,2,0.02,high,minor_conflict,third_party_candidate_minor_conflict,1,exact,
matchguy:455,md_usf_health_morsani_college_of_medicine_tampa_florida,USF Health Morsani College of Medicine,MD,matchguy,The Match Guy,https://thematchguy.com/average-mcat-gpa-medical-school-acceptance/,,455,USF Health Morsani College of Medicine,published school average GPA and MCAT,3.96,520,1,520,3.96,0,0,low,single_source,third_party_candidate_single_source,1,exact,
matchguy:456,md_virginia_commonwealth_university_school_of_medicine_richmond_virginia,Virginia Commonwealth University School of Medicine,MD,matchguy,The Match Guy,https://thematchguy.com/average-mcat-gpa-medical-school-acceptance/,,456,Virginia Commonwealth University School of Medicine,published school average GPA and MCAT,3.79,512,3,515.5,3.82,1.5,0.1,high,major_conflict,third_party_candidate_major_conflict,1,exact,
matchguy:457,md_virginia_tech_carilion_school_of_medicine_roanoke_virginia,Virginia Tech Carilion School of Medicine,MD,matchguy,The Match Guy,https://thematchguy.com/average-mcat-gpa-medical-school-acceptance/,,457,Virginia Tech Carilion School of Medicine,published school average GPA and MCAT,3.67,512,1,512,3.67,0,0,low,single_source,third_party_candidate_single_source,1,exact,
matchguy:458,md_alice_l_walton_school_of_medicine_bentonville_arkansas,Alice L. Walton School of Medicine,MD,matchguy,The Match Guy,https://thematchguy.com/average-mcat-gpa-medical-school-acceptance/,,458,Wake Forest School of Medicine of Wake Forest Baptist Medical Center,published school average GPA and MCAT,3.83,511,1,511,3.83,0,0,low,single_source,third_party_candidate_single_source,0.625,no_match,
matchguy:459,md_washington_state_university_elson_s_floyd_college_of_medicine_spokane_washington,Washington State University Elson S. Floyd College of Medicine,MD,matchguy,The Match Guy,https://thematchguy.com/average-mcat-gpa-medical-school-acceptance/,,459,Washington State University Elson S. Floyd College of Medicine,published school average GPA and MCAT,3.64,507.9,2,507.9,3.64,0,0,high,close_agreement,third_party_candidate_close_agreement,1,exact,
matchguy:460,md_washington_university_in_st_louis_school_of_medicine_st_louis_missouri,Washington University in St. Louis School of Medicine,MD,matchguy,The Match Guy,https://thematchguy.com/average-mcat-gpa-medical-school-acceptance/,,460,Washington University in St. Louis School of Medicine,published school average GPA and MCAT,3.92,519.19,1,519.2,3.92,0,0,low,single_source,third_party_candidate_single_source,1,exact,
matchguy:461,md_wayne_state_university_school_of_medicine_detroit_michigan,Wayne State University School of Medicine,MD,matchguy,The Match Guy,https://thematchguy.com/average-mcat-gpa-medical-school-acceptance/,,461,Wayne State University School of Medicine,published school average GPA and MCAT,3.78,,3,513.7,3.83,1.7,0.05,high,major_conflict,third_party_candidate_major_conflict,1,exact,
matchguy:462,md_west_virginia_university_school_of_medicine_morgantown_west_virginia,West Virginia University School of Medicine,MD,matchguy,The Match Guy,https://thematchguy.com/average-mcat-gpa-medical-school-acceptance/,,462,West Virginia University School of Medicine,published school average GPA and MCAT,3.8,511,3,510.2,3.79,2,0.01,high,major_conflict,third_party_candidate_major_conflict,1,exact,
matchguy:463,md_western_michigan_university_homer_stryker_m_d_school_of_medicine_kalamazoo_michi,Western Michigan University Homer Stryker M.D. School of Medicine,MD,matchguy,The Match Guy,https://thematchguy.com/average-mcat-gpa-medical-school-acceptance/,,463,Western Michigan University Homer Stryker M.D. School of Medicine,published school average GPA and MCAT,3.81,512,1,512,3.81,0,0,low,single_source,third_party_candidate_single_source,1,exact,
matchguy:464,md_boonshoft_school_of_medicine_wright_state_university_dayton_ohio,Boonshoft School of Medicine Wright State University,MD,matchguy,The Match Guy,https://thematchguy.com/average-mcat-gpa-medical-school-acceptance/,,464,Wright State University Boonshoft School of Medicine,published school average GPA and MCAT,3.68,508.76,3,508.5,3.7,0.8,0.05,high,close_agreement,third_party_candidate_close_agreement,1,high_confidence,
matchguy:465,md_yale_school_of_medicine_new_haven_connecticut,Yale School of Medicine,MD,matchguy,The Match Guy,https://thematchguy.com/average-mcat-gpa-medical-school-acceptance/,,465,Yale School of Medicine,published school average GPA and MCAT,3.94,521,3,521,3.94,0,0.01,high,minor_conflict,third_party_candidate_minor_conflict,1,exact,
prospectivedoctor:1,md_loma_linda_university_school_of_medicine_loma_linda_california,Loma Linda University School of Medicine,MD,prospectivedoctor,ProspectiveDoctor,https://www.prospectivedoctor.com/gpa-and-mcat/,http://www.uab.edu/medicine/home/future-students/admissions,1,University of Alabama School of Medicine,published school average GPA and MCAT,3.86,510,3,511.5,3.82,4.8,0.08,medium,major_conflict,third_party_candidate_major_conflict,0.873,review,
prospectivedoctor:10,md_stanford_university_school_of_medicine_palo_alto_california,Stanford University School of Medicine,MD,prospectivedoctor,ProspectiveDoctor,https://www.prospectivedoctor.com/gpa-and-mcat/,http://med.stanford.edu/md-admissions.html,10,Stanford University School of Medicine,published school average GPA and MCAT,3.89,519,3,513.7,3.83,1.7,0.05,high,major_conflict,third_party_candidate_major_conflict,1,exact,
prospectivedoctor:100,md_the_ohio_state_university_college_of_medicine_columbus_ohio,The Ohio State University College of Medicine,MD,prospectivedoctor,ProspectiveDoctor,https://www.prospectivedoctor.com/gpa-and-mcat/,https://medicine.osu.edu/education/md/admissions,100,The Ohio State University College of Medicine,published school average GPA and MCAT,3.92,517,3,513.8,3.83,6.5,0.17,low,major_conflict,third_party_candidate_major_conflict,1,exact,
prospectivedoctor:101,md_university_of_toledo_college_of_medicine_and_life_sciences_toledo_ohio,University of Toledo College of Medicine and Life Sciences,MD,prospectivedoctor,ProspectiveDoctor,https://www.prospectivedoctor.com/gpa-and-mcat/,https://www.utoledo.edu/med/md/,101,The University of Toledo College of Medicine and Life Sciences,published school average GPA and MCAT,3.76,510,3,510,3.77,0,0.02,high,close_agreement,third_party_candidate_close_agreement,1,exact,
prospectivedoctor:102,md_university_of_cincinnati_college_of_medicine_cincinnati_ohio,University of Cincinnati College of Medicine,MD,prospectivedoctor,ProspectiveDoctor,https://www.prospectivedoctor.com/gpa-and-mcat/,https://med.uc.edu/admissions/medical-student-admissions/home,102,University of Cincinnati College of Medicine,published school average GPA and MCAT,3.84,517,3,513.2,3.82,3,0.04,medium,major_conflict,third_party_candidate_major_conflict,1,exact,
prospectivedoctor:103,md_boonshoft_school_of_medicine_wright_state_university_dayton_ohio,Boonshoft School of Medicine Wright State University,MD,prospectivedoctor,ProspectiveDoctor,https://www.prospectivedoctor.com/gpa-and-mcat/,http://medicine.wright.edu/admissions,103,Wright State University Boonshoft School of Medicine,published school average GPA and MCAT,3.73,508,3,508.5,3.7,0.8,0.05,high,close_agreement,third_party_candidate_close_agreement,1,high_confidence,
prospectivedoctor:104,md_university_of_oklahoma_college_of_medicine_oklahoma_city_oklahoma,University of Oklahoma College of Medicine,MD,prospectivedoctor,ProspectiveDoctor,https://www.prospectivedoctor.com/gpa-and-mcat/,https://www.oumedicine.com/college-of-medicine/information-about/admissions,104,University of Oklahoma College of Medicine,published school average GPA and MCAT,3.85,511,3,510.2,3.57,1.5,0.88,low,major_conflict,third_party_candidate_major_conflict,1,exact,
prospectivedoctor:105,md_oregon_health_and_science_university_school_of_medicine_portland_oregon,Oregon Health & Science University School of Medicine,MD,prospectivedoctor,ProspectiveDoctor,https://www.prospectivedoctor.com/gpa-and-mcat/,http://www.ohsu.edu/xd/education/schools/school-of-medicine/education/future-students.cfm,105,Oregon Health & Science University School of Medicine,published school average GPA and MCAT,3.77,512,3,510,3.7,3,0.11,medium,major_conflict,third_party_candidate_major_conflict,1,exact,
prospectivedoctor:106,md_drexel_university_college_of_medicine_philadelphia_pennsylvania,Drexel University College of Medicine,MD,prospectivedoctor,ProspectiveDoctor,https://www.prospectivedoctor.com/gpa-and-mcat/,http://drexel.edu/medicine/academics/md-program/md-program-admissions/,106,Drexel University College of Medicine,published school average GPA and MCAT,3.75,512,3,510,3.68,3.5,0.17,medium,major_conflict,third_party_candidate_major_conflict,1,exact,
prospectivedoctor:107,md_geisinger_commonwealth_school_of_medicine_scranton_pennsylvania,Geisinger Commonwealth School of Medicine,MD,prospectivedoctor,ProspectiveDoctor,https://www.prospectivedoctor.com/gpa-and-mcat/,https://tcmc.edu/admissions/md-admissions/,107,Geisinger Commonwealth School of Medicine,published school average GPA and MCAT,3.76,512,3,512.7,3.79,1.1,0.05,high,major_conflict,third_party_candidate_major_conflict,1,exact,
prospectivedoctor:108,md_florida_state_university_college_of_medicine_tallahassee_florida,Florida State University College of Medicine,MD,prospectivedoctor,ProspectiveDoctor,https://www.prospectivedoctor.com/gpa-and-mcat/,http://med.psu.edu/md/apply,108,Pennsylvania State University College of Medicine,published school average GPA and MCAT,3.81,512,2,511.5,3.78,1,0.06,high,minor_conflict,third_party_candidate_minor_conflict,0.851,review,
prospectivedoctor:109,md_raymond_and_ruth_perelman_school_of_medicine_at_the_university_of_pennsylvania_p,Raymond and Ruth Perelman School of Medicine at the University of Pennsylvania,MD,prospectivedoctor,ProspectiveDoctor,https://www.prospectivedoctor.com/gpa-and-mcat/,http://www.med.upenn.edu/admissions/,109,Perelman School of Medicine University of Pennsylvania,published school average GPA and MCAT,3.94,522,3,521.6,3.95,1,0.03,high,close_agreement,third_party_candidate_close_agreement,0.881,review,
prospectivedoctor:11,md_university_of_california_irvine_school_of_medicine_irvine_california,"University of California, Irvine School of Medicine",MD,prospectivedoctor,ProspectiveDoctor,https://www.prospectivedoctor.com/gpa-and-mcat/,http://www.meded.uci.edu/admissions/index.asp,11,University of California - Irvine School of Medicine,published school average GPA and MCAT,3.85,516,3,513.2,3.77,0.7,0.01,high,major_conflict,third_party_candidate_major_conflict,1,exact,
prospectivedoctor:110,md_sidney_kimmel_medical_college_at_thomas_jefferson_university_philadelphia_pennsy,Sidney Kimmel Medical College at Thomas Jefferson University,MD,prospectivedoctor,ProspectiveDoctor,https://www.prospectivedoctor.com/gpa-and-mcat/,http://www.jefferson.edu/university/skmc/admissions.html,110,Sidney Kimmel Medical College at Thomas Jefferson University,published school average GPA and MCAT,3.8,514,3,513.3,3.8,1,0,high,close_agreement,third_party_candidate_close_agreement,1,exact,
prospectivedoctor:111,md_lewis_katz_school_of_medicine_at_temple_university_philadelphia_pennsylvania,Lewis Katz School of Medicine at Temple University,MD,prospectivedoctor,ProspectiveDoctor,https://www.prospectivedoctor.com/gpa-and-mcat/,https://medicine.temple.edu/admissions,111,Temple University Lewis Katz School of Medicine,published school average GPA and MCAT,3.77,513,2,511.5,3.74,3,0.07,medium,major_conflict,third_party_candidate_major_conflict,1,high_confidence,
prospectivedoctor:112,md_university_of_pittsburgh_school_of_medicine_pittsburgh_pennsylvania,University of Pittsburgh School of Medicine,MD,prospectivedoctor,ProspectiveDoctor,https://www.prospectivedoctor.com/gpa-and-mcat/,http://medschool.pitt.edu/admissions/index.aspx,112,University of Pittsburgh School of Medicine,published school average GPA and MCAT,3.86,518,3,511.5,3.82,4.8,0.08,medium,major_conflict,third_party_candidate_major_conflict,1,exact,
prospectivedoctor:113,md_oregon_health_and_science_university_school_of_medicine_portland_oregon,Oregon Health & Science University School of Medicine,MD,prospectivedoctor,ProspectiveDoctor,https://www.prospectivedoctor.com/gpa-and-mcat/,http://www.psm.edu/education/md-program/,113,Ponce School of Medicine and Health Sciences,published school average GPA and MCAT,3.64,499,2,499,3.57,0,0.14,medium,major_conflict,third_party_candidate_major_conflict,0.8,review,
prospectivedoctor:114,md_nyu_grossman_school_of_medicine_new_york_new_york,NYU Grossman School of Medicine,MD,prospectivedoctor,ProspectiveDoctor,https://www.prospectivedoctor.com/gpa-and-mcat/,http://www.sanjuanbautista.edu/school/md-program/admissions.html,114,San Juan Bautista School of Medicine,published school average GPA and MCAT,3.71,498,2,498.5,3.64,1,0.14,medium,major_conflict,third_party_candidate_major_conflict,0.689,no_match,
prospectivedoctor:115,md_university_of_north_carolina_school_of_medicine_chapel_hill_north_carolina,University of North Carolina School of Medicine,MD,prospectivedoctor,ProspectiveDoctor,https://www.prospectivedoctor.com/gpa-and-mcat/,http://www.uccaribe.edu/admission/,115,Universidad Central Del Caribe School of Medicine,published school average GPA and MCAT,3.73,499,2,500,3.76,2,0.07,high,minor_conflict,third_party_candidate_minor_conflict,0.736,no_match,
prospectivedoctor:116,md_university_of_new_mexico_school_of_medicine_albuquerque_new_mexico,University of New Mexico School of Medicine,MD,prospectivedoctor,ProspectiveDoctor,https://www.prospectivedoctor.com/gpa-and-mcat/,https://md.rcm.upr.edu/admissions/,116,University of Puerto Rico School of Medicine,published school average GPA and MCAT,3.82,505,3,508.1,3.78,2.5,0.04,medium,major_conflict,third_party_candidate_major_conflict,0.853,review,
prospectivedoctor:117,md_the_warren_alpert_medical_school_of_brown_university_providence_rhode_island,The Warren Alpert Medical School of Brown University,MD,prospectivedoctor,ProspectiveDoctor,https://www.prospectivedoctor.com/gpa-and-mcat/,https://www.brown.edu/academics/medical/admission/,117,Brown University The Warren Alpert Medical School,published school average GPA and MCAT,3.79,515,3,515.7,3.79,1,0.07,high,minor_conflict,third_party_candidate_minor_conflict,1,high_confidence,
prospectivedoctor:118,md_medical_university_of_south_carolina_college_of_medicine_charleston_south_caroli,Medical University of South Carolina College of Medicine,MD,prospectivedoctor,ProspectiveDoctor,https://www.prospectivedoctor.com/gpa-and-mcat/,http://academicdepartments.musc.edu/com/education/admissions/,118,Medical University of South Carolina College of Medicine,published school average GPA and MCAT,3.83,517,3,513.1,3.79,6,0.15,low,major_conflict,third_party_candidate_major_conflict,1,exact,
prospectivedoctor:119,md_university_of_north_carolina_school_of_medicine_chapel_hill_north_carolina,University of North Carolina School of Medicine,MD,prospectivedoctor,ProspectiveDoctor,https://www.prospectivedoctor.com/gpa-and-mcat/,http://admissions.med.sc.edu/,119,University of South Carolina School of Medicine - Columbia,published school average GPA and MCAT,3.83,510,3,508.8,3.78,1,0.06,high,minor_conflict,third_party_candidate_minor_conflict,0.857,review,
prospectivedoctor:12,md_university_of_california_san_diego_school_of_medicine_san_diego_california,"University of California, San Diego School of Medicine",MD,prospectivedoctor,ProspectiveDoctor,https://www.prospectivedoctor.com/gpa-and-mcat/,http://medschool.ucla.edu/apply-admissions,12,University of California-Los Angeles David Geffen School of Medicine,published school average GPA and MCAT,3.84,516,2,516,3.83,0,0.03,high,close_agreement,third_party_candidate_close_agreement,0.826,review,
prospectivedoctor:120,md_university_of_south_carolina_school_of_medicine_greenville_greenville_south_caro,"University of South Carolina School of Medicine, Greenville",MD,prospectivedoctor,ProspectiveDoctor,https://www.prospectivedoctor.com/gpa-and-mcat/,http://sc.edu/study/colleges_schools/medicine_greenville/admissions/apply.php,120,University of South Carolina School of Medicine - Greenville,published school average GPA and MCAT,3.81,509,3,508.8,3.78,1,0.06,high,minor_conflict,third_party_candidate_minor_conflict,1,exact,
prospectivedoctor:121,md_university_of_south_dakota_sanford_school_of_medicine_vermillion_south_dakota,University of South Dakota Sanford School of Medicine,MD,prospectivedoctor,ProspectiveDoctor,https://www.prospectivedoctor.com/gpa-and-mcat/,http://www.usd.edu/medicine/medical-student-affairs/eligibility,121,University of South Dakota Sanford School of Medicine,published school average GPA and MCAT,3.87,509,2,508.6,3.83,0.7,0.08,high,minor_conflict,third_party_candidate_minor_conflict,1,exact,
prospectivedoctor:122,md_east_tennessee_state_university_james_h_quillen_college_of_medicine_johnson_city,East Tennessee State University James H. Quillen College of Medicine,MD,prospectivedoctor,ProspectiveDoctor,https://www.prospectivedoctor.com/gpa-and-mcat/,http://www.etsu.edu/com/sa/admissions/,122,East Tennessee State University Quillen College of Medicine,published school average GPA and MCAT,3.81,508,3,511.3,3.84,5,0.04,medium,major_conflict,third_party_candidate_major_conflict,0.933,high_confidence,
prospectivedoctor:123,md_meharry_medical_college_school_of_medicine_nashville_tennessee,Meharry Medical College School of Medicine,MD,prospectivedoctor,ProspectiveDoctor,https://www.prospectivedoctor.com/gpa-and-mcat/,http://www.mmc.edu/prospectivestudents/admissions/school-of-medicine/index.html,123,Meharry Medical College School of Medicine,published school average GPA and MCAT,3.52,503,2,503,3.49,0,0.06,high,minor_conflict,third_party_candidate_minor_conflict,1,exact,
prospectivedoctor:124,md_university_of_tennessee_health_science_center_college_of_medicine_memphis_tennes,University of Tennessee Health Science Center College of Medicine,MD,prospectivedoctor,ProspectiveDoctor,https://www.prospectivedoctor.com/gpa-and-mcat/,https://www.uthsc.edu/Medicine/Admissions/index.php,124,University of Tennessee Health Science Center College of Medicine,published school average GPA and MCAT,3.82,513,3,513,3.83,0,0.01,high,close_agreement,third_party_candidate_close_agreement,1,exact,
prospectivedoctor:125,md_vanderbilt_university_school_of_medicine_nashville_tennessee,Vanderbilt University School of Medicine,MD,prospectivedoctor,ProspectiveDoctor,https://www.prospectivedoctor.com/gpa-and-mcat/,https://medschool.vanderbilt.edu/md-admissions/,125,Vanderbilt University School of Medicine,published school average GPA and MCAT,3.94,521,3,513.7,3.83,1.7,0.05,high,major_conflict,third_party_candidate_major_conflict,1,exact,
prospectivedoctor:126,md_baylor_college_of_medicine_school_of_medicine_houston_texas,Baylor College of Medicine School of Medicine,MD,prospectivedoctor,ProspectiveDoctor,https://www.prospectivedoctor.com/gpa-and-mcat/,https://www.bcm.edu/education/schools/medical-school/admissions,126,Baylor College of Medicine,published school average GPA and MCAT,3.93,518,2,518,3.92,0,0.01,high,close_agreement,third_party_candidate_close_agreement,0.868,review,
prospectivedoctor:127,md_university_of_tennessee_health_science_center_college_of_medicine_memphis_tennes,University of Tennessee Health Science Center College of Medicine,MD,prospectivedoctor,ProspectiveDoctor,https://www.prospectivedoctor.com/gpa-and-mcat/,https://medicine.tamhsc.edu/admissions/index.html,127,Texas A&M Health Science Center College of Medicine,published school average GPA and MCAT,3.84,513,2,513,3.87,0,0.05,high,minor_conflict,third_party_candidate_minor_conflict,0.785,review,
prospectivedoctor:128,md_paul_l_foster_school_of_medicine_texas_tech_university_health_sciences_center_at,Paul L. Foster School of Medicine Texas Tech University Health Sciences Center at El Paso,MD,prospectivedoctor,ProspectiveDoctor,https://www.prospectivedoctor.com/gpa-and-mcat/,http://elpaso.ttuhsc.edu/som/admissions/,128,Texas Tech University Health Sciences Center Paul L. Foster School of Medicine,published school average GPA and MCAT,3.89,512,3,509.7,3.83,2,0.04,high,major_conflict,third_party_candidate_major_conflict,0.949,high_confidence,
prospectivedoctor:129,md_texas_tech_university_health_sciences_center_school_of_medicine_lubbock_texas,Texas Tech University Health Sciences Center School of Medicine,MD,prospectivedoctor,ProspectiveDoctor,https://www.prospectivedoctor.com/gpa-and-mcat/,http://www.ttuhsc.edu/som/admissions/,129,Texas Tech University Health Sciences Center School of Medicine - Lubbock,published school average GPA and MCAT,3.71,510,3,509.7,3.83,2,0.04,high,major_conflict,third_party_candidate_major_conflict,0.938,high_confidence,
prospectivedoctor:13,md_university_of_california_riverside_school_of_medicine_riverside_california,"University of California, Riverside School of Medicine",MD,prospectivedoctor,ProspectiveDoctor,https://www.prospectivedoctor.com/gpa-and-mcat/,http://medschool.ucr.edu/admissions/,13,University of California - Riverside School of Medicine,published school average GPA and MCAT,3.59,508,3,513.2,3.77,0.7,0.01,high,major_conflict,third_party_candidate_major_conflict,1,exact,
prospectivedoctor:130,md_dell_medical_school_university_of_texas_at_austin_austin_texas,Dell Medical School – University of Texas at Austin,MD,prospectivedoctor,ProspectiveDoctor,https://www.prospectivedoctor.com/gpa-and-mcat/,https://dellmed.utexas.edu/prospective-students,130,University of Texas at Austin Dell Medical School,published school average GPA and MCAT,3.92,515,2,516,3.92,2,0.01,high,minor_conflict,third_party_candidate_minor_conflict,1,high_confidence,
prospectivedoctor:131,md_university_of_texas_medical_branch_john_sealy_school_of_medicine_galveston_texas,University of Texas Medical Branch John Sealy School of Medicine,MD,prospectivedoctor,ProspectiveDoctor,https://www.prospectivedoctor.com/gpa-and-mcat/,https://www.utmb.edu/enrollmentservices/resources/admissions,131,University of Texas Medical Branch School of Medicine,published school average GPA and MCAT,3.88,511,3,511.3,3.82,1,0.1,medium,major_conflict,third_party_candidate_major_conflict,0.895,review,
prospectivedoctor:132,md_dell_medical_school_university_of_texas_at_austin_austin_texas,Dell Medical School – University of Texas at Austin,MD,prospectivedoctor,ProspectiveDoctor,https://www.prospectivedoctor.com/gpa-and-mcat/,https://med.uth.edu/admissions/,132,University of Texas McGovern Medical School at Houston,published school average GPA and MCAT,3.88,513,2,512.5,3.86,1,0.04,high,close_agreement,third_party_candidate_close_agreement,0.835,review,
prospectivedoctor:133,md_university_of_texas_rio_grande_valley_school_of_medicine_edinburg_texas,University of Texas Rio Grande Valley School of Medicine,MD,prospectivedoctor,ProspectiveDoctor,https://www.prospectivedoctor.com/gpa-and-mcat/,http://www.utrgv.edu/school-of-medicine/admissions-and-aid/index.htm,133,University of Texas Rio Grande Valley School of Medicine,published school average GPA and MCAT,3.72,510,2,509.5,3.79,1,0.13,medium,major_conflict,third_party_candidate_major_conflict,1,exact,
prospectivedoctor:134,md_saint_louis_university_school_of_medicine_st_louis_missouri,Saint Louis University School of Medicine,MD,prospectivedoctor,ProspectiveDoctor,https://www.prospectivedoctor.com/gpa-and-mcat/,http://som.uthscsa.edu/admissions/,134,University of Texas School of Medicine at San Antonio,published school average GPA and MCAT,3.88,517,2,517.8,3.89,1.6,0.02,high,minor_conflict,third_party_candidate_minor_conflict,0.805,review,
prospectivedoctor:135,md_university_of_texas_southwestern_medical_school_dallas_texas,University of Texas Southwestern Medical School,MD,prospectivedoctor,ProspectiveDoctor,https://www.prospectivedoctor.com/gpa-and-mcat/,http://www.utsouthwestern.edu/education/medical-school/admissions/,135,University of Texas Southwestern Medical School,published school average GPA and MCAT,3.9,518,3,517,3.92,2,0.07,high,minor_conflict,third_party_candidate_minor_conflict,1,exact,
prospectivedoctor:136,md_university_of_kansas_school_of_medicine_kansas_city_kansas,University of Kansas School of Medicine,MD,prospectivedoctor,ProspectiveDoctor,https://www.prospectivedoctor.com/gpa-and-mcat/,https://medicine.utah.edu/students/programs/md/admissions/,136,University of Utah School of Medicine,published school average GPA and MCAT,3.82,513,3,511.5,3.82,4.8,0.08,medium,major_conflict,third_party_candidate_major_conflict,0.875,review,
prospectivedoctor:137,md_robert_larner_m_d_college_of_medicine_at_the_university_of_vermont_burlington_ve,"Robert Larner, M.D. College of Medicine at the University of Vermont",MD,prospectivedoctor,ProspectiveDoctor,https://www.prospectivedoctor.com/gpa-and-mcat/,http://www.med.uvm.edu/admissions,137,The University of Vermont Larner College of Medicine,published school average GPA and MCAT,3.7,512,2,512,3.7,0,0,high,close_agreement,third_party_candidate_close_agreement,0.884,review,
prospectivedoctor:138,md_virginia_tech_carilion_school_of_medicine_roanoke_virginia,Virginia Tech Carilion School of Medicine,MD,prospectivedoctor,ProspectiveDoctor,https://www.prospectivedoctor.com/gpa-and-mcat/,http://www.evms.edu/education/medical_programs/doctor_of_medicine/,138,Eastern Virginia Medical School,published school average GPA and MCAT,3.71,513,3,513,3.7,0,0.01,high,minor_conflict,third_party_candidate_minor_conflict,0.725,no_match,
prospectivedoctor:139,md_virginia_commonwealth_university_school_of_medicine_richmond_virginia,Virginia Commonwealth University School of Medicine,MD,prospectivedoctor,ProspectiveDoctor,https://www.prospectivedoctor.com/gpa-and-mcat/,http://www.medschool.vcu.edu/admissions/md/,139,Virginia Commonwealth University School of Medicine,published school average GPA and MCAT,3.82,513,3,515.5,3.82,1.5,0.1,high,major_conflict,third_party_candidate_major_conflict,1,exact,
prospectivedoctor:14,md_university_of_california_san_diego_school_of_medicine_san_diego_california,"University of California, San Diego School of Medicine",MD,prospectivedoctor,ProspectiveDoctor,https://www.prospectivedoctor.com/gpa-and-mcat/,http://meded.ucsd.edu/asa/admissions/,14,University of California - San Diego School of Medicine,published school average GPA and MCAT,3.83,517,3,513.2,3.77,0.7,0.01,high,major_conflict,third_party_candidate_major_conflict,1,exact,
prospectivedoctor:140,md_virginia_tech_carilion_school_of_medicine_roanoke_virginia,Virginia Tech Carilion School of Medicine,MD,prospectivedoctor,ProspectiveDoctor,https://www.prospectivedoctor.com/gpa-and-mcat/,http://medicine.vtc.vt.edu/admissions/,140,Virginia Tech Carilion School of Medicine and Research Institute,published school average GPA and MCAT,3.7,512,2,512,3.69,0,0.03,high,close_agreement,third_party_candidate_close_agreement,0.8,review,
prospectivedoctor:141,md_university_of_virginia_school_of_medicine_charlottesville_virginia,University of Virginia School of Medicine,MD,prospectivedoctor,ProspectiveDoctor,https://www.prospectivedoctor.com/gpa-and-mcat/,https://med.virginia.edu/admissions/,141,University of Virginia School of Medicine,published school average GPA and MCAT,3.93,520,3,515.5,3.82,1.5,0.1,high,major_conflict,third_party_candidate_major_conflict,1,exact,
prospectivedoctor:142,md_university_of_washington_school_of_medicine_seattle_washington,University of Washington School of Medicine,MD,prospectivedoctor,ProspectiveDoctor,https://www.prospectivedoctor.com/gpa-and-mcat/,http://www.uwmedicine.org/education/md-program/admissions,142,University of Washington School of Medicine,published school average GPA and MCAT,3.74,512,3,515.2,3.8,0.3,0.03,high,major_conflict,third_party_candidate_major_conflict,1,exact,
prospectivedoctor:143,md_marshall_university_joan_c_edwards_school_of_medicine_huntington_west_virginia,Marshall University Joan C. Edwards School of Medicine,MD,prospectivedoctor,ProspectiveDoctor,https://www.prospectivedoctor.com/gpa-and-mcat/,http://jcesom.marshall.edu/admissions/,143,Marshall University Joan C. Edwards School of Medicine,published school average GPA and MCAT,3.7,502,3,504.7,3.77,4,0.11,medium,major_conflict,third_party_candidate_major_conflict,1,exact,
prospectivedoctor:144,md_west_virginia_university_school_of_medicine_morgantown_west_virginia,West Virginia University School of Medicine,MD,prospectivedoctor,ProspectiveDoctor,https://www.prospectivedoctor.com/gpa-and-mcat/,http://medicine.hsc.wvu.edu/md-admissions/,144,West Virginia University School of Medicine,published school average GPA and MCAT,3.88,509,3,510.2,3.79,2,0.01,high,major_conflict,third_party_candidate_major_conflict,1,exact,
prospectivedoctor:145,md_medical_college_of_wisconsin_milwaukee_wisconsin,Medical College of Wisconsin,MD,prospectivedoctor,ProspectiveDoctor,https://www.prospectivedoctor.com/gpa-and-mcat/,http://www.mcw.edu/Medical-School/Admissions.htm,145,Medical College of Wisconsin,published school average GPA and MCAT,3.73,511,2,509.5,3.71,3,0.03,medium,major_conflict,third_party_candidate_major_conflict,1,exact,
prospectivedoctor:146,md_university_of_wisconsin_school_of_medicine_and_public_health_madison_wisconsin,University of Wisconsin School of Medicine and Public Health,MD,prospectivedoctor,ProspectiveDoctor,https://www.prospectivedoctor.com/gpa-and-mcat/,http://www.med.wisc.edu/education/md/admissions/main/102,146,University of Wisconsin School of Medicine and Public Health,published school average GPA and MCAT,3.8,513,3,511.7,3.79,2,0.02,high,minor_conflict,third_party_candidate_minor_conflict,1,exact,
prospectivedoctor:15,md_university_of_california_san_francisco_school_of_medicine_san_francisco_californ,"University of California, San Francisco School of Medicine",MD,prospectivedoctor,ProspectiveDoctor,https://www.prospectivedoctor.com/gpa-and-mcat/,http://meded.ucsf.edu/admissions,15,University of California - San Francisco School of Medicine,published school average GPA and MCAT,3.86,518,3,513.2,3.77,0.7,0.01,high,major_conflict,third_party_candidate_major_conflict,1,exact,
prospectivedoctor:16,md_keck_school_of_medicine_of_the_university_of_southern_california_los_angeles_cal,Keck School of Medicine of the University of Southern California,MD,prospectivedoctor,ProspectiveDoctor,https://www.prospectivedoctor.com/gpa-and-mcat/,http://keck.usc.edu/education/md-program/admissions/,16,University of Southern California Keck School of Medicine,published school average GPA and MCAT,3.76,517,3,513.2,3.77,0.7,0.01,high,major_conflict,third_party_candidate_major_conflict,1,high_confidence,
prospectivedoctor:17,md_university_of_colorado_school_of_medicine_denver_colorado,University of Colorado School of Medicine,MD,prospectivedoctor,ProspectiveDoctor,https://www.prospectivedoctor.com/gpa-and-mcat/,http://www.ucdenver.edu/academics/colleges/medicalschool/education/Admissions/Pages/admissions.aspx,17,University of Colorado School of Medicine,published school average GPA and MCAT,3.83,514,3,511.5,3.82,4.8,0.08,medium,major_conflict,third_party_candidate_major_conflict,1,exact,
prospectivedoctor:18,md_frank_h_netter_md_school_of_medicine_at_quinnipiac_university_north_haven_connec,Frank H. Netter MD School of Medicine at Quinnipiac University,MD,prospectivedoctor,ProspectiveDoctor,https://www.prospectivedoctor.com/gpa-and-mcat/,https://www.qu.edu/schools/medicine/admissions.html,18,Quinnipiac University Frank H. Netter MD School of Medicine,published school average GPA and MCAT,3.68,512,3,511.3,3.69,1,0.02,high,close_agreement,third_party_candidate_close_agreement,1,high_confidence,
prospectivedoctor:19,md_university_of_connecticut_school_of_medicine_farmington_connecticut,University of Connecticut School of Medicine,MD,prospectivedoctor,ProspectiveDoctor,https://www.prospectivedoctor.com/gpa-and-mcat/,http://medicine.uconn.edu/admissions/applying-to-the-md-or-md-mba-programs/,19,University of Connecticut School of Medicine,published school average GPA and MCAT,3.82,513,3,508.1,3.78,2.5,0.04,medium,major_conflict,third_party_candidate_major_conflict,1,exact,
prospectivedoctor:2,md_university_of_oklahoma_college_of_medicine_oklahoma_city_oklahoma,University of Oklahoma College of Medicine,MD,prospectivedoctor,ProspectiveDoctor,https://www.prospectivedoctor.com/gpa-and-mcat/,http://www.usahealthsystem.com/doctor-of-medicine,2,University of South Alabama College of Medicine,published school average GPA and MCAT,3.91,511,3,510.2,3.57,1.5,0.88,low,major_conflict,third_party_candidate_major_conflict,0.857,review,
prospectivedoctor:20,md_yale_school_of_medicine_new_haven_connecticut,Yale School of Medicine,MD,prospectivedoctor,ProspectiveDoctor,https://www.prospectivedoctor.com/gpa-and-mcat/,http://medicine.yale.edu/education/admissions/,20,Yale School of Medicine,published school average GPA and MCAT,3.93,521,3,521,3.94,0,0.01,high,minor_conflict,third_party_candidate_minor_conflict,1,exact,
prospectivedoctor:21,md_george_washington_university_school_of_medicine_and_health_sciences_washington_d,George Washington University School of Medicine and Health Sciences,MD,prospectivedoctor,ProspectiveDoctor,https://www.prospectivedoctor.com/gpa-and-mcat/,http://smhs.gwu.edu/academics/md-program/admissions,21,George Washington University School of Medicine and Health Sciences,published school average GPA and MCAT,3.78,513,3,515.2,3.8,0.3,0.03,high,major_conflict,third_party_candidate_major_conflict,1,exact,
prospectivedoctor:22,md_georgetown_university_school_of_medicine_washington_district_of_columbia,Georgetown University School of Medicine,MD,prospectivedoctor,ProspectiveDoctor,https://www.prospectivedoctor.com/gpa-and-mcat/,https://som.georgetown.edu/prospectivestudents/degrees/md,22,Georgetown University School of Medicine,published school average GPA and MCAT,3.79,513,3,512.6,3.8,3.5,0.03,medium,major_conflict,third_party_candidate_major_conflict,1,exact,
prospectivedoctor:23,md_howard_university_college_of_medicine_washington_district_of_columbia,Howard University College of Medicine,MD,prospectivedoctor,ProspectiveDoctor,https://www.prospectivedoctor.com/gpa-and-mcat/,https://medicine.howard.edu/admissions,23,Howard University College of Medicine,published school average GPA and MCAT,3.42,505,3,510,3.68,3.5,0.17,medium,major_conflict,third_party_candidate_major_conflict,1,exact,
prospectivedoctor:24,md_charles_e_schmidt_college_of_medicine_at_florida_atlantic_university_boca_raton_,Charles E. Schmidt College of Medicine at Florida Atlantic University,MD,prospectivedoctor,ProspectiveDoctor,https://www.prospectivedoctor.com/gpa-and-mcat/,http://med.fau.edu/admissions/md/index.php,24,Florida Atlantic University Charles E. Schmidt College of Medicine,published school average GPA and MCAT,3.8,513,3,513,3.82,0,0.03,high,close_agreement,third_party_candidate_close_agreement,1,high_confidence,
prospectivedoctor:25,md_florida_international_university_herbert_wertheim_college_of_medicine_miami_flor,Florida International University Herbert Wertheim College of Medicine,MD,prospectivedoctor,ProspectiveDoctor,https://www.prospectivedoctor.com/gpa-and-mcat/,https://medicine.fiu.edu/academics/degrees-and-programs/doctor-of-medicine/admissions/index.html,25,Florida International University Herbert Wertheim College of Medicine,published school average GPA and MCAT,3.79,511,3,510.3,3.81,1,0.03,high,close_agreement,third_party_candidate_close_agreement,1,exact,
prospectivedoctor:26,md_florida_state_university_college_of_medicine_tallahassee_florida,Florida State University College of Medicine,MD,prospectivedoctor,ProspectiveDoctor,https://www.prospectivedoctor.com/gpa-and-mcat/,http://med.fsu.edu/index.cfm?page=mdAdmissions.home&usemenu=prospectiveStudents,26,Florida State University College of Medicine,published school average GPA and MCAT,3.76,508,3,512.4,3.8,2.9,0.09,medium,major_conflict,third_party_candidate_major_conflict,1,exact,
prospectivedoctor:27,md_university_of_central_florida_college_of_medicine_orlando_florida,University of Central Florida College of Medicine,MD,prospectivedoctor,ProspectiveDoctor,https://www.prospectivedoctor.com/gpa-and-mcat/,https://med.ucf.edu/admissions/,27,University of Central Florida College of Medicine,published school average GPA and MCAT,3.88,514,3,509.7,3.88,14.5,0.01,low,major_conflict,third_party_candidate_major_conflict,1,exact,
prospectivedoctor:28,md_university_of_florida_college_of_medicine_gainesville_florida,University of Florida College of Medicine,MD,prospectivedoctor,ProspectiveDoctor,https://www.prospectivedoctor.com/gpa-and-mcat/,http://admissions.med.ufl.edu/,28,University of Florida College of Medicine,published school average GPA and MCAT,3.9,515,3,509.7,3.88,14.5,0.01,low,major_conflict,third_party_candidate_major_conflict,1,exact,
prospectivedoctor:29,md_university_of_miami_leonard_m_miller_school_of_medicine_miami_florida,University of Miami Leonard M. Miller School of Medicine,MD,prospectivedoctor,ProspectiveDoctor,https://www.prospectivedoctor.com/gpa-and-mcat/,http://admissions.med.miami.edu/md-programs/general-md/,29,University of Miami Miller School of Medicine,published school average GPA and MCAT,3.78,514,3,511.5,3.82,4.8,0.08,medium,major_conflict,third_party_candidate_major_conflict,0.886,review,
prospectivedoctor:3,md_university_of_arizona_college_of_medicine_tucson_tucson_arizona,University of Arizona College of Medicine - Tucson,MD,prospectivedoctor,ProspectiveDoctor,https://www.prospectivedoctor.com/gpa-and-mcat/,http://medicine.arizona.edu/admissions,3,University of Arizona College of Medicine - Tucson,published school average GPA and MCAT,3.79,510,3,512.2,3.78,8,0.06,low,major_conflict,third_party_candidate_major_conflict,1,exact,
prospectivedoctor:30,md_florida_state_university_college_of_medicine_tallahassee_florida,Florida State University College of Medicine,MD,prospectivedoctor,ProspectiveDoctor,https://www.prospectivedoctor.com/gpa-and-mcat/,http://health.usf.edu/medicine/mdprogram/mdadmissions/,30,University of South Florida Health Morsani College of Medicine,published school average GPA and MCAT,3.78,517,2,518.5,3.87,3,0.18,medium,major_conflict,third_party_candidate_major_conflict,0.804,review,
prospectivedoctor:31,md_emory_university_school_of_medicine_atlanta_georgia,Emory University School of Medicine,MD,prospectivedoctor,ProspectiveDoctor,https://www.prospectivedoctor.com/gpa-and-mcat/,http://med.emory.edu/education/admissions/md/index.html,31,Emory University School of Medicine,published school average GPA and MCAT,3.8,517,3,512.6,3.8,3.5,0.03,medium,major_conflict,third_party_candidate_major_conflict,1,exact,
prospectivedoctor:32,md_medical_college_of_georgia_at_augusta_university_augusta_georgia,Medical College of Georgia at Augusta University,MD,prospectivedoctor,ProspectiveDoctor,https://www.prospectivedoctor.com/gpa-and-mcat/,http://www.augusta.edu/mcg/admissions/,32,Medical College of Georgia at Augusta University,published school average GPA and MCAT,3.82,513,3,512.7,3.81,1,0.02,high,close_agreement,third_party_candidate_close_agreement,1,exact,
prospectivedoctor:33,md_mercer_university_school_of_medicine_macon_georgia,Mercer University School of Medicine,MD,prospectivedoctor,ProspectiveDoctor,https://www.prospectivedoctor.com/gpa-and-mcat/,http://medicine.mercer.edu/admissions/md/,33,Mercer University School of Medicine,published school average GPA and MCAT,3.73,504,3,512.6,3.8,3.5,0.03,medium,major_conflict,third_party_candidate_major_conflict,1,exact,
prospectivedoctor:34,md_morehouse_school_of_medicine_atlanta_georgia,Morehouse School of Medicine,MD,prospectivedoctor,ProspectiveDoctor,https://www.prospectivedoctor.com/gpa-and-mcat/,http://www.msm.edu/Admissions/doctorofmedicine.php,34,Morehouse School of Medicine,published school average GPA and MCAT,3.63,504,3,504.6,3.64,1.6,0.01,high,major_conflict,third_party_candidate_major_conflict,1,exact,
prospectivedoctor:35,md_john_a_burns_school_of_medicine_university_of_hawaii_at_manoa_honolulu_hawaii,John A. Burns School of Medicine University of Hawaii at Manoa,MD,prospectivedoctor,ProspectiveDoctor,https://www.prospectivedoctor.com/gpa-and-mcat/,http://jabsom.hawaii.edu/ed-programs/md-program/admissions-program/,35,University of Hawaii John A. Burns School of Medicine,published school average GPA and MCAT,3.84,513,3,512.3,3.81,1,0.05,high,close_agreement,third_party_candidate_close_agreement,0.939,high_confidence,
prospectivedoctor:36,md_chicago_medical_school_at_rosalind_franklin_university_of_medicine_and_science_n,Chicago Medical School at Rosalind Franklin University of Medicine and Science,MD,prospectivedoctor,ProspectiveDoctor,https://www.prospectivedoctor.com/gpa-and-mcat/,https://www.rosalindfranklin.edu/academics/chicago-medical-school/degree-program/how-to-apply/,36,Chicago Medical School at Rosalind Franklin University of Medicine & Science,published school average GPA and MCAT,,513,3,509.7,3.69,5,0,medium,major_conflict,third_party_candidate_major_conflict,1,exact,parsed GPA outside expected range; excluded invalid GPA from comparison math: 374
prospectivedoctor:37,md_loyola_university_chicago_stritch_school_of_medicine_maywood_illinois,Loyola University Chicago Stritch School of Medicine,MD,prospectivedoctor,ProspectiveDoctor,https://www.prospectivedoctor.com/gpa-and-mcat/,http://ssom.luc.edu/admission/,37,Loyola University of Chicago Stritch School of Medicine,published school average GPA and MCAT,3.76,512,3,515,3.83,4.5,0.06,medium,major_conflict,third_party_candidate_major_conflict,1,exact,
prospectivedoctor:38,md_northwestern_university_feinberg_school_of_medicine_chicago_illinois,Northwestern University Feinberg School of Medicine,MD,prospectivedoctor,ProspectiveDoctor,https://www.prospectivedoctor.com/gpa-and-mcat/,http://www.feinberg.northwestern.edu/admissions/index.html,38,Northwestern University The Feinberg School of Medicine,published school average GPA and MCAT,3.91,520,3,520.7,3.92,1,0.02,high,close_agreement,third_party_candidate_close_agreement,1,exact,
prospectivedoctor:39,md_rush_medical_college_of_rush_university_medical_center_chicago_illinois,Rush Medical College of Rush University Medical Center,MD,prospectivedoctor,ProspectiveDoctor,https://www.prospectivedoctor.com/gpa-and-mcat/,https://www.rushu.rush.edu/rush-medical-college/doctor-medicine-md-program,39,Rush Medical College of Rush University,published school average GPA and MCAT,3.67,511,2,510.5,3.7,1,0.05,high,minor_conflict,third_party_candidate_minor_conflict,0.899,review,
prospectivedoctor:4,md_university_of_arizona_college_of_medicine_phoenix_phoenix_arizona,University of Arizona College of Medicine - Phoenix,MD,prospectivedoctor,ProspectiveDoctor,https://www.prospectivedoctor.com/gpa-and-mcat/,http://phoenixmed.arizona.edu/admissions,4,University of Arizona College of Medicine-Phoenix,published school average GPA and MCAT,3.81,515,3,512.2,3.78,8,0.06,low,major_conflict,third_party_candidate_major_conflict,1,exact,
prospectivedoctor:40,md_southern_illinois_university_school_of_medicine_springfield_illinois,Southern Illinois University School of Medicine,MD,prospectivedoctor,ProspectiveDoctor,https://www.prospectivedoctor.com/gpa-and-mcat/,http://www.siumed.edu/studentaffairs/admissions/home.html,40,Southern Illinois University School of Medicine,published school average GPA and MCAT,3.81,506,3,510.5,3.45,1,1,low,major_conflict,third_party_candidate_major_conflict,1,exact,
prospectivedoctor:41,md_loyola_university_chicago_stritch_school_of_medicine_maywood_illinois,Loyola University Chicago Stritch School of Medicine,MD,prospectivedoctor,ProspectiveDoctor,https://www.prospectivedoctor.com/gpa-and-mcat/,http://pritzker.uchicago.edu/page/admissions,41,University of Chicago Pritzker School of Medicine,published school average GPA and MCAT,3.93,521,3,515,3.83,4.5,0.06,medium,major_conflict,third_party_candidate_major_conflict,0.826,review,
prospectivedoctor:42,md_university_of_illinois_college_of_medicine_chicago_illinois,University of Illinois College of Medicine,MD,prospectivedoctor,ProspectiveDoctor,https://www.prospectivedoctor.com/gpa-and-mcat/,http://www.medicine.uic.edu/education/m_d_admissions,42,University of Illinois College of Medicine,published school average GPA and MCAT,3.76,513,3,513.2,3.82,3,0.04,medium,major_conflict,third_party_candidate_major_conflict,1,exact,
prospectivedoctor:43,md_indiana_university_school_of_medicine_indianapolis_indiana,Indiana University School of Medicine,MD,prospectivedoctor,ProspectiveDoctor,https://www.prospectivedoctor.com/gpa-and-mcat/,https://medicine.iu.edu/education/md/admissions/,43,Indiana University School of Medicine,published school average GPA and MCAT,3.76,513,3,513.7,3.83,1.7,0.05,high,major_conflict,third_party_candidate_major_conflict,1,exact,
prospectivedoctor:44,md_howard_university_college_of_medicine_washington_district_of_columbia,Howard University College of Medicine,MD,prospectivedoctor,ProspectiveDoctor,https://www.prospectivedoctor.com/gpa-and-mcat/,https://medicine.uiowa.edu/md/admission-medical-school-md,44,University of Iowa Carver College of Medicine,published school average GPA and MCAT,3.85,512,2,513,3.83,2,0.04,high,minor_conflict,third_party_candidate_minor_conflict,0.849,review,
prospectivedoctor:45,md_university_of_kansas_school_of_medicine_kansas_city_kansas,University of Kansas School of Medicine,MD,prospectivedoctor,ProspectiveDoctor,https://www.prospectivedoctor.com/gpa-and-mcat/,http://www.kumc.edu/school-of-medicine/education/admissions.html,45,University of Kansas School of Medicine,published school average GPA and MCAT,3.88,512,3,511.5,3.82,4.8,0.08,medium,major_conflict,third_party_candidate_major_conflict,1,exact,
prospectivedoctor:46,md_university_of_kentucky_college_of_medicine_lexington_kentucky,University of Kentucky College of Medicine,MD,prospectivedoctor,ProspectiveDoctor,https://www.prospectivedoctor.com/gpa-and-mcat/,http://meded.med.uky.edu/medical-school-admissions,46,University of Kentucky College of Medicine,published school average GPA and MCAT,3.81,508,3,507.3,3.83,2,0.03,high,minor_conflict,third_party_candidate_minor_conflict,1,exact,
prospectivedoctor:47,md_university_of_louisville_school_of_medicine_louisville_kentucky,University of Louisville School of Medicine,MD,prospectivedoctor,ProspectiveDoctor,https://www.prospectivedoctor.com/gpa-and-mcat/,http://louisville.edu/medicine/admissions,47,University of Louisville School of Medicine,published school average GPA and MCAT,3.77,509,3,513.2,3.77,0.7,0.01,high,major_conflict,third_party_candidate_major_conflict,1,exact,
prospectivedoctor:48,md_louisiana_state_university_school_of_medicine_in_shreveport_shreveport_louisiana,Louisiana State University School of Medicine in Shreveport,MD,prospectivedoctor,ProspectiveDoctor,https://www.prospectivedoctor.com/gpa-and-mcat/,http://www.medschool.lsuhsc.edu/admissions/,48,Louisiana State University-New Orleans School of Medicine,published school average GPA and MCAT,3.82,509,2,508,3.79,1,0.02,high,major_conflict,third_party_candidate_major_conflict,0.764,review,
prospectivedoctor:49,md_louisiana_state_university_school_of_medicine_in_shreveport_shreveport_louisiana,Louisiana State University School of Medicine in Shreveport,MD,prospectivedoctor,ProspectiveDoctor,https://www.prospectivedoctor.com/gpa-and-mcat/,https://www.lsuhs.edu/our-schools/school-of-medicine,49,Louisiana State University-Shreveport School of Medicine,published school average GPA and MCAT,3.77,506,2,508,3.79,1,0.02,high,major_conflict,third_party_candidate_major_conflict,0.972,high_confidence,
prospectivedoctor:5,md_university_of_arkansas_for_medical_sciences_college_of_medicine_little_rock_arka,University of Arkansas for Medical Sciences College of Medicine,MD,prospectivedoctor,ProspectiveDoctor,https://www.prospectivedoctor.com/gpa-and-mcat/,http://medicine.uams.edu/for-medical-school-applicants/,5,University of Arkansas for Medical Sciences College of Medicine,published school average GPA and MCAT,3.85,508,3,508,3.84,2,0.02,high,minor_conflict,third_party_candidate_minor_conflict,1,exact,
prospectivedoctor:50,md_tulane_university_school_of_medicine_new_orleans_louisiana,Tulane University School of Medicine,MD,prospectivedoctor,ProspectiveDoctor,https://www.prospectivedoctor.com/gpa-and-mcat/,http://www2.tulane.edu/som/admissions/index.cfm,50,Tulane University School of Medicine,published school average GPA and MCAT,3.63,511,3,513.7,3.83,1.7,0.05,high,major_conflict,third_party_candidate_major_conflict,1,exact,
prospectivedoctor:51,md_johns_hopkins_university_school_of_medicine_baltimore_maryland,Johns Hopkins University School of Medicine,MD,prospectivedoctor,ProspectiveDoctor,https://www.prospectivedoctor.com/gpa-and-mcat/,http://www.hopkinsmedicine.org/som/admissions/md/,51,Johns Hopkins University School of Medicine,published school average GPA and MCAT,3.95,521,3,513.7,3.83,1.7,0.05,high,major_conflict,third_party_candidate_major_conflict,1,exact,
prospectivedoctor:52,md_uniformed_services_university_of_the_health_sciences_f_edward_h_bert_school_of_m,"Uniformed Services University of the Health Sciences, F. Edward Hébert School of Medicine",MD,prospectivedoctor,ProspectiveDoctor,https://www.prospectivedoctor.com/gpa-and-mcat/,https://medschool.usuhs.edu/admissions/application-requirements,52,Uniformed Services University of the Health Sciences F. Edward Hebert School of Medicine,published school average GPA and MCAT,3.76,510,3,510,3.72,0,0.06,high,minor_conflict,third_party_candidate_minor_conflict,1,exact,
prospectivedoctor:53,md_university_of_maryland_school_of_medicine_baltimore_maryland,University of Maryland School of Medicine,MD,prospectivedoctor,ProspectiveDoctor,https://www.prospectivedoctor.com/gpa-and-mcat/,http://www.medschool.umaryland.edu/admissions/MD-Application/,53,University of Maryland School of Medicine,published school average GPA and MCAT,3.83,514,3,511.5,3.82,4.8,0.08,medium,major_conflict,third_party_candidate_major_conflict,1,exact,
prospectivedoctor:54,md_georgetown_university_school_of_medicine_washington_district_of_columbia,Georgetown University School of Medicine,MD,prospectivedoctor,ProspectiveDoctor,https://www.prospectivedoctor.com/gpa-and-mcat/,http://www.bumc.bu.edu/busm/admissions/degree-programs/md-program/,54,Boston University School of Medicine,published school average GPA and MCAT,3.86,518,3,512.6,3.8,3.5,0.03,medium,major_conflict,third_party_candidate_major_conflict,0.886,review,
prospectivedoctor:55,md_harvard_medical_school_boston_massachusetts,Harvard Medical School,MD,prospectivedoctor,ProspectiveDoctor,https://www.prospectivedoctor.com/gpa-and-mcat/,https://hms.harvard.edu/departments/admissions,55,Harvard Medical School,published school average GPA and MCAT,3.94,520,3,520.3,3.91,0.5,0.04,high,minor_conflict,third_party_candidate_minor_conflict,1,exact,
prospectivedoctor:56,md_tufts_university_school_of_medicine_boston_massachusetts,Tufts University School of Medicine,MD,prospectivedoctor,ProspectiveDoctor,https://www.prospectivedoctor.com/gpa-and-mcat/,http://medicine.tufts.edu/Admissions.aspx,56,Tufts University School of Medicine,published school average GPA and MCAT,3.78,515,3,512.6,3.8,3.5,0.03,medium,major_conflict,third_party_candidate_major_conflict,1,exact,
prospectivedoctor:57,md_university_of_massachusetts_t_h_chan_school_of_medicine_worcester_massachusetts,University of Massachusetts T.H. Chan School of Medicine,MD,prospectivedoctor,ProspectiveDoctor,https://www.prospectivedoctor.com/gpa-and-mcat/,http://www.umassmed.edu/som/admissions/degree-programs/md-program/,57,University of Massachusetts Medical School,published school average GPA and MCAT,3.82,516,3,513,3.82,5,0.11,medium,major_conflict,third_party_candidate_major_conflict,0.841,review,
prospectivedoctor:58,md_covenant_healthcare_college_of_medicine_at_central_michigan_university_mount_ple,Covenant HealthCare College of Medicine at Central Michigan University,MD,prospectivedoctor,ProspectiveDoctor,https://www.prospectivedoctor.com/gpa-and-mcat/,https://www.cmich.edu/academics/colleges/college-of-medicine,58,Central Michigan University College of Medicine,published school average GPA and MCAT,3.69,508,2,507,3.75,2,0.11,medium,major_conflict,third_party_candidate_major_conflict,0.815,review,
prospectivedoctor:59,md_michigan_state_university_college_of_human_medicine_east_lansing_michigan,Michigan State University College of Human Medicine,MD,prospectivedoctor,ProspectiveDoctor,https://www.prospectivedoctor.com/gpa-and-mcat/,http://mdadmissions.msu.edu/ApplicationProcess/future/default2.htm,59,Michigan State University College of Human Medicine,published school average GPA and MCAT,3.76,509,3,508,3.49,2,0.76,low,major_conflict,third_party_candidate_major_conflict,1,exact,
prospectivedoctor:6,md_california_northstate_university_college_of_medicine_elk_grove_california,California Northstate University College of Medicine,MD,prospectivedoctor,ProspectiveDoctor,https://www.prospectivedoctor.com/gpa-and-mcat/,http://medicine.cnsu.edu/students-com/admissions,6,California Northstate University College of Medicine,published school average GPA and MCAT,3.72,513,3,512.4,3.8,2.9,0.09,medium,major_conflict,third_party_candidate_major_conflict,1,exact,
prospectivedoctor:60,md_oakland_university_william_beaumont_school_of_medicine_rochester_michigan,Oakland University William Beaumont School of Medicine,MD,prospectivedoctor,ProspectiveDoctor,https://www.prospectivedoctor.com/gpa-and-mcat/,https://wwwp.oakland.edu/medicine/admissions/about/,60,Oakland University William Beaumont School of Medicine,published school average GPA and MCAT,3.85,510,3,510,3.88,0,0.04,high,close_agreement,third_party_candidate_close_agreement,1,exact,
prospectivedoctor:61,md_university_of_michigan_medical_school_ann_arbor_michigan,University of Michigan Medical School,MD,prospectivedoctor,ProspectiveDoctor,https://www.prospectivedoctor.com/gpa-and-mcat/,https://www.cmich.edu/academics/colleges/college-of-medicine,61,University of Michigan Medical School,published school average GPA and MCAT,3.87,518,3,517,3.86,2,0.02,high,minor_conflict,third_party_candidate_minor_conflict,1,exact,
prospectivedoctor:62,md_wayne_state_university_school_of_medicine_detroit_michigan,Wayne State University School of Medicine,MD,prospectivedoctor,ProspectiveDoctor,https://www.prospectivedoctor.com/gpa-and-mcat/,http://admissions.med.wayne.edu/,62,Wayne State University School of Medicine,published school average GPA and MCAT,3.86,513,3,513.7,3.83,1.7,0.05,high,major_conflict,third_party_candidate_major_conflict,1,exact,
prospectivedoctor:63,md_west_virginia_university_school_of_medicine_morgantown_west_virginia,West Virginia University School of Medicine,MD,prospectivedoctor,ProspectiveDoctor,https://www.prospectivedoctor.com/gpa-and-mcat/,http://med.wmich.edu/admissions,63,Western Michigan University School of Medicine,published school average GPA and MCAT,3.79,516,3,510.5,3.45,1,1,low,major_conflict,third_party_candidate_major_conflict,0.843,review,
prospectivedoctor:64,md_harvard_medical_school_boston_massachusetts,Harvard Medical School,MD,prospectivedoctor,ProspectiveDoctor,https://www.prospectivedoctor.com/gpa-and-mcat/,http://www.mayo.edu/mayo-clinic-school-of-medicine/programs/md/admissions-and-application-process,64,Mayo Medical School,published school average GPA and MCAT,3.94,520,1,520,3.94,0,0,low,single_source,third_party_candidate_single_source,0.78,review,
prospectivedoctor:65,md_university_of_minnesota_medical_school_minneapolis_minnesota,University of Minnesota Medical School,MD,prospectivedoctor,ProspectiveDoctor,https://www.prospectivedoctor.com/gpa-and-mcat/,https://www.med.umn.edu/admissions,65,University of Minnesota Medical School - Twin Cities,published school average GPA and MCAT,3.81,513,2,509.5,3.77,3.1,0.07,medium,major_conflict,third_party_candidate_major_conflict,0.854,review,
prospectivedoctor:66,md_university_of_minnesota_medical_school_minneapolis_minnesota,University of Minnesota Medical School,MD,prospectivedoctor,ProspectiveDoctor,https://www.prospectivedoctor.com/gpa-and-mcat/,https://www.med.umn.edu/admissions,66,University of Minnesota Medical School - Duluth,published school average GPA and MCAT,3.65,503,2,509.5,3.77,3.1,0.07,medium,major_conflict,third_party_candidate_major_conflict,0.909,review,
prospectivedoctor:67,md_university_of_mississippi_school_of_medicine_jackson_mississippi,University of Mississippi School of Medicine,MD,prospectivedoctor,ProspectiveDoctor,https://www.prospectivedoctor.com/gpa-and-mcat/,https://www.umc.edu/som/Departments%20and%20Offices/SOM%20Administrative%20Offices/SOM%20Admissions/SOM%20Admissions.html,67,University of Mississippi School of Medicine,published school average GPA and MCAT,3.86,505,3,508.9,3.83,3,0.08,medium,major_conflict,third_party_candidate_major_conflict,1,exact,
prospectivedoctor:68,md_university_of_missouri_columbia_school_of_medicine_columbia_missouri,University of Missouri-Columbia School of Medicine,MD,prospectivedoctor,ProspectiveDoctor,https://www.prospectivedoctor.com/gpa-and-mcat/,http://medicine.missouri.edu/admissions/,68,University of Missouri - Columbia School of Medicine,published school average GPA and MCAT,3.86,509,3,508.9,3.83,3,0.08,medium,major_conflict,third_party_candidate_major_conflict,1,exact,
prospectivedoctor:69,md_saint_louis_university_school_of_medicine_st_louis_missouri,Saint Louis University School of Medicine,MD,prospectivedoctor,ProspectiveDoctor,https://www.prospectivedoctor.com/gpa-and-mcat/,http://www.slu.edu/medicine/admissions,69,Saint Louis University School of Medicine,published school average GPA and MCAT,3.91,514,3,513.7,3.83,1.7,0.05,high,major_conflict,third_party_candidate_major_conflict,1,exact,
prospectivedoctor:7,md_university_of_texas_medical_branch_john_sealy_school_of_medicine_galveston_texas,University of Texas Medical Branch John Sealy School of Medicine,MD,prospectivedoctor,ProspectiveDoctor,https://www.prospectivedoctor.com/gpa-and-mcat/,http://www.cdrewu.edu/com/CDU_UCLAMedicalStudentProgram/UndergraduateMedicalEducationPrograms,7,Drew/UCLA Joint Medical Program Drew University of Medicine and Science,published school average GPA and MCAT,3,498,2,498,3.21,0,0.42,low,major_conflict,third_party_candidate_major_conflict,0.684,no_match,
prospectivedoctor:70,md_university_of_missouri_kansas_city_school_of_medicine_kansas_city_missouri,University of Missouri-Kansas City School of Medicine,MD,prospectivedoctor,ProspectiveDoctor,https://www.prospectivedoctor.com/gpa-and-mcat/,http://med.umkc.edu/md/apply/,70,University of Missouri - Kansas City School of Medicine,published school average GPA and MCAT,3.89,509,3,508.9,3.83,3,0.08,medium,major_conflict,third_party_candidate_major_conflict,1,exact,
prospectivedoctor:71,md_university_of_washington_school_of_medicine_seattle_washington,University of Washington School of Medicine,MD,prospectivedoctor,ProspectiveDoctor,https://www.prospectivedoctor.com/gpa-and-mcat/,https://medicine.wustl.edu/education/admissions/#medical-education,71,Washington University School of Medicine,published school average GPA and MCAT,3.94,521,3,515.2,3.8,0.3,0.03,high,major_conflict,third_party_candidate_major_conflict,1,high_confidence,
prospectivedoctor:72,md_creighton_university_school_of_medicine_omaha_nebraska,Creighton University School of Medicine,MD,prospectivedoctor,ProspectiveDoctor,https://www.prospectivedoctor.com/gpa-and-mcat/,https://medschool.creighton.edu/program/Medicine-MD,72,Creighton University School of Medicine,published school average GPA and MCAT,3.84,513,3,512.6,3.8,3.5,0.03,medium,major_conflict,third_party_candidate_major_conflict,1,exact,
prospectivedoctor:73,md_university_of_nebraska_college_of_medicine_omaha_nebraska,University of Nebraska College of Medicine,MD,prospectivedoctor,ProspectiveDoctor,https://www.prospectivedoctor.com/gpa-and-mcat/,http://www.unmc.edu/com/prospective/admissions/index.html,73,University of Nebraska College of Medicine,published school average GPA and MCAT,3.9,513,2,510,3.9,6,0,low,major_conflict,third_party_candidate_major_conflict,1,exact,
prospectivedoctor:74,md_university_of_nevada_reno_school_of_medicine_reno_nevada,"University of Nevada, Reno School of Medicine",MD,prospectivedoctor,ProspectiveDoctor,https://www.prospectivedoctor.com/gpa-and-mcat/,http://med.unr.edu/admissions,74,University of Nevada School of Medicine,published school average GPA and MCAT,3.76,512,3,511.5,3.82,4.8,0.08,medium,major_conflict,third_party_candidate_major_conflict,0.93,high_confidence,
prospectivedoctor:75,md_geisel_school_of_medicine_at_dartmouth_hanover_new_hampshire,Geisel School of Medicine at Dartmouth,MD,prospectivedoctor,ProspectiveDoctor,https://www.prospectivedoctor.com/gpa-and-mcat/,http://geiselmed.dartmouth.edu/admissions/,75,Geisel School of Medicine at Dartmouth,published school average GPA and MCAT,3.77,516,3,516,3.77,0,0,high,close_agreement,third_party_candidate_close_agreement,1,exact,
prospectivedoctor:76,md_cooper_medical_school_of_rowan_university_camden_new_jersey,Cooper Medical School of Rowan University,MD,prospectivedoctor,ProspectiveDoctor,https://www.prospectivedoctor.com/gpa-and-mcat/,http://www.rowan.edu/coopermed/students/admissions/,76,Cooper Medical School of Rowan University,published school average GPA and MCAT,3.79,512,2,512,3.79,0,0,high,close_agreement,third_party_candidate_close_agreement,1,exact,
prospectivedoctor:77,md_rutgers_new_jersey_medical_school_newark_new_jersey,Rutgers New Jersey Medical School,MD,prospectivedoctor,ProspectiveDoctor,https://www.prospectivedoctor.com/gpa-and-mcat/,http://njms.rutgers.edu/admissions/prospective/index.cfm,77,Rutgers New Jersey Medical School,published school average GPA and MCAT,3.82,515,2,515,3.76,0,0.12,medium,major_conflict,third_party_candidate_major_conflict,1,exact,
prospectivedoctor:78,md_rutgers_robert_wood_johnson_medical_school_piscataway_new_jersey,"Rutgers, Robert Wood Johnson Medical School",MD,prospectivedoctor,ProspectiveDoctor,https://www.prospectivedoctor.com/gpa-and-mcat/,http://rwjms.rutgers.edu/education/admissions/index.html,78,Rutgers Robert Wood Johnson Medical School,published school average GPA and MCAT,3.75,514,2,514,3.73,0,0.05,high,close_agreement,third_party_candidate_close_agreement,1,exact,
prospectivedoctor:79,md_university_of_new_mexico_school_of_medicine_albuquerque_new_mexico,University of New Mexico School of Medicine,MD,prospectivedoctor,ProspectiveDoctor,https://www.prospectivedoctor.com/gpa-and-mcat/,http://som.unm.edu/education/md/ume/,79,University of New Mexico School of Medicine,published school average GPA and MCAT,3.8,505,3,508.1,3.78,2.5,0.04,medium,major_conflict,third_party_candidate_major_conflict,1,exact,
prospectivedoctor:8,md_loma_linda_university_school_of_medicine_loma_linda_california,Loma Linda University School of Medicine,MD,prospectivedoctor,ProspectiveDoctor,https://www.prospectivedoctor.com/gpa-and-mcat/,http://medicine.llu.edu/admissions,8,Loma Linda University School of Medicine,published school average GPA and MCAT,3.86,510,3,513.7,3.83,1.7,0.05,high,major_conflict,third_party_candidate_major_conflict,1,exact,
prospectivedoctor:80,md_albany_medical_college_albany_new_york,Albany Medical College,MD,prospectivedoctor,ProspectiveDoctor,https://www.prospectivedoctor.com/gpa-and-mcat/,http://www.amc.edu/Academic/Undergraduate_Admissions/index.cfm,80,Albany Medical College,published school average GPA and MCAT,3.74,511,3,511.7,3.77,1,0.06,high,major_conflict,third_party_candidate_major_conflict,1,exact,
prospectivedoctor:81,md_albert_einstein_college_of_medicine_new_york_new_york,Albert Einstein College of Medicine,MD,prospectivedoctor,ProspectiveDoctor,https://www.prospectivedoctor.com/gpa-and-mcat/,https://www.einsteinmed.edu/,81,Albert Einstein College of Medicine of Yeshiva University,published school average GPA and MCAT,3.81,515,1,515,3.81,0,0,low,single_source,third_party_candidate_single_source,0.771,review,
prospectivedoctor:82,md_columbia_university_vagelos_college_of_physicians_and_surgeons_new_york_new_york,Columbia University Vagelos College of Physicians and Surgeons,MD,prospectivedoctor,ProspectiveDoctor,https://www.prospectivedoctor.com/gpa-and-mcat/,http://ps.columbia.edu/education/admissions,82,Columbia University College of Physicians and Surgeons,published school average GPA and MCAT,3.92,522,2,521.5,3.88,1,0.07,high,minor_conflict,third_party_candidate_minor_conflict,0.922,high_confidence,
prospectivedoctor:83,md_donald_and_barbara_zucker_school_of_medicine_at_hofstra_northwell_hempstead_new_,Donald and Barbara Zucker School of Medicine at Hofstra/Northwell,MD,prospectivedoctor,ProspectiveDoctor,https://www.prospectivedoctor.com/gpa-and-mcat/,http://medicine.hofstra.edu/admission/md/index.html,83,Hofstra Northwell School of Medicine,published school average GPA and MCAT,3.84,518,2,518,3.88,0,0.08,high,minor_conflict,third_party_candidate_minor_conflict,0.75,review,
prospectivedoctor:84,md_icahn_school_of_medicine_at_mount_sinai_new_york_new_york,Icahn School of Medicine at Mount Sinai,MD,prospectivedoctor,ProspectiveDoctor,https://www.prospectivedoctor.com/gpa-and-mcat/,http://icahn.mssm.edu/education/medical/admissions,84,Icahn School of Medicine at Mount Sinai,published school average GPA and MCAT,3.87,519,2,519,3.84,0,0.06,high,minor_conflict,third_party_candidate_minor_conflict,1,exact,
prospectivedoctor:85,md_new_york_medical_college_valhalla_new_york,New York Medical College,MD,prospectivedoctor,ProspectiveDoctor,https://www.prospectivedoctor.com/gpa-and-mcat/,http://www.nymc.edu/future-students/admission-offices/,85,New York Medical College,published school average GPA and MCAT,3.72,513,3,514.7,3.68,3,0.13,medium,major_conflict,third_party_candidate_major_conflict,1,exact,
prospectivedoctor:86,md_emory_university_school_of_medicine_atlanta_georgia,Emory University School of Medicine,MD,prospectivedoctor,ProspectiveDoctor,https://www.prospectivedoctor.com/gpa-and-mcat/,http://www.med.nyu.edu/school/md-admissions,86,New York University School of Medicine,published school average GPA and MCAT,3.9,520,3,512.6,3.8,3.5,0.03,medium,major_conflict,third_party_candidate_major_conflict,0.896,review,
prospectivedoctor:87,md_suny_downstate_health_sciences_university_college_of_medicine_brooklyn_new_york,SUNY Downstate Health Sciences University College of Medicine,MD,prospectivedoctor,ProspectiveDoctor,https://www.prospectivedoctor.com/gpa-and-mcat/,https://www.downstate.edu/education-training/college-of-medicine/index.html,87,SUNY - Downstate Medical Center College of Medicine,published school average GPA and MCAT,3.74,514,2,513.5,3.74,1,0.01,high,close_agreement,third_party_candidate_close_agreement,0.788,review,
prospectivedoctor:88,md_jacobs_school_of_medicine_and_biomedical_sciences_at_the_university_at_buffalo_b,Jacobs School of Medicine and Biomedical Sciences at the University at Buffalo,MD,prospectivedoctor,ProspectiveDoctor,https://www.prospectivedoctor.com/gpa-and-mcat/,http://medicine.buffalo.edu/education/md/admissions.html,88,SUNY - Buffalo Jacobs School of Medicine and Biomedical Sciences,published school average GPA and MCAT,3.75,512,3,510.7,3.72,2,0.05,high,minor_conflict,third_party_candidate_minor_conflict,0.931,high_confidence,
prospectivedoctor:89,md_wayne_state_university_school_of_medicine_detroit_michigan,Wayne State University School of Medicine,MD,prospectivedoctor,ProspectiveDoctor,https://www.prospectivedoctor.com/gpa-and-mcat/,http://www.upstate.edu/com/admissions/index.php,89,SUNY - Upstate Medical University,published school average GPA and MCAT,3.77,513,2,512.5,3.75,1,0.03,high,close_agreement,third_party_candidate_close_agreement,0.638,no_match,
prospectivedoctor:9,md_university_of_california_davis_school_of_medicine_davis_california,"University of California, Davis School of Medicine",MD,prospectivedoctor,ProspectiveDoctor,https://www.prospectivedoctor.com/gpa-and-mcat/,http://www.ucdmc.ucdavis.edu/mdprogram/admissions/index.html,9,University of California - Davis School of Medicine,published school average GPA and MCAT,3.69,512,3,511.5,3.82,4.8,0.08,medium,major_conflict,third_party_candidate_major_conflict,1,exact,
prospectivedoctor:90,md_renaissance_school_of_medicine_at_stony_brook_university_stony_brook_new_york,Renaissance School of Medicine at Stony Brook University,MD,prospectivedoctor,ProspectiveDoctor,https://www.prospectivedoctor.com/gpa-and-mcat/,https://medicine.stonybrookmedicine.edu/admissions_SOM,90,Stony Brook University School of Medicine,published school average GPA and MCAT,3.86,516,3,512.6,3.8,3.5,0.03,medium,major_conflict,third_party_candidate_major_conflict,0.864,review,
prospectivedoctor:91,md_university_of_rochester_school_of_medicine_and_dentistry_rochester_new_york,University of Rochester School of Medicine and Dentistry,MD,prospectivedoctor,ProspectiveDoctor,https://www.prospectivedoctor.com/gpa-and-mcat/,https://www.urmc.rochester.edu/education/md/admissions.aspx,91,University of Rochester School of Medicine and Dentistry,published school average GPA and MCAT,3.84,518,3,517.3,3.62,1,0.41,low,major_conflict,third_party_candidate_major_conflict,1,exact,
prospectivedoctor:92,md_weill_cornell_medicine_new_york_new_york,Weill Cornell Medicine,MD,prospectivedoctor,ProspectiveDoctor,https://www.prospectivedoctor.com/gpa-and-mcat/,http://weill.cornell.edu/education/admissions/,92,Weill Cornell Medical College,published school average GPA and MCAT,3.91,519,2,518.5,3.91,1,0.01,high,close_agreement,third_party_candidate_close_agreement,0.784,review,
prospectivedoctor:93,md_duke_university_school_of_medicine_durham_north_carolina,Duke University School of Medicine,MD,prospectivedoctor,ProspectiveDoctor,https://www.prospectivedoctor.com/gpa-and-mcat/,https://medschool.duke.edu/education/student-services/office-admissions,93,Duke University School of Medicine,published school average GPA and MCAT,3.89,519,3,513.7,3.83,1.7,0.05,high,major_conflict,third_party_candidate_major_conflict,1,exact,
prospectivedoctor:94,md_brody_school_of_medicine_at_east_carolina_university_greenville_north_carolina,Brody School of Medicine at East Carolina University,MD,prospectivedoctor,ProspectiveDoctor,https://www.prospectivedoctor.com/gpa-and-mcat/,http://www.ecu.edu/bsomadmissions/,94,East Carolina University Brody School of Medicine,published school average GPA and MCAT,3.71,509,3,510.2,3.79,2,0.01,high,major_conflict,third_party_candidate_major_conflict,1,high_confidence,
prospectivedoctor:95,md_university_of_north_carolina_school_of_medicine_chapel_hill_north_carolina,University of North Carolina School of Medicine,MD,prospectivedoctor,ProspectiveDoctor,https://www.prospectivedoctor.com/gpa-and-mcat/,http://www.med.unc.edu/admit,95,University of North Carolina at Chapel Hill School of Medicine,published school average GPA and MCAT,3.78,515,3,513.7,3.79,3,0.01,medium,major_conflict,third_party_candidate_major_conflict,0.872,review,
prospectivedoctor:96,md_wake_forest_university_school_of_medicine_winston_salem_north_carolina,Wake Forest University School of Medicine,MD,prospectivedoctor,ProspectiveDoctor,https://www.prospectivedoctor.com/gpa-and-mcat/,http://www.wakehealth.edu/School/MD-Program/Admissions/Admissions.htm,96,Wake Forest School of Medicine,published school average GPA and MCAT,3.76,513,2,512,3.79,2,0.07,high,minor_conflict,third_party_candidate_minor_conflict,0.831,review,
prospectivedoctor:97,md_university_of_north_dakota_school_of_medicine_and_health_sciences_grand_forks_no,University of North Dakota School of Medicine and Health Sciences,MD,prospectivedoctor,ProspectiveDoctor,https://www.prospectivedoctor.com/gpa-and-mcat/,http://www.med.und.edu/student-affairs-admissions/application-process.cfm,97,University of North Dakota School of Medicine and Health Sciences,published school average GPA and MCAT,3.8,507,2,507,3.8,0,0,high,close_agreement,third_party_candidate_close_agreement,1,exact,
prospectivedoctor:98,md_case_western_reserve_university_school_of_medicine_cleveland_ohio,Case Western Reserve University School of Medicine,MD,prospectivedoctor,ProspectiveDoctor,https://www.prospectivedoctor.com/gpa-and-mcat/,http://case.edu/medicine/admissions/,98,Case Western Reserve University School of Medicine,published school average GPA and MCAT,3.86,519,3,517.7,3.89,2,0.04,high,minor_conflict,third_party_candidate_minor_conflict,1,exact,
prospectivedoctor:99,md_northeast_ohio_medical_university_college_of_medicine_rootstown_ohio,Northeast Ohio Medical University College of Medicine,MD,prospectivedoctor,ProspectiveDoctor,https://www.prospectivedoctor.com/gpa-and-mcat/,http://www.neomed.edu/admissions/apply/#com,99,Northeast Ohio Medical University,published school average GPA and MCAT,3.76,507,3,509.7,3.75,4,0.01,medium,major_conflict,third_party_candidate_major_conflict,0.795,review,
shemmassian:147,md_loma_linda_university_school_of_medicine_loma_linda_california,Loma Linda University School of Medicine,MD,shemmassian,Shemmassian,https://www.shemmassianconsulting.com/blog/average-gpa-and-mcat-score-for-every-medical-school,,147,University of Alabama School of Medicine,published school average GPA and MCAT,3.87,509.4,3,511.5,3.82,4.8,0.08,medium,major_conflict,third_party_candidate_major_conflict,0.873,review,source row carried an asterisk
shemmassian:148,md_university_of_oklahoma_college_of_medicine_oklahoma_city_oklahoma,University of Oklahoma College of Medicine,MD,shemmassian,Shemmassian,https://www.shemmassianconsulting.com/blog/average-gpa-and-mcat-score-for-every-medical-school,,148,University of South Alabama College of Medicine,published school average GPA and MCAT,3.85,508,3,510.2,3.57,1.5,0.88,low,major_conflict,third_party_candidate_major_conflict,0.857,review,source row carried an asterisk
shemmassian:149,do_acom_alabama_college_of_osteopathic_medicine_dothan_alabama,Alabama College of Osteopathic Medicine,DO,shemmassian,Shemmassian,https://www.shemmassianconsulting.com/blog/average-gpa-and-mcat-score-for-every-medical-school,,149,Alabama College of Osteopathic Medicine,published school average GPA and MCAT,3.6,503,1,501.5,3.37,0,0,low,major_conflict,third_party_candidate_major_conflict,1,exact,
shemmassian:150,do_vcom_louisiana_edward_via_college_of_osteopathic_medicine_louisiana_campus_monro,Edward Via College of Osteopathic Medicine-Louisiana Campus,DO,shemmassian,Shemmassian,https://www.shemmassianconsulting.com/blog/average-gpa-and-mcat-score-for-every-medical-school,,150,Edward Via College of Osteopathic Medicine - Auburn Campus,published school average GPA and MCAT,3.76,502,1,501,3.69,0,0,low,major_conflict,third_party_candidate_major_conflict,0.899,review,
shemmassian:151,md_university_of_arkansas_for_medical_sciences_college_of_medicine_little_rock_arka,University of Arkansas for Medical Sciences College of Medicine,MD,shemmassian,Shemmassian,https://www.shemmassianconsulting.com/blog/average-gpa-and-mcat-score-for-every-medical-school,,151,University of Arkansas for Medical Sciences College of Medicine,published school average GPA and MCAT,3.85,507,3,508,3.84,2,0.02,high,minor_conflict,third_party_candidate_minor_conflict,1,exact,source row carried an asterisk
shemmassian:152,do_arcom_arkansas_college_of_osteopathic_medicine_fort_smith_arkansas,Arkansas College of Osteopathic Medicine,DO,shemmassian,Shemmassian,https://www.shemmassianconsulting.com/blog/average-gpa-and-mcat-score-for-every-medical-school,,152,Arkansas College of Osteopathic Medicine,published school average GPA and MCAT,3.5,500,1,501.5,3.37,0,0,low,major_conflict,third_party_candidate_major_conflict,1,exact,
shemmassian:153,md_university_of_arizona_college_of_medicine_tucson_tucson_arizona,University of Arizona College of Medicine - Tucson,MD,shemmassian,Shemmassian,https://www.shemmassianconsulting.com/blog/average-gpa-and-mcat-score-for-every-medical-school,,153,University of Arizona College of Medicine - Tucson,published school average GPA and MCAT,3.74,508,3,512.2,3.78,8,0.06,low,major_conflict,third_party_candidate_major_conflict,1,exact,source row carried an asterisk
shemmassian:154,md_university_of_arizona_college_of_medicine_phoenix_phoenix_arizona,University of Arizona College of Medicine - Phoenix,MD,shemmassian,Shemmassian,https://www.shemmassianconsulting.com/blog/average-gpa-and-mcat-score-for-every-medical-school,,154,University of Arizona School of Medicine - Phoenix,published school average GPA and MCAT,3.82,514,1,514,3.82,0,0,low,single_source,third_party_candidate_single_source,0.918,review,source row carried an asterisk
shemmassian:155,md_mayo_clinic_alix_school_of_medicine_rochester_minnesota,Mayo Clinic Alix School of Medicine,MD,shemmassian,Shemmassian,https://www.shemmassianconsulting.com/blog/average-gpa-and-mcat-score-for-every-medical-school,,155,Mayo Clinic Alix School of Medicine,published school average GPA and MCAT,3.95,521,2,521,3.95,0,0,high,close_agreement,third_party_candidate_close_agreement,1,exact,
shemmassian:156,do_atsu_soma_a_t_still_university_school_of_osteopathic_medicine_in_arizona_mesa_ar,"A.T. Still University, School of Osteopathic Medicine in Arizona",DO,shemmassian,Shemmassian,https://www.shemmassianconsulting.com/blog/average-gpa-and-mcat-score-for-every-medical-school,,156,A.T. Still University School of Osteopathic Medicine Arizona (SOMA),published school average GPA and MCAT,3.53,502,1,502,3.53,0,0,low,single_source,third_party_candidate_single_source,0.933,high_confidence,
shemmassian:157,do_mwu_azcom_midwestern_university_arizona_college_of_osteopathic_medicine_glendale,Midwestern University Arizona College of Osteopathic Medicine,DO,shemmassian,Shemmassian,https://www.shemmassianconsulting.com/blog/average-gpa-and-mcat-score-for-every-medical-school,,157,Arizona College of Osteopathic Medicine of Midwestern University,published school average GPA and MCAT,3.58,504,1,506.5,3.62,0,0,low,single_source,third_party_candidate_single_source,1,high_confidence,
shemmassian:158,md_california_northstate_university_college_of_medicine_elk_grove_california,California Northstate University College of Medicine,MD,shemmassian,Shemmassian,https://www.shemmassianconsulting.com/blog/average-gpa-and-mcat-score-for-every-medical-school,,158,California Northstate University College of Medicine,published school average GPA and MCAT,3.83,513.3,3,512.4,3.8,2.9,0.09,medium,major_conflict,third_party_candidate_major_conflict,1,exact,
shemmassian:159,md_california_university_of_science_and_medicine_school_of_medicine_colton_californ,California University of Science and Medicine - School of Medicine,MD,shemmassian,Shemmassian,https://www.shemmassianconsulting.com/blog/average-gpa-and-mcat-score-for-every-medical-school,,159,California University of Science and Medicine,published school average GPA and MCAT,3.61,511,2,510.5,3.61,1,0,high,major_conflict,third_party_candidate_major_conflict,0.916,review,
shemmassian:160,md_university_of_texas_medical_branch_john_sealy_school_of_medicine_galveston_texas,University of Texas Medical Branch John Sealy School of Medicine,MD,shemmassian,Shemmassian,https://www.shemmassianconsulting.com/blog/average-gpa-and-mcat-score-for-every-medical-school,,160,Drew/UCLA Joint Medical Program Drew University of Medicine and Science,published school average GPA and MCAT,3.42,,2,498,3.21,0,0.42,low,major_conflict,third_party_candidate_major_conflict,0.684,no_match,
shemmassian:161,md_loma_linda_university_school_of_medicine_loma_linda_california,Loma Linda University School of Medicine,MD,shemmassian,Shemmassian,https://www.shemmassianconsulting.com/blog/average-gpa-and-mcat-score-for-every-medical-school,,161,Loma Linda University School of Medicine,published school average GPA and MCAT,3.85,509,3,513.7,3.83,1.7,0.05,high,major_conflict,third_party_candidate_major_conflict,1,exact,
shemmassian:162,md_university_of_california_davis_school_of_medicine_davis_california,"University of California, Davis School of Medicine",MD,shemmassian,Shemmassian,https://www.shemmassianconsulting.com/blog/average-gpa-and-mcat-score-for-every-medical-school,,162,University of California - Davis School of Medicine,published school average GPA and MCAT,3.72,509,3,511.5,3.82,4.8,0.08,medium,major_conflict,third_party_candidate_major_conflict,1,exact,source row carried an asterisk
shemmassian:163,md_stanford_university_school_of_medicine_palo_alto_california,Stanford University School of Medicine,MD,shemmassian,Shemmassian,https://www.shemmassianconsulting.com/blog/average-gpa-and-mcat-score-for-every-medical-school,,163,Stanford University School of Medicine,published school average GPA and MCAT,3.94,518,3,513.7,3.83,1.7,0.05,high,major_conflict,third_party_candidate_major_conflict,1,exact,
shemmassian:164,md_university_of_california_irvine_school_of_medicine_irvine_california,"University of California, Irvine School of Medicine",MD,shemmassian,Shemmassian,https://www.shemmassianconsulting.com/blog/average-gpa-and-mcat-score-for-every-medical-school,,164,University of California - Irvine School of Medicine,published school average GPA and MCAT,3.83,516,3,513.2,3.77,0.7,0.01,high,major_conflict,third_party_candidate_major_conflict,1,exact,source row carried an asterisk
shemmassian:165,md_university_of_california_san_diego_school_of_medicine_san_diego_california,"University of California, San Diego School of Medicine",MD,shemmassian,Shemmassian,https://www.shemmassianconsulting.com/blog/average-gpa-and-mcat-score-for-every-medical-school,,165,University of California - Los Angeles David Geffen School of Medicine,published school average GPA and MCAT,3.81,516,2,516,3.83,0,0.03,high,close_agreement,third_party_candidate_close_agreement,0.826,review,source row carried an asterisk
shemmassian:166,md_university_of_california_riverside_school_of_medicine_riverside_california,"University of California, Riverside School of Medicine",MD,shemmassian,Shemmassian,https://www.shemmassianconsulting.com/blog/average-gpa-and-mcat-score-for-every-medical-school,,166,University of California - Riverside School of Medicine,published school average GPA and MCAT,3.6,508,3,513.2,3.77,0.7,0.01,high,major_conflict,third_party_candidate_major_conflict,1,exact,source row carried an asterisk
shemmassian:167,md_university_of_california_san_diego_school_of_medicine_san_diego_california,"University of California, San Diego School of Medicine",MD,shemmassian,Shemmassian,https://www.shemmassianconsulting.com/blog/average-gpa-and-mcat-score-for-every-medical-school,,167,University of California - San Diego School of Medicine,published school average GPA and MCAT,3.83,514.4,3,513.2,3.77,0.7,0.01,high,major_conflict,third_party_candidate_major_conflict,1,exact,source row carried an asterisk
shemmassian:168,md_university_of_california_san_francisco_school_of_medicine_san_francisco_californ,"University of California, San Francisco School of Medicine",MD,shemmassian,Shemmassian,https://www.shemmassianconsulting.com/blog/average-gpa-and-mcat-score-for-every-medical-school,,168,University of California - San Francisco School of Medicine,published school average GPA and MCAT,3.87,517,3,513.2,3.77,0.7,0.01,high,major_conflict,third_party_candidate_major_conflict,1,exact,source row carried an asterisk
shemmassian:169,md_keck_school_of_medicine_of_the_university_of_southern_california_los_angeles_cal,Keck School of Medicine of the University of Southern California,MD,shemmassian,Shemmassian,https://www.shemmassianconsulting.com/blog/average-gpa-and-mcat-score-for-every-medical-school,,169,University of Southern California Keck School of Medicine,published school average GPA and MCAT,3.85,517,3,513.2,3.77,0.7,0.01,high,major_conflict,third_party_candidate_major_conflict,1,high_confidence,
shemmassian:170,md_kaiser_permanente_bernard_j_tyson_school_of_medicine_pasadena_california,Kaiser Permanente Bernard J. Tyson School of Medicine,MD,shemmassian,Shemmassian,https://www.shemmassianconsulting.com/blog/average-gpa-and-mcat-score-for-every-medical-school,,170,Kaiser Permanente School of Medicine,published school average GPA and MCAT,3.78,514,1,514,3.78,0,0,low,single_source,third_party_candidate_single_source,0.805,review,
shemmassian:171,do_tucom_touro_university_college_of_osteopathic_medicine_california_vallejo_califo,Touro University College of Osteopathic Medicine-California,DO,shemmassian,Shemmassian,https://www.shemmassianconsulting.com/blog/average-gpa-and-mcat-score-for-every-medical-school,,171,Touro University California College of Osteopathic Medicine,published school average GPA and MCAT,3.58,506,1,505.7,3.52,0,0,low,single_source,third_party_candidate_single_source,1,high_confidence,
shemmassian:172,do_westernu_comp_western_university_of_health_sciences_college_of_osteopathic_medic,Western University of Health Sciences College of Osteopathic Medicine of the Pacific,DO,shemmassian,Shemmassian,https://www.shemmassianconsulting.com/blog/average-gpa-and-mcat-score-for-every-medical-school,,172,Western University of Health Sciences College of Osteopathic Medicine of the Pacific,published school average GPA and MCAT,3.82,509,1,508,3.7,0,0,low,single_source,third_party_candidate_single_source,1,exact,
shemmassian:173,do_chsu_com_california_health_sciences_university_college_of_osteopathic_medicine_c,California Health Sciences University College of Osteopathic Medicine,DO,shemmassian,Shemmassian,https://www.shemmassianconsulting.com/blog/average-gpa-and-mcat-score-for-every-medical-school,,173,California Health Sciences University College of Osteopathic Medicine,published school average GPA and MCAT,3.45,504.1,1,505.7,3.52,0,0,low,single_source,third_party_candidate_single_source,1,exact,
shemmassian:174,md_university_of_colorado_school_of_medicine_denver_colorado,University of Colorado School of Medicine,MD,shemmassian,Shemmassian,https://www.shemmassianconsulting.com/blog/average-gpa-and-mcat-score-for-every-medical-school,,174,University of Colorado School of Medicine,published school average GPA and MCAT,3.7,517,3,511.5,3.82,4.8,0.08,medium,major_conflict,third_party_candidate_major_conflict,1,exact,source row carried an asterisk
shemmassian:175,do_rvucom_rocky_vista_university_college_of_osteopathic_medicine_parker_colorado,Rocky Vista University College of Osteopathic Medicine,DO,shemmassian,Shemmassian,https://www.shemmassianconsulting.com/blog/average-gpa-and-mcat-score-for-every-medical-school,,175,Rocky Vista University College of Osteopathic Medicine,published school average GPA and MCAT,3.61,506,1,506,3.61,0,0,low,single_source,third_party_candidate_single_source,1,review,
shemmassian:176,md_frank_h_netter_md_school_of_medicine_at_quinnipiac_university_north_haven_connec,Frank H. Netter MD School of Medicine at Quinnipiac University,MD,shemmassian,Shemmassian,https://www.shemmassianconsulting.com/blog/average-gpa-and-mcat-score-for-every-medical-school,,176,Quinnipiac University Frank H. Netter MD School of Medicine,published school average GPA and MCAT,3.7,511,3,511.3,3.69,1,0.02,high,close_agreement,third_party_candidate_close_agreement,1,high_confidence,
shemmassian:177,md_university_of_connecticut_school_of_medicine_farmington_connecticut,University of Connecticut School of Medicine,MD,shemmassian,Shemmassian,https://www.shemmassianconsulting.com/blog/average-gpa-and-mcat-score-for-every-medical-school,,177,University of Connecticut School of Medicine,published school average GPA and MCAT,3.76,513,3,508.1,3.78,2.5,0.04,medium,major_conflict,third_party_candidate_major_conflict,1,exact,source row carried an asterisk
shemmassian:178,md_yale_school_of_medicine_new_haven_connecticut,Yale School of Medicine,MD,shemmassian,Shemmassian,https://www.shemmassianconsulting.com/blog/average-gpa-and-mcat-score-for-every-medical-school,,178,Yale School of Medicine,published school average GPA and MCAT,3.94,521,3,521,3.94,0,0.01,high,minor_conflict,third_party_candidate_minor_conflict,1,exact,
shemmassian:179,md_george_washington_university_school_of_medicine_and_health_sciences_washington_d,George Washington University School of Medicine and Health Sciences,MD,shemmassian,Shemmassian,https://www.shemmassianconsulting.com/blog/average-gpa-and-mcat-score-for-every-medical-school,,179,George Washington University School of Medicine and Health Sciences,published school average GPA and MCAT,3.88,515,3,515.2,3.8,0.3,0.03,high,major_conflict,third_party_candidate_major_conflict,1,exact,
shemmassian:180,md_georgetown_university_school_of_medicine_washington_district_of_columbia,Georgetown University School of Medicine,MD,shemmassian,Shemmassian,https://www.shemmassianconsulting.com/blog/average-gpa-and-mcat-score-for-every-medical-school,,180,Georgetown University School of Medicine,published school average GPA and MCAT,3.76,513,3,512.6,3.8,3.5,0.03,medium,major_conflict,third_party_candidate_major_conflict,1,exact,
shemmassian:181,md_howard_university_college_of_medicine_washington_district_of_columbia,Howard University College of Medicine,MD,shemmassian,Shemmassian,https://www.shemmassianconsulting.com/blog/average-gpa-and-mcat-score-for-every-medical-school,,181,Howard University College of Medicine,published school average GPA and MCAT,3.61,507,3,510,3.68,3.5,0.17,medium,major_conflict,third_party_candidate_major_conflict,1,exact,
shemmassian:182,md_charles_e_schmidt_college_of_medicine_at_florida_atlantic_university_boca_raton_,Charles E. Schmidt College of Medicine at Florida Atlantic University,MD,shemmassian,Shemmassian,https://www.shemmassianconsulting.com/blog/average-gpa-and-mcat-score-for-every-medical-school,,182,Florida Atlantic University Charles E. Schmidt College of Medicine,published school average GPA and MCAT,3.83,513,3,513,3.82,0,0.03,high,close_agreement,third_party_candidate_close_agreement,1,high_confidence,source row carried an asterisk
shemmassian:183,md_florida_international_university_herbert_wertheim_college_of_medicine_miami_flor,Florida International University Herbert Wertheim College of Medicine,MD,shemmassian,Shemmassian,https://www.shemmassianconsulting.com/blog/average-gpa-and-mcat-score-for-every-medical-school,,183,Florida International University Herbert Wertheim College of Medicine,published school average GPA and MCAT,3.82,510,3,510.3,3.81,1,0.03,high,close_agreement,third_party_candidate_close_agreement,1,exact,source row carried an asterisk
shemmassian:184,md_florida_state_university_college_of_medicine_tallahassee_florida,Florida State University College of Medicine,MD,shemmassian,Shemmassian,https://www.shemmassianconsulting.com/blog/average-gpa-and-mcat-score-for-every-medical-school,,184,Florida State University College of Medicine,published school average GPA and MCAT,3.68,507,3,512.4,3.8,2.9,0.09,medium,major_conflict,third_party_candidate_major_conflict,1,exact,source row carried an asterisk
shemmassian:185,md_university_of_central_florida_college_of_medicine_orlando_florida,University of Central Florida College of Medicine,MD,shemmassian,Shemmassian,https://www.shemmassianconsulting.com/blog/average-gpa-and-mcat-score-for-every-medical-school,,185,University of Central Florida College of Medicine,published school average GPA and MCAT,3.89,514,3,509.7,3.88,14.5,0.01,low,major_conflict,third_party_candidate_major_conflict,1,exact,source row carried an asterisk
shemmassian:186,md_university_of_florida_college_of_medicine_gainesville_florida,University of Florida College of Medicine,MD,shemmassian,Shemmassian,https://www.shemmassianconsulting.com/blog/average-gpa-and-mcat-score-for-every-medical-school,,186,University of Florida College of Medicine,published school average GPA and MCAT,3.86,515,3,509.7,3.88,14.5,0.01,low,major_conflict,third_party_candidate_major_conflict,1,exact,source row carried an asterisk
shemmassian:187,md_university_of_miami_leonard_m_miller_school_of_medicine_miami_florida,University of Miami Leonard M. Miller School of Medicine,MD,shemmassian,Shemmassian,https://www.shemmassianconsulting.com/blog/average-gpa-and-mcat-score-for-every-medical-school,,187,University of Miami Miller School of Medicine,published school average GPA and MCAT,3.86,516,3,511.5,3.82,4.8,0.08,medium,major_conflict,third_party_candidate_major_conflict,0.886,review,
shemmassian:188,md_florida_state_university_college_of_medicine_tallahassee_florida,Florida State University College of Medicine,MD,shemmassian,Shemmassian,https://www.shemmassianconsulting.com/blog/average-gpa-and-mcat-score-for-every-medical-school,,188,University of South Florida Health Morsani College of Medicine,published school average GPA and MCAT,3.96,520,2,518.5,3.87,3,0.18,medium,major_conflict,third_party_candidate_major_conflict,0.804,review,source row carried an asterisk
shemmassian:189,do_lecom_bradenton_lake_erie_college_of_osteopathic_medicine_bradenton_bradenton_fl,Lake Erie College of Osteopathic Medicine – Bradenton,DO,shemmassian,Shemmassian,https://www.shemmassianconsulting.com/blog/average-gpa-and-mcat-score-for-every-medical-school,,189,Lake Erie College of Osteopathic Medicine Bradenton Campus,published school average GPA and MCAT,3.71,502,1,502,3.71,0,0,low,major_conflict,third_party_candidate_major_conflict,0.932,high_confidence,
shemmassian:190,md_nova_southeastern_university_dr_kiran_c_patel_college_of_allopathic_medicine_for,Nova Southeastern University Dr. Kiran C. Patel College of Allopathic Medicine,MD,shemmassian,Shemmassian,https://www.shemmassianconsulting.com/blog/average-gpa-and-mcat-score-for-every-medical-school,,190,Nova Southeastern University Dr. Kiran C. Patel College of Allopathic Medicine,published school average GPA and MCAT,3.75,512,2,510.5,3.71,3,0.08,medium,major_conflict,third_party_candidate_major_conflict,1,exact,
shemmassian:191,do_nsu_kpcom_clearwater_nova_southeastern_university_dr_kiran_c_patel_college_of_os,Nova Southeastern University – Dr. Kiran C. Patel College of Osteopathic Medicine,DO,shemmassian,Shemmassian,https://www.shemmassianconsulting.com/blog/average-gpa-and-mcat-score-for-every-medical-school,,191,Nova Southeastern University Dr. Kiran C. Patel College of Osteopathic Medicine,published school average GPA and MCAT,3.6,506,2,510.5,3.71,3,0.08,medium,major_conflict,third_party_candidate_major_conflict,1,review,
shemmassian:192,md_emory_university_school_of_medicine_atlanta_georgia,Emory University School of Medicine,MD,shemmassian,Shemmassian,https://www.shemmassianconsulting.com/blog/average-gpa-and-mcat-score-for-every-medical-school,,192,Emory University School of Medicine,published school average GPA and MCAT,3.7,514,3,512.6,3.8,3.5,0.03,medium,major_conflict,third_party_candidate_major_conflict,1,exact,
shemmassian:193,md_medical_college_of_georgia_at_augusta_university_augusta_georgia,Medical College of Georgia at Augusta University,MD,shemmassian,Shemmassian,https://www.shemmassianconsulting.com/blog/average-gpa-and-mcat-score-for-every-medical-school,,193,Medical College of Georgia at Augusta University,published school average GPA and MCAT,3.8,512,3,512.7,3.81,1,0.02,high,close_agreement,third_party_candidate_close_agreement,1,exact,source row carried an asterisk
shemmassian:194,md_mercer_university_school_of_medicine_macon_georgia,Mercer University School of Medicine,MD,shemmassian,Shemmassian,https://www.shemmassianconsulting.com/blog/average-gpa-and-mcat-score-for-every-medical-school,,194,Mercer University School of Medicine,published school average GPA and MCAT,3.69,503,3,512.6,3.8,3.5,0.03,medium,major_conflict,third_party_candidate_major_conflict,1,exact,
shemmassian:195,md_morehouse_school_of_medicine_atlanta_georgia,Morehouse School of Medicine,MD,shemmassian,Shemmassian,https://www.shemmassianconsulting.com/blog/average-gpa-and-mcat-score-for-every-medical-school,,195,Morehouse School of Medicine,published school average GPA and MCAT,3.64,504.1,3,504.6,3.64,1.6,0.01,high,major_conflict,third_party_candidate_major_conflict,1,exact,
shemmassian:196,do_pcom_georgia_philadelphia_college_of_osteopathic_medicine_georgia_suwanee_georgi,Philadelphia College of Osteopathic Medicine Georgia,DO,shemmassian,Shemmassian,https://www.shemmassianconsulting.com/blog/average-gpa-and-mcat-score-for-every-medical-school,,196,Georgia Campus Philadelphia College of Osteopathic Medicine,published school average GPA and MCAT,,503,1,503,,0,,low,single_source,third_party_candidate_single_source,0.933,high_confidence,
shemmassian:197,md_john_a_burns_school_of_medicine_university_of_hawaii_at_manoa_honolulu_hawaii,John A. Burns School of Medicine University of Hawaii at Manoa,MD,shemmassian,Shemmassian,https://www.shemmassianconsulting.com/blog/average-gpa-and-mcat-score-for-every-medical-school,,197,University of Hawaii John A. Burns School of Medicine,published school average GPA and MCAT,3.79,512,3,512.3,3.81,1,0.05,high,close_agreement,third_party_candidate_close_agreement,0.939,high_confidence,source row carried an asterisk
shemmassian:198,md_howard_university_college_of_medicine_washington_district_of_columbia,Howard University College of Medicine,MD,shemmassian,Shemmassian,https://www.shemmassianconsulting.com/blog/average-gpa-and-mcat-score-for-every-medical-school,,198,University of Iowa Carver College of Medicine,published school average GPA and MCAT,3.81,514,2,513,3.83,2,0.04,high,minor_conflict,third_party_candidate_minor_conflict,0.849,review,source row carried an asterisk
shemmassian:199,do_dmu_com_des_moines_university_college_of_osteopathic_medicine_west_des_moines_io,Des Moines University College of Osteopathic Medicine,DO,shemmassian,Shemmassian,https://www.shemmassianconsulting.com/blog/average-gpa-and-mcat-score-for-every-medical-school,,199,Des Moines University College of Osteopathic Medicine,published school average GPA and MCAT,3.71,507,1,504,3.62,0,0,low,single_source,third_party_candidate_single_source,1,exact,
shemmassian:200,do_icom_idaho_college_of_osteopathic_medicine_meridian_idaho,Idaho College of Osteopathic Medicine,DO,shemmassian,Shemmassian,https://www.shemmassianconsulting.com/blog/average-gpa-and-mcat-score-for-every-medical-school,,200,Idaho College of Osteopathic Medicine,published school average GPA and MCAT,3.56,503.65,1,503.8,3.53,0,0,low,major_conflict,third_party_candidate_major_conflict,1,exact,
shemmassian:201,md_carle_illinois_college_of_medicine_urbana_champaign_illinois,Carle Illinois College of Medicine,MD,shemmassian,Shemmassian,https://www.shemmassianconsulting.com/blog/average-gpa-and-mcat-score-for-every-medical-school,,201,Carle Illinois College of Medicine,published school average GPA and MCAT,3.73,513,1,513,3.73,0,0,low,single_source,third_party_candidate_single_source,1,exact,source row carried an asterisk
shemmassian:202,md_chicago_medical_school_at_rosalind_franklin_university_of_medicine_and_science_n,Chicago Medical School at Rosalind Franklin University of Medicine and Science,MD,shemmassian,Shemmassian,https://www.shemmassianconsulting.com/blog/average-gpa-and-mcat-score-for-every-medical-school,,202,Chicago Medical School at Rosalind Franklin University of Medicine and Science,published school average GPA and MCAT,3.69,508,3,509.7,3.69,5,0,medium,major_conflict,third_party_candidate_major_conflict,1,exact,
shemmassian:203,md_loyola_university_chicago_stritch_school_of_medicine_maywood_illinois,Loyola University Chicago Stritch School of Medicine,MD,shemmassian,Shemmassian,https://www.shemmassianconsulting.com/blog/average-gpa-and-mcat-score-for-every-medical-school,,203,Loyola University of Chicago Stritch School of Medicine,published school average GPA and MCAT,3.8,512,3,515,3.83,4.5,0.06,medium,major_conflict,third_party_candidate_major_conflict,1,exact,
shemmassian:204,md_northwestern_university_feinberg_school_of_medicine_chicago_illinois,Northwestern University Feinberg School of Medicine,MD,shemmassian,Shemmassian,https://www.shemmassianconsulting.com/blog/average-gpa-and-mcat-score-for-every-medical-school,,204,Northwestern University The Feinberg School of Medicine,published school average GPA and MCAT,3.93,521,3,520.7,3.92,1,0.02,high,close_agreement,third_party_candidate_close_agreement,1,exact,
shemmassian:205,md_rush_medical_college_of_rush_university_medical_center_chicago_illinois,Rush Medical College of Rush University Medical Center,MD,shemmassian,Shemmassian,https://www.shemmassianconsulting.com/blog/average-gpa-and-mcat-score-for-every-medical-school,,205,Rush Medical College of Rush University,published school average GPA and MCAT,3.72,510,2,510.5,3.7,1,0.05,high,minor_conflict,third_party_candidate_minor_conflict,0.899,review,
shemmassian:206,md_southern_illinois_university_school_of_medicine_springfield_illinois,Southern Illinois University School of Medicine,MD,shemmassian,Shemmassian,https://www.shemmassianconsulting.com/blog/average-gpa-and-mcat-score-for-every-medical-school,,206,Southern Illinois University School of Medicine,published school average GPA and MCAT,3.7,508,3,510.5,3.45,1,1,low,major_conflict,third_party_candidate_major_conflict,1,exact,source row carried an asterisk
shemmassian:207,md_loyola_university_chicago_stritch_school_of_medicine_maywood_illinois,Loyola University Chicago Stritch School of Medicine,MD,shemmassian,Shemmassian,https://www.shemmassianconsulting.com/blog/average-gpa-and-mcat-score-for-every-medical-school,,207,University of Chicago Pritzker School of Medicine,published school average GPA and MCAT,3.91,521,3,515,3.83,4.5,0.06,medium,major_conflict,third_party_candidate_major_conflict,0.826,review,
shemmassian:208,md_university_of_illinois_college_of_medicine_chicago_illinois,University of Illinois College of Medicine,MD,shemmassian,Shemmassian,https://www.shemmassianconsulting.com/blog/average-gpa-and-mcat-score-for-every-medical-school,,208,University of Illinois College of Medicine,published school average GPA and MCAT,3.82,511,3,513.2,3.82,3,0.04,medium,major_conflict,third_party_candidate_major_conflict,1,exact,source row carried an asterisk
shemmassian:209,do_mwu_ccom_midwestern_university_chicago_college_of_osteopathic_medicine_downers_g,Midwestern University Chicago College of Osteopathic Medicine,DO,shemmassian,Shemmassian,https://www.shemmassianconsulting.com/blog/average-gpa-and-mcat-score-for-every-medical-school,,209,Chicago College of Osteopathic Medicine of Midwestern University,published school average GPA and MCAT,3.65,509,1,506.5,3.62,0,0,low,single_source,third_party_candidate_single_source,1,high_confidence,
shemmassian:210,md_indiana_university_school_of_medicine_indianapolis_indiana,Indiana University School of Medicine,MD,shemmassian,Shemmassian,https://www.shemmassianconsulting.com/blog/average-gpa-and-mcat-score-for-every-medical-school,,210,Indiana University School of Medicine,published school average GPA and MCAT,3.85,512,3,513.7,3.83,1.7,0.05,high,major_conflict,third_party_candidate_major_conflict,1,exact,source row carried an asterisk
shemmassian:211,do_dmu_com_des_moines_university_college_of_osteopathic_medicine_west_des_moines_io,Des Moines University College of Osteopathic Medicine,DO,shemmassian,Shemmassian,https://www.shemmassianconsulting.com/blog/average-gpa-and-mcat-score-for-every-medical-school,,211,Marian University College of Osteopathic Medicine,published school average GPA and MCAT,3.76,501,1,504,3.62,0,0,low,single_source,third_party_candidate_single_source,0.896,review,
shemmassian:212,md_university_of_kansas_school_of_medicine_kansas_city_kansas,University of Kansas School of Medicine,MD,shemmassian,Shemmassian,https://www.shemmassianconsulting.com/blog/average-gpa-and-mcat-score-for-every-medical-school,,212,University of Kansas School of Medicine,published school average GPA and MCAT,3.84,509,3,511.5,3.82,4.8,0.08,medium,major_conflict,third_party_candidate_major_conflict,1,exact,source row carried an asterisk
shemmassian:213,do_arcom_arkansas_college_of_osteopathic_medicine_fort_smith_arkansas,Arkansas College of Osteopathic Medicine,DO,shemmassian,Shemmassian,https://www.shemmassianconsulting.com/blog/average-gpa-and-mcat-score-for-every-medical-school,,213,Kansas College of Osteopathic Medicine,published school average GPA and MCAT,3,,1,501.5,3.37,0,0,low,major_conflict,third_party_candidate_major_conflict,0.972,high_confidence,
shemmassian:214,md_university_of_kentucky_college_of_medicine_lexington_kentucky,University of Kentucky College of Medicine,MD,shemmassian,Shemmassian,https://www.shemmassianconsulting.com/blog/average-gpa-and-mcat-score-for-every-medical-school,,214,University of Kentucky College of Medicine,published school average GPA and MCAT,3.84,508,3,507.3,3.83,2,0.03,high,minor_conflict,third_party_candidate_minor_conflict,1,exact,source row carried an asterisk
shemmassian:215,md_university_of_louisville_school_of_medicine_louisville_kentucky,University of Louisville School of Medicine,MD,shemmassian,Shemmassian,https://www.shemmassianconsulting.com/blog/average-gpa-and-mcat-score-for-every-medical-school,,215,University of Louisville School of Medicine,published school average GPA and MCAT,3.78,507,3,513.2,3.77,0.7,0.01,high,major_conflict,third_party_candidate_major_conflict,1,exact,source row carried an asterisk
shemmassian:216,do_up_kycom_university_of_pikeville_kentucky_college_of_osteopathic_medicine_pikevi,University of Pikeville Kentucky College of Osteopathic Medicine,DO,shemmassian,Shemmassian,https://www.shemmassianconsulting.com/blog/average-gpa-and-mcat-score-for-every-medical-school,,216,University of Pikeville Kentucky College of Osteopathic Medicine,published school average GPA and MCAT,3.5,502,1,502,3.5,0,0,low,single_source,third_party_candidate_single_source,1,exact,
shemmassian:217,md_louisiana_state_university_school_of_medicine_in_shreveport_shreveport_louisiana,Louisiana State University School of Medicine in Shreveport,MD,shemmassian,Shemmassian,https://www.shemmassianconsulting.com/blog/average-gpa-and-mcat-score-for-every-medical-school,,217,Louisiana State University - New Orleans School of Medicine,published school average GPA and MCAT,3.76,509,2,508,3.79,1,0.02,high,major_conflict,third_party_candidate_major_conflict,0.764,review,source row carried an asterisk
shemmassian:218,md_louisiana_state_university_school_of_medicine_in_shreveport_shreveport_louisiana,Louisiana State University School of Medicine in Shreveport,MD,shemmassian,Shemmassian,https://www.shemmassianconsulting.com/blog/average-gpa-and-mcat-score-for-every-medical-school,,218,Louisiana State University - Shreveport School of Medicine,published school average GPA and MCAT,3.8,508,2,508,3.79,1,0.02,high,major_conflict,third_party_candidate_major_conflict,0.972,high_confidence,source row carried an asterisk
shemmassian:219,md_tulane_university_school_of_medicine_new_orleans_louisiana,Tulane University School of Medicine,MD,shemmassian,Shemmassian,https://www.shemmassianconsulting.com/blog/average-gpa-and-mcat-score-for-every-medical-school,,219,Tulane University School of Medicine,published school average GPA and MCAT,3.7,510,3,513.7,3.83,1.7,0.05,high,major_conflict,third_party_candidate_major_conflict,1,exact,
shemmassian:220,do_vcom_louisiana_edward_via_college_of_osteopathic_medicine_louisiana_campus_monro,Edward Via College of Osteopathic Medicine-Louisiana Campus,DO,shemmassian,Shemmassian,https://www.shemmassianconsulting.com/blog/average-gpa-and-mcat-score-for-every-medical-school,,220,Edward Via College of Osteopathic Medicine - Louisiana Campus,published school average GPA and MCAT,3.7,502,1,501,3.69,0,0,low,major_conflict,third_party_candidate_major_conflict,1,exact,
shemmassian:221,md_georgetown_university_school_of_medicine_washington_district_of_columbia,Georgetown University School of Medicine,MD,shemmassian,Shemmassian,https://www.shemmassianconsulting.com/blog/average-gpa-and-mcat-score-for-every-medical-school,,221,Boston University School of Medicine,published school average GPA and MCAT,3.76,517,3,512.6,3.8,3.5,0.03,medium,major_conflict,third_party_candidate_major_conflict,0.886,review,
shemmassian:222,md_harvard_medical_school_boston_massachusetts,Harvard Medical School,MD,shemmassian,Shemmassian,https://www.shemmassianconsulting.com/blog/average-gpa-and-mcat-score-for-every-medical-school,,222,Harvard Medical School,published school average GPA and MCAT,3.9,520.48,3,520.3,3.91,0.5,0.04,high,minor_conflict,third_party_candidate_minor_conflict,1,exact,
shemmassian:223,md_tufts_university_school_of_medicine_boston_massachusetts,Tufts University School of Medicine,MD,shemmassian,Shemmassian,https://www.shemmassianconsulting.com/blog/average-gpa-and-mcat-score-for-every-medical-school,,223,Tufts University School of Medicine,published school average GPA and MCAT,3.82,514,3,512.6,3.8,3.5,0.03,medium,major_conflict,third_party_candidate_major_conflict,1,exact,
shemmassian:224,md_university_of_massachusetts_t_h_chan_school_of_medicine_worcester_massachusetts,University of Massachusetts T.H. Chan School of Medicine,MD,shemmassian,Shemmassian,https://www.shemmassianconsulting.com/blog/average-gpa-and-mcat-score-for-every-medical-school,,224,University of Massachusetts Medical School,published school average GPA and MCAT,3.76,511,3,513,3.82,5,0.11,medium,major_conflict,third_party_candidate_major_conflict,0.841,review,source row carried an asterisk
shemmassian:225,md_johns_hopkins_university_school_of_medicine_baltimore_maryland,Johns Hopkins University School of Medicine,MD,shemmassian,Shemmassian,https://www.shemmassianconsulting.com/blog/average-gpa-and-mcat-score-for-every-medical-school,,225,Johns Hopkins University School of Medicine,published school average GPA and MCAT,3.92,521,3,513.7,3.83,1.7,0.05,high,major_conflict,third_party_candidate_major_conflict,1,exact,
shemmassian:226,md_uniformed_services_university_of_the_health_sciences_f_edward_h_bert_school_of_m,"Uniformed Services University of the Health Sciences, F. Edward Hébert School of Medicine",MD,shemmassian,Shemmassian,https://www.shemmassianconsulting.com/blog/average-gpa-and-mcat-score-for-every-medical-school,,226,Uniformed Services University of the Health Sciences F. Edward Hebert School of Medicine,published school average GPA and MCAT,3.7,510,3,510,3.72,0,0.06,high,minor_conflict,third_party_candidate_minor_conflict,1,exact,source row carried an asterisk
shemmassian:227,md_university_of_maryland_school_of_medicine_baltimore_maryland,University of Maryland School of Medicine,MD,shemmassian,Shemmassian,https://www.shemmassianconsulting.com/blog/average-gpa-and-mcat-score-for-every-medical-school,,227,University of Maryland School of Medicine,published school average GPA and MCAT,3.84,512,3,511.5,3.82,4.8,0.08,medium,major_conflict,third_party_candidate_major_conflict,1,exact,source row carried an asterisk
shemmassian:228,do_unecom_university_of_new_england_college_of_osteopathic_medicine_biddeford_maine,University of New England College of Osteopathic Medicine,DO,shemmassian,Shemmassian,https://www.shemmassianconsulting.com/blog/average-gpa-and-mcat-score-for-every-medical-school,,228,University of New England College of Osteopathic Medicine,published school average GPA and MCAT,3.62,502,1,502,3.62,0,0,low,single_source,third_party_candidate_single_source,1,exact,
shemmassian:229,md_covenant_healthcare_college_of_medicine_at_central_michigan_university_mount_ple,Covenant HealthCare College of Medicine at Central Michigan University,MD,shemmassian,Shemmassian,https://www.shemmassianconsulting.com/blog/average-gpa-and-mcat-score-for-every-medical-school,,229,Central Michigan University College of Medicine,published school average GPA and MCAT,3.8,506,2,507,3.75,2,0.11,medium,major_conflict,third_party_candidate_major_conflict,0.815,review,source row carried an asterisk
shemmassian:230,md_michigan_state_university_college_of_human_medicine_east_lansing_michigan,Michigan State University College of Human Medicine,MD,shemmassian,Shemmassian,https://www.shemmassianconsulting.com/blog/average-gpa-and-mcat-score-for-every-medical-school,,230,Michigan State University College of Human Medicine,published school average GPA and MCAT,3.7,507,3,508,3.49,2,0.76,low,major_conflict,third_party_candidate_major_conflict,1,exact,source row carried an asterisk
shemmassian:231,md_oakland_university_william_beaumont_school_of_medicine_rochester_michigan,Oakland University William Beaumont School of Medicine,MD,shemmassian,Shemmassian,https://www.shemmassianconsulting.com/blog/average-gpa-and-mcat-score-for-every-medical-school,,231,Oakland University William Beaumont School of Medicine,published school average GPA and MCAT,3.89,510,3,510,3.88,0,0.04,high,close_agreement,third_party_candidate_close_agreement,1,exact,
shemmassian:232,md_university_of_michigan_medical_school_ann_arbor_michigan,University of Michigan Medical School,MD,shemmassian,Shemmassian,https://www.shemmassianconsulting.com/blog/average-gpa-and-mcat-score-for-every-medical-school,,232,University of Michigan Medical School,published school average GPA and MCAT,3.85,516,3,517,3.86,2,0.02,high,minor_conflict,third_party_candidate_minor_conflict,1,exact,source row carried an asterisk
shemmassian:233,md_wayne_state_university_school_of_medicine_detroit_michigan,Wayne State University School of Medicine,MD,shemmassian,Shemmassian,https://www.shemmassianconsulting.com/blog/average-gpa-and-mcat-score-for-every-medical-school,,233,Wayne State University School of Medicine,published school average GPA and MCAT,3.78,511,3,513.7,3.83,1.7,0.05,high,major_conflict,third_party_candidate_major_conflict,1,exact,source row carried an asterisk
shemmassian:234,md_west_virginia_university_school_of_medicine_morgantown_west_virginia,West Virginia University School of Medicine,MD,shemmassian,Shemmassian,https://www.shemmassianconsulting.com/blog/average-gpa-and-mcat-score-for-every-medical-school,,234,Western Michigan University School of Medicine,published school average GPA and MCAT,3.81,512,3,510.5,3.45,1,1,low,major_conflict,third_party_candidate_major_conflict,0.843,review,
shemmassian:235,do_msucom_dmc_michigan_state_university_college_of_osteopathic_medicine_detroit_mic,Michigan State University College of Osteopathic Medicine,DO,shemmassian,Shemmassian,https://www.shemmassianconsulting.com/blog/average-gpa-and-mcat-score-for-every-medical-school,,235,Michigan State University College of Osteopathic Medicine,published school average GPA and MCAT,3.5,506,1,505.5,3.61,0,0,low,single_source,third_party_candidate_single_source,1,review,source row carried an asterisk
shemmassian:236,md_mayo_clinic_alix_school_of_medicine_rochester_minnesota,Mayo Clinic Alix School of Medicine,MD,shemmassian,Shemmassian,https://www.shemmassianconsulting.com/blog/average-gpa-and-mcat-score-for-every-medical-school,,236,Mayo Clinic Alix School of Medicine,published school average GPA and MCAT,3.95,521,2,521,3.95,0,0,high,close_agreement,third_party_candidate_close_agreement,1,exact,
shemmassian:237,md_university_of_minnesota_medical_school_minneapolis_minnesota,University of Minnesota Medical School,MD,shemmassian,Shemmassian,https://www.shemmassianconsulting.com/blog/average-gpa-and-mcat-score-for-every-medical-school,,237,University of Minnesota Medical School - Twin Cities,published school average GPA and MCAT,3.84,511,2,509.5,3.77,3.1,0.07,medium,major_conflict,third_party_candidate_major_conflict,0.854,review,source row carried an asterisk
shemmassian:238,md_university_of_minnesota_medical_school_minneapolis_minnesota,University of Minnesota Medical School,MD,shemmassian,Shemmassian,https://www.shemmassianconsulting.com/blog/average-gpa-and-mcat-score-for-every-medical-school,,238,University of Minnesota Medical School - Duluth,published school average GPA and MCAT,3.77,511.1,2,509.5,3.77,3.1,0.07,medium,major_conflict,third_party_candidate_major_conflict,0.909,review,source row carried an asterisk
shemmassian:239,md_university_of_missouri_columbia_school_of_medicine_columbia_missouri,University of Missouri-Columbia School of Medicine,MD,shemmassian,Shemmassian,https://www.shemmassianconsulting.com/blog/average-gpa-and-mcat-score-for-every-medical-school,,239,University of Missouri - Columbia School of Medicine,published school average GPA and MCAT,3.83,509,3,508.9,3.83,3,0.08,medium,major_conflict,third_party_candidate_major_conflict,1,exact,source row carried an asterisk
shemmassian:240,md_saint_louis_university_school_of_medicine_st_louis_missouri,Saint Louis University School of Medicine,MD,shemmassian,Shemmassian,https://www.shemmassianconsulting.com/blog/average-gpa-and-mcat-score-for-every-medical-school,,240,Saint Louis University School of Medicine,published school average GPA and MCAT,3.9,514,3,513.7,3.83,1.7,0.05,high,major_conflict,third_party_candidate_major_conflict,1,exact,
shemmassian:241,md_university_of_missouri_kansas_city_school_of_medicine_kansas_city_missouri,University of Missouri-Kansas City School of Medicine,MD,shemmassian,Shemmassian,https://www.shemmassianconsulting.com/blog/average-gpa-and-mcat-score-for-every-medical-school,,241,University of Missouri - Kansas City School of Medicine,published school average GPA and MCAT,3.78,506,3,508.9,3.83,3,0.08,medium,major_conflict,third_party_candidate_major_conflict,1,exact,source row carried an asterisk
shemmassian:242,md_university_of_washington_school_of_medicine_seattle_washington,University of Washington School of Medicine,MD,shemmassian,Shemmassian,https://www.shemmassianconsulting.com/blog/average-gpa-and-mcat-score-for-every-medical-school,,242,Washington University School of Medicine,published school average GPA and MCAT,3.88,519.5,3,515.2,3.8,0.3,0.03,high,major_conflict,third_party_candidate_major_conflict,1,high_confidence,
shemmassian:243,do_atsu_kcom_a_t_still_university_kirksville_college_of_osteopathic_medicine_kirksv,A.T. Still University – Kirksville College of Osteopathic Medicine,DO,shemmassian,Shemmassian,https://www.shemmassianconsulting.com/blog/average-gpa-and-mcat-score-for-every-medical-school,,243,A.T. Still University of Health Sciences Kirksville College of Osteopathic Medicine,published school average GPA and MCAT,3.69,503,1,503,3.69,0,0,low,single_source,third_party_candidate_single_source,0.882,review,
shemmassian:244,do_kcu_com_joplin_kansas_city_university_of_medicine_and_biosciences_college_of_ost,Kansas City University of Medicine and Biosciences College of Osteopathic Medicine,DO,shemmassian,Shemmassian,https://www.shemmassianconsulting.com/blog/average-gpa-and-mcat-score-for-every-medical-school,,244,Kansas City University of Medicine and Biosciences College of Osteopathic Medicine,published school average GPA and MCAT,3.62,505,1,505,3.62,0,0,low,single_source,third_party_candidate_single_source,1,review,
shemmassian:245,md_university_of_mississippi_school_of_medicine_jackson_mississippi,University of Mississippi School of Medicine,MD,shemmassian,Shemmassian,https://www.shemmassianconsulting.com/blog/average-gpa-and-mcat-score-for-every-medical-school,,245,University of Mississippi School of Medicine,published school average GPA and MCAT,3.8,506,3,508.9,3.83,3,0.08,medium,major_conflict,third_party_candidate_major_conflict,1,exact,source row carried an asterisk
shemmassian:246,do_wcucom_william_carey_university_college_of_osteopathic_medicine_hattiesburg_miss,William Carey University College of Osteopathic Medicine,DO,shemmassian,Shemmassian,https://www.shemmassianconsulting.com/blog/average-gpa-and-mcat-score-for-every-medical-school,,246,William Carey University College of Osteopathic Medicine,published school average GPA and MCAT,3.53,505,1,505.5,3.61,0,0,low,single_source,third_party_candidate_single_source,1,exact,
shemmassian:247,md_duke_university_school_of_medicine_durham_north_carolina,Duke University School of Medicine,MD,shemmassian,Shemmassian,https://www.shemmassianconsulting.com/blog/average-gpa-and-mcat-score-for-every-medical-school,,247,Duke University School of Medicine,published school average GPA and MCAT,3.9,519,3,513.7,3.83,1.7,0.05,high,major_conflict,third_party_candidate_major_conflict,1,exact,
shemmassian:248,md_brody_school_of_medicine_at_east_carolina_university_greenville_north_carolina,Brody School of Medicine at East Carolina University,MD,shemmassian,Shemmassian,https://www.shemmassianconsulting.com/blog/average-gpa-and-mcat-score-for-every-medical-school,,248,East Carolina University Brody School of Medicine,published school average GPA and MCAT,3.77,510,3,510.2,3.79,2,0.01,high,major_conflict,third_party_candidate_major_conflict,1,high_confidence,source row carried an asterisk
shemmassian:249,md_university_of_north_carolina_school_of_medicine_chapel_hill_north_carolina,University of North Carolina School of Medicine,MD,shemmassian,Shemmassian,https://www.shemmassianconsulting.com/blog/average-gpa-and-mcat-score-for-every-medical-school,,249,University of North Carolina at Chapel Hill School of Medicine,published school average GPA and MCAT,3.79,512,3,513.7,3.79,3,0.01,medium,major_conflict,third_party_candidate_major_conflict,0.872,review,source row carried an asterisk
shemmassian:250,md_wake_forest_university_school_of_medicine_winston_salem_north_carolina,Wake Forest University School of Medicine,MD,shemmassian,Shemmassian,https://www.shemmassianconsulting.com/blog/average-gpa-and-mcat-score-for-every-medical-school,,250,Wake Forest School of Medicine,published school average GPA and MCAT,3.83,511,2,512,3.79,2,0.07,high,minor_conflict,third_party_candidate_minor_conflict,0.831,review,
shemmassian:251,do_cusom_campbell_university_jerry_m_wallace_school_of_osteopathic_medicine_buies_c,Campbell University Jerry M. Wallace School of Osteopathic Medicine,DO,shemmassian,Shemmassian,https://www.shemmassianconsulting.com/blog/average-gpa-and-mcat-score-for-every-medical-school,,251,Campbell University Jerry M. Wallace School of Osteopathic Medicine,published school average GPA and MCAT,3.61,506,1,506,3.61,0,0,low,single_source,third_party_candidate_single_source,1,exact,
shemmassian:252,md_university_of_north_dakota_school_of_medicine_and_health_sciences_grand_forks_no,University of North Dakota School of Medicine and Health Sciences,MD,shemmassian,Shemmassian,https://www.shemmassianconsulting.com/blog/average-gpa-and-mcat-score-for-every-medical-school,,252,University of North Dakota School of Medicine and Health Sciences,published school average GPA and MCAT,3.8,507,2,507,3.8,0,0,high,close_agreement,third_party_candidate_close_agreement,1,exact,source row carried an asterisk
shemmassian:253,md_creighton_university_school_of_medicine_omaha_nebraska,Creighton University School of Medicine,MD,shemmassian,Shemmassian,https://www.shemmassianconsulting.com/blog/average-gpa-and-mcat-score-for-every-medical-school,,253,Creighton University School of Medicine,published school average GPA and MCAT,3.86,513,3,512.6,3.8,3.5,0.03,medium,major_conflict,third_party_candidate_major_conflict,1,exact,
shemmassian:254,md_university_of_nebraska_college_of_medicine_omaha_nebraska,University of Nebraska College of Medicine,MD,shemmassian,Shemmassian,https://www.shemmassianconsulting.com/blog/average-gpa-and-mcat-score-for-every-medical-school,,254,University of Nebraska Medical Center College of Medicine,published school average GPA and MCAT,3.87,512,1,512,3.87,0,0,low,single_source,third_party_candidate_single_source,0.828,review,
shemmassian:255,md_geisel_school_of_medicine_at_dartmouth_hanover_new_hampshire,Geisel School of Medicine at Dartmouth,MD,shemmassian,Shemmassian,https://www.shemmassianconsulting.com/blog/average-gpa-and-mcat-score-for-every-medical-school,,255,Geisel School of Medicine at Dartmouth,published school average GPA and MCAT,3.77,516,3,516,3.77,0,0,high,close_agreement,third_party_candidate_close_agreement,1,exact,
shemmassian:256,md_cooper_medical_school_of_rowan_university_camden_new_jersey,Cooper Medical School of Rowan University,MD,shemmassian,Shemmassian,https://www.shemmassianconsulting.com/blog/average-gpa-and-mcat-score-for-every-medical-school,,256,Cooper Medical School of Rowan University,published school average GPA and MCAT,3.79,512,2,512,3.79,0,0,high,close_agreement,third_party_candidate_close_agreement,1,exact,source row carried an asterisk
shemmassian:257,md_rutgers_new_jersey_medical_school_newark_new_jersey,Rutgers New Jersey Medical School,MD,shemmassian,Shemmassian,https://www.shemmassianconsulting.com/blog/average-gpa-and-mcat-score-for-every-medical-school,,257,Rutgers New Jersey Medical School,published school average GPA and MCAT,3.7,515,2,515,3.76,0,0.12,medium,major_conflict,third_party_candidate_major_conflict,1,exact,source row carried an asterisk
shemmassian:258,md_rutgers_robert_wood_johnson_medical_school_piscataway_new_jersey,"Rutgers, Robert Wood Johnson Medical School",MD,shemmassian,Shemmassian,https://www.shemmassianconsulting.com/blog/average-gpa-and-mcat-score-for-every-medical-school,,258,Rutgers Robert Wood Johnson Medical School,published school average GPA and MCAT,3.7,514,2,514,3.73,0,0.05,high,close_agreement,third_party_candidate_close_agreement,1,exact,source row carried an asterisk
shemmassian:259,md_hackensack_meridian_school_of_medicine_nutley_new_jersey,Hackensack Meridian School of Medicine,MD,shemmassian,Shemmassian,https://www.shemmassianconsulting.com/blog/average-gpa-and-mcat-score-for-every-medical-school,,259,Hackensack Meridian School of Medicine,published school average GPA and MCAT,3.8,514,1,514,3.8,0,0,low,minor_conflict,third_party_candidate_minor_conflict,1,exact,
shemmassian:260,do_rowan_virtuasom_rowan_virtua_school_of_osteopathic_medicine_stratford_new_jersey,Rowan-Virtua School of Osteopathic Medicine,DO,shemmassian,Shemmassian,https://www.shemmassianconsulting.com/blog/average-gpa-and-mcat-score-for-every-medical-school,,260,Rowan University School of Osteopathic Medicine,published school average GPA and MCAT,3.7,508,1,508,3.7,0,0,low,single_source,third_party_candidate_single_source,0.833,review,source row carried an asterisk
shemmassian:261,md_university_of_new_mexico_school_of_medicine_albuquerque_new_mexico,University of New Mexico School of Medicine,MD,shemmassian,Shemmassian,https://www.shemmassianconsulting.com/blog/average-gpa-and-mcat-score-for-every-medical-school,,261,University of New Mexico School of Medicine,published school average GPA and MCAT,3.75,507,3,508.1,3.78,2.5,0.04,medium,major_conflict,third_party_candidate_major_conflict,1,exact,source row carried an asterisk
shemmassian:262,do_msucom_dmc_michigan_state_university_college_of_osteopathic_medicine_detroit_mic,Michigan State University College of Osteopathic Medicine,DO,shemmassian,Shemmassian,https://www.shemmassianconsulting.com/blog/average-gpa-and-mcat-score-for-every-medical-school,,262,Burrell College of Osteopathic Medicine at New Mexico State University,published school average GPA and MCAT,3.5,500,1,500,3.5,0,0,low,single_source,third_party_candidate_single_source,0.847,review,
shemmassian:263,md_university_of_nevada_reno_school_of_medicine_reno_nevada,"University of Nevada, Reno School of Medicine",MD,shemmassian,Shemmassian,https://www.shemmassianconsulting.com/blog/average-gpa-and-mcat-score-for-every-medical-school,,263,University of Nevada Reno School of Medicine,published school average GPA and MCAT,3.76,509,3,511.5,3.82,4.8,0.08,medium,major_conflict,third_party_candidate_major_conflict,1,exact,source row carried an asterisk
shemmassian:264,md_university_of_nevada_reno_school_of_medicine_reno_nevada,"University of Nevada, Reno School of Medicine",MD,shemmassian,Shemmassian,https://www.shemmassianconsulting.com/blog/average-gpa-and-mcat-score-for-every-medical-school,,264,University of Nevada Las Vegas School of Medicine,published school average GPA and MCAT,3.6,510,3,511.5,3.82,4.8,0.08,medium,major_conflict,third_party_candidate_major_conflict,0.864,review,source row carried an asterisk
shemmassian:265,do_tuncom_touro_university_nevada_college_of_osteopathic_medicine_henderson_nevada,Touro University Nevada College of Osteopathic Medicine,DO,shemmassian,Shemmassian,https://www.shemmassianconsulting.com/blog/average-gpa-and-mcat-score-for-every-medical-school,,265,Touro University - Nevada College of Osteopathic Medicine,published school average GPA and MCAT,3.54,506.9,1,505.7,3.52,0,0,low,single_source,third_party_candidate_single_source,1,exact,
shemmassian:266,md_albany_medical_college_albany_new_york,Albany Medical College,MD,shemmassian,Shemmassian,https://www.shemmassianconsulting.com/blog/average-gpa-and-mcat-score-for-every-medical-school,,266,Albany Medical College,published school average GPA and MCAT,3.8,512,3,511.7,3.77,1,0.06,high,major_conflict,third_party_candidate_major_conflict,1,exact,
shemmassian:267,md_albert_einstein_college_of_medicine_new_york_new_york,Albert Einstein College of Medicine,MD,shemmassian,Shemmassian,https://www.shemmassianconsulting.com/blog/average-gpa-and-mcat-score-for-every-medical-school,,267,Albert Einstein College of Medicine,published school average GPA and MCAT,3.82,516,1,516,3.82,0,0,low,major_conflict,third_party_candidate_major_conflict,1,exact,
shemmassian:268,md_columbia_university_vagelos_college_of_physicians_and_surgeons_new_york_new_york,Columbia University Vagelos College of Physicians and Surgeons,MD,shemmassian,Shemmassian,https://www.shemmassianconsulting.com/blog/average-gpa-and-mcat-score-for-every-medical-school,,268,Columbia University College of Physicians and Surgeons,published school average GPA and MCAT,3.85,521,2,521.5,3.88,1,0.07,high,minor_conflict,third_party_candidate_minor_conflict,0.922,high_confidence,
shemmassian:269,md_donald_and_barbara_zucker_school_of_medicine_at_hofstra_northwell_hempstead_new_,Donald and Barbara Zucker School of Medicine at Hofstra/Northwell,MD,shemmassian,Shemmassian,https://www.shemmassianconsulting.com/blog/average-gpa-and-mcat-score-for-every-medical-school,,269,Hofstra Northwell School of Medicine,published school average GPA and MCAT,3.92,518,2,518,3.88,0,0.08,high,minor_conflict,third_party_candidate_minor_conflict,0.75,review,
shemmassian:270,md_icahn_school_of_medicine_at_mount_sinai_new_york_new_york,Icahn School of Medicine at Mount Sinai,MD,shemmassian,Shemmassian,https://www.shemmassianconsulting.com/blog/average-gpa-and-mcat-score-for-every-medical-school,,270,Icahn School of Medicine at Mount Sinai,published school average GPA and MCAT,3.81,519,2,519,3.84,0,0.06,high,minor_conflict,third_party_candidate_minor_conflict,1,exact,
shemmassian:271,md_new_york_medical_college_valhalla_new_york,New York Medical College,MD,shemmassian,Shemmassian,https://www.shemmassianconsulting.com/blog/average-gpa-and-mcat-score-for-every-medical-school,,271,New York Medical College,published school average GPA and MCAT,3.6,516,3,514.7,3.68,3,0.13,medium,major_conflict,third_party_candidate_major_conflict,1,exact,
shemmassian:272,md_emory_university_school_of_medicine_atlanta_georgia,Emory University School of Medicine,MD,shemmassian,Shemmassian,https://www.shemmassianconsulting.com/blog/average-gpa-and-mcat-score-for-every-medical-school,,272,New York University Grossman School of Medicine,published school average GPA and MCAT,3.98,523,2,520.9,3.96,2.9,0.01,medium,major_conflict,third_party_candidate_major_conflict,0.789,review,
shemmassian:273,md_loma_linda_university_school_of_medicine_loma_linda_california,Loma Linda University School of Medicine,MD,shemmassian,Shemmassian,https://www.shemmassianconsulting.com/blog/average-gpa-and-mcat-score-for-every-medical-school,,273,New York University Long Island School of Medicine,published school average GPA and MCAT,3.94,516,2,520.9,3.96,2.9,0.01,medium,major_conflict,third_party_candidate_major_conflict,0.786,review,
shemmassian:274,md_suny_downstate_health_sciences_university_college_of_medicine_brooklyn_new_york,SUNY Downstate Health Sciences University College of Medicine,MD,shemmassian,Shemmassian,https://www.shemmassianconsulting.com/blog/average-gpa-and-mcat-score-for-every-medical-school,,274,SUNY - Downstate Medical Center College of Medicine,published school average GPA and MCAT,3.73,513,2,513.5,3.74,1,0.01,high,close_agreement,third_party_candidate_close_agreement,0.788,review,source row carried an asterisk
shemmassian:275,md_jacobs_school_of_medicine_and_biomedical_sciences_at_the_university_at_buffalo_b,Jacobs School of Medicine and Biomedical Sciences at the University at Buffalo,MD,shemmassian,Shemmassian,https://www.shemmassianconsulting.com/blog/average-gpa-and-mcat-score-for-every-medical-school,,275,University at Buffalo Jacobs School of Medicine and Biomedical Sciences,published school average GPA and MCAT,3.7,510,3,510.7,3.72,2,0.05,high,minor_conflict,third_party_candidate_minor_conflict,1,high_confidence,source row carried an asterisk
shemmassian:276,md_wayne_state_university_school_of_medicine_detroit_michigan,Wayne State University School of Medicine,MD,shemmassian,Shemmassian,https://www.shemmassianconsulting.com/blog/average-gpa-and-mcat-score-for-every-medical-school,,276,SUNY - Upstate Medical University,published school average GPA and MCAT,3.74,512,2,512.5,3.75,1,0.03,high,close_agreement,third_party_candidate_close_agreement,0.638,no_match,source row carried an asterisk
shemmassian:277,md_renaissance_school_of_medicine_at_stony_brook_university_stony_brook_new_york,Renaissance School of Medicine at Stony Brook University,MD,shemmassian,Shemmassian,https://www.shemmassianconsulting.com/blog/average-gpa-and-mcat-score-for-every-medical-school,,277,Stony Brook University School of Medicine,published school average GPA and MCAT,3.89,514,3,512.6,3.8,3.5,0.03,medium,major_conflict,third_party_candidate_major_conflict,0.864,review,source row carried an asterisk
shemmassian:278,md_university_of_rochester_school_of_medicine_and_dentistry_rochester_new_york,University of Rochester School of Medicine and Dentistry,MD,shemmassian,Shemmassian,https://www.shemmassianconsulting.com/blog/average-gpa-and-mcat-score-for-every-medical-school,,278,University of Rochester School of Medicine and Dentistry,published school average GPA and MCAT,3.6,517,3,517.3,3.62,1,0.41,low,major_conflict,third_party_candidate_major_conflict,1,exact,
shemmassian:279,md_weill_cornell_medicine_new_york_new_york,Weill Cornell Medicine,MD,shemmassian,Shemmassian,https://www.shemmassianconsulting.com/blog/average-gpa-and-mcat-score-for-every-medical-school,,279,Weill Cornell Medical College,published school average GPA and MCAT,3.9,518,2,518.5,3.91,1,0.01,high,close_agreement,third_party_candidate_close_agreement,0.784,review,
shemmassian:280,do_nyitcom_new_york_institute_of_technology_college_of_osteopathic_medicine_old_wes,New York Institute of Technology College of Osteopathic Medicine,DO,shemmassian,Shemmassian,https://www.shemmassianconsulting.com/blog/average-gpa-and-mcat-score-for-every-medical-school,,280,New York Institute of Technology College of Osteopathic Medicine,published school average GPA and MCAT,3.62,506,1,506,3.62,0,0,low,single_source,third_party_candidate_single_source,1,exact,
shemmassian:281,do_tourocom_harlem_touro_college_of_osteopathic_medicine_new_york_new_york,Touro College of Osteopathic Medicine,DO,shemmassian,Shemmassian,https://www.shemmassianconsulting.com/blog/average-gpa-and-mcat-score-for-every-medical-school,,281,Touro College of Osteopathic Medicine - Middletown Campus,published school average GPA and MCAT,3.592,504.864,1,505.1,3.59,0,0,low,single_source,third_party_candidate_single_source,0.791,review,
shemmassian:282,do_tourocom_harlem_touro_college_of_osteopathic_medicine_new_york_new_york,Touro College of Osteopathic Medicine,DO,shemmassian,Shemmassian,https://www.shemmassianconsulting.com/blog/average-gpa-and-mcat-score-for-every-medical-school,,282,Touro College of Osteopathic Medicine - Harlem Campus,published school average GPA and MCAT,3.584,505.376,1,505.1,3.59,0,0,low,single_source,third_party_candidate_single_source,0.829,review,
shemmassian:283,md_case_western_reserve_university_school_of_medicine_cleveland_ohio,Case Western Reserve University School of Medicine,MD,shemmassian,Shemmassian,https://www.shemmassianconsulting.com/blog/average-gpa-and-mcat-score-for-every-medical-school,,283,Case Western Reserve University School of Medicine,published school average GPA and MCAT,3.9,517,3,517.7,3.89,2,0.04,high,minor_conflict,third_party_candidate_minor_conflict,1,exact,
shemmassian:284,md_northeast_ohio_medical_university_college_of_medicine_rootstown_ohio,Northeast Ohio Medical University College of Medicine,MD,shemmassian,Shemmassian,https://www.shemmassianconsulting.com/blog/average-gpa-and-mcat-score-for-every-medical-school,,284,Northeast Ohio Medical University,published school average GPA and MCAT,3.75,511,3,509.7,3.75,4,0.01,medium,major_conflict,third_party_candidate_major_conflict,0.795,review,source row carried an asterisk
shemmassian:285,md_the_ohio_state_university_college_of_medicine_columbus_ohio,The Ohio State University College of Medicine,MD,shemmassian,Shemmassian,https://www.shemmassianconsulting.com/blog/average-gpa-and-mcat-score-for-every-medical-school,,285,The Ohio State University College of Medicine,published school average GPA and MCAT,3.83,514,3,513.8,3.83,6.5,0.17,low,major_conflict,third_party_candidate_major_conflict,1,exact,source row carried an asterisk
shemmassian:286,md_university_of_toledo_college_of_medicine_and_life_sciences_toledo_ohio,University of Toledo College of Medicine and Life Sciences,MD,shemmassian,Shemmassian,https://www.shemmassianconsulting.com/blog/average-gpa-and-mcat-score-for-every-medical-school,,286,The University of Toledo College of Medicine and Life Sciences,published school average GPA and MCAT,3.78,510,3,510,3.77,0,0.02,high,close_agreement,third_party_candidate_close_agreement,1,exact,source row carried an asterisk
shemmassian:287,md_university_of_cincinnati_college_of_medicine_cincinnati_ohio,University of Cincinnati College of Medicine,MD,shemmassian,Shemmassian,https://www.shemmassianconsulting.com/blog/average-gpa-and-mcat-score-for-every-medical-school,,287,University of Cincinnati College of Medicine,published school average GPA and MCAT,3.86,514,3,513.2,3.82,3,0.04,medium,major_conflict,third_party_candidate_major_conflict,1,exact,source row carried an asterisk
shemmassian:288,md_boonshoft_school_of_medicine_wright_state_university_dayton_ohio,Boonshoft School of Medicine Wright State University,MD,shemmassian,Shemmassian,https://www.shemmassianconsulting.com/blog/average-gpa-and-mcat-score-for-every-medical-school,,288,Wright State University Boonshoft School of Medicine,published school average GPA and MCAT,3.68,508.76,3,508.5,3.7,0.8,0.05,high,close_agreement,third_party_candidate_close_agreement,1,high_confidence,source row carried an asterisk
shemmassian:289,do_ou_hcom_cleveland_ohio_university_heritage_college_of_osteopathic_medicine_cleve,Ohio University Heritage College of Osteopathic Medicine,DO,shemmassian,Shemmassian,https://www.shemmassianconsulting.com/blog/average-gpa-and-mcat-score-for-every-medical-school,,289,Ohio University Heritage College of Osteopathic Medicine,published school average GPA and MCAT,3.68,503.46,1,503.5,3.68,0,0,low,single_source,third_party_candidate_single_source,1,review,source row carried an asterisk
shemmassian:290,md_university_of_oklahoma_college_of_medicine_oklahoma_city_oklahoma,University of Oklahoma College of Medicine,MD,shemmassian,Shemmassian,https://www.shemmassianconsulting.com/blog/average-gpa-and-mcat-score-for-every-medical-school,,290,University of Oklahoma College of Medicine,published school average GPA and MCAT,3.79,511,3,510.2,3.57,1.5,0.88,low,major_conflict,third_party_candidate_major_conflict,1,exact,source row carried an asterisk
shemmassian:291,do_osu_com_oklahoma_state_university_center_for_health_sciences_college_of_osteopat,Oklahoma State University Center for Health Sciences College of Osteopathic Medicine,DO,shemmassian,Shemmassian,https://www.shemmassianconsulting.com/blog/average-gpa-and-mcat-score-for-every-medical-school,,291,Oklahoma State University Center for Health Sciences College of Osteopathic Medicine,published school average GPA and MCAT,3.6,500,1,500,3.6,0,0,low,single_source,third_party_candidate_single_source,1,exact,source row carried an asterisk
shemmassian:292,md_oregon_health_and_science_university_school_of_medicine_portland_oregon,Oregon Health & Science University School of Medicine,MD,shemmassian,Shemmassian,https://www.shemmassianconsulting.com/blog/average-gpa-and-mcat-score-for-every-medical-school,,292,Oregon Health & Science University School of Medicine,published school average GPA and MCAT,3.66,509,3,510,3.7,3,0.11,medium,major_conflict,third_party_candidate_major_conflict,1,exact,source row carried an asterisk
shemmassian:293,do_westernu_comp_northwest_western_university_of_health_sciences_college_of_osteopa,Western University of Health Sciences College of Osteopathic Medicine of the Pacific-Northwest,DO,shemmassian,Shemmassian,https://www.shemmassianconsulting.com/blog/average-gpa-and-mcat-score-for-every-medical-school,,293,Western University of Health Sciences College of Osteopathic Medicine of the Pacific Northwest,published school average GPA and MCAT,3.58,507,1,508,3.7,0,0,low,single_source,third_party_candidate_single_source,1,exact,
shemmassian:294,md_drexel_university_college_of_medicine_philadelphia_pennsylvania,Drexel University College of Medicine,MD,shemmassian,Shemmassian,https://www.shemmassianconsulting.com/blog/average-gpa-and-mcat-score-for-every-medical-school,,294,Drexel University College of Medicine,published school average GPA and MCAT,3.76,512,3,510,3.68,3.5,0.17,medium,major_conflict,third_party_candidate_major_conflict,1,exact,
shemmassian:295,md_geisinger_commonwealth_school_of_medicine_scranton_pennsylvania,Geisinger Commonwealth School of Medicine,MD,shemmassian,Shemmassian,https://www.shemmassianconsulting.com/blog/average-gpa-and-mcat-score-for-every-medical-school,,295,Geisinger Commonwealth School of Medicine,published school average GPA and MCAT,3.81,513.06,3,512.7,3.79,1.1,0.05,high,major_conflict,third_party_candidate_major_conflict,1,exact,
shemmassian:296,md_florida_state_university_college_of_medicine_tallahassee_florida,Florida State University College of Medicine,MD,shemmassian,Shemmassian,https://www.shemmassianconsulting.com/blog/average-gpa-and-mcat-score-for-every-medical-school,,296,Pennsylvania State University College of Medicine,published school average GPA and MCAT,3.75,511,2,511.5,3.78,1,0.06,high,minor_conflict,third_party_candidate_minor_conflict,0.851,review,source row carried an asterisk
shemmassian:297,md_raymond_and_ruth_perelman_school_of_medicine_at_the_university_of_pennsylvania_p,Raymond and Ruth Perelman School of Medicine at the University of Pennsylvania,MD,shemmassian,Shemmassian,https://www.shemmassianconsulting.com/blog/average-gpa-and-mcat-score-for-every-medical-school,,297,Perelman School of Medicine University of Pennsylvania,published school average GPA and MCAT,3.97,521,3,521.6,3.95,1,0.03,high,close_agreement,third_party_candidate_close_agreement,0.881,review,
shemmassian:298,md_sidney_kimmel_medical_college_at_thomas_jefferson_university_philadelphia_pennsy,Sidney Kimmel Medical College at Thomas Jefferson University,MD,shemmassian,Shemmassian,https://www.shemmassianconsulting.com/blog/average-gpa-and-mcat-score-for-every-medical-school,,298,Sidney Kimmel Medical College at Thomas Jefferson University,published school average GPA and MCAT,3.8,513,3,513.3,3.8,1,0,high,close_agreement,third_party_candidate_close_agreement,1,exact,
shemmassian:299,md_lewis_katz_school_of_medicine_at_temple_university_philadelphia_pennsylvania,Lewis Katz School of Medicine at Temple University,MD,shemmassian,Shemmassian,https://www.shemmassianconsulting.com/blog/average-gpa-and-mcat-score-for-every-medical-school,,299,Temple University Lewis Katz School of Medicine,published school average GPA and MCAT,3.7,510,2,511.5,3.74,3,0.07,medium,major_conflict,third_party_candidate_major_conflict,1,high_confidence,source row carried an asterisk
shemmassian:300,md_university_of_pittsburgh_school_of_medicine_pittsburgh_pennsylvania,University of Pittsburgh School of Medicine,MD,shemmassian,Shemmassian,https://www.shemmassianconsulting.com/blog/average-gpa-and-mcat-score-for-every-medical-school,,300,University of Pittsburgh School of Medicine,published school average GPA and MCAT,3.91,516,3,511.5,3.82,4.8,0.08,medium,major_conflict,third_party_candidate_major_conflict,1,exact,source row carried an asterisk
shemmassian:301,do_lecom_lake_erie_college_of_osteopathic_medicine_erie_erie_pennsylvania,Lake Erie College of Osteopathic Medicine – Erie,DO,shemmassian,Shemmassian,https://www.shemmassianconsulting.com/blog/average-gpa-and-mcat-score-for-every-medical-school,,301,Lake Erie College of Osteopathic Medicine,published school average GPA and MCAT,3.41,503,1,503,3.41,0,0,low,major_conflict,third_party_candidate_major_conflict,1,high_confidence,
shemmassian:302,do_pcom_philadelphia_college_of_osteopathic_medicine_philadelphia_pennsylvania,Philadelphia College of Osteopathic Medicine,DO,shemmassian,Shemmassian,https://www.shemmassianconsulting.com/blog/average-gpa-and-mcat-score-for-every-medical-school,,302,Philadelphia College of Osteopathic Medicine,published school average GPA and MCAT,3.5,504,1,504,3.5,0,0,low,major_conflict,third_party_candidate_major_conflict,1,exact,
shemmassian:303,md_oregon_health_and_science_university_school_of_medicine_portland_oregon,Oregon Health & Science University School of Medicine,MD,shemmassian,Shemmassian,https://www.shemmassianconsulting.com/blog/average-gpa-and-mcat-score-for-every-medical-school,,303,Ponce School of Medicine and Health Sciences,published school average GPA and MCAT,3.5,499,2,499,3.57,0,0.14,medium,major_conflict,third_party_candidate_major_conflict,0.8,review,
shemmassian:304,md_nyu_grossman_school_of_medicine_new_york_new_york,NYU Grossman School of Medicine,MD,shemmassian,Shemmassian,https://www.shemmassianconsulting.com/blog/average-gpa-and-mcat-score-for-every-medical-school,,304,San Juan Bautista School of Medicine,published school average GPA and MCAT,3.57,499,2,498.5,3.64,1,0.14,medium,major_conflict,third_party_candidate_major_conflict,0.689,no_match,
shemmassian:305,md_university_of_north_carolina_school_of_medicine_chapel_hill_north_carolina,University of North Carolina School of Medicine,MD,shemmassian,Shemmassian,https://www.shemmassianconsulting.com/blog/average-gpa-and-mcat-score-for-every-medical-school,,305,Universidad Central Del Caribe School of Medicine,published school average GPA and MCAT,3.8,501,2,500,3.76,2,0.07,high,minor_conflict,third_party_candidate_minor_conflict,0.736,no_match,
shemmassian:306,md_university_of_new_mexico_school_of_medicine_albuquerque_new_mexico,University of New Mexico School of Medicine,MD,shemmassian,Shemmassian,https://www.shemmassianconsulting.com/blog/average-gpa-and-mcat-score-for-every-medical-school,,306,University of Puerto Rico School of Medicine,published school average GPA and MCAT,3.8,506,3,508.1,3.78,2.5,0.04,medium,major_conflict,third_party_candidate_major_conflict,0.853,review,source row carried an asterisk
shemmassian:307,md_the_warren_alpert_medical_school_of_brown_university_providence_rhode_island,The Warren Alpert Medical School of Brown University,MD,shemmassian,Shemmassian,https://www.shemmassianconsulting.com/blog/average-gpa-and-mcat-score-for-every-medical-school,,307,Brown University The Warren Alpert Medical School,published school average GPA and MCAT,3.83,516,3,515.7,3.79,1,0.07,high,minor_conflict,third_party_candidate_minor_conflict,1,high_confidence,
shemmassian:308,md_medical_university_of_south_carolina_college_of_medicine_charleston_south_caroli,Medical University of South Carolina College of Medicine,MD,shemmassian,Shemmassian,https://www.shemmassianconsulting.com/blog/average-gpa-and-mcat-score-for-every-medical-school,,308,Medical University of South Carolina College of Medicine,published school average GPA and MCAT,3.85,511.2,3,513.1,3.79,6,0.15,low,major_conflict,third_party_candidate_major_conflict,1,exact,source row carried an asterisk
shemmassian:309,md_university_of_north_carolina_school_of_medicine_chapel_hill_north_carolina,University of North Carolina School of Medicine,MD,shemmassian,Shemmassian,https://www.shemmassianconsulting.com/blog/average-gpa-and-mcat-score-for-every-medical-school,,309,University of South Carolina School of Medicine - Columbia,published school average GPA and MCAT,3.77,508,3,508.8,3.78,1,0.06,high,minor_conflict,third_party_candidate_minor_conflict,0.857,review,source row carried an asterisk
shemmassian:310,md_university_of_south_carolina_school_of_medicine_greenville_greenville_south_caro,"University of South Carolina School of Medicine, Greenville",MD,shemmassian,Shemmassian,https://www.shemmassianconsulting.com/blog/average-gpa-and-mcat-score-for-every-medical-school,,310,University of South Carolina School of Medicine - Greenville,published school average GPA and MCAT,3.75,509,3,508.8,3.78,1,0.06,high,minor_conflict,third_party_candidate_minor_conflict,1,exact,source row carried an asterisk
shemmassian:311,do_vcom_louisiana_edward_via_college_of_osteopathic_medicine_louisiana_campus_monro,Edward Via College of Osteopathic Medicine-Louisiana Campus,DO,shemmassian,Shemmassian,https://www.shemmassianconsulting.com/blog/average-gpa-and-mcat-score-for-every-medical-school,,311,Edward Via College of Osteopathic Medicine - Carolinas Campus,published school average GPA and MCAT,3.7,500,1,501,3.69,0,0,low,major_conflict,third_party_candidate_major_conflict,0.893,review,
shemmassian:312,md_university_of_south_dakota_sanford_school_of_medicine_vermillion_south_dakota,University of South Dakota Sanford School of Medicine,MD,shemmassian,Shemmassian,https://www.shemmassianconsulting.com/blog/average-gpa-and-mcat-score-for-every-medical-school,,312,University of South Dakota Sanford School of Medicine,published school average GPA and MCAT,3.79,508.3,2,508.6,3.83,0.7,0.08,high,minor_conflict,third_party_candidate_minor_conflict,1,exact,source row carried an asterisk
shemmassian:313,md_east_tennessee_state_university_james_h_quillen_college_of_medicine_johnson_city,East Tennessee State University James H. Quillen College of Medicine,MD,shemmassian,Shemmassian,https://www.shemmassianconsulting.com/blog/average-gpa-and-mcat-score-for-every-medical-school,,313,East Tennessee State University Quillen College of Medicine,published school average GPA and MCAT,3.85,513,3,511.3,3.84,5,0.04,medium,major_conflict,third_party_candidate_major_conflict,0.933,high_confidence,source row carried an asterisk
shemmassian:314,md_meharry_medical_college_school_of_medicine_nashville_tennessee,Meharry Medical College School of Medicine,MD,shemmassian,Shemmassian,https://www.shemmassianconsulting.com/blog/average-gpa-and-mcat-score-for-every-medical-school,,314,Meharry Medical College School of Medicine,published school average GPA and MCAT,3.46,503,2,503,3.49,0,0.06,high,minor_conflict,third_party_candidate_minor_conflict,1,exact,
shemmassian:315,md_university_of_tennessee_health_science_center_college_of_medicine_memphis_tennes,University of Tennessee Health Science Center College of Medicine,MD,shemmassian,Shemmassian,https://www.shemmassianconsulting.com/blog/average-gpa-and-mcat-score-for-every-medical-school,,315,University of Tennessee Health Science Center College of Medicine,published school average GPA and MCAT,3.83,513,3,513,3.83,0,0.01,high,close_agreement,third_party_candidate_close_agreement,1,exact,source row carried an asterisk
shemmassian:316,md_vanderbilt_university_school_of_medicine_nashville_tennessee,Vanderbilt University School of Medicine,MD,shemmassian,Shemmassian,https://www.shemmassianconsulting.com/blog/average-gpa-and-mcat-score-for-every-medical-school,,316,Vanderbilt University School of Medicine,published school average GPA and MCAT,3.5,508,3,513.7,3.83,1.7,0.05,high,major_conflict,third_party_candidate_major_conflict,1,exact,
shemmassian:317,do_lmu_dcom_lincoln_memorial_university_debusk_college_of_osteopathic_medicine_harr,Lincoln Memorial University-DeBusk College of Osteopathic Medicine,DO,shemmassian,Shemmassian,https://www.shemmassianconsulting.com/blog/average-gpa-and-mcat-score-for-every-medical-school,,317,Lincoln Memorial University DeBusk College of Osteopathic Medicine,published school average GPA and MCAT,3.4,501,1,501,3.4,0,0,low,single_source,third_party_candidate_single_source,1,exact,
shemmassian:318,md_baylor_college_of_medicine_school_of_medicine_houston_texas,Baylor College of Medicine School of Medicine,MD,shemmassian,Shemmassian,https://www.shemmassianconsulting.com/blog/average-gpa-and-mcat-score-for-every-medical-school,,318,Baylor College of Medicine,published school average GPA and MCAT,3.92,518,2,518,3.92,0,0.01,high,close_agreement,third_party_candidate_close_agreement,0.868,review,
shemmassian:319,md_cuny_school_of_medicine_new_york_new_york,CUNY School of Medicine,MD,shemmassian,Shemmassian,https://www.shemmassianconsulting.com/blog/average-gpa-and-mcat-score-for-every-medical-school,,319,TCU and UNTHSC School of Medicine,published school average GPA and MCAT,3.81,512,2,512,3.81,0,0,high,close_agreement,third_party_candidate_close_agreement,0.826,review,
shemmassian:320,md_university_of_tennessee_health_science_center_college_of_medicine_memphis_tennes,University of Tennessee Health Science Center College of Medicine,MD,shemmassian,Shemmassian,https://www.shemmassianconsulting.com/blog/average-gpa-and-mcat-score-for-every-medical-school,,320,Texas A&M Health Science Center College of Medicine,published school average GPA and MCAT,3.89,513,2,513,3.87,0,0.05,high,minor_conflict,third_party_candidate_minor_conflict,0.785,review,source row carried an asterisk
shemmassian:321,md_paul_l_foster_school_of_medicine_texas_tech_university_health_sciences_center_at,Paul L. Foster School of Medicine Texas Tech University Health Sciences Center at El Paso,MD,shemmassian,Shemmassian,https://www.shemmassianconsulting.com/blog/average-gpa-and-mcat-score-for-every-medical-school,,321,Texas Tech University Health Sciences Center Paul L. Foster School of Medicine,published school average GPA and MCAT,3.84,509,3,509.7,3.83,2,0.04,high,major_conflict,third_party_candidate_major_conflict,0.949,high_confidence,source row carried an asterisk
shemmassian:322,md_texas_tech_university_health_sciences_center_school_of_medicine_lubbock_texas,Texas Tech University Health Sciences Center School of Medicine,MD,shemmassian,Shemmassian,https://www.shemmassianconsulting.com/blog/average-gpa-and-mcat-score-for-every-medical-school,,322,Texas Tech University Health Sciences Center School of Medicine - Lubbock,published school average GPA and MCAT,3.85,509,3,509.7,3.83,2,0.04,high,major_conflict,third_party_candidate_major_conflict,0.938,high_confidence,source row carried an asterisk
shemmassian:323,md_university_of_houston_tilman_j_fertitta_family_college_of_medicine_houston_texas,University of Houston Tilman J. Fertitta Family College of Medicine,MD,shemmassian,Shemmassian,https://www.shemmassianconsulting.com/blog/average-gpa-and-mcat-score-for-every-medical-school,,323,University of Houston Tilman J. Fertitta Family College of Medicine,published school average GPA and MCAT,3.84,512,1,512,3.84,0,0,low,single_source,third_party_candidate_single_source,1,exact,source row carried an asterisk
shemmassian:324,md_dell_medical_school_university_of_texas_at_austin_austin_texas,Dell Medical School – University of Texas at Austin,MD,shemmassian,Shemmassian,https://www.shemmassianconsulting.com/blog/average-gpa-and-mcat-score-for-every-medical-school,,324,University of Texas at Austin Dell Medical School,published school average GPA and MCAT,3.93,517,2,516,3.92,2,0.01,high,minor_conflict,third_party_candidate_minor_conflict,1,high_confidence,source row carried an asterisk
shemmassian:325,md_university_of_texas_medical_branch_john_sealy_school_of_medicine_galveston_texas,University of Texas Medical Branch John Sealy School of Medicine,MD,shemmassian,Shemmassian,https://www.shemmassianconsulting.com/blog/average-gpa-and-mcat-score-for-every-medical-school,,325,University of Texas Medical Branch School of Medicine,published school average GPA and MCAT,3.78,512,3,511.3,3.82,1,0.1,medium,major_conflict,third_party_candidate_major_conflict,0.895,review,source row carried an asterisk
shemmassian:326,md_dell_medical_school_university_of_texas_at_austin_austin_texas,Dell Medical School – University of Texas at Austin,MD,shemmassian,Shemmassian,https://www.shemmassianconsulting.com/blog/average-gpa-and-mcat-score-for-every-medical-school,,326,University of Texas McGovern Medical School at Houston,published school average GPA and MCAT,3.84,512,2,512.5,3.86,1,0.04,high,close_agreement,third_party_candidate_close_agreement,0.835,review,source row carried an asterisk
shemmassian:327,md_university_of_texas_rio_grande_valley_school_of_medicine_edinburg_texas,University of Texas Rio Grande Valley School of Medicine,MD,shemmassian,Shemmassian,https://www.shemmassianconsulting.com/blog/average-gpa-and-mcat-score-for-every-medical-school,,327,University of Texas Rio Grande Valley School of Medicine,published school average GPA and MCAT,3.85,509,2,509.5,3.79,1,0.13,medium,major_conflict,third_party_candidate_major_conflict,1,exact,source row carried an asterisk
shemmassian:328,md_saint_louis_university_school_of_medicine_st_louis_missouri,Saint Louis University School of Medicine,MD,shemmassian,Shemmassian,https://www.shemmassianconsulting.com/blog/average-gpa-and-mcat-score-for-every-medical-school,,328,University of Texas School of Medicine at San Antonio,published school average GPA and MCAT,3.9,518.6,2,517.8,3.89,1.6,0.02,high,minor_conflict,third_party_candidate_minor_conflict,0.805,review,source row carried an asterisk
shemmassian:329,md_university_of_texas_southwestern_medical_school_dallas_texas,University of Texas Southwestern Medical School,MD,shemmassian,Shemmassian,https://www.shemmassianconsulting.com/blog/average-gpa-and-mcat-score-for-every-medical-school,,329,University of Texas Southwestern Medical School,published school average GPA and MCAT,3.96,517,3,517,3.92,2,0.07,high,minor_conflict,third_party_candidate_minor_conflict,1,exact,source row carried an asterisk
shemmassian:330,do_shsu_com_sam_houston_state_university_college_of_osteopathic_medicine_huntsville,Sam Houston State University College of Osteopathic Medicine,DO,shemmassian,Shemmassian,https://www.shemmassianconsulting.com/blog/average-gpa-and-mcat-score-for-every-medical-school,,330,Sam Houston State University College of Osteopathic Medicine,published school average GPA and MCAT,3.8,506,1,505.5,3.61,0,0,low,single_source,third_party_candidate_single_source,1,exact,source row carried an asterisk
shemmassian:331,do_uiwsom_university_of_the_incarnate_word_school_of_osteopathic_medicine_san_anton,University of the Incarnate Word School of Osteopathic Medicine,DO,shemmassian,Shemmassian,https://www.shemmassianconsulting.com/blog/average-gpa-and-mcat-score-for-every-medical-school,,331,University of the Incarnate Word School of Osteopathic Medicine,published school average GPA and MCAT,3.6,504,1,504,3.6,0,0,low,single_source,third_party_candidate_single_source,1,exact,
shemmassian:332,do_unthsc_tcom_university_of_north_texas_health_science_center_texas_college_of_ost,University of North Texas Health Science Center Texas College of Osteopathic Medicine,DO,shemmassian,Shemmassian,https://www.shemmassianconsulting.com/blog/average-gpa-and-mcat-score-for-every-medical-school,,332,University of North Texas Health Science Center at Fort Worth Texas College of Osteopathic Medicine,published school average GPA and MCAT,3.82,507.2,1,507.2,3.82,0,0,low,single_source,third_party_candidate_single_source,0.935,high_confidence,
shemmassian:333,md_university_of_kansas_school_of_medicine_kansas_city_kansas,University of Kansas School of Medicine,MD,shemmassian,Shemmassian,https://www.shemmassianconsulting.com/blog/average-gpa-and-mcat-score-for-every-medical-school,,333,University of Utah School of Medicine,published school average GPA and MCAT,3.87,514,3,511.5,3.82,4.8,0.08,medium,major_conflict,third_party_candidate_major_conflict,0.875,review,source row carried an asterisk
shemmassian:334,do_noordacom_noorda_college_of_osteopathic_medicine_provo_utah,Noorda College of Osteopathic Medicine,DO,shemmassian,Shemmassian,https://www.shemmassianconsulting.com/blog/average-gpa-and-mcat-score-for-every-medical-school,,334,Noorda College of Osteopathic Medicine,published school average GPA and MCAT,3.5,504,1,503.8,3.53,0,0,low,major_conflict,third_party_candidate_major_conflict,1,exact,
shemmassian:335,md_virginia_tech_carilion_school_of_medicine_roanoke_virginia,Virginia Tech Carilion School of Medicine,MD,shemmassian,Shemmassian,https://www.shemmassianconsulting.com/blog/average-gpa-and-mcat-score-for-every-medical-school,,335,Eastern Virginia Medical School,published school average GPA and MCAT,3.7,513,3,513,3.7,0,0.01,high,minor_conflict,third_party_candidate_minor_conflict,0.725,no_match,source row carried an asterisk
shemmassian:336,md_virginia_commonwealth_university_school_of_medicine_richmond_virginia,Virginia Commonwealth University School of Medicine,MD,shemmassian,Shemmassian,https://www.shemmassianconsulting.com/blog/average-gpa-and-mcat-score-for-every-medical-school,,336,Virginia Commonwealth University School of Medicine,published school average GPA and MCAT,3.7,512,3,515.5,3.82,1.5,0.1,high,major_conflict,third_party_candidate_major_conflict,1,exact,source row carried an asterisk
shemmassian:337,md_virginia_tech_carilion_school_of_medicine_roanoke_virginia,Virginia Tech Carilion School of Medicine,MD,shemmassian,Shemmassian,https://www.shemmassianconsulting.com/blog/average-gpa-and-mcat-score-for-every-medical-school,,337,Virginia Tech Carilion School of Medicine and Research Institute,published school average GPA and MCAT,3.67,512,2,512,3.69,0,0.03,high,close_agreement,third_party_candidate_close_agreement,0.8,review,source row carried an asterisk
shemmassian:338,md_university_of_virginia_school_of_medicine_charlottesville_virginia,University of Virginia School of Medicine,MD,shemmassian,Shemmassian,https://www.shemmassianconsulting.com/blog/average-gpa-and-mcat-score-for-every-medical-school,,338,University of Virginia School of Medicine,published school average GPA and MCAT,3.85,518,3,515.5,3.82,1.5,0.1,high,major_conflict,third_party_candidate_major_conflict,1,exact,source row carried an asterisk
shemmassian:339,do_vcom_louisiana_edward_via_college_of_osteopathic_medicine_louisiana_campus_monro,Edward Via College of Osteopathic Medicine-Louisiana Campus,DO,shemmassian,Shemmassian,https://www.shemmassianconsulting.com/blog/average-gpa-and-mcat-score-for-every-medical-school,,339,Edward Via College of Osteopathic Medicine - Virginia Campus,published school average GPA and MCAT,3.6,502,1,501,3.69,0,0,low,major_conflict,third_party_candidate_major_conflict,0.919,review,
shemmassian:340,do_lucom_liberty_university_college_of_osteopathic_medicine_lynchburg_virginia,Liberty University College of Osteopathic Medicine,DO,shemmassian,Shemmassian,https://www.shemmassianconsulting.com/blog/average-gpa-and-mcat-score-for-every-medical-school,,340,Liberty University College of Osteopathic Medicine,published school average GPA and MCAT,3.4,504,1,504,3.62,0,0,low,single_source,third_party_candidate_single_source,1,exact,
shemmassian:341,md_robert_larner_m_d_college_of_medicine_at_the_university_of_vermont_burlington_ve,"Robert Larner, M.D. College of Medicine at the University of Vermont",MD,shemmassian,Shemmassian,https://www.shemmassianconsulting.com/blog/average-gpa-and-mcat-score-for-every-medical-school,,341,The University of Vermont Larner College of Medicine,published school average GPA and MCAT,3.7,512,2,512,3.7,0,0,high,close_agreement,third_party_candidate_close_agreement,0.884,review,source row carried an asterisk
shemmassian:342,md_university_of_washington_school_of_medicine_seattle_washington,University of Washington School of Medicine,MD,shemmassian,Shemmassian,https://www.shemmassianconsulting.com/blog/average-gpa-and-mcat-score-for-every-medical-school,,342,University of Washington School of Medicine,published school average GPA and MCAT,3.7,511,3,515.2,3.8,0.3,0.03,high,major_conflict,third_party_candidate_major_conflict,1,exact,source row carried an asterisk
shemmassian:343,md_washington_state_university_elson_s_floyd_college_of_medicine_spokane_washington,Washington State University Elson S. Floyd College of Medicine,MD,shemmassian,Shemmassian,https://www.shemmassianconsulting.com/blog/average-gpa-and-mcat-score-for-every-medical-school,,343,Washington State University Elson S. Floyd College of Medicine,published school average GPA and MCAT,3.64,507.9,2,507.9,3.64,0,0,high,close_agreement,third_party_candidate_close_agreement,1,exact,source row carried an asterisk
shemmassian:344,do_pnwu_com_pacific_northwest_university_of_health_sciences_college_of_osteopathic_,Pacific Northwest University of Health Sciences College of Osteopathic Medicine,DO,shemmassian,Shemmassian,https://www.shemmassianconsulting.com/blog/average-gpa-and-mcat-score-for-every-medical-school,,344,Pacific Northwestern University of Health Sciences College of Osteopathic Medicine,published school average GPA and MCAT,3.6,503,1,503,3.6,0,0,low,single_source,third_party_candidate_single_source,0.98,high_confidence,
shemmassian:345,md_marshall_university_joan_c_edwards_school_of_medicine_huntington_west_virginia,Marshall University Joan C. Edwards School of Medicine,MD,shemmassian,Shemmassian,https://www.shemmassianconsulting.com/blog/average-gpa-and-mcat-score-for-every-medical-school,,345,Marshall University Joan C. Edwards School of Medicine,published school average GPA and MCAT,3.81,506,3,504.7,3.77,4,0.11,medium,major_conflict,third_party_candidate_major_conflict,1,exact,source row carried an asterisk
shemmassian:346,md_west_virginia_university_school_of_medicine_morgantown_west_virginia,West Virginia University School of Medicine,MD,shemmassian,Shemmassian,https://www.shemmassianconsulting.com/blog/average-gpa-and-mcat-score-for-every-medical-school,,346,West Virginia University School of Medicine,published school average GPA and MCAT,3.8,511,3,510.2,3.79,2,0.01,high,major_conflict,third_party_candidate_major_conflict,1,exact,source row carried an asterisk
shemmassian:347,do_wvsom_west_virginia_school_of_osteopathic_medicine_lewisburg_west_virginia,West Virginia School of Osteopathic Medicine,DO,shemmassian,Shemmassian,https://www.shemmassianconsulting.com/blog/average-gpa-and-mcat-score-for-every-medical-school,,347,West Virginia School of Osteopathic Medicine,published school average GPA and MCAT,3.53,502,1,502,3.53,0,0,low,major_conflict,third_party_candidate_major_conflict,1,exact,source row carried an asterisk
shemmassian:348,md_medical_college_of_wisconsin_milwaukee_wisconsin,Medical College of Wisconsin,MD,shemmassian,Shemmassian,https://www.shemmassianconsulting.com/blog/average-gpa-and-mcat-score-for-every-medical-school,,348,Medical College of Wisconsin,published school average GPA and MCAT,3.7,508,2,509.5,3.71,3,0.03,medium,major_conflict,third_party_candidate_major_conflict,1,exact,
shemmassian:349,md_university_of_wisconsin_school_of_medicine_and_public_health_madison_wisconsin,University of Wisconsin School of Medicine and Public Health,MD,shemmassian,Shemmassian,https://www.shemmassianconsulting.com/blog/average-gpa-and-mcat-score-for-every-medical-school,,349,University of Wisconsin School of Medicine and Public Health,published school average GPA and MCAT,3.78,511,3,511.7,3.79,2,0.02,high,minor_conflict,third_party_candidate_minor_conflict,1,exact,source row carried an asterisk
