overall_rank,school_id,school_name,degree_type,city,state,dynamic_tier,suggested_funnel_bucket,overall_school_value,admissions_score,attendance_score,regret_index_score,data_completeness_score,admissions_data_coverage,attendance_data_coverage,overall_data_coverage,balanced_rank,balanced_score,balanced_coverage,prestige_maximizer_rank,prestige_maximizer_score,prestige_maximizer_coverage,lifestyle_maximizer_rank,lifestyle_maximizer_score,lifestyle_maximizer_coverage,financial_maximizer_rank,financial_maximizer_score,financial_maximizer_coverage,specialty_optionality_rank,specialty_optionality_score,specialty_optionality_coverage,admissions_realist_rank,admissions_realist_score,admissions_realist_coverage,application_unit_type,parent_school_name,campus_name,accreditation_status,manual_exclusion_flag,exclusion_reason,research_stage,data_confidence,source_name,source_url,last_verified_date,notes
,do_atsu_kcom_a_t_still_university_kirksville_college_of_osteopathic_medicine_kirksv,A.T. Still University – Kirksville College of Osteopathic Medicine,DO,Kirksville,Missouri,Unscored,,,,,,0.00,0,0,0,1,0.00,10,,,0,,,0,,,0,,,0,,,0,DO school/site,A.T. Still University – Kirksville College of Osteopathic Medicine,ATSU-KCOM,COCA-accredited directory listing,FALSE,,unresearched,School/site identity and location source-verified from AOA directory map; scoring fields intentionally blank.,AOA Osteopathic Medical Schools Directory,https://osteopathic.org/about/affiliated-organizations/osteopathic-medical-schools/,,
,do_atsu_soma_a_t_still_university_school_of_osteopathic_medicine_in_arizona_mesa_ar,"A.T. Still University, School of Osteopathic Medicine in Arizona",DO,Mesa,Arizona,Unscored,,,,,,0.00,0,0,0,1,0.00,10,,,0,,,0,,,0,,,0,,,0,DO school/site,"A.T. Still University, School of Osteopathic Medicine in Arizona",ATSU-SOMA,COCA-accredited directory listing,FALSE,,unresearched,School/site identity and location source-verified from AOA directory map; scoring fields intentionally blank.,AOA Osteopathic Medical Schools Directory,https://osteopathic.org/about/affiliated-organizations/osteopathic-medical-schools/,,
,do_acom_alabama_college_of_osteopathic_medicine_dothan_alabama,Alabama College of Osteopathic Medicine,DO,Dothan,Alabama,Unscored,,,,,,0.00,0,0,0,1,0.00,10,,,0,,,0,,,0,,,0,,,0,DO school/site,Alabama College of Osteopathic Medicine,ACOM,COCA-accredited directory listing,FALSE,,unresearched,School/site identity and location source-verified from AOA directory map; scoring fields intentionally blank.,AOA Osteopathic Medical Schools Directory,https://osteopathic.org/about/affiliated-organizations/osteopathic-medical-schools/,,
,md_albany_medical_college_albany_new_york,Albany Medical College,MD,Albany,New York,Unscored,,,,,,0.00,0,0,0,1,0.00,10,,,0,,,0,,,0,,,0,,,0,MD program,Albany Medical College,Main campus,Full,FALSE,,unresearched,"School identity, city, state, and accreditation fields source-verified; scoring fields intentionally blank.",LCME Accredited Programs,https://lcme.org/directory/accredited-programs/,,
,md_albert_einstein_college_of_medicine_new_york_new_york,Albert Einstein College of Medicine,MD,New York,New York,Unscored,,,,,,0.00,0,0,0,1,0.00,10,,,0,,,0,,,0,,,0,,,0,MD program,Albert Einstein College of Medicine,Main campus,Full,FALSE,,unresearched,"School identity, city, state, and accreditation fields source-verified; scoring fields intentionally blank.",LCME Accredited Programs,https://lcme.org/directory/accredited-programs/,,
,md_alice_l_walton_school_of_medicine_bentonville_arkansas,Alice L. Walton School of Medicine,MD,Bentonville,Arkansas,Unscored,,,,,,0.00,0,0,0,1,0.00,10,,,0,,,0,,,0,,,0,,,0,MD program,Alice L. Walton School of Medicine,Main campus,Preliminary,FALSE,,unresearched,"School identity, city, state, and accreditation fields source-verified; scoring fields intentionally blank.",LCME Accredited Programs,https://lcme.org/directory/accredited-programs/,,
,md_anne_burnett_marion_school_of_medicine_at_texas_christian_university_fort_worth_,Anne Burnett Marion School of Medicine at Texas Christian University,MD,Fort Worth,Texas,Unscored,,,,,,0.00,0,0,0,1,0.00,10,,,0,,,0,,,0,,,0,,,0,MD program,Anne Burnett Marion School of Medicine at Texas Christian University,Main campus,Full,FALSE,,unresearched,"School identity, city, state, and accreditation fields source-verified; scoring fields intentionally blank.",LCME Accredited Programs,https://lcme.org/directory/accredited-programs/,,
,md_arizona_state_university_john_shufeldt_school_of_medicine_and_medical_engineerin,Arizona State University John Shufeldt School of Medicine and Medical Engineering,MD,Phoenix,Arizona,Unscored,,,,,,0.00,0,0,0,1,0.00,10,,,0,,,0,,,0,,,0,,,0,MD program,Arizona State University John Shufeldt School of Medicine and Medical Engineering,Main campus,Preliminary,FALSE,,unresearched,"School identity, city, state, and accreditation fields source-verified; scoring fields intentionally blank.",LCME Accredited Programs,https://lcme.org/directory/accredited-programs/,,
,do_arcom_arkansas_college_of_osteopathic_medicine_fort_smith_arkansas,Arkansas College of Osteopathic Medicine,DO,Fort Smith,Arkansas,Unscored,,,,,,0.00,0,0,0,1,0.00,10,,,0,,,0,,,0,,,0,,,0,DO school/site,Arkansas College of Osteopathic Medicine,ARCOM,COCA-accredited directory listing,FALSE,,unresearched,School/site identity and location source-verified from AOA directory map; scoring fields intentionally blank.,AOA Osteopathic Medical Schools Directory,https://osteopathic.org/about/affiliated-organizations/osteopathic-medical-schools/,,
,do_bucom_baptist_health_sciences_university_college_of_osteopathic_medicine_memphis,Baptist Health Sciences University College of Osteopathic Medicine,DO,Memphis,Tennessee,Unscored,,,,,,0.00,0,0,0,1,0.00,10,,,0,,,0,,,0,,,0,,,0,DO school/site,Baptist Health Sciences University College of Osteopathic Medicine,BUCOM,COCA-accredited directory listing,FALSE,,unresearched,School/site identity and location source-verified from AOA directory map; scoring fields intentionally blank.,AOA Osteopathic Medical Schools Directory,https://osteopathic.org/about/affiliated-organizations/osteopathic-medical-schools/,,
,md_baylor_college_of_medicine_school_of_medicine_houston_texas,Baylor College of Medicine School of Medicine,MD,Houston,Texas,Unscored,,,,,,0.00,0,0,0,1,0.00,10,,,0,,,0,,,0,,,0,,,0,MD program,Baylor College of Medicine School of Medicine,Main campus,Full,FALSE,,unresearched,"School identity, city, state, and accreditation fields source-verified; scoring fields intentionally blank.",LCME Accredited Programs,https://lcme.org/directory/accredited-programs/,,
,md_boonshoft_school_of_medicine_wright_state_university_dayton_ohio,Boonshoft School of Medicine Wright State University,MD,Dayton,Ohio,Unscored,,,,,,0.00,0,0,0,1,0.00,10,,,0,,,0,,,0,,,0,,,0,MD program,Boonshoft School of Medicine Wright State University,Main campus,Full,FALSE,,unresearched,"School identity, city, state, and accreditation fields source-verified; scoring fields intentionally blank.",LCME Accredited Programs,https://lcme.org/directory/accredited-programs/,,
,md_boston_university_aram_v_chobanian_and_edward_avedisian_school_of_medicine_bosto,Boston University Aram V. Chobanian & Edward Avedisian School of Medicine,MD,Boston,Massachusetts,Unscored,,,,,,0.00,0,0,0,1,0.00,10,,,0,,,0,,,0,,,0,,,0,MD program,Boston University Aram V. Chobanian & Edward Avedisian School of Medicine,Main campus,Full,FALSE,,unresearched,"School identity, city, state, and accreditation fields source-verified; scoring fields intentionally blank.",LCME Accredited Programs,https://lcme.org/directory/accredited-programs/,,
,md_brody_school_of_medicine_at_east_carolina_university_greenville_north_carolina,Brody School of Medicine at East Carolina University,MD,Greenville,North Carolina,Unscored,,,,,,0.00,0,0,0,1,0.00,10,,,0,,,0,,,0,,,0,,,0,MD program,Brody School of Medicine at East Carolina University,Main campus,Full,FALSE,,unresearched,"School identity, city, state, and accreditation fields source-verified; scoring fields intentionally blank.",LCME Accredited Programs,https://lcme.org/directory/accredited-programs/,,
,do_bcsom_burrell_college_school_of_osteopathic_medicine_las_cruces_new_mexico,Burrell College School of Osteopathic Medicine,DO,Las Cruces,New Mexico,Unscored,,,,,,0.00,0,0,0,1,0.00,10,,,0,,,0,,,0,,,0,,,0,DO school/site,Burrell College School of Osteopathic Medicine,BCSOM,COCA-accredited directory listing,FALSE,,unresearched,School/site identity and location source-verified from AOA directory map; scoring fields intentionally blank.,AOA Osteopathic Medical Schools Directory,https://osteopathic.org/about/affiliated-organizations/osteopathic-medical-schools/,,
,do_bcsom_fl_burrell_college_school_of_osteopathic_medicine_florida_melbourne_florid,"Burrell College School of Osteopathic Medicine, Florida",DO,Melbourne,Florida,Unscored,,,,,,0.00,0,0,0,1,0.00,10,,,0,,,0,,,0,,,0,,,0,DO school/site,Burrell College School of Osteopathic Medicine,BCSOM-FL,COCA-accredited directory listing,FALSE,,unresearched,School/site identity and location source-verified from AOA directory map; scoring fields intentionally blank.,AOA Osteopathic Medical Schools Directory,https://osteopathic.org/about/affiliated-organizations/osteopathic-medical-schools/,,
,md_cuny_school_of_medicine_new_york_new_york,CUNY School of Medicine,MD,New York,New York,Unscored,,,,,,0.00,0,0,0,1,0.00,10,,,0,,,0,,,0,,,0,,,0,MD program,CUNY School of Medicine,Main campus,Full,FALSE,,unresearched,"School identity, city, state, and accreditation fields source-verified; scoring fields intentionally blank.",LCME Accredited Programs,https://lcme.org/directory/accredited-programs/,,
,do_chsu_com_california_health_sciences_university_college_of_osteopathic_medicine_c,California Health Sciences University College of Osteopathic Medicine,DO,Clovis,California,Unscored,,,,,,0.00,0,0,0,1,0.00,10,,,0,,,0,,,0,,,0,,,0,DO school/site,California Health Sciences University College of Osteopathic Medicine,CHSU-COM,COCA-accredited directory listing,FALSE,,unresearched,School/site identity and location source-verified from AOA directory map; scoring fields intentionally blank.,AOA Osteopathic Medical Schools Directory,https://osteopathic.org/about/affiliated-organizations/osteopathic-medical-schools/,,
,md_california_northstate_university_college_of_medicine_elk_grove_california,California Northstate University College of Medicine,MD,Elk Grove,California,Unscored,,,,,,0.00,0,0,0,1,0.00,10,,,0,,,0,,,0,,,0,,,0,MD program,California Northstate University College of Medicine,Main campus,Full,FALSE,,unresearched,"School identity, city, state, and accreditation fields source-verified; scoring fields intentionally blank.",LCME Accredited Programs,https://lcme.org/directory/accredited-programs/,,
,md_california_university_of_science_and_medicine_school_of_medicine_colton_californ,California University of Science and Medicine - School of Medicine,MD,Colton,California,Unscored,,,,,,0.00,0,0,0,1,0.00,10,,,0,,,0,,,0,,,0,,,0,MD program,California University of Science and Medicine - School of Medicine,Main campus,Full,FALSE,,unresearched,"School identity, city, state, and accreditation fields source-verified; scoring fields intentionally blank.",LCME Accredited Programs,https://lcme.org/directory/accredited-programs/,,
,do_cusom_campbell_university_jerry_m_wallace_school_of_osteopathic_medicine_buies_c,Campbell University Jerry M. Wallace School of Osteopathic Medicine,DO,Buies Creek,North Carolina,Unscored,,,,,,0.00,0,0,0,1,0.00,10,,,0,,,0,,,0,,,0,,,0,DO school/site,Campbell University Jerry M. Wallace School of Osteopathic Medicine,CUSOM,COCA-accredited directory listing,FALSE,,unresearched,School/site identity and location source-verified from AOA directory map; scoring fields intentionally blank.,AOA Osteopathic Medical Schools Directory,https://osteopathic.org/about/affiliated-organizations/osteopathic-medical-schools/,,
,md_carle_illinois_college_of_medicine_urbana_champaign_illinois,Carle Illinois College of Medicine,MD,Urbana-Champaign,Illinois,Unscored,,,,,,0.00,0,0,0,1,0.00,10,,,0,,,0,,,0,,,0,,,0,MD program,Carle Illinois College of Medicine,Main campus,Full,FALSE,,unresearched,"School identity, city, state, and accreditation fields source-verified; scoring fields intentionally blank.",LCME Accredited Programs,https://lcme.org/directory/accredited-programs/,,
,md_case_western_reserve_university_school_of_medicine_cleveland_ohio,Case Western Reserve University School of Medicine,MD,Cleveland,Ohio,Unscored,,,,,,0.00,0,0,0,1,0.00,10,,,0,,,0,,,0,,,0,,,0,MD program,Case Western Reserve University School of Medicine,Main campus,Full,FALSE,,unresearched,"School identity, city, state, and accreditation fields source-verified; scoring fields intentionally blank.",LCME Accredited Programs,https://lcme.org/directory/accredited-programs/,,
,md_charles_e_schmidt_college_of_medicine_at_florida_atlantic_university_boca_raton_,Charles E. Schmidt College of Medicine at Florida Atlantic University,MD,Boca Raton,Florida,Unscored,,,,,,0.00,0,0,0,1,0.00,10,,,0,,,0,,,0,,,0,,,0,MD program,Charles E. Schmidt College of Medicine at Florida Atlantic University,Main campus,Full,FALSE,,unresearched,"School identity, city, state, and accreditation fields source-verified; scoring fields intentionally blank.",LCME Accredited Programs,https://lcme.org/directory/accredited-programs/,,
,md_charles_r_drew_university_of_medicine_and_science_college_of_medicine_los_angele,Charles R. Drew University of Medicine and Science College of Medicine,MD,Los Angeles,California,Unscored,,,,,,0.00,0,0,0,1,0.00,10,,,0,,,0,,,0,,,0,,,0,MD program,Charles R. Drew University of Medicine and Science College of Medicine,Main campus,Provisional,FALSE,,unresearched,"School identity, city, state, and accreditation fields source-verified; scoring fields intentionally blank.",LCME Accredited Programs,https://lcme.org/directory/accredited-programs/,,
,md_chicago_medical_school_at_rosalind_franklin_university_of_medicine_and_science_n,Chicago Medical School at Rosalind Franklin University of Medicine and Science,MD,North Chicago,Illinois,Unscored,,,,,,0.00,0,0,0,1,0.00,10,,,0,,,0,,,0,,,0,,,0,MD program,Chicago Medical School at Rosalind Franklin University of Medicine and Science,Main campus,Full,FALSE,,unresearched,"School identity, city, state, and accreditation fields source-verified; scoring fields intentionally blank.",LCME Accredited Programs,https://lcme.org/directory/accredited-programs/,,
,md_columbia_university_vagelos_college_of_physicians_and_surgeons_new_york_new_york,Columbia University Vagelos College of Physicians and Surgeons,MD,New York,New York,Unscored,,,,,,0.00,0,0,0,1,0.00,10,,,0,,,0,,,0,,,0,,,0,MD program,Columbia University Vagelos College of Physicians and Surgeons,Main campus,Full,FALSE,,unresearched,"School identity, city, state, and accreditation fields source-verified; scoring fields intentionally blank.",LCME Accredited Programs,https://lcme.org/directory/accredited-programs/,,
,md_cooper_medical_school_of_rowan_university_camden_new_jersey,Cooper Medical School of Rowan University,MD,Camden,New Jersey,Unscored,,,,,,0.00,0,0,0,1,0.00,10,,,0,,,0,,,0,,,0,,,0,MD program,Cooper Medical School of Rowan University,Main campus,Full,FALSE,,unresearched,"School identity, city, state, and accreditation fields source-verified; scoring fields intentionally blank.",LCME Accredited Programs,https://lcme.org/directory/accredited-programs/,,
,md_covenant_healthcare_college_of_medicine_at_central_michigan_university_mount_ple,Covenant HealthCare College of Medicine at Central Michigan University,MD,Mount Pleasant,Michigan,Unscored,,,,,,0.00,0,0,0,1,0.00,10,,,0,,,0,,,0,,,0,,,0,MD program,Covenant HealthCare College of Medicine at Central Michigan University,Main campus,Full,FALSE,,unresearched,"School identity, city, state, and accreditation fields source-verified; scoring fields intentionally blank.",LCME Accredited Programs,https://lcme.org/directory/accredited-programs/,,
,md_creighton_university_school_of_medicine_omaha_nebraska,Creighton University School of Medicine,MD,Omaha,Nebraska,Unscored,,,,,,0.00,0,0,0,1,0.00,10,,,0,,,0,,,0,,,0,,,0,MD program,Creighton University School of Medicine,Main campus,Full,FALSE,,unresearched,"School identity, city, state, and accreditation fields source-verified; scoring fields intentionally blank.",LCME Accredited Programs,https://lcme.org/directory/accredited-programs/,,
,md_david_geffen_school_of_medicine_at_ucla_los_angeles_california,David Geffen School of Medicine at UCLA,MD,Los Angeles,California,Unscored,,,,,,0.00,0,0,0,1,0.00,10,,,0,,,0,,,0,,,0,,,0,MD program,David Geffen School of Medicine at UCLA,Main campus,Full,FALSE,,unresearched,"School identity, city, state, and accreditation fields source-verified; scoring fields intentionally blank.",LCME Accredited Programs,https://lcme.org/directory/accredited-programs/,,
,md_dell_medical_school_university_of_texas_at_austin_austin_texas,Dell Medical School – University of Texas at Austin,MD,Austin,Texas,Unscored,,,,,,0.00,0,0,0,1,0.00,10,,,0,,,0,,,0,,,0,,,0,MD program,Dell Medical School – University of Texas at Austin,Main campus,Full,FALSE,,unresearched,"School identity, city, state, and accreditation fields source-verified; scoring fields intentionally blank.",LCME Accredited Programs,https://lcme.org/directory/accredited-programs/,,
,do_dmu_com_des_moines_university_college_of_osteopathic_medicine_west_des_moines_io,Des Moines University College of Osteopathic Medicine,DO,West Des Moines,Iowa,Unscored,,,,,,0.00,0,0,0,1,0.00,10,,,0,,,0,,,0,,,0,,,0,DO school/site,Des Moines University College of Osteopathic Medicine,DMU-COM,COCA-accredited directory listing,FALSE,,unresearched,School/site identity and location source-verified from AOA directory map; scoring fields intentionally blank.,AOA Osteopathic Medical Schools Directory,https://osteopathic.org/about/affiliated-organizations/osteopathic-medical-schools/,,
,md_donald_and_barbara_zucker_school_of_medicine_at_hofstra_northwell_hempstead_new_,Donald and Barbara Zucker School of Medicine at Hofstra/Northwell,MD,Hempstead,New York,Unscored,,,,,,0.00,0,0,0,1,0.00,10,,,0,,,0,,,0,,,0,,,0,MD program,Donald and Barbara Zucker School of Medicine at Hofstra/Northwell,Main campus,Full,FALSE,,unresearched,"School identity, city, state, and accreditation fields source-verified; scoring fields intentionally blank.",LCME Accredited Programs,https://lcme.org/directory/accredited-programs/,,
,md_drexel_university_college_of_medicine_philadelphia_pennsylvania,Drexel University College of Medicine,MD,Philadelphia,Pennsylvania,Unscored,,,,,,0.00,0,0,0,1,0.00,10,,,0,,,0,,,0,,,0,,,0,MD program,Drexel University College of Medicine,Main campus,Full,FALSE,,unresearched,"School identity, city, state, and accreditation fields source-verified; scoring fields intentionally blank.",LCME Accredited Programs,https://lcme.org/directory/accredited-programs/,,
,md_duke_university_school_of_medicine_durham_north_carolina,Duke University School of Medicine,MD,Durham,North Carolina,Unscored,,,,,,0.00,0,0,0,1,0.00,10,,,0,,,0,,,0,,,0,,,0,MD program,Duke University School of Medicine,Main campus,Full,FALSE,,unresearched,"School identity, city, state, and accreditation fields source-verified; scoring fields intentionally blank.",LCME Accredited Programs,https://lcme.org/directory/accredited-programs/,,
,do_duqcom_duquesne_university_nasuti_college_of_osteopathic_medicine_pittsburgh_pen,Duquesne University Nasuti College of Osteopathic Medicine,DO,Pittsburgh,Pennsylvania,Unscored,,,,,,0.00,0,0,0,1,0.00,10,,,0,,,0,,,0,,,0,,,0,DO school/site,Duquesne University Nasuti College of Osteopathic Medicine,DUQCOM,COCA-accredited directory listing,FALSE,,unresearched,School/site identity and location source-verified from AOA directory map; scoring fields intentionally blank.,AOA Osteopathic Medical Schools Directory,https://osteopathic.org/about/affiliated-organizations/osteopathic-medical-schools/,,
,do_dyu_com_d_youville_university_college_of_osteopathic_medicine_buffalo_new_york,D’Youville University College of Osteopathic Medicine,DO,Buffalo,New York,Unscored,,,,,,0.00,0,0,0,1,0.00,10,,,0,,,0,,,0,,,0,,,0,DO school/site,D’Youville University College of Osteopathic Medicine,DYU-COM,COCA-accredited directory listing,FALSE,,unresearched,School/site identity and location source-verified from AOA directory map; scoring fields intentionally blank.,AOA Osteopathic Medical Schools Directory,https://osteopathic.org/about/affiliated-organizations/osteopathic-medical-schools/,,
,md_east_tennessee_state_university_james_h_quillen_college_of_medicine_johnson_city,East Tennessee State University James H. Quillen College of Medicine,MD,Johnson City,Tennessee,Unscored,,,,,,0.00,0,0,0,1,0.00,10,,,0,,,0,,,0,,,0,,,0,MD program,East Tennessee State University James H. Quillen College of Medicine,Main campus,Full,FALSE,,unresearched,"School identity, city, state, and accreditation fields source-verified; scoring fields intentionally blank.",LCME Accredited Programs,https://lcme.org/directory/accredited-programs/,,
,md_eastern_virginia_medical_school_at_old_dominion_university_norfolk_virginia,Eastern Virginia Medical School at Old Dominion University,MD,Norfolk,Virginia,Unscored,,,,,,0.00,0,0,0,1,0.00,10,,,0,,,0,,,0,,,0,,,0,MD program,Eastern Virginia Medical School at Old Dominion University,Main campus,Full,FALSE,,unresearched,"School identity, city, state, and accreditation fields source-verified; scoring fields intentionally blank.",LCME Accredited Programs,https://lcme.org/directory/accredited-programs/,,
,do_vcom_auburn_campus_edward_via_college_of_osteopathic_medicine_auburn_alabama,Edward Via College of Osteopathic Medicine,DO,Auburn,Alabama,Unscored,,,,,,0.00,0,0,0,1,0.00,10,,,0,,,0,,,0,,,0,,,0,DO school/site,Edward Via College of Osteopathic Medicine,VCOM-Auburn Campus,COCA-accredited directory listing,FALSE,,unresearched,School/site identity and location source-verified from AOA directory map; scoring fields intentionally blank.,AOA Osteopathic Medical Schools Directory,https://osteopathic.org/about/affiliated-organizations/osteopathic-medical-schools/,,
,do_vcom_carolinas_edward_via_college_of_osteopathic_medicine_spartanburg_south_caro,Edward Via College of Osteopathic Medicine,DO,Spartanburg,South Carolina,Unscored,,,,,,0.00,0,0,0,1,0.00,10,,,0,,,0,,,0,,,0,,,0,DO school/site,Edward Via College of Osteopathic Medicine,VCOM-Carolinas,COCA-accredited directory listing,FALSE,,unresearched,School/site identity and location source-verified from AOA directory map; scoring fields intentionally blank.,AOA Osteopathic Medical Schools Directory,https://osteopathic.org/about/affiliated-organizations/osteopathic-medical-schools/,,
,do_vcom_virginia_edward_via_college_of_osteopathic_medicine_blacksburg_virginia,Edward Via College of Osteopathic Medicine,DO,Blacksburg,Virginia,Unscored,,,,,,0.00,0,0,0,1,0.00,10,,,0,,,0,,,0,,,0,,,0,DO school/site,Edward Via College of Osteopathic Medicine,VCOM-Virginia,COCA-accredited directory listing,FALSE,,unresearched,School/site identity and location source-verified from AOA directory map; scoring fields intentionally blank.,AOA Osteopathic Medical Schools Directory,https://osteopathic.org/about/affiliated-organizations/osteopathic-medical-schools/,,
,do_vcom_louisiana_edward_via_college_of_osteopathic_medicine_louisiana_campus_monro,Edward Via College of Osteopathic Medicine-Louisiana Campus,DO,Monroe,Louisiana,Unscored,,,,,,0.00,0,0,0,1,0.00,10,,,0,,,0,,,0,,,0,,,0,DO school/site,Edward Via College of Osteopathic Medicine,VCOM-Louisiana,COCA-accredited directory listing,FALSE,,unresearched,School/site identity and location source-verified from AOA directory map; scoring fields intentionally blank.,AOA Osteopathic Medical Schools Directory,https://osteopathic.org/about/affiliated-organizations/osteopathic-medical-schools/,,
,md_emory_university_school_of_medicine_atlanta_georgia,Emory University School of Medicine,MD,Atlanta,Georgia,Unscored,,,,,,0.00,0,0,0,1,0.00,10,,,0,,,0,,,0,,,0,,,0,MD program,Emory University School of Medicine,Main campus,Full,FALSE,,unresearched,"School identity, city, state, and accreditation fields source-verified; scoring fields intentionally blank.",LCME Accredited Programs,https://lcme.org/directory/accredited-programs/,,
,md_florida_international_university_herbert_wertheim_college_of_medicine_miami_flor,Florida International University Herbert Wertheim College of Medicine,MD,Miami,Florida,Unscored,,,,,,0.00,0,0,0,1,0.00,10,,,0,,,0,,,0,,,0,,,0,MD program,Florida International University Herbert Wertheim College of Medicine,Main campus,Full,FALSE,,unresearched,"School identity, city, state, and accreditation fields source-verified; scoring fields intentionally blank.",LCME Accredited Programs,https://lcme.org/directory/accredited-programs/,,
,md_florida_state_university_college_of_medicine_tallahassee_florida,Florida State University College of Medicine,MD,Tallahassee,Florida,Unscored,,,,,,0.00,0,0,0,1,0.00,10,,,0,,,0,,,0,,,0,,,0,MD program,Florida State University College of Medicine,Main campus,Full,FALSE,,unresearched,"School identity, city, state, and accreditation fields source-verified; scoring fields intentionally blank.",LCME Accredited Programs,https://lcme.org/directory/accredited-programs/,,
,md_frank_h_netter_md_school_of_medicine_at_quinnipiac_university_north_haven_connec,Frank H. Netter MD School of Medicine at Quinnipiac University,MD,North Haven,Connecticut,Unscored,,,,,,0.00,0,0,0,1,0.00,10,,,0,,,0,,,0,,,0,,,0,MD program,Frank H. Netter MD School of Medicine at Quinnipiac University,Main campus,Full,FALSE,,unresearched,"School identity, city, state, and accreditation fields source-verified; scoring fields intentionally blank.",LCME Accredited Programs,https://lcme.org/directory/accredited-programs/,,
,md_frederick_p_whiddon_college_of_medicine_at_the_university_of_south_alabama_mobil,Frederick P. Whiddon College of Medicine at the University of South Alabama,MD,Mobile,Alabama,Unscored,,,,,,0.00,0,0,0,1,0.00,10,,,0,,,0,,,0,,,0,,,0,MD program,Frederick P. Whiddon College of Medicine at the University of South Alabama,Main campus,Full,FALSE,,unresearched,"School identity, city, state, and accreditation fields source-verified; scoring fields intentionally blank.",LCME Accredited Programs,https://lcme.org/directory/accredited-programs/,,
,md_geisel_school_of_medicine_at_dartmouth_hanover_new_hampshire,Geisel School of Medicine at Dartmouth,MD,Hanover,New Hampshire,Unscored,,,,,,0.00,0,0,0,1,0.00,10,,,0,,,0,,,0,,,0,,,0,MD program,Geisel School of Medicine at Dartmouth,Main campus,Full,FALSE,,unresearched,"School identity, city, state, and accreditation fields source-verified; scoring fields intentionally blank.",LCME Accredited Programs,https://lcme.org/directory/accredited-programs/,,
,md_geisinger_commonwealth_school_of_medicine_scranton_pennsylvania,Geisinger Commonwealth School of Medicine,MD,Scranton,Pennsylvania,Unscored,,,,,,0.00,0,0,0,1,0.00,10,,,0,,,0,,,0,,,0,,,0,MD program,Geisinger Commonwealth School of Medicine,Main campus,Full,FALSE,,unresearched,"School identity, city, state, and accreditation fields source-verified; scoring fields intentionally blank.",LCME Accredited Programs,https://lcme.org/directory/accredited-programs/,,
,md_george_washington_university_school_of_medicine_and_health_sciences_washington_d,George Washington University School of Medicine and Health Sciences,MD,Washington,District of Columbia,Unscored,,,,,,0.00,0,0,0,1,0.00,10,,,0,,,0,,,0,,,0,,,0,MD program,George Washington University School of Medicine and Health Sciences,Main campus,Full,FALSE,,unresearched,"School identity, city, state, and accreditation fields source-verified; scoring fields intentionally blank.",LCME Accredited Programs,https://lcme.org/directory/accredited-programs/,,
,md_georgetown_university_school_of_medicine_washington_district_of_columbia,Georgetown University School of Medicine,MD,Washington,District of Columbia,Unscored,,,,,,0.00,0,0,0,1,0.00,10,,,0,,,0,,,0,,,0,,,0,MD program,Georgetown University School of Medicine,Main campus,Full,FALSE,,unresearched,"School identity, city, state, and accreditation fields source-verified; scoring fields intentionally blank.",LCME Accredited Programs,https://lcme.org/directory/accredited-programs/,,
,md_hackensack_meridian_school_of_medicine_nutley_new_jersey,Hackensack Meridian School of Medicine,MD,Nutley,New Jersey,Unscored,,,,,,0.00,0,0,0,1,0.00,10,,,0,,,0,,,0,,,0,,,0,MD program,Hackensack Meridian School of Medicine,Main campus,Full,FALSE,,unresearched,"School identity, city, state, and accreditation fields source-verified; scoring fields intentionally blank.",LCME Accredited Programs,https://lcme.org/directory/accredited-programs/,,
,md_harvard_medical_school_boston_massachusetts,Harvard Medical School,MD,Boston,Massachusetts,Unscored,,,,,,0.00,0,0,0,1,0.00,10,,,0,,,0,,,0,,,0,,,0,MD program,Harvard Medical School,Main campus,Full,FALSE,,unresearched,"School identity, city, state, and accreditation fields source-verified; scoring fields intentionally blank.",LCME Accredited Programs,https://lcme.org/directory/accredited-programs/,,
,md_howard_university_college_of_medicine_washington_district_of_columbia,Howard University College of Medicine,MD,Washington,District of Columbia,Unscored,,,,,,0.00,0,0,0,1,0.00,10,,,0,,,0,,,0,,,0,,,0,MD program,Howard University College of Medicine,Main campus,"Full, on probation",FALSE,,unresearched,"School identity, city, state, and accreditation fields source-verified; scoring fields intentionally blank.",LCME Accredited Programs,https://lcme.org/directory/accredited-programs/,,
,md_icahn_school_of_medicine_at_mount_sinai_new_york_new_york,Icahn School of Medicine at Mount Sinai,MD,New York,New York,Unscored,,,,,,0.00,0,0,0,1,0.00,10,,,0,,,0,,,0,,,0,,,0,MD program,Icahn School of Medicine at Mount Sinai,Main campus,Full,FALSE,,unresearched,"School identity, city, state, and accreditation fields source-verified; scoring fields intentionally blank.",LCME Accredited Programs,https://lcme.org/directory/accredited-programs/,,
,do_icom_idaho_college_of_osteopathic_medicine_meridian_idaho,Idaho College of Osteopathic Medicine,DO,Meridian,Idaho,Unscored,,,,,,0.00,0,0,0,1,0.00,10,,,0,,,0,,,0,,,0,,,0,DO school/site,Idaho College of Osteopathic Medicine,ICOM,COCA-accredited directory listing,FALSE,,unresearched,School/site identity and location source-verified from AOA directory map; scoring fields intentionally blank.,AOA Osteopathic Medical Schools Directory,https://osteopathic.org/about/affiliated-organizations/osteopathic-medical-schools/,,
,do_illinoiscom_illinois_college_of_osteopathic_medicine_chicago_illinois,Illinois College of Osteopathic Medicine,DO,Chicago,Illinois,Unscored,,,,,,0.00,0,0,0,1,0.00,10,,,0,,,0,,,0,,,0,,,0,DO school/site,Illinois College of Osteopathic Medicine,IllinoisCOM,COCA-accredited directory listing,FALSE,,unresearched,School/site identity and location source-verified from AOA directory map; scoring fields intentionally blank.,AOA Osteopathic Medical Schools Directory,https://osteopathic.org/about/affiliated-organizations/osteopathic-medical-schools/,,
,md_indiana_university_school_of_medicine_indianapolis_indiana,Indiana University School of Medicine,MD,Indianapolis,Indiana,Unscored,,,,,,0.00,0,0,0,1,0.00,10,,,0,,,0,,,0,,,0,,,0,MD program,Indiana University School of Medicine,Main campus,Full,FALSE,,unresearched,"School identity, city, state, and accreditation fields source-verified; scoring fields intentionally blank.",LCME Accredited Programs,https://lcme.org/directory/accredited-programs/,,
,do_iupcom_indiana_university_of_pennsylvania_college_of_osteopathic_medicine_indian,Indiana University of Pennsylvania College of Osteopathic Medicine,DO,Indiana,Pennsylvania,Unscored,,,,,,0.00,0,0,0,1,0.00,10,,,0,,,0,,,0,,,0,,,0,DO school/site,Indiana University of Pennsylvania College of Osteopathic Medicine,IUPCOM,COCA-accredited directory listing,FALSE,,unresearched,School/site identity and location source-verified from AOA directory map; scoring fields intentionally blank.,AOA Osteopathic Medical Schools Directory,https://osteopathic.org/about/affiliated-organizations/osteopathic-medical-schools/,,
,md_jacobs_school_of_medicine_and_biomedical_sciences_at_the_university_at_buffalo_b,Jacobs School of Medicine and Biomedical Sciences at the University at Buffalo,MD,Buffalo,New York,Unscored,,,,,,0.00,0,0,0,1,0.00,10,,,0,,,0,,,0,,,0,,,0,MD program,Jacobs School of Medicine and Biomedical Sciences at the University at Buffalo,Main campus,Full,FALSE,,unresearched,"School identity, city, state, and accreditation fields source-verified; scoring fields intentionally blank.",LCME Accredited Programs,https://lcme.org/directory/accredited-programs/,,
,md_john_a_burns_school_of_medicine_university_of_hawaii_at_manoa_honolulu_hawaii,John A. Burns School of Medicine University of Hawaii at Manoa,MD,Honolulu,Hawaii,Unscored,,,,,,0.00,0,0,0,1,0.00,10,,,0,,,0,,,0,,,0,,,0,MD program,John A. Burns School of Medicine University of Hawaii at Manoa,Main campus,Full,FALSE,,unresearched,"School identity, city, state, and accreditation fields source-verified; scoring fields intentionally blank.",LCME Accredited Programs,https://lcme.org/directory/accredited-programs/,,
,md_johns_hopkins_university_school_of_medicine_baltimore_maryland,Johns Hopkins University School of Medicine,MD,Baltimore,Maryland,Unscored,,,,,,0.00,0,0,0,1,0.00,10,,,0,,,0,,,0,,,0,,,0,MD program,Johns Hopkins University School of Medicine,Main campus,Full,FALSE,,unresearched,"School identity, city, state, and accreditation fields source-verified; scoring fields intentionally blank.",LCME Accredited Programs,https://lcme.org/directory/accredited-programs/,,
,md_kaiser_permanente_bernard_j_tyson_school_of_medicine_pasadena_california,Kaiser Permanente Bernard J. Tyson School of Medicine,MD,Pasadena,California,Unscored,,,,,,0.00,0,0,0,1,0.00,10,,,0,,,0,,,0,,,0,,,0,MD program,Kaiser Permanente Bernard J. Tyson School of Medicine,Main campus,Full,FALSE,,unresearched,"School identity, city, state, and accreditation fields source-verified; scoring fields intentionally blank.",LCME Accredited Programs,https://lcme.org/directory/accredited-programs/,,
,do_kcu_com_joplin_kansas_city_university_of_medicine_and_biosciences_college_of_ost,Kansas City University of Medicine and Biosciences College of Osteopathic Medicine,DO,Joplin,Missouri,Unscored,,,,,,0.00,0,0,0,1,0.00,10,,,0,,,0,,,0,,,0,,,0,DO school/site,Kansas City University College of Osteopathic Medicine,KCU-COM-Joplin,COCA-accredited directory listing,FALSE,,unresearched,School/site identity and location source-verified from AOA directory map; scoring fields intentionally blank.,AOA Osteopathic Medical Schools Directory,https://osteopathic.org/about/affiliated-organizations/osteopathic-medical-schools/,,
,do_kcu_com_kansas_city_university_of_medicine_and_biosciences_college_of_osteopathi,Kansas City University of Medicine and Biosciences College of Osteopathic Medicine,DO,Kansas City,Missouri,Unscored,,,,,,0.00,0,0,0,1,0.00,10,,,0,,,0,,,0,,,0,,,0,DO school/site,Kansas City University of Medicine and Biosciences College of Osteopathic Medicine,KCU-COM,COCA-accredited directory listing,FALSE,,unresearched,School/site identity and location source-verified from AOA directory map; scoring fields intentionally blank.,AOA Osteopathic Medical Schools Directory,https://osteopathic.org/about/affiliated-organizations/osteopathic-medical-schools/,,
,do_kansascom_kansas_health_sciences_center_kansas_college_of_osteopathic_medicine_w,Kansas Health Sciences Center Kansas College of Osteopathic Medicine,DO,Wichita,Kansas,Unscored,,,,,,0.00,0,0,0,1,0.00,10,,,0,,,0,,,0,,,0,,,0,DO school/site,Kansas Health Sciences Center Kansas College of Osteopathic Medicine,KansasCOM,COCA-accredited directory listing,FALSE,,unresearched,School/site identity and location source-verified from AOA directory map; scoring fields intentionally blank.,AOA Osteopathic Medical Schools Directory,https://osteopathic.org/about/affiliated-organizations/osteopathic-medical-schools/,,
,md_keck_school_of_medicine_of_the_university_of_southern_california_los_angeles_cal,Keck School of Medicine of the University of Southern California,MD,Los Angeles,California,Unscored,,,,,,0.00,0,0,0,1,0.00,10,,,0,,,0,,,0,,,0,,,0,MD program,Keck School of Medicine of the University of Southern California,Main campus,Full,FALSE,,unresearched,"School identity, city, state, and accreditation fields source-verified; scoring fields intentionally blank.",LCME Accredited Programs,https://lcme.org/directory/accredited-programs/,,
,md_kirk_kerkorian_school_of_medicine_at_unlv_las_vegas_nevada,Kirk Kerkorian School of Medicine at UNLV,MD,Las Vegas,Nevada,Unscored,,,,,,0.00,0,0,0,1,0.00,10,,,0,,,0,,,0,,,0,,,0,MD program,Kirk Kerkorian School of Medicine at UNLV,Main campus,Full,FALSE,,unresearched,"School identity, city, state, and accreditation fields source-verified; scoring fields intentionally blank.",LCME Accredited Programs,https://lcme.org/directory/accredited-programs/,,
,md_lsu_health_sciences_center_school_of_medicine_in_new_orleans_new_orleans_louisia,LSU Health Sciences Center School of Medicine in New Orleans,MD,New Orleans,Louisiana,Unscored,,,,,,0.00,0,0,0,1,0.00,10,,,0,,,0,,,0,,,0,,,0,MD program,LSU Health Sciences Center School of Medicine in New Orleans,Main campus,Full,FALSE,,unresearched,"School identity, city, state, and accreditation fields source-verified; scoring fields intentionally blank.",LCME Accredited Programs,https://lcme.org/directory/accredited-programs/,,
,do_lecom_bradenton_lake_erie_college_of_osteopathic_medicine_bradenton_bradenton_fl,Lake Erie College of Osteopathic Medicine – Bradenton,DO,Bradenton,Florida,Unscored,,,,,,0.00,0,0,0,1,0.00,10,,,0,,,0,,,0,,,0,,,0,DO school/site,Lake Erie College of Osteopathic Medicine,LECOM-Bradenton,COCA-accredited directory listing,FALSE,,unresearched,School/site identity and location source-verified from AOA directory map; scoring fields intentionally blank.,AOA Osteopathic Medical Schools Directory,https://osteopathic.org/about/affiliated-organizations/osteopathic-medical-schools/,,
,do_lecom_elmira_lake_erie_college_of_osteopathic_medicine_elmira_elmira_new_york,Lake Erie College of Osteopathic Medicine – Elmira,DO,Elmira,New York,Unscored,,,,,,0.00,0,0,0,1,0.00,10,,,0,,,0,,,0,,,0,,,0,DO school/site,Lake Erie College of Osteopathic Medicine,LECOM-Elmira,COCA-accredited directory listing,FALSE,,unresearched,School/site identity and location source-verified from AOA directory map; scoring fields intentionally blank.,AOA Osteopathic Medical Schools Directory,https://osteopathic.org/about/affiliated-organizations/osteopathic-medical-schools/,,
,do_lecom_lake_erie_college_of_osteopathic_medicine_erie_erie_pennsylvania,Lake Erie College of Osteopathic Medicine – Erie,DO,Erie,Pennsylvania,Unscored,,,,,,0.00,0,0,0,1,0.00,10,,,0,,,0,,,0,,,0,,,0,DO school/site,Lake Erie College of Osteopathic Medicine – Erie,LECOM,COCA-accredited directory listing,FALSE,,unresearched,School/site identity and location source-verified from AOA directory map; scoring fields intentionally blank.,AOA Osteopathic Medical Schools Directory,https://osteopathic.org/about/affiliated-organizations/osteopathic-medical-schools/,,
,do_lecom_jacksonville_lake_erie_college_of_osteopathic_medicine_jacksonville_jackso,Lake Erie College of Osteopathic Medicine – Jacksonville,DO,Jacksonville,Florida,Unscored,,,,,,0.00,0,0,0,1,0.00,10,,,0,,,0,,,0,,,0,,,0,DO school/site,Lake Erie College of Osteopathic Medicine,LECOM-Jacksonville,COCA-accredited directory listing,FALSE,,unresearched,School/site identity and location source-verified from AOA directory map; scoring fields intentionally blank.,AOA Osteopathic Medical Schools Directory,https://osteopathic.org/about/affiliated-organizations/osteopathic-medical-schools/,,
,do_lecom_seton_hill_lake_erie_college_of_osteopathic_medicine_seton_hill_greensburg,Lake Erie College of Osteopathic Medicine – Seton Hill,DO,Greensburg,Pennsylvania,Unscored,,,,,,0.00,0,0,0,1,0.00,10,,,0,,,0,,,0,,,0,,,0,DO school/site,Lake Erie College of Osteopathic Medicine,LECOM-Seton Hill,COCA-accredited directory listing,FALSE,,unresearched,School/site identity and location source-verified from AOA directory map; scoring fields intentionally blank.,AOA Osteopathic Medical Schools Directory,https://osteopathic.org/about/affiliated-organizations/osteopathic-medical-schools/,,
,md_lewis_katz_school_of_medicine_at_temple_university_philadelphia_pennsylvania,Lewis Katz School of Medicine at Temple University,MD,Philadelphia,Pennsylvania,Unscored,,,,,,0.00,0,0,0,1,0.00,10,,,0,,,0,,,0,,,0,,,0,MD program,Lewis Katz School of Medicine at Temple University,Main campus,Full,FALSE,,unresearched,"School identity, city, state, and accreditation fields source-verified; scoring fields intentionally blank.",LCME Accredited Programs,https://lcme.org/directory/accredited-programs/,,
,do_lucom_liberty_university_college_of_osteopathic_medicine_lynchburg_virginia,Liberty University College of Osteopathic Medicine,DO,Lynchburg,Virginia,Unscored,,,,,,0.00,0,0,0,1,0.00,10,,,0,,,0,,,0,,,0,,,0,DO school/site,Liberty University College of Osteopathic Medicine,LUCOM,COCA-accredited directory listing,FALSE,,unresearched,School/site identity and location source-verified from AOA directory map; scoring fields intentionally blank.,AOA Osteopathic Medical Schools Directory,https://osteopathic.org/about/affiliated-organizations/osteopathic-medical-schools/,,
,do_lmu_dcom_lincoln_memorial_university_debusk_college_of_osteopathic_medicine_harr,Lincoln Memorial University-DeBusk College of Osteopathic Medicine,DO,Harrogate,Tennessee,Unscored,,,,,,0.00,0,0,0,1,0.00,10,,,0,,,0,,,0,,,0,,,0,DO school/site,Lincoln Memorial University-DeBusk College of Osteopathic Medicine,LMU-DCOM,COCA-accredited directory listing,FALSE,,unresearched,School/site identity and location source-verified from AOA directory map; scoring fields intentionally blank.,AOA Osteopathic Medical Schools Directory,https://osteopathic.org/about/affiliated-organizations/osteopathic-medical-schools/,,
,do_lmu_dcom_knoxville_lincoln_memorial_university_debusk_college_of_osteopathic_med,Lincoln Memorial University-DeBusk College of Osteopathic Medicine – Knoxville,DO,Knoxville,Tennessee,Unscored,,,,,,0.00,0,0,0,1,0.00,10,,,0,,,0,,,0,,,0,,,0,DO school/site,Lincoln Memorial University-DeBusk College of Osteopathic Medicine,LMU-DCOM Knoxville,COCA-accredited directory listing,FALSE,,unresearched,School/site identity and location source-verified from AOA directory map; scoring fields intentionally blank.,AOA Osteopathic Medical Schools Directory,https://osteopathic.org/about/affiliated-organizations/osteopathic-medical-schools/,,
,do_lmu_dcom_orange_park_lincoln_memorial_university_debusk_college_of_osteopathic_m,Lincoln Memorial University-DeBusk College of Osteopathic Medicine – Orange Park,DO,Orange Park,Florida,Unscored,,,,,,0.00,0,0,0,1,0.00,10,,,0,,,0,,,0,,,0,,,0,DO school/site,Lincoln Memorial University-DeBusk College of Osteopathic Medicine,LMU-DCOM – Orange Park,COCA-accredited directory listing,FALSE,,unresearched,School/site identity and location source-verified from AOA directory map; scoring fields intentionally blank.,AOA Osteopathic Medical Schools Directory,https://osteopathic.org/about/affiliated-organizations/osteopathic-medical-schools/,,
,md_loma_linda_university_school_of_medicine_loma_linda_california,Loma Linda University School of Medicine,MD,Loma Linda,California,Unscored,,,,,,0.00,0,0,0,1,0.00,10,,,0,,,0,,,0,,,0,,,0,MD program,Loma Linda University School of Medicine,Main campus,Full,FALSE,,unresearched,"School identity, city, state, and accreditation fields source-verified; scoring fields intentionally blank.",LCME Accredited Programs,https://lcme.org/directory/accredited-programs/,,
,md_louisiana_state_university_school_of_medicine_in_shreveport_shreveport_louisiana,Louisiana State University School of Medicine in Shreveport,MD,Shreveport,Louisiana,Unscored,,,,,,0.00,0,0,0,1,0.00,10,,,0,,,0,,,0,,,0,,,0,MD program,Louisiana State University School of Medicine in Shreveport,Main campus,Full,FALSE,,unresearched,"School identity, city, state, and accreditation fields source-verified; scoring fields intentionally blank.",LCME Accredited Programs,https://lcme.org/directory/accredited-programs/,,
,md_loyola_university_chicago_stritch_school_of_medicine_maywood_illinois,Loyola University Chicago Stritch School of Medicine,MD,Maywood,Illinois,Unscored,,,,,,0.00,0,0,0,1,0.00,10,,,0,,,0,,,0,,,0,,,0,MD program,Loyola University Chicago Stritch School of Medicine,Main campus,Full,FALSE,,unresearched,"School identity, city, state, and accreditation fields source-verified; scoring fields intentionally blank.",LCME Accredited Programs,https://lcme.org/directory/accredited-programs/,,
,do_mu_wcom_marian_university_tom_and_julie_wood_college_of_osteopathic_medicine_ind,Marian University Tom and Julie Wood College of Osteopathic Medicine,DO,Indianapolis,Indiana,Unscored,,,,,,0.00,0,0,0,1,0.00,10,,,0,,,0,,,0,,,0,,,0,DO school/site,Marian University Tom and Julie Wood College of Osteopathic Medicine,MU-WCOM,COCA-accredited directory listing,FALSE,,unresearched,School/site identity and location source-verified from AOA directory map; scoring fields intentionally blank.,AOA Osteopathic Medical Schools Directory,https://osteopathic.org/about/affiliated-organizations/osteopathic-medical-schools/,,
,md_marshall_university_joan_c_edwards_school_of_medicine_huntington_west_virginia,Marshall University Joan C. Edwards School of Medicine,MD,Huntington,West Virginia,Unscored,,,,,,0.00,0,0,0,1,0.00,10,,,0,,,0,,,0,,,0,,,0,MD program,Marshall University Joan C. Edwards School of Medicine,Main campus,Full,FALSE,,unresearched,"School identity, city, state, and accreditation fields source-verified; scoring fields intentionally blank.",LCME Accredited Programs,https://lcme.org/directory/accredited-programs/,,
,md_mayo_clinic_alix_school_of_medicine_rochester_minnesota,Mayo Clinic Alix School of Medicine,MD,Rochester,Minnesota,Unscored,,,,,,0.00,0,0,0,1,0.00,10,,,0,,,0,,,0,,,0,,,0,MD program,Mayo Clinic Alix School of Medicine,Main campus,Full,FALSE,,unresearched,"School identity, city, state, and accreditation fields source-verified; scoring fields intentionally blank.",LCME Accredited Programs,https://lcme.org/directory/accredited-programs/,,
,md_mcgovern_medical_school_at_uthealth_houston_houston_texas,McGovern Medical School at UTHealth Houston,MD,Houston,Texas,Unscored,,,,,,0.00,0,0,0,1,0.00,10,,,0,,,0,,,0,,,0,,,0,MD program,McGovern Medical School at UTHealth Houston,Main campus,Full,FALSE,,unresearched,"School identity, city, state, and accreditation fields source-verified; scoring fields intentionally blank.",LCME Accredited Programs,https://lcme.org/directory/accredited-programs/,,
,md_medical_college_of_georgia_at_augusta_university_augusta_georgia,Medical College of Georgia at Augusta University,MD,Augusta,Georgia,Unscored,,,,,,0.00,0,0,0,1,0.00,10,,,0,,,0,,,0,,,0,,,0,MD program,Medical College of Georgia at Augusta University,Main campus,Full,FALSE,,unresearched,"School identity, city, state, and accreditation fields source-verified; scoring fields intentionally blank.",LCME Accredited Programs,https://lcme.org/directory/accredited-programs/,,
,md_medical_college_of_wisconsin_milwaukee_wisconsin,Medical College of Wisconsin,MD,Milwaukee,Wisconsin,Unscored,,,,,,0.00,0,0,0,1,0.00,10,,,0,,,0,,,0,,,0,,,0,MD program,Medical College of Wisconsin,Main campus,Full,FALSE,,unresearched,"School identity, city, state, and accreditation fields source-verified; scoring fields intentionally blank.",LCME Accredited Programs,https://lcme.org/directory/accredited-programs/,,
,md_medical_university_of_south_carolina_college_of_medicine_charleston_south_caroli,Medical University of South Carolina College of Medicine,MD,Charleston,South Carolina,Unscored,,,,,,0.00,0,0,0,1,0.00,10,,,0,,,0,,,0,,,0,,,0,MD program,Medical University of South Carolina College of Medicine,Main campus,Full,FALSE,,unresearched,"School identity, city, state, and accreditation fields source-verified; scoring fields intentionally blank.",LCME Accredited Programs,https://lcme.org/directory/accredited-programs/,,
,md_meharry_medical_college_school_of_medicine_nashville_tennessee,Meharry Medical College School of Medicine,MD,Nashville,Tennessee,Unscored,,,,,,0.00,0,0,0,1,0.00,10,,,0,,,0,,,0,,,0,,,0,MD program,Meharry Medical College School of Medicine,Main campus,"Full, on probation",FALSE,,unresearched,"School identity, city, state, and accreditation fields source-verified; scoring fields intentionally blank.",LCME Accredited Programs,https://lcme.org/directory/accredited-programs/,,
,md_mercer_university_school_of_medicine_macon_georgia,Mercer University School of Medicine,MD,Macon,Georgia,Unscored,,,,,,0.00,0,0,0,1,0.00,10,,,0,,,0,,,0,,,0,,,0,MD program,Mercer University School of Medicine,Main campus,Full,FALSE,,unresearched,"School identity, city, state, and accreditation fields source-verified; scoring fields intentionally blank.",LCME Accredited Programs,https://lcme.org/directory/accredited-programs/,,
,do_msom_meritus_school_of_osteopathic_medicine_hagerstown_maryland,Meritus School of Osteopathic Medicine,DO,Hagerstown,Maryland,Unscored,,,,,,0.00,0,0,0,1,0.00,10,,,0,,,0,,,0,,,0,,,0,DO school/site,Meritus School of Osteopathic Medicine,MSOM,COCA-accredited directory listing,FALSE,,unresearched,School/site identity and location source-verified from AOA directory map; scoring fields intentionally blank.,AOA Osteopathic Medical Schools Directory,https://osteopathic.org/about/affiliated-organizations/osteopathic-medical-schools/,,
,md_methodist_university_cape_fear_valley_health_school_of_medicine_fayetteville_nor,Methodist University Cape Fear Valley Health School of Medicine,MD,Fayetteville,North Carolina,Unscored,,,,,,0.00,0,0,0,1,0.00,10,,,0,,,0,,,0,,,0,,,0,MD program,Methodist University Cape Fear Valley Health School of Medicine,Main campus,Preliminary,FALSE,,unresearched,"School identity, city, state, and accreditation fields source-verified; scoring fields intentionally blank.",LCME Accredited Programs,https://lcme.org/directory/accredited-programs/,,
,md_michigan_state_university_college_of_human_medicine_east_lansing_michigan,Michigan State University College of Human Medicine,MD,East Lansing,Michigan,Unscored,,,,,,0.00,0,0,0,1,0.00,10,,,0,,,0,,,0,,,0,,,0,MD program,Michigan State University College of Human Medicine,Main campus,Full,FALSE,,unresearched,"School identity, city, state, and accreditation fields source-verified; scoring fields intentionally blank.",LCME Accredited Programs,https://lcme.org/directory/accredited-programs/,,
,do_msucom_dmc_michigan_state_university_college_of_osteopathic_medicine_detroit_mic,Michigan State University College of Osteopathic Medicine,DO,Detroit,Michigan,Unscored,,,,,,0.00,0,0,0,1,0.00,10,,,0,,,0,,,0,,,0,,,0,DO school/site,Michigan State University College of Osteopathic Medicine,MSUCOM-DMC,COCA-accredited directory listing,FALSE,,unresearched,School/site identity and location source-verified from AOA directory map; scoring fields intentionally blank.,AOA Osteopathic Medical Schools Directory,https://osteopathic.org/about/affiliated-organizations/osteopathic-medical-schools/,,
,do_msucom_michigan_state_university_college_of_osteopathic_medicine_east_lansing_mi,Michigan State University College of Osteopathic Medicine,DO,East Lansing,Michigan,Unscored,,,,,,0.00,0,0,0,1,0.00,10,,,0,,,0,,,0,,,0,,,0,DO school/site,Michigan State University College of Osteopathic Medicine,MSUCOM,COCA-accredited directory listing,FALSE,,unresearched,School/site identity and location source-verified from AOA directory map; scoring fields intentionally blank.,AOA Osteopathic Medical Schools Directory,https://osteopathic.org/about/affiliated-organizations/osteopathic-medical-schools/,,
,do_msucom_muc_michigan_state_university_college_of_osteopathic_medicine_macomb_mich,Michigan State University College of Osteopathic Medicine,DO,Macomb,Michigan,Unscored,,,,,,0.00,0,0,0,1,0.00,10,,,0,,,0,,,0,,,0,,,0,DO school/site,Michigan State University College of Osteopathic Medicine,MSUCOM-MUC,COCA-accredited directory listing,FALSE,,unresearched,School/site identity and location source-verified from AOA directory map; scoring fields intentionally blank.,AOA Osteopathic Medical Schools Directory,https://osteopathic.org/about/affiliated-organizations/osteopathic-medical-schools/,,
,do_mwu_azcom_midwestern_university_arizona_college_of_osteopathic_medicine_glendale,Midwestern University Arizona College of Osteopathic Medicine,DO,Glendale,Arizona,Unscored,,,,,,0.00,0,0,0,1,0.00,10,,,0,,,0,,,0,,,0,,,0,DO school/site,Midwestern University Arizona College of Osteopathic Medicine,MWU/AZCOM,COCA-accredited directory listing,FALSE,,unresearched,School/site identity and location source-verified from AOA directory map; scoring fields intentionally blank.,AOA Osteopathic Medical Schools Directory,https://osteopathic.org/about/affiliated-organizations/osteopathic-medical-schools/,,
,do_mwu_ccom_midwestern_university_chicago_college_of_osteopathic_medicine_downers_g,Midwestern University Chicago College of Osteopathic Medicine,DO,Downers Grove,Illinois,Unscored,,,,,,0.00,0,0,0,1,0.00,10,,,0,,,0,,,0,,,0,,,0,DO school/site,Midwestern University Chicago College of Osteopathic Medicine,MWU/CCOM,COCA-accredited directory listing,FALSE,,unresearched,School/site identity and location source-verified from AOA directory map; scoring fields intentionally blank.,AOA Osteopathic Medical Schools Directory,https://osteopathic.org/about/affiliated-organizations/osteopathic-medical-schools/,,
,md_morehouse_school_of_medicine_atlanta_georgia,Morehouse School of Medicine,MD,Atlanta,Georgia,Unscored,,,,,,0.00,0,0,0,1,0.00,10,,,0,,,0,,,0,,,0,,,0,MD program,Morehouse School of Medicine,Main campus,Full,FALSE,,unresearched,"School identity, city, state, and accreditation fields source-verified; scoring fields intentionally blank.",LCME Accredited Programs,https://lcme.org/directory/accredited-programs/,,
,md_nyu_grossman_long_island_school_of_medicine_mineola_new_york,NYU Grossman Long Island School of Medicine,MD,Mineola,New York,Unscored,,,,,,0.00,0,0,0,1,0.00,10,,,0,,,0,,,0,,,0,,,0,MD program,NYU Grossman Long Island School of Medicine,Main campus,Full,FALSE,,unresearched,"School identity, city, state, and accreditation fields source-verified; scoring fields intentionally blank.",LCME Accredited Programs,https://lcme.org/directory/accredited-programs/,,
,md_nyu_grossman_school_of_medicine_new_york_new_york,NYU Grossman School of Medicine,MD,New York,New York,Unscored,,,,,,0.00,0,0,0,1,0.00,10,,,0,,,0,,,0,,,0,,,0,MD program,NYU Grossman School of Medicine,Main campus,Full,FALSE,,unresearched,"School identity, city, state, and accreditation fields source-verified; scoring fields intentionally blank.",LCME Accredited Programs,https://lcme.org/directory/accredited-programs/,,
,do_nyitcom_new_york_institute_of_technology_college_of_osteopathic_medicine_old_wes,New York Institute of Technology College of Osteopathic Medicine,DO,Old Westbury,New York,Unscored,,,,,,0.00,0,0,0,1,0.00,10,,,0,,,0,,,0,,,0,,,0,DO school/site,New York Institute of Technology College of Osteopathic Medicine,NYITCOM,COCA-accredited directory listing,FALSE,,unresearched,School/site identity and location source-verified from AOA directory map; scoring fields intentionally blank.,AOA Osteopathic Medical Schools Directory,https://osteopathic.org/about/affiliated-organizations/osteopathic-medical-schools/,,
,do_nyitcom_jonesboro_new_york_institute_of_technology_college_of_osteopathic_medici,New York Institute of Technology College of Osteopathic Medicine at Arkansas State,DO,Jonesboro,Arkansas,Unscored,,,,,,0.00,0,0,0,1,0.00,10,,,0,,,0,,,0,,,0,,,0,DO school/site,New York Institute of Technology College of Osteopathic Medicine,NYITCOM-Jonesboro,COCA-accredited directory listing,FALSE,,unresearched,School/site identity and location source-verified from AOA directory map; scoring fields intentionally blank.,AOA Osteopathic Medical Schools Directory,https://osteopathic.org/about/affiliated-organizations/osteopathic-medical-schools/,,
,md_new_york_medical_college_valhalla_new_york,New York Medical College,MD,Valhalla,New York,Unscored,,,,,,0.00,0,0,0,1,0.00,10,,,0,,,0,,,0,,,0,,,0,MD program,New York Medical College,Main campus,Full,FALSE,,unresearched,"School identity, city, state, and accreditation fields source-verified; scoring fields intentionally blank.",LCME Accredited Programs,https://lcme.org/directory/accredited-programs/,,
,do_noordacom_noorda_college_of_osteopathic_medicine_provo_utah,Noorda College of Osteopathic Medicine,DO,Provo,Utah,Unscored,,,,,,0.00,0,0,0,1,0.00,10,,,0,,,0,,,0,,,0,,,0,DO school/site,Noorda College of Osteopathic Medicine,NoordaCOM,COCA-accredited directory listing,FALSE,,unresearched,School/site identity and location source-verified from AOA directory map; scoring fields intentionally blank.,AOA Osteopathic Medical Schools Directory,https://osteopathic.org/about/affiliated-organizations/osteopathic-medical-schools/,,
,md_northeast_ohio_medical_university_college_of_medicine_rootstown_ohio,Northeast Ohio Medical University College of Medicine,MD,Rootstown,Ohio,Unscored,,,,,,0.00,0,0,0,1,0.00,10,,,0,,,0,,,0,,,0,,,0,MD program,Northeast Ohio Medical University College of Medicine,Main campus,Full,FALSE,,unresearched,"School identity, city, state, and accreditation fields source-verified; scoring fields intentionally blank.",LCME Accredited Programs,https://lcme.org/directory/accredited-programs/,,
,md_northwestern_university_feinberg_school_of_medicine_chicago_illinois,Northwestern University Feinberg School of Medicine,MD,Chicago,Illinois,Unscored,,,,,,0.00,0,0,0,1,0.00,10,,,0,,,0,,,0,,,0,,,0,MD program,Northwestern University Feinberg School of Medicine,Main campus,Full,FALSE,,unresearched,"School identity, city, state, and accreditation fields source-verified; scoring fields intentionally blank.",LCME Accredited Programs,https://lcme.org/directory/accredited-programs/,,
,md_nova_southeastern_university_dr_kiran_c_patel_college_of_allopathic_medicine_for,Nova Southeastern University Dr. Kiran C. Patel College of Allopathic Medicine,MD,Fort Lauderdale,Florida,Unscored,,,,,,0.00,0,0,0,1,0.00,10,,,0,,,0,,,0,,,0,,,0,MD program,Nova Southeastern University Dr. Kiran C. Patel College of Allopathic Medicine,Main campus,Full,FALSE,,unresearched,"School identity, city, state, and accreditation fields source-verified; scoring fields intentionally blank.",LCME Accredited Programs,https://lcme.org/directory/accredited-programs/,,
,do_nsu_kpcom_clearwater_nova_southeastern_university_dr_kiran_c_patel_college_of_os,Nova Southeastern University – Dr. Kiran C. Patel College of Osteopathic Medicine,DO,Clearwater,Florida,Unscored,,,,,,0.00,0,0,0,1,0.00,10,,,0,,,0,,,0,,,0,,,0,DO school/site,Nova Southeastern University Dr. Kiran C. Patel College of Osteopathic Medicine,NSU-KPCOM-Clearwater,COCA-accredited directory listing,FALSE,,unresearched,School/site identity and location source-verified from AOA directory map; scoring fields intentionally blank.,AOA Osteopathic Medical Schools Directory,https://osteopathic.org/about/affiliated-organizations/osteopathic-medical-schools/,,
,do_nsu_kpcom_nova_southeastern_university_dr_kiran_c_patel_college_of_osteopathic_m,Nova Southeastern University – Dr. Kiran C. Patel College of Osteopathic Medicine,DO,Fort Lauderdale,Florida,Unscored,,,,,,0.00,0,0,0,1,0.00,10,,,0,,,0,,,0,,,0,,,0,DO school/site,Nova Southeastern University – Dr. Kiran C. Patel College of Osteopathic Medicine,NSU-KPCOM,COCA-accredited directory listing,FALSE,,unresearched,School/site identity and location source-verified from AOA directory map; scoring fields intentionally blank.,AOA Osteopathic Medical Schools Directory,https://osteopathic.org/about/affiliated-organizations/osteopathic-medical-schools/,,
,md_oakland_university_william_beaumont_school_of_medicine_rochester_michigan,Oakland University William Beaumont School of Medicine,MD,Rochester,Michigan,Unscored,,,,,,0.00,0,0,0,1,0.00,10,,,0,,,0,,,0,,,0,,,0,MD program,Oakland University William Beaumont School of Medicine,Main campus,Full,FALSE,,unresearched,"School identity, city, state, and accreditation fields source-verified; scoring fields intentionally blank.",LCME Accredited Programs,https://lcme.org/directory/accredited-programs/,,
,do_ou_hcom_ohio_university_heritage_college_of_osteopathic_medicine_athens_ohio,Ohio University Heritage College of Osteopathic Medicine,DO,Athens,Ohio,Unscored,,,,,,0.00,0,0,0,1,0.00,10,,,0,,,0,,,0,,,0,,,0,DO school/site,Ohio University Heritage College of Osteopathic Medicine,OU-HCOM,COCA-accredited directory listing,FALSE,,unresearched,School/site identity and location source-verified from AOA directory map; scoring fields intentionally blank.,AOA Osteopathic Medical Schools Directory,https://osteopathic.org/about/affiliated-organizations/osteopathic-medical-schools/,,
,do_ou_hcom_cleveland_ohio_university_heritage_college_of_osteopathic_medicine_cleve,Ohio University Heritage College of Osteopathic Medicine,DO,Cleveland,Ohio,Unscored,,,,,,0.00,0,0,0,1,0.00,10,,,0,,,0,,,0,,,0,,,0,DO school/site,Ohio University Heritage College of Osteopathic Medicine,OU-HCOM-Cleveland,COCA-accredited directory listing,FALSE,,unresearched,School/site identity and location source-verified from AOA directory map; scoring fields intentionally blank.,AOA Osteopathic Medical Schools Directory,https://osteopathic.org/about/affiliated-organizations/osteopathic-medical-schools/,,
,do_ou_hcom_dublin_ohio_university_heritage_college_of_osteopathic_medicine_dublin_d,Ohio University Heritage College of Osteopathic Medicine – Dublin,DO,Dublin,Ohio,Unscored,,,,,,0.00,0,0,0,1,0.00,10,,,0,,,0,,,0,,,0,,,0,DO school/site,Ohio University Heritage College of Osteopathic Medicine,OU-HCOM-Dublin,COCA-accredited directory listing,FALSE,,unresearched,School/site identity and location source-verified from AOA directory map; scoring fields intentionally blank.,AOA Osteopathic Medical Schools Directory,https://osteopathic.org/about/affiliated-organizations/osteopathic-medical-schools/,,
,do_osu_com_oklahoma_state_university_center_for_health_sciences_college_of_osteopat,Oklahoma State University Center for Health Sciences College of Osteopathic Medicine,DO,Tulsa,Oklahoma,Unscored,,,,,,0.00,0,0,0,1,0.00,10,,,0,,,0,,,0,,,0,,,0,DO school/site,Oklahoma State University Center for Health Sciences College of Osteopathic Medicine,OSU-COM,COCA-accredited directory listing,FALSE,,unresearched,School/site identity and location source-verified from AOA directory map; scoring fields intentionally blank.,AOA Osteopathic Medical Schools Directory,https://osteopathic.org/about/affiliated-organizations/osteopathic-medical-schools/,,
,do_osu_com_tahlequah_oklahoma_state_university_center_for_health_sciences_college_o,Oklahoma State University Center for Health Sciences College of Osteopathic Medicine Tahlequah,DO,Tahlequah,Oklahoma,Unscored,,,,,,0.00,0,0,0,1,0.00,10,,,0,,,0,,,0,,,0,,,0,DO school/site,Oklahoma State University Center for Health Sciences College of Osteopathic Medicine,OSU-COM Tahlequah,COCA-accredited directory listing,FALSE,,unresearched,School/site identity and location source-verified from AOA directory map; scoring fields intentionally blank.,AOA Osteopathic Medical Schools Directory,https://osteopathic.org/about/affiliated-organizations/osteopathic-medical-schools/,,
,md_oregon_health_and_science_university_school_of_medicine_portland_oregon,Oregon Health & Science University School of Medicine,MD,Portland,Oregon,Unscored,,,,,,0.00,0,0,0,1,0.00,10,,,0,,,0,,,0,,,0,,,0,MD program,Oregon Health & Science University School of Medicine,Main campus,Full,FALSE,,unresearched,"School identity, city, state, and accreditation fields source-verified; scoring fields intentionally blank.",LCME Accredited Programs,https://lcme.org/directory/accredited-programs/,,
,do_ocom_orlando_college_of_osteopathic_medicine_celebration_florida,Orlando College of Osteopathic Medicine,DO,Celebration,Florida,Unscored,,,,,,0.00,0,0,0,1,0.00,10,,,0,,,0,,,0,,,0,,,0,DO school/site,Orlando College of Osteopathic Medicine,OCOM,COCA-accredited directory listing,FALSE,,unresearched,School/site identity and location source-verified from AOA directory map; scoring fields intentionally blank.,AOA Osteopathic Medical Schools Directory,https://osteopathic.org/about/affiliated-organizations/osteopathic-medical-schools/,,
,do_pnwu_com_pacific_northwest_university_of_health_sciences_college_of_osteopathic_,Pacific Northwest University of Health Sciences College of Osteopathic Medicine,DO,Yakima,Washington,Unscored,,,,,,0.00,0,0,0,1,0.00,10,,,0,,,0,,,0,,,0,,,0,DO school/site,Pacific Northwest University of Health Sciences College of Osteopathic Medicine,PNWU-COM,COCA-accredited directory listing,FALSE,,unresearched,School/site identity and location source-verified from AOA directory map; scoring fields intentionally blank.,AOA Osteopathic Medical Schools Directory,https://osteopathic.org/about/affiliated-organizations/osteopathic-medical-schools/,,
,md_paul_l_foster_school_of_medicine_texas_tech_university_health_sciences_center_at,Paul L. Foster School of Medicine Texas Tech University Health Sciences Center at El Paso,MD,El Paso,Texas,Unscored,,,,,,0.00,0,0,0,1,0.00,10,,,0,,,0,,,0,,,0,,,0,MD program,Paul L. Foster School of Medicine Texas Tech University Health Sciences Center at El Paso,Main campus,Full,FALSE,,unresearched,"School identity, city, state, and accreditation fields source-verified; scoring fields intentionally blank.",LCME Accredited Programs,https://lcme.org/directory/accredited-programs/,,
,md_penn_state_college_of_medicine_hershey_pennsylvania,Penn State College of Medicine,MD,Hershey,Pennsylvania,Unscored,,,,,,0.00,0,0,0,1,0.00,10,,,0,,,0,,,0,,,0,,,0,MD program,Penn State College of Medicine,Main campus,Full,FALSE,,unresearched,"School identity, city, state, and accreditation fields source-verified; scoring fields intentionally blank.",LCME Accredited Programs,https://lcme.org/directory/accredited-programs/,,
,do_pcom_philadelphia_college_of_osteopathic_medicine_philadelphia_pennsylvania,Philadelphia College of Osteopathic Medicine,DO,Philadelphia,Pennsylvania,Unscored,,,,,,0.00,0,0,0,1,0.00,10,,,0,,,0,,,0,,,0,,,0,DO school/site,Philadelphia College of Osteopathic Medicine,PCOM,COCA-accredited directory listing,FALSE,,unresearched,School/site identity and location source-verified from AOA directory map; scoring fields intentionally blank.,AOA Osteopathic Medical Schools Directory,https://osteopathic.org/about/affiliated-organizations/osteopathic-medical-schools/,,
,do_pcom_georgia_philadelphia_college_of_osteopathic_medicine_georgia_suwanee_georgi,Philadelphia College of Osteopathic Medicine Georgia,DO,Suwanee,Georgia,Unscored,,,,,,0.00,0,0,0,1,0.00,10,,,0,,,0,,,0,,,0,,,0,DO school/site,Philadelphia College of Osteopathic Medicine,PCOM Georgia,COCA-accredited directory listing,FALSE,,unresearched,School/site identity and location source-verified from AOA directory map; scoring fields intentionally blank.,AOA Osteopathic Medical Schools Directory,https://osteopathic.org/about/affiliated-organizations/osteopathic-medical-schools/,,
,do_pcom_south_georgia_philadelphia_college_of_osteopathic_medicine_south_georgia_mo,Philadelphia College of Osteopathic Medicine South Georgia,DO,Moultrie,Georgia,Unscored,,,,,,0.00,0,0,0,1,0.00,10,,,0,,,0,,,0,,,0,,,0,DO school/site,Philadelphia College of Osteopathic Medicine,PCOM South Georgia,COCA-accredited directory listing,FALSE,,unresearched,School/site identity and location source-verified from AOA directory map; scoring fields intentionally blank.,AOA Osteopathic Medical Schools Directory,https://osteopathic.org/about/affiliated-organizations/osteopathic-medical-schools/,,
,md_raymond_and_ruth_perelman_school_of_medicine_at_the_university_of_pennsylvania_p,Raymond and Ruth Perelman School of Medicine at the University of Pennsylvania,MD,Philadelphia,Pennsylvania,Unscored,,,,,,0.00,0,0,0,1,0.00,10,,,0,,,0,,,0,,,0,,,0,MD program,Raymond and Ruth Perelman School of Medicine at the University of Pennsylvania,Main campus,Full,FALSE,,unresearched,"School identity, city, state, and accreditation fields source-verified; scoring fields intentionally blank.",LCME Accredited Programs,https://lcme.org/directory/accredited-programs/,,
,md_renaissance_school_of_medicine_at_stony_brook_university_stony_brook_new_york,Renaissance School of Medicine at Stony Brook University,MD,Stony Brook,New York,Unscored,,,,,,0.00,0,0,0,1,0.00,10,,,0,,,0,,,0,,,0,,,0,MD program,Renaissance School of Medicine at Stony Brook University,Main campus,Full,FALSE,,unresearched,"School identity, city, state, and accreditation fields source-verified; scoring fields intentionally blank.",LCME Accredited Programs,https://lcme.org/directory/accredited-programs/,,
,md_robert_larner_m_d_college_of_medicine_at_the_university_of_vermont_burlington_ve,"Robert Larner, M.D. College of Medicine at the University of Vermont",MD,Burlington,Vermont,Unscored,,,,,,0.00,0,0,0,1,0.00,10,,,0,,,0,,,0,,,0,,,0,MD program,"Robert Larner, M.D. College of Medicine at the University of Vermont",Main campus,Full,FALSE,,unresearched,"School identity, city, state, and accreditation fields source-verified; scoring fields intentionally blank.",LCME Accredited Programs,https://lcme.org/directory/accredited-programs/,,
,do_rvucom_rocky_vista_university_college_of_osteopathic_medicine_parker_colorado,Rocky Vista University College of Osteopathic Medicine,DO,Parker,Colorado,Unscored,,,,,,0.00,0,0,0,1,0.00,10,,,0,,,0,,,0,,,0,,,0,DO school/site,Rocky Vista University College of Osteopathic Medicine,RVUCOM,COCA-accredited directory listing,FALSE,,unresearched,School/site identity and location source-verified from AOA directory map; scoring fields intentionally blank.,AOA Osteopathic Medical Schools Directory,https://osteopathic.org/about/affiliated-organizations/osteopathic-medical-schools/,,
,do_rvucom_su_campus_rocky_vista_university_college_of_osteopathic_medicine_ivins_ut,Rocky Vista University College of Osteopathic Medicine,DO,Ivins,Utah,Unscored,,,,,,0.00,0,0,0,1,0.00,10,,,0,,,0,,,0,,,0,,,0,DO school/site,Rocky Vista University College of Osteopathic Medicine,RVUCOM-SU Campus,COCA-accredited directory listing,FALSE,,unresearched,School/site identity and location source-verified from AOA directory map; scoring fields intentionally blank.,AOA Osteopathic Medical Schools Directory,https://osteopathic.org/about/affiliated-organizations/osteopathic-medical-schools/,,
,do_rvu_mcom_rocky_vista_university_montana_college_of_osteopathic_medicine_billings,Rocky Vista University – Montana College of Osteopathic Medicine,DO,Billings,Montana,Unscored,,,,,,0.00,0,0,0,1,0.00,10,,,0,,,0,,,0,,,0,,,0,DO school/site,Rocky Vista University College of Osteopathic Medicine,RVU-MCOM,COCA-accredited directory listing,FALSE,,unresearched,School/site identity and location source-verified from AOA directory map; scoring fields intentionally blank.,AOA Osteopathic Medical Schools Directory,https://osteopathic.org/about/affiliated-organizations/osteopathic-medical-schools/,,
,md_roseman_university_college_of_medicine_las_vegas_nevada,Roseman University College of Medicine,MD,Las Vegas,Nevada,Unscored,,,,,,0.00,0,0,0,1,0.00,10,,,0,,,0,,,0,,,0,,,0,MD program,Roseman University College of Medicine,Main campus,Preliminary,FALSE,,unresearched,"School identity, city, state, and accreditation fields source-verified; scoring fields intentionally blank.",LCME Accredited Programs,https://lcme.org/directory/accredited-programs/,,
,do_rowan_virtuasom_sewell_rowan_virtua_school_of_osteopathic_medicine_sewell_new_je,Rowan-Virtua School of Osteopathic Medicine,DO,Sewell,New Jersey,Unscored,,,,,,0.00,0,0,0,1,0.00,10,,,0,,,0,,,0,,,0,,,0,DO school/site,Rowan-Virtua School of Osteopathic Medicine,Rowan-VirtuaSOM-Sewell,COCA-accredited directory listing,FALSE,,unresearched,School/site identity and location source-verified from AOA directory map; scoring fields intentionally blank.,AOA Osteopathic Medical Schools Directory,https://osteopathic.org/about/affiliated-organizations/osteopathic-medical-schools/,,
,do_rowan_virtuasom_rowan_virtua_school_of_osteopathic_medicine_stratford_new_jersey,Rowan-Virtua School of Osteopathic Medicine,DO,Stratford,New Jersey,Unscored,,,,,,0.00,0,0,0,1,0.00,10,,,0,,,0,,,0,,,0,,,0,DO school/site,Rowan-Virtua School of Osteopathic Medicine,Rowan-VirtuaSOM,COCA-accredited directory listing,FALSE,,unresearched,School/site identity and location source-verified from AOA directory map; scoring fields intentionally blank.,AOA Osteopathic Medical Schools Directory,https://osteopathic.org/about/affiliated-organizations/osteopathic-medical-schools/,,
,md_rush_medical_college_of_rush_university_medical_center_chicago_illinois,Rush Medical College of Rush University Medical Center,MD,Chicago,Illinois,Unscored,,,,,,0.00,0,0,0,1,0.00,10,,,0,,,0,,,0,,,0,,,0,MD program,Rush Medical College of Rush University Medical Center,Main campus,Full,FALSE,,unresearched,"School identity, city, state, and accreditation fields source-verified; scoring fields intentionally blank.",LCME Accredited Programs,https://lcme.org/directory/accredited-programs/,,
,md_rutgers_new_jersey_medical_school_newark_new_jersey,Rutgers New Jersey Medical School,MD,Newark,New Jersey,Unscored,,,,,,0.00,0,0,0,1,0.00,10,,,0,,,0,,,0,,,0,,,0,MD program,Rutgers New Jersey Medical School,Main campus,Full,FALSE,,unresearched,"School identity, city, state, and accreditation fields source-verified; scoring fields intentionally blank.",LCME Accredited Programs,https://lcme.org/directory/accredited-programs/,,
,md_rutgers_robert_wood_johnson_medical_school_piscataway_new_jersey,"Rutgers, Robert Wood Johnson Medical School",MD,Piscataway,New Jersey,Unscored,,,,,,0.00,0,0,0,1,0.00,10,,,0,,,0,,,0,,,0,,,0,MD program,"Rutgers, Robert Wood Johnson Medical School",Main campus,Full,FALSE,,unresearched,"School identity, city, state, and accreditation fields source-verified; scoring fields intentionally blank.",LCME Accredited Programs,https://lcme.org/directory/accredited-programs/,,
,md_suny_downstate_health_sciences_university_college_of_medicine_brooklyn_new_york,SUNY Downstate Health Sciences University College of Medicine,MD,Brooklyn,New York,Unscored,,,,,,0.00,0,0,0,1,0.00,10,,,0,,,0,,,0,,,0,,,0,MD program,SUNY Downstate Health Sciences University College of Medicine,Main campus,Full,FALSE,,unresearched,"School identity, city, state, and accreditation fields source-verified; scoring fields intentionally blank.",LCME Accredited Programs,https://lcme.org/directory/accredited-programs/,,
,md_saint_louis_university_school_of_medicine_st_louis_missouri,Saint Louis University School of Medicine,MD,St. Louis,Missouri,Unscored,,,,,,0.00,0,0,0,1,0.00,10,,,0,,,0,,,0,,,0,,,0,MD program,Saint Louis University School of Medicine,Main campus,Full,FALSE,,unresearched,"School identity, city, state, and accreditation fields source-verified; scoring fields intentionally blank.",LCME Accredited Programs,https://lcme.org/directory/accredited-programs/,,
,do_shsu_com_sam_houston_state_university_college_of_osteopathic_medicine_huntsville,Sam Houston State University College of Osteopathic Medicine,DO,Huntsville,Texas,Unscored,,,,,,0.00,0,0,0,1,0.00,10,,,0,,,0,,,0,,,0,,,0,DO school/site,Sam Houston State University College of Osteopathic Medicine,SHSU-COM,COCA-accredited directory listing,FALSE,,unresearched,School/site identity and location source-verified from AOA directory map; scoring fields intentionally blank.,AOA Osteopathic Medical Schools Directory,https://osteopathic.org/about/affiliated-organizations/osteopathic-medical-schools/,,
,md_sidney_kimmel_medical_college_at_thomas_jefferson_university_philadelphia_pennsy,Sidney Kimmel Medical College at Thomas Jefferson University,MD,Philadelphia,Pennsylvania,Unscored,,,,,,0.00,0,0,0,1,0.00,10,,,0,,,0,,,0,,,0,,,0,MD program,Sidney Kimmel Medical College at Thomas Jefferson University,Main campus,Full,FALSE,,unresearched,"School identity, city, state, and accreditation fields source-verified; scoring fields intentionally blank.",LCME Accredited Programs,https://lcme.org/directory/accredited-programs/,,
,md_southern_illinois_university_school_of_medicine_springfield_illinois,Southern Illinois University School of Medicine,MD,Springfield,Illinois,Unscored,,,,,,0.00,0,0,0,1,0.00,10,,,0,,,0,,,0,,,0,,,0,MD program,Southern Illinois University School of Medicine,Main campus,Full,FALSE,,unresearched,"School identity, city, state, and accreditation fields source-verified; scoring fields intentionally blank.",LCME Accredited Programs,https://lcme.org/directory/accredited-programs/,,
,md_spencer_fox_eccles_school_of_medicine_at_the_university_of_utah_salt_lake_city_u,Spencer Fox Eccles School of Medicine at the University of Utah,MD,Salt Lake City,Utah,Unscored,,,,,,0.00,0,0,0,1,0.00,10,,,0,,,0,,,0,,,0,,,0,MD program,Spencer Fox Eccles School of Medicine at the University of Utah,Main campus,Full,FALSE,,unresearched,"School identity, city, state, and accreditation fields source-verified; scoring fields intentionally blank.",LCME Accredited Programs,https://lcme.org/directory/accredited-programs/,,
,md_stanford_university_school_of_medicine_palo_alto_california,Stanford University School of Medicine,MD,Palo Alto,California,Unscored,,,,,,0.00,0,0,0,1,0.00,10,,,0,,,0,,,0,,,0,,,0,MD program,Stanford University School of Medicine,Main campus,Full,FALSE,,unresearched,"School identity, city, state, and accreditation fields source-verified; scoring fields intentionally blank.",LCME Accredited Programs,https://lcme.org/directory/accredited-programs/,,
,md_state_university_of_new_york_upstate_medical_university_alan_and_marlene_norton_,State University of New York Upstate Medical University Alan and Marlene Norton College of Medicine,MD,Syracuse,New York,Unscored,,,,,,0.00,0,0,0,1,0.00,10,,,0,,,0,,,0,,,0,,,0,MD program,State University of New York Upstate Medical University Alan and Marlene Norton College of Medicine,Main campus,Full,FALSE,,unresearched,"School identity, city, state, and accreditation fields source-verified; scoring fields intentionally blank.",LCME Accredited Programs,https://lcme.org/directory/accredited-programs/,,
,md_texas_a_and_m_university_naresh_k_vashisht_college_of_medicine_college_station_t,Texas A&M University Naresh K. Vashisht College of Medicine,MD,College Station,Texas,Unscored,,,,,,0.00,0,0,0,1,0.00,10,,,0,,,0,,,0,,,0,,,0,MD program,Texas A&M University Naresh K. Vashisht College of Medicine,Main campus,Full,FALSE,,unresearched,"School identity, city, state, and accreditation fields source-verified; scoring fields intentionally blank.",LCME Accredited Programs,https://lcme.org/directory/accredited-programs/,,
,md_texas_tech_university_health_sciences_center_school_of_medicine_lubbock_texas,Texas Tech University Health Sciences Center School of Medicine,MD,Lubbock,Texas,Unscored,,,,,,0.00,0,0,0,1,0.00,10,,,0,,,0,,,0,,,0,,,0,MD program,Texas Tech University Health Sciences Center School of Medicine,Main campus,Full,FALSE,,unresearched,"School identity, city, state, and accreditation fields source-verified; scoring fields intentionally blank.",LCME Accredited Programs,https://lcme.org/directory/accredited-programs/,,
,md_the_ohio_state_university_college_of_medicine_columbus_ohio,The Ohio State University College of Medicine,MD,Columbus,Ohio,Unscored,,,,,,0.00,0,0,0,1,0.00,10,,,0,,,0,,,0,,,0,,,0,MD program,The Ohio State University College of Medicine,Main campus,Full,FALSE,,unresearched,"School identity, city, state, and accreditation fields source-verified; scoring fields intentionally blank.",LCME Accredited Programs,https://lcme.org/directory/accredited-programs/,,
,md_the_university_of_texas_at_san_antonio_joe_r_and_teresa_lozano_long_school_of_me,The University of Texas at San Antonio Joe R. and Teresa Lozano Long School of Medicine,MD,San Antonio,Texas,Unscored,,,,,,0.00,0,0,0,1,0.00,10,,,0,,,0,,,0,,,0,,,0,MD program,The University of Texas at San Antonio Joe R. and Teresa Lozano Long School of Medicine,Main campus,Full,FALSE,,unresearched,"School identity, city, state, and accreditation fields source-verified; scoring fields intentionally blank.",LCME Accredited Programs,https://lcme.org/directory/accredited-programs/,,
,md_the_university_of_texas_at_tyler_school_of_medicine_tyler_texas,The University of Texas at Tyler School of Medicine,MD,Tyler,Texas,Unscored,,,,,,0.00,0,0,0,1,0.00,10,,,0,,,0,,,0,,,0,,,0,MD program,The University of Texas at Tyler School of Medicine,Main campus,Preliminary,FALSE,,unresearched,"School identity, city, state, and accreditation fields source-verified; scoring fields intentionally blank.",LCME Accredited Programs,https://lcme.org/directory/accredited-programs/,,
,do_tvcom_the_valley_college_of_osteopathic_medicine_phoenix_arizona,The Valley College of Osteopathic Medicine,DO,Phoenix,Arizona,Unscored,,,,,,0.00,0,0,0,1,0.00,10,,,0,,,0,,,0,,,0,,,0,DO school/site,The Valley College of Osteopathic Medicine,TVCOM,COCA-accredited directory listing,FALSE,,unresearched,School/site identity and location source-verified from AOA directory map; scoring fields intentionally blank.,AOA Osteopathic Medical Schools Directory,https://osteopathic.org/about/affiliated-organizations/osteopathic-medical-schools/,,
,md_the_warren_alpert_medical_school_of_brown_university_providence_rhode_island,The Warren Alpert Medical School of Brown University,MD,Providence,Rhode Island,Unscored,,,,,,0.00,0,0,0,1,0.00,10,,,0,,,0,,,0,,,0,,,0,MD program,The Warren Alpert Medical School of Brown University,Main campus,Full,FALSE,,unresearched,"School identity, city, state, and accreditation fields source-verified; scoring fields intentionally blank.",LCME Accredited Programs,https://lcme.org/directory/accredited-programs/,,
,md_thomas_f_frist_jr_college_of_medicine_at_belmont_university_nashville_tennessee,"Thomas F. Frist, Jr. College of Medicine at Belmont University",MD,Nashville,Tennessee,Unscored,,,,,,0.00,0,0,0,1,0.00,10,,,0,,,0,,,0,,,0,,,0,MD program,"Thomas F. Frist, Jr. College of Medicine at Belmont University",Main campus,Preliminary,FALSE,,unresearched,"School identity, city, state, and accreditation fields source-verified; scoring fields intentionally blank.",LCME Accredited Programs,https://lcme.org/directory/accredited-programs/,,
,do_tourocom_middletown_touro_college_of_osteopathic_medicine_middletown_new_york,Touro College of Osteopathic Medicine,DO,Middletown,New York,Unscored,,,,,,0.00,0,0,0,1,0.00,10,,,0,,,0,,,0,,,0,,,0,DO school/site,Touro College of Osteopathic Medicine,TouroCOM-Middletown,COCA-accredited directory listing,FALSE,,unresearched,School/site identity and location source-verified from AOA directory map; scoring fields intentionally blank.,AOA Osteopathic Medical Schools Directory,https://osteopathic.org/about/affiliated-organizations/osteopathic-medical-schools/,,
,do_tourocom_harlem_touro_college_of_osteopathic_medicine_new_york_new_york,Touro College of Osteopathic Medicine,DO,New York,New York,Unscored,,,,,,0.00,0,0,0,1,0.00,10,,,0,,,0,,,0,,,0,,,0,DO school/site,Touro College of Osteopathic Medicine,TouroCOM-Harlem,COCA-accredited directory listing,FALSE,,unresearched,School/site identity and location source-verified from AOA directory map; scoring fields intentionally blank.,AOA Osteopathic Medical Schools Directory,https://osteopathic.org/about/affiliated-organizations/osteopathic-medical-schools/,,
,do_tourocom_great_falls_touro_college_of_osteopathic_medicine_great_falls_great_fal,Touro College of Osteopathic Medicine – Great Falls,DO,Great Falls,Montana,Unscored,,,,,,0.00,0,0,0,1,0.00,10,,,0,,,0,,,0,,,0,,,0,DO school/site,Touro College of Osteopathic Medicine,TouroCOM-Great Falls,COCA-accredited directory listing,FALSE,,unresearched,School/site identity and location source-verified from AOA directory map; scoring fields intentionally blank.,AOA Osteopathic Medical Schools Directory,https://osteopathic.org/about/affiliated-organizations/osteopathic-medical-schools/,,
,do_tucom_touro_university_college_of_osteopathic_medicine_california_vallejo_califo,Touro University College of Osteopathic Medicine-California,DO,Vallejo,California,Unscored,,,,,,0.00,0,0,0,1,0.00,10,,,0,,,0,,,0,,,0,,,0,DO school/site,Touro University College of Osteopathic Medicine-California,TUCOM,COCA-accredited directory listing,FALSE,,unresearched,School/site identity and location source-verified from AOA directory map; scoring fields intentionally blank.,AOA Osteopathic Medical Schools Directory,https://osteopathic.org/about/affiliated-organizations/osteopathic-medical-schools/,,
,do_tuncom_touro_university_nevada_college_of_osteopathic_medicine_henderson_nevada,Touro University Nevada College of Osteopathic Medicine,DO,Henderson,Nevada,Unscored,,,,,,0.00,0,0,0,1,0.00,10,,,0,,,0,,,0,,,0,,,0,DO school/site,Touro University College of Osteopathic Medicine-California,TUNCOM,COCA-accredited directory listing,FALSE,,unresearched,School/site identity and location source-verified from AOA directory map; scoring fields intentionally blank.,AOA Osteopathic Medical Schools Directory,https://osteopathic.org/about/affiliated-organizations/osteopathic-medical-schools/,,
,md_tufts_university_school_of_medicine_boston_massachusetts,Tufts University School of Medicine,MD,Boston,Massachusetts,Unscored,,,,,,0.00,0,0,0,1,0.00,10,,,0,,,0,,,0,,,0,,,0,MD program,Tufts University School of Medicine,Main campus,Full,FALSE,,unresearched,"School identity, city, state, and accreditation fields source-verified; scoring fields intentionally blank.",LCME Accredited Programs,https://lcme.org/directory/accredited-programs/,,
,md_tulane_university_school_of_medicine_new_orleans_louisiana,Tulane University School of Medicine,MD,New Orleans,Louisiana,Unscored,,,,,,0.00,0,0,0,1,0.00,10,,,0,,,0,,,0,,,0,,,0,MD program,Tulane University School of Medicine,Main campus,Full,FALSE,,unresearched,"School identity, city, state, and accreditation fields source-verified; scoring fields intentionally blank.",LCME Accredited Programs,https://lcme.org/directory/accredited-programs/,,
,md_usf_health_morsani_college_of_medicine_tampa_florida,USF Health Morsani College of Medicine,MD,Tampa,Florida,Unscored,,,,,,0.00,0,0,0,1,0.00,10,,,0,,,0,,,0,,,0,,,0,MD program,USF Health Morsani College of Medicine,Main campus,Full,FALSE,,unresearched,"School identity, city, state, and accreditation fields source-verified; scoring fields intentionally blank.",LCME Accredited Programs,https://lcme.org/directory/accredited-programs/,,
,md_uniformed_services_university_of_the_health_sciences_f_edward_h_bert_school_of_m,"Uniformed Services University of the Health Sciences, F. Edward Hébert School of Medicine",MD,Bethesda,Maryland,Unscored,,,,,,0.00,0,0,0,1,0.00,10,,,0,,,0,,,0,,,0,,,0,MD program,"Uniformed Services University of the Health Sciences, F. Edward Hébert School of Medicine",Main campus,Full,FALSE,,unresearched,"School identity, city, state, and accreditation fields source-verified; scoring fields intentionally blank.",LCME Accredited Programs,https://lcme.org/directory/accredited-programs/,,
,md_university_of_alabama_at_birmingham_marnix_e_heersink_school_of_medicine_birming,University of Alabama at Birmingham Marnix E. Heersink School of Medicine,MD,Birmingham,Alabama,Unscored,,,,,,0.00,0,0,0,1,0.00,10,,,0,,,0,,,0,,,0,,,0,MD program,University of Alabama at Birmingham Marnix E. Heersink School of Medicine,Main campus,Full,FALSE,,unresearched,"School identity, city, state, and accreditation fields source-verified; scoring fields intentionally blank.",LCME Accredited Programs,https://lcme.org/directory/accredited-programs/,,
,md_university_of_arizona_college_of_medicine_phoenix_phoenix_arizona,University of Arizona College of Medicine - Phoenix,MD,Phoenix,Arizona,Unscored,,,,,,0.00,0,0,0,1,0.00,10,,,0,,,0,,,0,,,0,,,0,MD program,University of Arizona College of Medicine - Phoenix,Main campus,Full,FALSE,,unresearched,"School identity, city, state, and accreditation fields source-verified; scoring fields intentionally blank.",LCME Accredited Programs,https://lcme.org/directory/accredited-programs/,,
,md_university_of_arizona_college_of_medicine_tucson_tucson_arizona,University of Arizona College of Medicine - Tucson,MD,Tucson,Arizona,Unscored,,,,,,0.00,0,0,0,1,0.00,10,,,0,,,0,,,0,,,0,,,0,MD program,University of Arizona College of Medicine - Tucson,Main campus,Full,FALSE,,unresearched,"School identity, city, state, and accreditation fields source-verified; scoring fields intentionally blank.",LCME Accredited Programs,https://lcme.org/directory/accredited-programs/,,
,md_university_of_arkansas_for_medical_sciences_college_of_medicine_little_rock_arka,University of Arkansas for Medical Sciences College of Medicine,MD,Little Rock,Arkansas,Unscored,,,,,,0.00,0,0,0,1,0.00,10,,,0,,,0,,,0,,,0,,,0,MD program,University of Arkansas for Medical Sciences College of Medicine,Main campus,Full,FALSE,,unresearched,"School identity, city, state, and accreditation fields source-verified; scoring fields intentionally blank.",LCME Accredited Programs,https://lcme.org/directory/accredited-programs/,,
,md_university_of_california_davis_school_of_medicine_davis_california,"University of California, Davis School of Medicine",MD,Davis,California,Unscored,,,,,,0.00,0,0,0,1,0.00,10,,,0,,,0,,,0,,,0,,,0,MD program,"University of California, Davis School of Medicine",Main campus,Full,FALSE,,unresearched,"School identity, city, state, and accreditation fields source-verified; scoring fields intentionally blank.",LCME Accredited Programs,https://lcme.org/directory/accredited-programs/,,
,md_university_of_california_irvine_school_of_medicine_irvine_california,"University of California, Irvine School of Medicine",MD,Irvine,California,Unscored,,,,,,0.00,0,0,0,1,0.00,10,,,0,,,0,,,0,,,0,,,0,MD program,"University of California, Irvine School of Medicine",Main campus,Full,FALSE,,unresearched,"School identity, city, state, and accreditation fields source-verified; scoring fields intentionally blank.",LCME Accredited Programs,https://lcme.org/directory/accredited-programs/,,
,md_university_of_california_riverside_school_of_medicine_riverside_california,"University of California, Riverside School of Medicine",MD,Riverside,California,Unscored,,,,,,0.00,0,0,0,1,0.00,10,,,0,,,0,,,0,,,0,,,0,MD program,"University of California, Riverside School of Medicine",Main campus,Full,FALSE,,unresearched,"School identity, city, state, and accreditation fields source-verified; scoring fields intentionally blank.",LCME Accredited Programs,https://lcme.org/directory/accredited-programs/,,
,md_university_of_california_san_diego_school_of_medicine_san_diego_california,"University of California, San Diego School of Medicine",MD,San Diego,California,Unscored,,,,,,0.00,0,0,0,1,0.00,10,,,0,,,0,,,0,,,0,,,0,MD program,"University of California, San Diego School of Medicine",Main campus,Full,FALSE,,unresearched,"School identity, city, state, and accreditation fields source-verified; scoring fields intentionally blank.",LCME Accredited Programs,https://lcme.org/directory/accredited-programs/,,
,md_university_of_california_san_francisco_school_of_medicine_san_francisco_californ,"University of California, San Francisco School of Medicine",MD,San Francisco,California,Unscored,,,,,,0.00,0,0,0,1,0.00,10,,,0,,,0,,,0,,,0,,,0,MD program,"University of California, San Francisco School of Medicine",Main campus,Full,FALSE,,unresearched,"School identity, city, state, and accreditation fields source-verified; scoring fields intentionally blank.",LCME Accredited Programs,https://lcme.org/directory/accredited-programs/,,
,md_university_of_central_florida_college_of_medicine_orlando_florida,University of Central Florida College of Medicine,MD,Orlando,Florida,Unscored,,,,,,0.00,0,0,0,1,0.00,10,,,0,,,0,,,0,,,0,,,0,MD program,University of Central Florida College of Medicine,Main campus,Full,FALSE,,unresearched,"School identity, city, state, and accreditation fields source-verified; scoring fields intentionally blank.",LCME Accredited Programs,https://lcme.org/directory/accredited-programs/,,
,md_university_of_chicago_division_of_the_biological_sciences_the_pritzker_school_of,"University of Chicago Division of the Biological Sciences, The Pritzker School of Medicine",MD,Chicago,Illinois,Unscored,,,,,,0.00,0,0,0,1,0.00,10,,,0,,,0,,,0,,,0,,,0,MD program,"University of Chicago Division of the Biological Sciences, The Pritzker School of Medicine",Main campus,Full,FALSE,,unresearched,"School identity, city, state, and accreditation fields source-verified; scoring fields intentionally blank.",LCME Accredited Programs,https://lcme.org/directory/accredited-programs/,,
,md_university_of_cincinnati_college_of_medicine_cincinnati_ohio,University of Cincinnati College of Medicine,MD,Cincinnati,Ohio,Unscored,,,,,,0.00,0,0,0,1,0.00,10,,,0,,,0,,,0,,,0,,,0,MD program,University of Cincinnati College of Medicine,Main campus,Full,FALSE,,unresearched,"School identity, city, state, and accreditation fields source-verified; scoring fields intentionally blank.",LCME Accredited Programs,https://lcme.org/directory/accredited-programs/,,
,md_university_of_colorado_school_of_medicine_denver_colorado,University of Colorado School of Medicine,MD,Denver,Colorado,Unscored,,,,,,0.00,0,0,0,1,0.00,10,,,0,,,0,,,0,,,0,,,0,MD program,University of Colorado School of Medicine,Main campus,Full,FALSE,,unresearched,"School identity, city, state, and accreditation fields source-verified; scoring fields intentionally blank.",LCME Accredited Programs,https://lcme.org/directory/accredited-programs/,,
,md_university_of_connecticut_school_of_medicine_farmington_connecticut,University of Connecticut School of Medicine,MD,Farmington,Connecticut,Unscored,,,,,,0.00,0,0,0,1,0.00,10,,,0,,,0,,,0,,,0,,,0,MD program,University of Connecticut School of Medicine,Main campus,Full,FALSE,,unresearched,"School identity, city, state, and accreditation fields source-verified; scoring fields intentionally blank.",LCME Accredited Programs,https://lcme.org/directory/accredited-programs/,,
,md_university_of_florida_college_of_medicine_gainesville_florida,University of Florida College of Medicine,MD,Gainesville,Florida,Unscored,,,,,,0.00,0,0,0,1,0.00,10,,,0,,,0,,,0,,,0,,,0,MD program,University of Florida College of Medicine,Main campus,Full,FALSE,,unresearched,"School identity, city, state, and accreditation fields source-verified; scoring fields intentionally blank.",LCME Accredited Programs,https://lcme.org/directory/accredited-programs/,,
,md_university_of_georgia_school_of_medicine_athens_georgia,University of Georgia School of Medicine,MD,Athens,Georgia,Unscored,,,,,,0.00,0,0,0,1,0.00,10,,,0,,,0,,,0,,,0,,,0,MD program,University of Georgia School of Medicine,Main campus,Preliminary,FALSE,,unresearched,"School identity, city, state, and accreditation fields source-verified; scoring fields intentionally blank.",LCME Accredited Programs,https://lcme.org/directory/accredited-programs/,,
,md_university_of_houston_tilman_j_fertitta_family_college_of_medicine_houston_texas,University of Houston Tilman J. Fertitta Family College of Medicine,MD,Houston,Texas,Unscored,,,,,,0.00,0,0,0,1,0.00,10,,,0,,,0,,,0,,,0,,,0,MD program,University of Houston Tilman J. Fertitta Family College of Medicine,Main campus,Provisional,FALSE,,unresearched,"School identity, city, state, and accreditation fields source-verified; scoring fields intentionally blank.",LCME Accredited Programs,https://lcme.org/directory/accredited-programs/,,
,md_university_of_illinois_college_of_medicine_chicago_illinois,University of Illinois College of Medicine,MD,Chicago,Illinois,Unscored,,,,,,0.00,0,0,0,1,0.00,10,,,0,,,0,,,0,,,0,,,0,MD program,University of Illinois College of Medicine,Main campus,Full,FALSE,,unresearched,"School identity, city, state, and accreditation fields source-verified; scoring fields intentionally blank.",LCME Accredited Programs,https://lcme.org/directory/accredited-programs/,,
,md_university_of_iowa_roy_j_and_lucille_a_carver_college_of_medicine_iowa_city_iowa,University of Iowa Roy J. and Lucille A. Carver College of Medicine,MD,Iowa City,Iowa,Unscored,,,,,,0.00,0,0,0,1,0.00,10,,,0,,,0,,,0,,,0,,,0,MD program,University of Iowa Roy J. and Lucille A. Carver College of Medicine,Main campus,Full,FALSE,,unresearched,"School identity, city, state, and accreditation fields source-verified; scoring fields intentionally blank.",LCME Accredited Programs,https://lcme.org/directory/accredited-programs/,,
,md_university_of_kansas_school_of_medicine_kansas_city_kansas,University of Kansas School of Medicine,MD,Kansas City,Kansas,Unscored,,,,,,0.00,0,0,0,1,0.00,10,,,0,,,0,,,0,,,0,,,0,MD program,University of Kansas School of Medicine,Main campus,Full,FALSE,,unresearched,"School identity, city, state, and accreditation fields source-verified; scoring fields intentionally blank.",LCME Accredited Programs,https://lcme.org/directory/accredited-programs/,,
,md_university_of_kentucky_college_of_medicine_lexington_kentucky,University of Kentucky College of Medicine,MD,Lexington,Kentucky,Unscored,,,,,,0.00,0,0,0,1,0.00,10,,,0,,,0,,,0,,,0,,,0,MD program,University of Kentucky College of Medicine,Main campus,Full,FALSE,,unresearched,"School identity, city, state, and accreditation fields source-verified; scoring fields intentionally blank.",LCME Accredited Programs,https://lcme.org/directory/accredited-programs/,,
,md_university_of_louisville_school_of_medicine_louisville_kentucky,University of Louisville School of Medicine,MD,Louisville,Kentucky,Unscored,,,,,,0.00,0,0,0,1,0.00,10,,,0,,,0,,,0,,,0,,,0,MD program,University of Louisville School of Medicine,Main campus,Full,FALSE,,unresearched,"School identity, city, state, and accreditation fields source-verified; scoring fields intentionally blank.",LCME Accredited Programs,https://lcme.org/directory/accredited-programs/,,
,md_university_of_maryland_school_of_medicine_baltimore_maryland,University of Maryland School of Medicine,MD,Baltimore,Maryland,Unscored,,,,,,0.00,0,0,0,1,0.00,10,,,0,,,0,,,0,,,0,,,0,MD program,University of Maryland School of Medicine,Main campus,Full,FALSE,,unresearched,"School identity, city, state, and accreditation fields source-verified; scoring fields intentionally blank.",LCME Accredited Programs,https://lcme.org/directory/accredited-programs/,,
,md_university_of_massachusetts_t_h_chan_school_of_medicine_worcester_massachusetts,University of Massachusetts T.H. Chan School of Medicine,MD,Worcester,Massachusetts,Unscored,,,,,,0.00,0,0,0,1,0.00,10,,,0,,,0,,,0,,,0,,,0,MD program,University of Massachusetts T.H. Chan School of Medicine,Main campus,Full,FALSE,,unresearched,"School identity, city, state, and accreditation fields source-verified; scoring fields intentionally blank.",LCME Accredited Programs,https://lcme.org/directory/accredited-programs/,,
,md_university_of_miami_leonard_m_miller_school_of_medicine_miami_florida,University of Miami Leonard M. Miller School of Medicine,MD,Miami,Florida,Unscored,,,,,,0.00,0,0,0,1,0.00,10,,,0,,,0,,,0,,,0,,,0,MD program,University of Miami Leonard M. Miller School of Medicine,Main campus,Full,FALSE,,unresearched,"School identity, city, state, and accreditation fields source-verified; scoring fields intentionally blank.",LCME Accredited Programs,https://lcme.org/directory/accredited-programs/,,
,md_university_of_michigan_medical_school_ann_arbor_michigan,University of Michigan Medical School,MD,Ann Arbor,Michigan,Unscored,,,,,,0.00,0,0,0,1,0.00,10,,,0,,,0,,,0,,,0,,,0,MD program,University of Michigan Medical School,Main campus,Full,FALSE,,unresearched,"School identity, city, state, and accreditation fields source-verified; scoring fields intentionally blank.",LCME Accredited Programs,https://lcme.org/directory/accredited-programs/,,
,md_university_of_minnesota_medical_school_minneapolis_minnesota,University of Minnesota Medical School,MD,Minneapolis,Minnesota,Unscored,,,,,,0.00,0,0,0,1,0.00,10,,,0,,,0,,,0,,,0,,,0,MD program,University of Minnesota Medical School,Main campus,Full,FALSE,,unresearched,"School identity, city, state, and accreditation fields source-verified; scoring fields intentionally blank.",LCME Accredited Programs,https://lcme.org/directory/accredited-programs/,,
,md_university_of_mississippi_school_of_medicine_jackson_mississippi,University of Mississippi School of Medicine,MD,Jackson,Mississippi,Unscored,,,,,,0.00,0,0,0,1,0.00,10,,,0,,,0,,,0,,,0,,,0,MD program,University of Mississippi School of Medicine,Main campus,Full,FALSE,,unresearched,"School identity, city, state, and accreditation fields source-verified; scoring fields intentionally blank.",LCME Accredited Programs,https://lcme.org/directory/accredited-programs/,,
,md_university_of_missouri_columbia_school_of_medicine_columbia_missouri,University of Missouri-Columbia School of Medicine,MD,Columbia,Missouri,Unscored,,,,,,0.00,0,0,0,1,0.00,10,,,0,,,0,,,0,,,0,,,0,MD program,University of Missouri-Columbia School of Medicine,Main campus,Full,FALSE,,unresearched,"School identity, city, state, and accreditation fields source-verified; scoring fields intentionally blank.",LCME Accredited Programs,https://lcme.org/directory/accredited-programs/,,
,md_university_of_missouri_kansas_city_school_of_medicine_kansas_city_missouri,University of Missouri-Kansas City School of Medicine,MD,Kansas City,Missouri,Unscored,,,,,,0.00,0,0,0,1,0.00,10,,,0,,,0,,,0,,,0,,,0,MD program,University of Missouri-Kansas City School of Medicine,Main campus,Full,FALSE,,unresearched,"School identity, city, state, and accreditation fields source-verified; scoring fields intentionally blank.",LCME Accredited Programs,https://lcme.org/directory/accredited-programs/,,
,md_university_of_nebraska_college_of_medicine_omaha_nebraska,University of Nebraska College of Medicine,MD,Omaha,Nebraska,Unscored,,,,,,0.00,0,0,0,1,0.00,10,,,0,,,0,,,0,,,0,,,0,MD program,University of Nebraska College of Medicine,Main campus,Full,FALSE,,unresearched,"School identity, city, state, and accreditation fields source-verified; scoring fields intentionally blank.",LCME Accredited Programs,https://lcme.org/directory/accredited-programs/,,
,md_university_of_nevada_reno_school_of_medicine_reno_nevada,"University of Nevada, Reno School of Medicine",MD,Reno,Nevada,Unscored,,,,,,0.00,0,0,0,1,0.00,10,,,0,,,0,,,0,,,0,,,0,MD program,"University of Nevada, Reno School of Medicine",Main campus,Full,FALSE,,unresearched,"School identity, city, state, and accreditation fields source-verified; scoring fields intentionally blank.",LCME Accredited Programs,https://lcme.org/directory/accredited-programs/,,
,do_unecom_university_of_new_england_college_of_osteopathic_medicine_biddeford_maine,University of New England College of Osteopathic Medicine,DO,Biddeford,Maine,Unscored,,,,,,0.00,0,0,0,1,0.00,10,,,0,,,0,,,0,,,0,,,0,DO school/site,University of New England College of Osteopathic Medicine,UNECOM,COCA-accredited directory listing,FALSE,,unresearched,School/site identity and location source-verified from AOA directory map; scoring fields intentionally blank.,AOA Osteopathic Medical Schools Directory,https://osteopathic.org/about/affiliated-organizations/osteopathic-medical-schools/,,
,md_university_of_new_mexico_school_of_medicine_albuquerque_new_mexico,University of New Mexico School of Medicine,MD,Albuquerque,New Mexico,Unscored,,,,,,0.00,0,0,0,1,0.00,10,,,0,,,0,,,0,,,0,,,0,MD program,University of New Mexico School of Medicine,Main campus,Full,FALSE,,unresearched,"School identity, city, state, and accreditation fields source-verified; scoring fields intentionally blank.",LCME Accredited Programs,https://lcme.org/directory/accredited-programs/,,
,md_university_of_north_carolina_school_of_medicine_chapel_hill_north_carolina,University of North Carolina School of Medicine,MD,Chapel Hill,North Carolina,Unscored,,,,,,0.00,0,0,0,1,0.00,10,,,0,,,0,,,0,,,0,,,0,MD program,University of North Carolina School of Medicine,Main campus,Full,FALSE,,unresearched,"School identity, city, state, and accreditation fields source-verified; scoring fields intentionally blank.",LCME Accredited Programs,https://lcme.org/directory/accredited-programs/,,
,md_university_of_north_dakota_school_of_medicine_and_health_sciences_grand_forks_no,University of North Dakota School of Medicine and Health Sciences,MD,Grand Forks,North Dakota,Unscored,,,,,,0.00,0,0,0,1,0.00,10,,,0,,,0,,,0,,,0,,,0,MD program,University of North Dakota School of Medicine and Health Sciences,Main campus,Full,FALSE,,unresearched,"School identity, city, state, and accreditation fields source-verified; scoring fields intentionally blank.",LCME Accredited Programs,https://lcme.org/directory/accredited-programs/,,
,do_unthsc_tcom_university_of_north_texas_health_science_center_texas_college_of_ost,University of North Texas Health Science Center Texas College of Osteopathic Medicine,DO,Fort Worth,Texas,Unscored,,,,,,0.00,0,0,0,1,0.00,10,,,0,,,0,,,0,,,0,,,0,DO school/site,University of North Texas Health Science Center Texas College of Osteopathic Medicine,UNTHSC/TCOM,COCA-accredited directory listing,FALSE,,unresearched,School/site identity and location source-verified from AOA directory map; scoring fields intentionally blank.,AOA Osteopathic Medical Schools Directory,https://osteopathic.org/about/affiliated-organizations/osteopathic-medical-schools/,,
,do_unc_com_university_of_northern_colorado_college_of_osteopathic_medicine_greely_c,University of Northern Colorado College of Osteopathic Medicine,DO,Greely,Colorado,Unscored,,,,,,0.00,0,0,0,1,0.00,10,,,0,,,0,,,0,,,0,,,0,DO school/site,University of Northern Colorado College of Osteopathic Medicine,UNC-COM,COCA-accredited directory listing,FALSE,,unresearched,School/site identity and location source-verified from AOA directory map; scoring fields intentionally blank.,AOA Osteopathic Medical Schools Directory,https://osteopathic.org/about/affiliated-organizations/osteopathic-medical-schools/,,
,md_university_of_oklahoma_college_of_medicine_oklahoma_city_oklahoma,University of Oklahoma College of Medicine,MD,Oklahoma City,Oklahoma,Unscored,,,,,,0.00,0,0,0,1,0.00,10,,,0,,,0,,,0,,,0,,,0,MD program,University of Oklahoma College of Medicine,Main campus,Full,FALSE,,unresearched,"School identity, city, state, and accreditation fields source-verified; scoring fields intentionally blank.",LCME Accredited Programs,https://lcme.org/directory/accredited-programs/,,
,do_up_kycom_university_of_pikeville_kentucky_college_of_osteopathic_medicine_pikevi,University of Pikeville Kentucky College of Osteopathic Medicine,DO,Pikeville,Kentucky,Unscored,,,,,,0.00,0,0,0,1,0.00,10,,,0,,,0,,,0,,,0,,,0,DO school/site,University of Pikeville Kentucky College of Osteopathic Medicine,UP-KYCOM,COCA-accredited directory listing,FALSE,,unresearched,School/site identity and location source-verified from AOA directory map; scoring fields intentionally blank.,AOA Osteopathic Medical Schools Directory,https://osteopathic.org/about/affiliated-organizations/osteopathic-medical-schools/,,
,md_university_of_pittsburgh_school_of_medicine_pittsburgh_pennsylvania,University of Pittsburgh School of Medicine,MD,Pittsburgh,Pennsylvania,Unscored,,,,,,0.00,0,0,0,1,0.00,10,,,0,,,0,,,0,,,0,,,0,MD program,University of Pittsburgh School of Medicine,Main campus,Full,FALSE,,unresearched,"School identity, city, state, and accreditation fields source-verified; scoring fields intentionally blank.",LCME Accredited Programs,https://lcme.org/directory/accredited-programs/,,
,md_university_of_rochester_school_of_medicine_and_dentistry_rochester_new_york,University of Rochester School of Medicine and Dentistry,MD,Rochester,New York,Unscored,,,,,,0.00,0,0,0,1,0.00,10,,,0,,,0,,,0,,,0,,,0,MD program,University of Rochester School of Medicine and Dentistry,Main campus,Full,FALSE,,unresearched,"School identity, city, state, and accreditation fields source-verified; scoring fields intentionally blank.",LCME Accredited Programs,https://lcme.org/directory/accredited-programs/,,
,md_university_of_south_carolina_kay_and_c_edward_floyd_m_d_school_of_medicine_colum,"University of South Carolina Kay and C. Edward Floyd, M.D. School of Medicine",MD,Columbia,South Carolina,Unscored,,,,,,0.00,0,0,0,1,0.00,10,,,0,,,0,,,0,,,0,,,0,MD program,"University of South Carolina Kay and C. Edward Floyd, M.D. School of Medicine",Main campus,Full,FALSE,,unresearched,"School identity, city, state, and accreditation fields source-verified; scoring fields intentionally blank.",LCME Accredited Programs,https://lcme.org/directory/accredited-programs/,,
,md_university_of_south_carolina_school_of_medicine_greenville_greenville_south_caro,"University of South Carolina School of Medicine, Greenville",MD,Greenville,South Carolina,Unscored,,,,,,0.00,0,0,0,1,0.00,10,,,0,,,0,,,0,,,0,,,0,MD program,"University of South Carolina School of Medicine, Greenville",Main campus,Full,FALSE,,unresearched,"School identity, city, state, and accreditation fields source-verified; scoring fields intentionally blank.",LCME Accredited Programs,https://lcme.org/directory/accredited-programs/,,
,md_university_of_south_dakota_sanford_school_of_medicine_vermillion_south_dakota,University of South Dakota Sanford School of Medicine,MD,Vermillion,South Dakota,Unscored,,,,,,0.00,0,0,0,1,0.00,10,,,0,,,0,,,0,,,0,,,0,MD program,University of South Dakota Sanford School of Medicine,Main campus,Full,FALSE,,unresearched,"School identity, city, state, and accreditation fields source-verified; scoring fields intentionally blank.",LCME Accredited Programs,https://lcme.org/directory/accredited-programs/,,
,md_university_of_tennessee_health_science_center_college_of_medicine_memphis_tennes,University of Tennessee Health Science Center College of Medicine,MD,Memphis,Tennessee,Unscored,,,,,,0.00,0,0,0,1,0.00,10,,,0,,,0,,,0,,,0,,,0,MD program,University of Tennessee Health Science Center College of Medicine,Main campus,Full,FALSE,,unresearched,"School identity, city, state, and accreditation fields source-verified; scoring fields intentionally blank.",LCME Accredited Programs,https://lcme.org/directory/accredited-programs/,,
,md_university_of_texas_medical_branch_john_sealy_school_of_medicine_galveston_texas,University of Texas Medical Branch John Sealy School of Medicine,MD,Galveston,Texas,Unscored,,,,,,0.00,0,0,0,1,0.00,10,,,0,,,0,,,0,,,0,,,0,MD program,University of Texas Medical Branch John Sealy School of Medicine,Main campus,Full,FALSE,,unresearched,"School identity, city, state, and accreditation fields source-verified; scoring fields intentionally blank.",LCME Accredited Programs,https://lcme.org/directory/accredited-programs/,,
,md_university_of_texas_rio_grande_valley_school_of_medicine_edinburg_texas,University of Texas Rio Grande Valley School of Medicine,MD,Edinburg,Texas,Unscored,,,,,,0.00,0,0,0,1,0.00,10,,,0,,,0,,,0,,,0,,,0,MD program,University of Texas Rio Grande Valley School of Medicine,Main campus,Full,FALSE,,unresearched,"School identity, city, state, and accreditation fields source-verified; scoring fields intentionally blank.",LCME Accredited Programs,https://lcme.org/directory/accredited-programs/,,
,md_university_of_texas_southwestern_medical_school_dallas_texas,University of Texas Southwestern Medical School,MD,Dallas,Texas,Unscored,,,,,,0.00,0,0,0,1,0.00,10,,,0,,,0,,,0,,,0,,,0,MD program,University of Texas Southwestern Medical School,Main campus,Full,FALSE,,unresearched,"School identity, city, state, and accreditation fields source-verified; scoring fields intentionally blank.",LCME Accredited Programs,https://lcme.org/directory/accredited-programs/,,
,md_university_of_toledo_college_of_medicine_and_life_sciences_toledo_ohio,University of Toledo College of Medicine and Life Sciences,MD,Toledo,Ohio,Unscored,,,,,,0.00,0,0,0,1,0.00,10,,,0,,,0,,,0,,,0,,,0,MD program,University of Toledo College of Medicine and Life Sciences,Main campus,Full,FALSE,,unresearched,"School identity, city, state, and accreditation fields source-verified; scoring fields intentionally blank.",LCME Accredited Programs,https://lcme.org/directory/accredited-programs/,,
,md_university_of_virginia_school_of_medicine_charlottesville_virginia,University of Virginia School of Medicine,MD,Charlottesville,Virginia,Unscored,,,,,,0.00,0,0,0,1,0.00,10,,,0,,,0,,,0,,,0,,,0,MD program,University of Virginia School of Medicine,Main campus,Full,FALSE,,unresearched,"School identity, city, state, and accreditation fields source-verified; scoring fields intentionally blank.",LCME Accredited Programs,https://lcme.org/directory/accredited-programs/,,
,md_university_of_washington_school_of_medicine_seattle_washington,University of Washington School of Medicine,MD,Seattle,Washington,Unscored,,,,,,0.00,0,0,0,1,0.00,10,,,0,,,0,,,0,,,0,,,0,MD program,University of Washington School of Medicine,Main campus,Full,FALSE,,unresearched,"School identity, city, state, and accreditation fields source-verified; scoring fields intentionally blank.",LCME Accredited Programs,https://lcme.org/directory/accredited-programs/,,
,md_university_of_wisconsin_school_of_medicine_and_public_health_madison_wisconsin,University of Wisconsin School of Medicine and Public Health,MD,Madison,Wisconsin,Unscored,,,,,,0.00,0,0,0,1,0.00,10,,,0,,,0,,,0,,,0,,,0,MD program,University of Wisconsin School of Medicine and Public Health,Main campus,Full,FALSE,,unresearched,"School identity, city, state, and accreditation fields source-verified; scoring fields intentionally blank.",LCME Accredited Programs,https://lcme.org/directory/accredited-programs/,,
,do_uiwsom_university_of_the_incarnate_word_school_of_osteopathic_medicine_san_anton,University of the Incarnate Word School of Osteopathic Medicine,DO,San Antonio,Texas,Unscored,,,,,,0.00,0,0,0,1,0.00,10,,,0,,,0,,,0,,,0,,,0,DO school/site,University of the Incarnate Word School of Osteopathic Medicine,UIWSOM,COCA-accredited directory listing,FALSE,,unresearched,School/site identity and location source-verified from AOA directory map; scoring fields intentionally blank.,AOA Osteopathic Medical Schools Directory,https://osteopathic.org/about/affiliated-organizations/osteopathic-medical-schools/,,
,md_vanderbilt_university_school_of_medicine_nashville_tennessee,Vanderbilt University School of Medicine,MD,Nashville,Tennessee,Unscored,,,,,,0.00,0,0,0,1,0.00,10,,,0,,,0,,,0,,,0,,,0,MD program,Vanderbilt University School of Medicine,Main campus,Full,FALSE,,unresearched,"School identity, city, state, and accreditation fields source-verified; scoring fields intentionally blank.",LCME Accredited Programs,https://lcme.org/directory/accredited-programs/,,
,md_virginia_commonwealth_university_school_of_medicine_richmond_virginia,Virginia Commonwealth University School of Medicine,MD,Richmond,Virginia,Unscored,,,,,,0.00,0,0,0,1,0.00,10,,,0,,,0,,,0,,,0,,,0,MD program,Virginia Commonwealth University School of Medicine,Main campus,Full,FALSE,,unresearched,"School identity, city, state, and accreditation fields source-verified; scoring fields intentionally blank.",LCME Accredited Programs,https://lcme.org/directory/accredited-programs/,,
,md_virginia_tech_carilion_school_of_medicine_roanoke_virginia,Virginia Tech Carilion School of Medicine,MD,Roanoke,Virginia,Unscored,,,,,,0.00,0,0,0,1,0.00,10,,,0,,,0,,,0,,,0,,,0,MD program,Virginia Tech Carilion School of Medicine,Main campus,Full,FALSE,,unresearched,"School identity, city, state, and accreditation fields source-verified; scoring fields intentionally blank.",LCME Accredited Programs,https://lcme.org/directory/accredited-programs/,,
,md_wake_forest_university_school_of_medicine_winston_salem_north_carolina,Wake Forest University School of Medicine,MD,Winston-Salem,North Carolina,Unscored,,,,,,0.00,0,0,0,1,0.00,10,,,0,,,0,,,0,,,0,,,0,MD program,Wake Forest University School of Medicine,Main campus,Full,FALSE,,unresearched,"School identity, city, state, and accreditation fields source-verified; scoring fields intentionally blank.",LCME Accredited Programs,https://lcme.org/directory/accredited-programs/,,
,md_washington_state_university_elson_s_floyd_college_of_medicine_spokane_washington,Washington State University Elson S. Floyd College of Medicine,MD,Spokane,Washington,Unscored,,,,,,0.00,0,0,0,1,0.00,10,,,0,,,0,,,0,,,0,,,0,MD program,Washington State University Elson S. Floyd College of Medicine,Main campus,Full,FALSE,,unresearched,"School identity, city, state, and accreditation fields source-verified; scoring fields intentionally blank.",LCME Accredited Programs,https://lcme.org/directory/accredited-programs/,,
,md_washington_university_in_st_louis_school_of_medicine_st_louis_missouri,Washington University in St. Louis School of Medicine,MD,St. Louis,Missouri,Unscored,,,,,,0.00,0,0,0,1,0.00,10,,,0,,,0,,,0,,,0,,,0,MD program,Washington University in St. Louis School of Medicine,Main campus,Full,FALSE,,unresearched,"School identity, city, state, and accreditation fields source-verified; scoring fields intentionally blank.",LCME Accredited Programs,https://lcme.org/directory/accredited-programs/,,
,md_wayne_state_university_school_of_medicine_detroit_michigan,Wayne State University School of Medicine,MD,Detroit,Michigan,Unscored,,,,,,0.00,0,0,0,1,0.00,10,,,0,,,0,,,0,,,0,,,0,MD program,Wayne State University School of Medicine,Main campus,Full,FALSE,,unresearched,"School identity, city, state, and accreditation fields source-verified; scoring fields intentionally blank.",LCME Accredited Programs,https://lcme.org/directory/accredited-programs/,,
,md_weill_cornell_medicine_new_york_new_york,Weill Cornell Medicine,MD,New York,New York,Unscored,,,,,,0.00,0,0,0,1,0.00,10,,,0,,,0,,,0,,,0,,,0,MD program,Weill Cornell Medicine,Main campus,Full,FALSE,,unresearched,"School identity, city, state, and accreditation fields source-verified; scoring fields intentionally blank.",LCME Accredited Programs,https://lcme.org/directory/accredited-programs/,,
,do_wvsom_west_virginia_school_of_osteopathic_medicine_lewisburg_west_virginia,West Virginia School of Osteopathic Medicine,DO,Lewisburg,West Virginia,Unscored,,,,,,0.00,0,0,0,1,0.00,10,,,0,,,0,,,0,,,0,,,0,DO school/site,West Virginia School of Osteopathic Medicine,WVSOM,COCA-accredited directory listing,FALSE,,unresearched,School/site identity and location source-verified from AOA directory map; scoring fields intentionally blank.,AOA Osteopathic Medical Schools Directory,https://osteopathic.org/about/affiliated-organizations/osteopathic-medical-schools/,,
,md_west_virginia_university_school_of_medicine_morgantown_west_virginia,West Virginia University School of Medicine,MD,Morgantown,West Virginia,Unscored,,,,,,0.00,0,0,0,1,0.00,10,,,0,,,0,,,0,,,0,,,0,MD program,West Virginia University School of Medicine,Main campus,Full,FALSE,,unresearched,"School identity, city, state, and accreditation fields source-verified; scoring fields intentionally blank.",LCME Accredited Programs,https://lcme.org/directory/accredited-programs/,,
,md_western_michigan_university_homer_stryker_m_d_school_of_medicine_kalamazoo_michi,Western Michigan University Homer Stryker M.D. School of Medicine,MD,Kalamazoo,Michigan,Unscored,,,,,,0.00,0,0,0,1,0.00,10,,,0,,,0,,,0,,,0,,,0,MD program,Western Michigan University Homer Stryker M.D. School of Medicine,Main campus,Full,FALSE,,unresearched,"School identity, city, state, and accreditation fields source-verified; scoring fields intentionally blank.",LCME Accredited Programs,https://lcme.org/directory/accredited-programs/,,
,do_westernu_comp_western_university_of_health_sciences_college_of_osteopathic_medic,Western University of Health Sciences College of Osteopathic Medicine of the Pacific,DO,Pomona,California,Unscored,,,,,,0.00,0,0,0,1,0.00,10,,,0,,,0,,,0,,,0,,,0,DO school/site,Western University of Health Sciences College of Osteopathic Medicine of the Pacific,WesternU/COMP,COCA-accredited directory listing,FALSE,,unresearched,School/site identity and location source-verified from AOA directory map; scoring fields intentionally blank.,AOA Osteopathic Medical Schools Directory,https://osteopathic.org/about/affiliated-organizations/osteopathic-medical-schools/,,
,do_westernu_comp_northwest_western_university_of_health_sciences_college_of_osteopa,Western University of Health Sciences College of Osteopathic Medicine of the Pacific-Northwest,DO,Lebanon,Oregon,Unscored,,,,,,0.00,0,0,0,1,0.00,10,,,0,,,0,,,0,,,0,,,0,DO school/site,Western University of Health Sciences College of Osteopathic Medicine of the Pacific,WesternU/COMP-Northwest,COCA-accredited directory listing,FALSE,,unresearched,School/site identity and location source-verified from AOA directory map; scoring fields intentionally blank.,AOA Osteopathic Medical Schools Directory,https://osteopathic.org/about/affiliated-organizations/osteopathic-medical-schools/,,
,do_wcucom_william_carey_university_college_of_osteopathic_medicine_hattiesburg_miss,William Carey University College of Osteopathic Medicine,DO,Hattiesburg,Mississippi,Unscored,,,,,,0.00,0,0,0,1,0.00,10,,,0,,,0,,,0,,,0,,,0,DO school/site,William Carey University College of Osteopathic Medicine,WCUCOM,COCA-accredited directory listing,FALSE,,unresearched,School/site identity and location source-verified from AOA directory map; scoring fields intentionally blank.,AOA Osteopathic Medical Schools Directory,https://osteopathic.org/about/affiliated-organizations/osteopathic-medical-schools/,,
,md_yale_school_of_medicine_new_haven_connecticut,Yale School of Medicine,MD,New Haven,Connecticut,Unscored,,,,,,0.00,0,0,0,1,0.00,10,,,0,,,0,,,0,,,0,,,0,MD program,Yale School of Medicine,Main campus,Full,FALSE,,unresearched,"School identity, city, state, and accreditation fields source-verified; scoring fields intentionally blank.",LCME Accredited Programs,https://lcme.org/directory/accredited-programs/,,
