school_id,school_name,degree_type,candidate_source_url,candidate_source_title,candidate_source_type,source_host,official_domain_status,official_domain_score,fetch_status,extraction_status,review_status,review_reason,evidence_text,recommended_action,last_checked,notes
md_albany_medical_college_albany_new_york,Albany Medical College,MD,http://www.amc.edu/Academic/Undergraduate_Admissions/index.cfm,Albany Medical College,admissions_page,amc.edu,official_school_domain,1.00,fetch_failed_http_404,fetch_failed_http_404,needs_review,fetch_failed_http_404,,Review source manually.,2026-06-08,HTTP Error 404: Not Found
md_albany_medical_college_albany_new_york,Albany Medical College,MD,https://www.amc.edu/academic/undergraduate/upload/Frequently-Asked-Questions.pdf,Letter requirement URL from normalized source table,pdf_report,amc.edu,official_school_domain,1.00,fetch_failed_http_404,fetch_failed_http_404,needs_review,fetch_failed_http_404,,Review source manually.,2026-06-08,HTTP Error 404: Not Found
md_albert_einstein_college_of_medicine_new_york_new_york,Albert Einstein College of Medicine,MD,https://www.einsteinmed.edu/education/md-program/admissions/application-procedure/recommendation-letters.aspx,Letter requirement URL from normalized source table,admissions_page,einsteinmed.edu,official_school_domain,1.00,fetch_failed_http_403,fetch_failed_http_403,needs_review,fetch_failed_http_403,,Review source manually.,2026-06-08,HTTP Error 403: Forbidden
md_albert_einstein_college_of_medicine_new_york_new_york,Albert Einstein College of Medicine,MD,https://www.einsteinmed.edu/education/mstp/admissions/application.aspx,Letter requirement URL from normalized source table,admissions_page,einsteinmed.edu,official_school_domain,1.00,fetch_failed_http_403,fetch_failed_http_403,needs_review,fetch_failed_http_403,,Review source manually.,2026-06-08,HTTP Error 403: Forbidden
md_alice_l_walton_school_of_medicine_bentonville_arkansas,Alice L. Walton School of Medicine,MD,https://www.alwmedschool.org/admissions/,AWSOM Admission Requirements | Alice L. Walton School of Medicine | Alice L. Walton School of Medicine,annual_report,alwmedschool.org,official_school_domain,1.00,fetched,no_relevant_stats_found,needs_review,stats_not_found,,Review source manually or keep as official source missing.,2026-06-08,No class-profile MCAT/GPA values found. Fetched official domain seed in less conservative mode.
md_boonshoft_school_of_medicine_wright_state_university_dayton_ohio,Boonshoft School of Medicine Wright State University,MD,http://medicine.wright.edu/about/department-annual-reports,Department Annual Reports | Boonshoft School of Medicine,annual_report,medicine.wright.edu,official_school_domain,1.00,fetched,no_relevant_stats_found,needs_review,stats_not_found,,Review source manually or keep as official source missing.,2026-06-08,No class-profile MCAT/GPA values found.
md_boonshoft_school_of_medicine_wright_state_university_dayton_ohio,Boonshoft School of Medicine Wright State University,MD,http://medicine.wright.edu/admissions,Admissions | Boonshoft School of Medicine,school_homepage,medicine.wright.edu,official_school_domain,1.00,fetched,no_relevant_stats_found,needs_review,stats_not_found,,Review source manually or keep as official source missing.,2026-06-08,No class-profile MCAT/GPA values found. Fetched official domain seed in less conservative mode.
md_boonshoft_school_of_medicine_wright_state_university_dayton_ohio,Boonshoft School of Medicine Wright State University,MD,http://medicine.wright.edu/admissions/welcome-to-the-incoming-class,Welcome to the Incoming Class | Boonshoft School of Medicine,school_homepage,medicine.wright.edu,official_school_domain,1.00,fetched,no_relevant_stats_found,needs_review,stats_not_found,,Review source manually or keep as official source missing.,2026-06-08,No class-profile MCAT/GPA values found.
md_brody_school_of_medicine_at_east_carolina_university_greenville_north_carolina,Brody School of Medicine at East Carolina University,MD,http://www.ecu.edu/bsomadmissions/,East Carolina University Brody School of Medicine,admissions_page,ecu.edu,official_school_domain,1.00,fetch_failed_http_404,fetch_failed_http_404,needs_review,fetch_failed_http_404,,Review source manually.,2026-06-08,HTTP Error 404: Not Found
md_california_northstate_university_college_of_medicine_elk_grove_california,California Northstate University College of Medicine,MD,http://medicine.cnsu.edu/students-com/admissions,California Northstate University College of Medicine,admissions_page,medicine.cnsu.edu,official_school_domain,1.00,fetch_failed_http_403,fetch_failed_http_403,needs_review,fetch_failed_http_403,,Review source manually.,2026-06-08,HTTP Error 403: Forbidden
md_case_western_reserve_university_school_of_medicine_cleveland_ohio,Case Western Reserve University School of Medicine,MD,http://case.edu/medicine/admissions/,Case Western Reserve University School of Medicine,admissions_page,case.edu,official_school_domain,1.00,fetch_failed_http_404,fetch_failed_http_404,needs_review,fetch_failed_http_404,,Review source manually.,2026-06-08,HTTP Error 404: Not Found
md_case_western_reserve_university_school_of_medicine_cleveland_ohio,Case Western Reserve University School of Medicine,MD,https://case.edu/medicine/anatomy/education/ms-applied-anatomy/students-and-alumni/class-profile,Class Profile | Anatomy | School of Medicine | Case Western Reserve University,class_profile,case.edu,official_school_domain,1.00,fetched,no_relevant_stats_found,needs_review,stats_not_found,,Review source manually or keep as official source missing.,2026-06-08,No class-profile MCAT/GPA values found.
md_charles_e_schmidt_college_of_medicine_at_florida_atlantic_university_boca_raton_,Charles E. Schmidt College of Medicine at Florida Atlantic University,MD,http://med.fau.edu/admissions/md/index.php,M.D. Program Admissions | College of Medicine | Florida Atlantic University,class_profile,med.fau.edu,official_school_domain,1.00,fetched,no_relevant_stats_found,needs_review,stats_not_found,,Review source manually or keep as official source missing.,2026-06-08,No class-profile MCAT/GPA values found. Fetched official domain seed in less conservative mode.
md_charles_e_schmidt_college_of_medicine_at_florida_atlantic_university_boca_raton_,Charles E. Schmidt College of Medicine at Florida Atlantic University,MD,http://med.fau.edu/medicine/md/admissions/entering-class/,Entering Class Profile,class_profile,med.fau.edu,official_school_domain,1.00,fetch_failed_http_404,fetch_failed_http_404,needs_review,fetch_failed_http_404,,Review source manually.,2026-06-08,HTTP Error 404: Not Found
md_chicago_medical_school_at_rosalind_franklin_university_of_medicine_and_science_n,Chicago Medical School at Rosalind Franklin University of Medicine and Science,MD,https://www.rosalindfranklin.edu/academics/chicago-medical-school/degree-program/how-to-apply/,How to Apply to the Chicago Medical School - Rosalind Franklin University,class_profile,rosalindfranklin.edu,official_school_domain,1.00,fetched,no_relevant_stats_found,needs_review,stats_not_found,,Review source manually or keep as official source missing.,2026-06-08,No class-profile MCAT/GPA values found.
md_columbia_university_vagelos_college_of_physicians_and_surgeons_new_york_new_york,Columbia University Vagelos College of Physicians and Surgeons,MD,http://ps.columbia.edu/education/academic-programs/md-program/admissions/student-profiles,Student Profiles | Vagelos College of Physicians and Surgeons,class_profile,ps.columbia.edu,official_school_domain,1.00,fetched,no_relevant_stats_found,needs_review,stats_not_found,,Review source manually or keep as official source missing.,2026-06-08,No class-profile MCAT/GPA values found.
md_columbia_university_vagelos_college_of_physicians_and_surgeons_new_york_new_york,Columbia University Vagelos College of Physicians and Surgeons,MD,http://ps.columbia.edu/education/admissions,Admissions | Vagelos College of Physicians and Surgeons,class_profile,ps.columbia.edu,official_school_domain,1.00,fetched,no_relevant_stats_found,needs_review,stats_not_found,,Review source manually or keep as official source missing.,2026-06-08,No class-profile MCAT/GPA values found. Fetched official domain seed in less conservative mode.
md_columbia_university_vagelos_college_of_physicians_and_surgeons_new_york_new_york,Columbia University Vagelos College of Physicians and Surgeons,MD,https://www.vagelos.columbia.edu/education/academic-programs/md-program/admissions/student-profiles,Student Profiles | Vagelos College of Physicians and Surgeons,class_profile,vagelos.columbia.edu,official_school_domain_family,0.95,fetched,no_relevant_stats_found,needs_review,stats_not_found,,Review source manually or keep as official source missing.,2026-06-08,No class-profile MCAT/GPA values found.
md_cooper_medical_school_of_rowan_university_camden_new_jersey,Cooper Medical School of Rowan University,MD,http://www.rowan.edu/coopermed/students/admissions/,Cooper Medical School of Rowan University,admissions_page,rowan.edu,official_school_domain,1.00,fetch_failed_http_404,fetch_failed_http_404,needs_review,fetch_failed_http_404,,Review source manually.,2026-06-08,HTTP Error 404: Not Found
md_creighton_university_school_of_medicine_omaha_nebraska,Creighton University School of Medicine,MD,https://medschool.creighton.edu/medicine/programs/medicine-md/class-profile,Class Profile,class_profile,medschool.creighton.edu,official_school_domain,1.00,fetch_failed_http_404,fetch_failed_http_404,needs_review,fetch_failed_http_404,,Review source manually.,2026-06-08,HTTP Error 404: Not Found
md_creighton_university_school_of_medicine_omaha_nebraska,Creighton University School of Medicine,MD,https://medschool.creighton.edu/program/Medicine-MD,Medicine MD,class_profile,medschool.creighton.edu,official_school_domain,1.00,fetched,no_relevant_stats_found,needs_review,stats_not_found,,Review source manually or keep as official source missing.,2026-06-08,No class-profile MCAT/GPA values found. Fetched official domain seed in less conservative mode.
md_dell_medical_school_university_of_texas_at_austin_austin_texas,Dell Medical School – University of Texas at Austin,MD,https://dellmed.utexas.edu/prospective-students,Undergraduate Medical Education,annual_report,dellmed.utexas.edu,official_school_domain,1.00,fetched,no_relevant_stats_found,needs_review,stats_not_found,,Review source manually or keep as official source missing.,2026-06-08,No class-profile MCAT/GPA values found. Fetched official domain seed in less conservative mode.
md_drexel_university_college_of_medicine_philadelphia_pennsylvania,Drexel University College of Medicine,MD,http://drexel.edu/medicine/academics/md-program/md-program-admissions/,MD Program Admissions - Drexel University College of Medicine,annual_report,drexel.edu,official_school_domain,1.00,fetched,no_relevant_stats_found,needs_review,stats_not_found,,Review source manually or keep as official source missing.,2026-06-08,No class-profile MCAT/GPA values found. Fetched official domain seed in less conservative mode.
md_duke_university_school_of_medicine_durham_north_carolina,Duke University School of Medicine,MD,https://medschool.duke.edu/about-us/facts-figures,Facts & Figures | Duke University School of Medicine,annual_report,medschool.duke.edu,official_school_domain,1.00,fetched,no_relevant_stats_found,needs_review,stats_not_found,,Review source manually or keep as official source missing.,2026-06-08,No class-profile MCAT/GPA values found.
md_duke_university_school_of_medicine_durham_north_carolina,Duke University School of Medicine,MD,https://medschool.duke.edu/education/health-professions-education-programs/doctor-medicine-md-program/admissions/admissions-5,2025 MD Admissions Statistics | Duke University School of Medicine,class_profile,medschool.duke.edu,official_school_domain,1.00,fetched,no_relevant_stats_found,needs_review,stats_not_found,,Review source manually or keep as official source missing.,2026-06-08,No class-profile MCAT/GPA values found.
md_duke_university_school_of_medicine_durham_north_carolina,Duke University School of Medicine,MD,https://medschool.duke.edu/education/student-services/office-admissions,Office of MD Admissions | Duke University School of Medicine,annual_report,medschool.duke.edu,official_school_domain,1.00,fetched,no_relevant_stats_found,needs_review,stats_not_found,,Review source manually or keep as official source missing.,2026-06-08,No class-profile MCAT/GPA values found. Fetched official domain seed in less conservative mode.
md_duke_university_school_of_medicine_durham_north_carolina,Duke University School of Medicine,MD,https://medschool.duke.edu/newsroom/magazines-and-annual-reports,Magazines and Annual Reports | Duke University School of Medicine,annual_report,medschool.duke.edu,official_school_domain,1.00,fetched,no_relevant_stats_found,needs_review,stats_not_found,,Review source manually or keep as official source missing.,2026-06-08,No class-profile MCAT/GPA values found.
md_east_tennessee_state_university_james_h_quillen_college_of_medicine_johnson_city,East Tennessee State University James H. Quillen College of Medicine,MD,http://www.etsu.edu/com/sa/admissions/,East Tennessee State University Quillen College of Medicine,admissions_page,etsu.edu,official_school_domain,1.00,fetch_failed_url_error,fetch_failed_url_error,needs_review,fetch_failed_url_error,,Review source manually.,2026-06-08,[SSL: CERTIFICATE_VERIFY_FAILED] certificate verify failed: self-signed certificate in certificate chain (_ssl.c:1016)
md_emory_university_school_of_medicine_atlanta_georgia,Emory University School of Medicine,MD,http://med.emory.edu/about/facts-and-figures/index.html,Facts and Figures | Emory School of Medicine Toggle Toggle Toggle Toggle Search Close Search Search Toggle open Toggle close Sub link Toggle open Toggle close Sub link Sub link Sub link Toggle open Toggle close Sub link Sub link Sub link Toggle open Toggle close Sub link Sub link Toggle open Toggle close Sub link Sub link Toggle open Toggle close Sub link Sub link Toggle open Toggle close Sub link Sub link Sub link Sub link Toggle open Toggle close Sub link Toggle open Toggle close Sub link Sub link Sub link Sub link Sub link Sub link Sub link Sub link Sub link Sub link Sub link Sub link Toggle open Toggle close Sub link Sub link Sub link Sub link Sub link Sub link Sub link Sub link Sub link Sub link Sub link Sub link Toggle open Toggle close Sub link Sub link Sub link Sub link Sub link Toggle open Toggle close Sub link Sub link Sub link Sub link Sub link Sub link Search Close Home Toggle Toggle Toggle Toggle Toggle Toggle Toggle Toggle Toggle Toggle Toggle Toggle Toggle Toggle Toggle Toggle,annual_report,med.emory.edu,official_school_domain,1.00,fetched,no_relevant_stats_found,needs_review,stats_not_found,,Review source manually or keep as official source missing.,2026-06-08,No class-profile MCAT/GPA values found.
md_emory_university_school_of_medicine_atlanta_georgia,Emory University School of Medicine,MD,http://med.emory.edu/admissions/class-profile/,Admissions | Emory School of Medicine Toggle Toggle Toggle Toggle Search Close Search Search Toggle open Toggle close Sub link Sub link Sub link Sub link Sub link Sub link Toggle open Toggle close Sub link Sub link Toggle open Toggle close Sub link Sub link Sub link Sub link Toggle open Toggle close Sub link Sub link Sub link Toggle open Toggle close Sub link Sub link Sub link Sub link Sub link Sub link Toggle open Toggle close Sub link Sub link Sub link Sub link Sub link Toggle open Toggle close Sub link Sub link Toggle open Toggle close Sub link Sub link Sub link Sub link Sub link Toggle open Toggle close Sub link Sub link Sub link Sub link Toggle open Toggle close Sub link Sub link Sub link Sub link Sub link Toggle open Toggle close Sub link Sub link Sub link Sub link Sub link Sub link Sub link Sub link Sub link Sub link Sub link Sub link Toggle open Toggle close Sub link Sub link Sub link Sub link Sub link Sub link Sub link Sub link Sub link Sub link Sub link Sub link Toggle open Toggle close Sub link Sub link Sub link Sub link Sub link Toggle open Toggle close Sub link Sub link Sub link Sub link Sub link Sub link Search Close Home Toggle Toggle Toggle Toggle Toggle Toggle Toggle Toggle Toggle Toggle Toggle Toggle Toggle Toggle Toggle Toggle Toggle Toggle Toggle Toggle,annual_report,med.emory.edu,official_school_domain,1.00,fetched,no_relevant_stats_found,needs_review,stats_not_found,,Review source manually or keep as official source missing.,2026-06-08,No class-profile MCAT/GPA values found.
md_emory_university_school_of_medicine_atlanta_georgia,Emory University School of Medicine,MD,http://med.emory.edu/admissions/class-statistics/,Admissions | Emory School of Medicine Toggle Toggle Toggle Toggle Search Close Search Search Toggle open Toggle close Sub link Sub link Sub link Sub link Sub link Sub link Toggle open Toggle close Sub link Sub link Toggle open Toggle close Sub link Sub link Sub link Sub link Toggle open Toggle close Sub link Sub link Sub link Toggle open Toggle close Sub link Sub link Sub link Sub link Sub link Sub link Toggle open Toggle close Sub link Sub link Sub link Sub link Sub link Toggle open Toggle close Sub link Sub link Toggle open Toggle close Sub link Sub link Sub link Sub link Sub link Toggle open Toggle close Sub link Sub link Sub link Sub link Toggle open Toggle close Sub link Sub link Sub link Sub link Sub link Toggle open Toggle close Sub link Sub link Sub link Sub link Sub link Sub link Sub link Sub link Sub link Sub link Sub link Sub link Toggle open Toggle close Sub link Sub link Sub link Sub link Sub link Sub link Sub link Sub link Sub link Sub link Sub link Sub link Toggle open Toggle close Sub link Sub link Sub link Sub link Sub link Toggle open Toggle close Sub link Sub link Sub link Sub link Sub link Sub link Search Close Home Toggle Toggle Toggle Toggle Toggle Toggle Toggle Toggle Toggle Toggle Toggle Toggle Toggle Toggle Toggle Toggle Toggle Toggle Toggle Toggle,annual_report,med.emory.edu,official_school_domain,1.00,fetched,no_relevant_stats_found,needs_review,stats_not_found,,Review source manually or keep as official source missing.,2026-06-08,No class-profile MCAT/GPA values found.
md_emory_university_school_of_medicine_atlanta_georgia,Emory University School of Medicine,MD,http://med.emory.edu/admissions/entering-class-profile/,Admissions | Emory School of Medicine Toggle Toggle Toggle Toggle Search Close Search Search Toggle open Toggle close Sub link Sub link Sub link Sub link Sub link Sub link Toggle open Toggle close Sub link Sub link Toggle open Toggle close Sub link Sub link Sub link Sub link Toggle open Toggle close Sub link Sub link Sub link Toggle open Toggle close Sub link Sub link Sub link Sub link Sub link Sub link Toggle open Toggle close Sub link Sub link Sub link Sub link Sub link Toggle open Toggle close Sub link Sub link Toggle open Toggle close Sub link Sub link Sub link Sub link Sub link Toggle open Toggle close Sub link Sub link Sub link Sub link Toggle open Toggle close Sub link Sub link Sub link Sub link Sub link Toggle open Toggle close Sub link Sub link Sub link Sub link Sub link Sub link Sub link Sub link Sub link Sub link Sub link Sub link Toggle open Toggle close Sub link Sub link Sub link Sub link Sub link Sub link Sub link Sub link Sub link Sub link Sub link Sub link Toggle open Toggle close Sub link Sub link Sub link Sub link Sub link Toggle open Toggle close Sub link Sub link Sub link Sub link Sub link Sub link Search Close Home Toggle Toggle Toggle Toggle Toggle Toggle Toggle Toggle Toggle Toggle Toggle Toggle Toggle Toggle Toggle Toggle Toggle Toggle Toggle Toggle,annual_report,med.emory.edu,official_school_domain,1.00,fetched,no_relevant_stats_found,needs_review,stats_not_found,,Review source manually or keep as official source missing.,2026-06-08,No class-profile MCAT/GPA values found.
md_emory_university_school_of_medicine_atlanta_georgia,Emory University School of Medicine,MD,http://med.emory.edu/admissions/entering-class-statistics/,Admissions | Emory School of Medicine Toggle Toggle Toggle Toggle Search Close Search Search Toggle open Toggle close Sub link Sub link Sub link Sub link Sub link Sub link Toggle open Toggle close Sub link Sub link Toggle open Toggle close Sub link Sub link Sub link Sub link Toggle open Toggle close Sub link Sub link Sub link Toggle open Toggle close Sub link Sub link Sub link Sub link Sub link Sub link Toggle open Toggle close Sub link Sub link Sub link Sub link Sub link Toggle open Toggle close Sub link Sub link Toggle open Toggle close Sub link Sub link Sub link Sub link Sub link Toggle open Toggle close Sub link Sub link Sub link Sub link Toggle open Toggle close Sub link Sub link Sub link Sub link Sub link Toggle open Toggle close Sub link Sub link Sub link Sub link Sub link Sub link Sub link Sub link Sub link Sub link Sub link Sub link Toggle open Toggle close Sub link Sub link Sub link Sub link Sub link Sub link Sub link Sub link Sub link Sub link Sub link Sub link Toggle open Toggle close Sub link Sub link Sub link Sub link Sub link Toggle open Toggle close Sub link Sub link Sub link Sub link Sub link Sub link Search Close Home Toggle Toggle Toggle Toggle Toggle Toggle Toggle Toggle Toggle Toggle Toggle Toggle Toggle Toggle Toggle Toggle Toggle Toggle Toggle Toggle,annual_report,med.emory.edu,official_school_domain,1.00,fetched,no_relevant_stats_found,needs_review,stats_not_found,,Review source manually or keep as official source missing.,2026-06-08,No class-profile MCAT/GPA values found.
md_emory_university_school_of_medicine_atlanta_georgia,Emory University School of Medicine,MD,http://med.emory.edu/departments/pediatrics/divisions/general/partners/annual-report/index.html,Annual Report | Emory School of Medicine Toggle Toggle Toggle Toggle Search Close Search Search Toggle open Toggle close Sub link Sub link Toggle open Toggle close Sub link Sub link Sub link Sub link Sub link Toggle open Toggle close Sub link Sub link Sub link Sub link Sub link Sub link Sub link Sub link Sub link Sub link Sub link Sub link Toggle open Toggle close Sub link Sub link Sub link Sub link Sub link Sub link Sub link Sub link Sub link Sub link Sub link Sub link Toggle open Toggle close Sub link Sub link Sub link Sub link Sub link Toggle open Toggle close Sub link Sub link Sub link Sub link Sub link Sub link Search Close Home Toggle Toggle Toggle Toggle,annual_report,med.emory.edu,official_school_domain,1.00,fetched,no_relevant_stats_found,needs_review,stats_not_found,,Review source manually or keep as official source missing.,2026-06-08,No class-profile MCAT/GPA values found.
md_emory_university_school_of_medicine_atlanta_georgia,Emory University School of Medicine,MD,http://med.emory.edu/departments/surgery/about-us/annual-reports.html,Annual Reports | Emory School of Medicine Toggle Toggle Toggle Toggle Search Close Search Search Toggle open Toggle close Sub link Sub link Sub link Sub link Sub link Sub link Sub link Toggle open Toggle close Sub link Sub link Toggle open Toggle close Sub link Sub link Sub link Sub link Sub link Sub link Sub link Sub link Sub link Sub link Sub link Sub link Toggle open Toggle close Sub link Sub link Sub link Sub link Sub link Sub link Sub link Sub link Sub link Sub link Sub link Sub link Toggle open Toggle close Sub link Sub link Sub link Sub link Sub link Toggle open Toggle close Sub link Sub link Sub link Sub link Sub link Sub link Search Close Home Toggle Toggle Toggle Toggle,annual_report,med.emory.edu,official_school_domain,1.00,fetched,no_relevant_stats_found,needs_review,stats_not_found,,Review source manually or keep as official source missing.,2026-06-08,No class-profile MCAT/GPA values found.
md_emory_university_school_of_medicine_atlanta_georgia,Emory University School of Medicine,MD,http://med.emory.edu/education/admissions/md/class-profile/index.html,M1 Class Profile Fall 2025,class_profile,med.emory.edu,official_school_domain,1.00,fetch_failed_http_404,fetch_failed_http_404,needs_review,fetch_failed_http_404,,Review source manually.,2026-06-08,HTTP Error 404: Not Found
md_emory_university_school_of_medicine_atlanta_georgia,Emory University School of Medicine,MD,http://med.emory.edu/education/admissions/md/index.html,Doctor of Medicine (MD) | Emory School of Medicine Toggle Toggle Toggle Toggle Search Close Search Search Toggle open Toggle close Sub link Sub link Sub link Sub link Sub link Sub link Toggle open Toggle close Sub link Sub link Sub link Sub link Sub link Toggle open Toggle close Sub link Sub link Sub link Toggle open Toggle close Toggle open Toggle close Sub link Sub link Sub link Sub link Sub link Sub link Sub link Sub link Sub link Sub link Sub link Sub link Toggle open Toggle close Sub link Sub link Sub link Sub link Sub link Sub link Sub link Sub link Sub link Sub link Sub link Sub link Toggle open Toggle close Sub link Sub link Sub link Sub link Sub link Toggle open Toggle close Sub link Sub link Sub link Sub link Sub link Sub link Search Close Home Toggle Toggle Toggle Toggle Toggle Toggle Toggle Toggle,class_profile,med.emory.edu,official_school_domain,1.00,fetched,no_relevant_stats_found,needs_review,stats_not_found,,Review source manually or keep as official source missing.,2026-06-08,No class-profile MCAT/GPA values found.
md_florida_international_university_herbert_wertheim_college_of_medicine_miami_flor,Florida International University Herbert Wertheim College of Medicine,MD,https://medicine.fiu.edu/academics/degrees-and-programs/doctor-of-medicine/admissions/index.html,Admissions | Doctor of Medicine (M.D.) | FIU Herbert Wertheim College of Medicine,annual_report,medicine.fiu.edu,official_school_domain,1.00,fetched,no_relevant_stats_found,needs_review,stats_not_found,,Review source manually or keep as official source missing.,2026-06-08,No class-profile MCAT/GPA values found.
md_florida_international_university_herbert_wertheim_college_of_medicine_miami_flor,Florida International University Herbert Wertheim College of Medicine,MD,https://medicine.fiu.edu/admissions/class-profile/,Admissions | Doctor of Medicine (M.D.) | FIU Herbert Wertheim College of Medicine,annual_report,medicine.fiu.edu,official_school_domain,1.00,fetched,no_relevant_stats_found,needs_review,stats_not_found,,Review source manually or keep as official source missing.,2026-06-08,No class-profile MCAT/GPA values found.
md_florida_international_university_herbert_wertheim_college_of_medicine_miami_flor,Florida International University Herbert Wertheim College of Medicine,MD,https://medicine.fiu.edu/admissions/class-statistics/,Admissions | Doctor of Medicine (M.D.) | FIU Herbert Wertheim College of Medicine,annual_report,medicine.fiu.edu,official_school_domain,1.00,fetched,no_relevant_stats_found,needs_review,stats_not_found,,Review source manually or keep as official source missing.,2026-06-08,No class-profile MCAT/GPA values found.
md_florida_international_university_herbert_wertheim_college_of_medicine_miami_flor,Florida International University Herbert Wertheim College of Medicine,MD,https://medicine.fiu.edu/admissions/entering-class-profile/,Admissions | Doctor of Medicine (M.D.) | FIU Herbert Wertheim College of Medicine,annual_report,medicine.fiu.edu,official_school_domain,1.00,fetched,no_relevant_stats_found,needs_review,stats_not_found,,Review source manually or keep as official source missing.,2026-06-08,No class-profile MCAT/GPA values found.
md_florida_international_university_herbert_wertheim_college_of_medicine_miami_flor,Florida International University Herbert Wertheim College of Medicine,MD,https://medicine.fiu.edu/admissions/entering-class-statistics/,Admissions | Doctor of Medicine (M.D.) | FIU Herbert Wertheim College of Medicine,annual_report,medicine.fiu.edu,official_school_domain,1.00,fetched,no_relevant_stats_found,needs_review,stats_not_found,,Review source manually or keep as official source missing.,2026-06-08,No class-profile MCAT/GPA values found.
md_florida_state_university_college_of_medicine_tallahassee_florida,Florida State University College of Medicine,MD,http://med.fsu.edu/index.cfm?page=mdAdmissions.home&usemenu=prospectiveStudents,Florida State University College of Medicine,admissions_page,med.fsu.edu,official_school_domain,1.00,fetch_failed_http_404,fetch_failed_http_404,needs_review,fetch_failed_http_404,,Review source manually.,2026-06-08,HTTP Error 404: Not Found
md_florida_state_university_college_of_medicine_tallahassee_florida,Florida State University College of Medicine,MD,https://med.fsu.edu/daytona/directory/student-profiles,Student Profiles | College of Medicine,class_profile,med.fsu.edu,official_school_domain,1.00,fetched,no_relevant_stats_found,needs_review,stats_not_found,,Review source manually or keep as official source missing.,2026-06-08,No class-profile MCAT/GPA values found.
md_florida_state_university_college_of_medicine_tallahassee_florida,Florida State University College of Medicine,MD,https://med.fsu.edu/ftpierce/directory/student-profiles,Student Profiles | College of Medicine,class_profile,med.fsu.edu,official_school_domain,1.00,fetched,no_relevant_stats_found,needs_review,stats_not_found,,Review source manually or keep as official source missing.,2026-06-08,No class-profile MCAT/GPA values found.
md_florida_state_university_college_of_medicine_tallahassee_florida,Florida State University College of Medicine,MD,https://med.fsu.edu/marianna/directory/student-profiles,Student Profiles | College of Medicine,class_profile,med.fsu.edu,official_school_domain,1.00,fetched,no_relevant_stats_found,needs_review,stats_not_found,,Review source manually or keep as official source missing.,2026-06-08,No class-profile MCAT/GPA values found.
md_florida_state_university_college_of_medicine_tallahassee_florida,Florida State University College of Medicine,MD,https://med.fsu.edu/newspubs/2018-annual-report,2018 Annual Report | College of Medicine,annual_report,med.fsu.edu,official_school_domain,1.00,fetched,no_relevant_stats_found,needs_review,stats_not_found,,Review source manually or keep as official source missing.,2026-06-08,No class-profile MCAT/GPA values found.
md_florida_state_university_college_of_medicine_tallahassee_florida,Florida State University College of Medicine,MD,https://med.fsu.edu/newspubs/publications/2009-annual-report,2009 Annual Report | College of Medicine,annual_report,med.fsu.edu,official_school_domain,1.00,fetched,no_relevant_stats_found,needs_review,stats_not_found,,Review source manually or keep as official source missing.,2026-06-08,No class-profile MCAT/GPA values found.
md_florida_state_university_college_of_medicine_tallahassee_florida,Florida State University College of Medicine,MD,https://med.fsu.edu/newspubs/publications/2010-annual-report,2010 Annual Report | College of Medicine,annual_report,med.fsu.edu,official_school_domain,1.00,fetched,no_relevant_stats_found,needs_review,stats_not_found,,Review source manually or keep as official source missing.,2026-06-08,No class-profile MCAT/GPA values found.
md_florida_state_university_college_of_medicine_tallahassee_florida,Florida State University College of Medicine,MD,https://med.fsu.edu/newspubs/publications/2011-annual-report,2011 Annual Report | College of Medicine,annual_report,med.fsu.edu,official_school_domain,1.00,fetched,no_relevant_stats_found,needs_review,stats_not_found,,Review source manually or keep as official source missing.,2026-06-08,No class-profile MCAT/GPA values found.
md_florida_state_university_college_of_medicine_tallahassee_florida,Florida State University College of Medicine,MD,https://med.fsu.edu/newspubs/publications/2012-annual-report,2012 Annual Report | College of Medicine,annual_report,med.fsu.edu,official_school_domain,1.00,fetched,no_relevant_stats_found,needs_review,stats_not_found,,Review source manually or keep as official source missing.,2026-06-08,No class-profile MCAT/GPA values found.
md_florida_state_university_college_of_medicine_tallahassee_florida,Florida State University College of Medicine,MD,https://med.fsu.edu/newspubs/publications/2013-annual-report,2013 Annual Report | College of Medicine,annual_report,med.fsu.edu,official_school_domain,1.00,fetched,no_relevant_stats_found,needs_review,stats_not_found,,Review source manually or keep as official source missing.,2026-06-08,No class-profile MCAT/GPA values found.
md_florida_state_university_college_of_medicine_tallahassee_florida,Florida State University College of Medicine,MD,https://med.fsu.edu/newspubs/publications/2014-annual-report,2014 annual report | College of Medicine,annual_report,med.fsu.edu,official_school_domain,1.00,fetched,no_relevant_stats_found,needs_review,stats_not_found,,Review source manually or keep as official source missing.,2026-06-08,No class-profile MCAT/GPA values found.
md_florida_state_university_college_of_medicine_tallahassee_florida,Florida State University College of Medicine,MD,https://med.fsu.edu/newspubs/publications/2015-annual-report,2015 annual report | College of Medicine,annual_report,med.fsu.edu,official_school_domain,1.00,fetched,no_relevant_stats_found,needs_review,stats_not_found,,Review source manually or keep as official source missing.,2026-06-08,No class-profile MCAT/GPA values found.
md_florida_state_university_college_of_medicine_tallahassee_florida,Florida State University College of Medicine,MD,https://med.fsu.edu/newspubs/publications/2016-annual-report,2016 annual report | College of Medicine,annual_report,med.fsu.edu,official_school_domain,1.00,fetched,no_relevant_stats_found,needs_review,stats_not_found,,Review source manually or keep as official source missing.,2026-06-08,No class-profile MCAT/GPA values found.
md_florida_state_university_college_of_medicine_tallahassee_florida,Florida State University College of Medicine,MD,https://med.fsu.edu/newspubs/publications/2017-annual-report-0,2017 annual report | College of Medicine,annual_report,med.fsu.edu,official_school_domain,1.00,fetched,no_relevant_stats_found,needs_review,stats_not_found,,Review source manually or keep as official source missing.,2026-06-08,No class-profile MCAT/GPA values found.
md_florida_state_university_college_of_medicine_tallahassee_florida,Florida State University College of Medicine,MD,https://med.fsu.edu/newspubs/publications/2018-annual-report,2018 Annual Report | College of Medicine,annual_report,med.fsu.edu,official_school_domain,1.00,fetched,no_relevant_stats_found,needs_review,stats_not_found,,Review source manually or keep as official source missing.,2026-06-08,No class-profile MCAT/GPA values found.
md_florida_state_university_college_of_medicine_tallahassee_florida,Florida State University College of Medicine,MD,https://med.fsu.edu/orlando/directory/student-profiles,Student Profiles | College of Medicine,class_profile,med.fsu.edu,official_school_domain,1.00,fetched,no_relevant_stats_found,needs_review,stats_not_found,,Review source manually or keep as official source missing.,2026-06-08,No class-profile MCAT/GPA values found.
md_florida_state_university_college_of_medicine_tallahassee_florida,Florida State University College of Medicine,MD,https://med.fsu.edu/pensacola/directory/student-profiles,Student Profiles | College of Medicine,class_profile,med.fsu.edu,official_school_domain,1.00,fetched,no_relevant_stats_found,needs_review,stats_not_found,,Review source manually or keep as official source missing.,2026-06-08,No class-profile MCAT/GPA values found.
md_florida_state_university_college_of_medicine_tallahassee_florida,Florida State University College of Medicine,MD,https://med.fsu.edu/sarasota/directory/student-profiles,Student Profiles | College of Medicine,class_profile,med.fsu.edu,official_school_domain,1.00,fetched,no_relevant_stats_found,needs_review,stats_not_found,,Review source manually or keep as official source missing.,2026-06-08,No class-profile MCAT/GPA values found.
md_florida_state_university_college_of_medicine_tallahassee_florida,Florida State University College of Medicine,MD,https://med.fsu.edu/studentaffairs/student-profiles,Student Profiles | College of Medicine,class_profile,med.fsu.edu,official_school_domain,1.00,fetched,no_relevant_stats_found,needs_review,stats_not_found,,Review source manually or keep as official source missing.,2026-06-08,No class-profile MCAT/GPA values found.
md_florida_state_university_college_of_medicine_tallahassee_florida,Florida State University College of Medicine,MD,https://med.fsu.edu/tallahassee/directory/student-profiles,Student Profiles | College of Medicine,class_profile,med.fsu.edu,official_school_domain,1.00,fetched,no_relevant_stats_found,needs_review,stats_not_found,,Review source manually or keep as official source missing.,2026-06-08,No class-profile MCAT/GPA values found.
md_florida_state_university_college_of_medicine_tallahassee_florida,Florida State University College of Medicine,MD,https://med.fsu.edu/thomasvilleprogram/student-profiles,Student Profiles | College of Medicine,class_profile,med.fsu.edu,official_school_domain,1.00,fetched,no_relevant_stats_found,needs_review,stats_not_found,,Review source manually or keep as official source missing.,2026-06-08,No class-profile MCAT/GPA values found.
md_frank_h_netter_md_school_of_medicine_at_quinnipiac_university_north_haven_connec,Frank H. Netter MD School of Medicine at Quinnipiac University,MD,https://www.qu.edu/schools/medicine/admissions.html,Apply for Admission | Frank H. Netter MD School of Medicine Quinnipiac University,class_profile,qu.edu,official_school_domain,1.00,fetched,no_relevant_stats_found,needs_review,stats_not_found,,Review source manually or keep as official source missing.,2026-06-08,No class-profile MCAT/GPA values found.
md_geisel_school_of_medicine_at_dartmouth_hanover_new_hampshire,Geisel School of Medicine at Dartmouth,MD,http://geiselmed.dartmouth.edu/admissions/,MD Admissions,school_homepage,geiselmed.dartmouth.edu,official_school_domain,1.00,fetched,no_relevant_stats_found,needs_review,stats_not_found,,Review source manually or keep as official source missing.,2026-06-08,No class-profile MCAT/GPA values found. Fetched official domain seed in less conservative mode.
md_geisinger_commonwealth_school_of_medicine_scranton_pennsylvania,Geisinger Commonwealth School of Medicine,MD,https://tcmc.edu/admissions/md-admissions/,Geisinger Commonwealth School of Medicine,admissions_page,tcmc.edu,official_school_domain,1.00,fetch_failed_url_error,fetch_failed_url_error,needs_review,fetch_failed_url_error,,Review source manually.,2026-06-08,[SSL: CERTIFICATE_VERIFY_FAILED] certificate verify failed: self-signed certificate in certificate chain (_ssl.c:1016)
md_geisinger_commonwealth_school_of_medicine_scranton_pennsylvania,Geisinger Commonwealth School of Medicine,MD,https://www.geisinger.edu/education/admissions/md-admissions/application-process,Letter requirement URL from normalized source table,admissions_page,geisinger.edu,official_school_domain,1.00,fetch_failed_url_error,fetch_failed_url_error,needs_review,fetch_failed_url_error,,Review source manually.,2026-06-08,[SSL: CERTIFICATE_VERIFY_FAILED] certificate verify failed: self-signed certificate in certificate chain (_ssl.c:1016)
md_george_washington_university_school_of_medicine_and_health_sciences_washington_d,George Washington University School of Medicine and Health Sciences,MD,http://smhs.gwu.edu/academics/md-program/admissions,Admissions | School of Medicine and Health Sciences,class_profile,smhs.gwu.edu,official_school_domain,1.00,fetched,no_relevant_stats_found,needs_review,stats_not_found,,Review source manually or keep as official source missing.,2026-06-08,No class-profile MCAT/GPA values found. Fetched official domain seed in less conservative mode.
md_george_washington_university_school_of_medicine_and_health_sciences_washington_d,George Washington University School of Medicine and Health Sciences,MD,http://smhs.gwu.edu/academics/md-program/admissions/student-profile,Student Profile | School of Medicine and Health Sciences,class_profile,smhs.gwu.edu,official_school_domain,1.00,fetched,no_relevant_stats_found,needs_review,stats_not_found,,Review source manually or keep as official source missing.,2026-06-08,No class-profile MCAT/GPA values found.
md_george_washington_university_school_of_medicine_and_health_sciences_washington_d,George Washington University School of Medicine and Health Sciences,MD,https://smhs.gwu.edu/academics/md-program/admissions/student-profile,Student Profile | School of Medicine and Health Sciences,class_profile,smhs.gwu.edu,official_school_domain,1.00,fetched,no_relevant_stats_found,needs_review,stats_not_found,,Review source manually or keep as official source missing.,2026-06-08,No class-profile MCAT/GPA values found.
md_george_washington_university_school_of_medicine_and_health_sciences_washington_d,George Washington University School of Medicine and Health Sciences,MD,https://smhs.gwu.edu/academics/md-program/admissions/student-profile/abdelrhman-elnasseh,Youmna Jalkh | School of Medicine and Health Sciences,class_profile,smhs.gwu.edu,official_school_domain,1.00,fetched,no_relevant_stats_found,needs_review,stats_not_found,,Review source manually or keep as official source missing.,2026-06-08,No class-profile MCAT/GPA values found.
md_george_washington_university_school_of_medicine_and_health_sciences_washington_d,George Washington University School of Medicine and Health Sciences,MD,https://smhs.gwu.edu/academics/md-program/admissions/student-profile/andrew-garcia,Thomas Hong | School of Medicine and Health Sciences,class_profile,smhs.gwu.edu,official_school_domain,1.00,fetched,no_relevant_stats_found,needs_review,stats_not_found,,Review source manually or keep as official source missing.,2026-06-08,No class-profile MCAT/GPA values found.
md_george_washington_university_school_of_medicine_and_health_sciences_washington_d,George Washington University School of Medicine and Health Sciences,MD,https://smhs.gwu.edu/academics/md-program/admissions/student-profile/elizabeth-ghandakly,Trinity Rico | School of Medicine and Health Sciences,class_profile,smhs.gwu.edu,official_school_domain,1.00,fetched,no_relevant_stats_found,needs_review,stats_not_found,,Review source manually or keep as official source missing.,2026-06-08,No class-profile MCAT/GPA values found.
md_george_washington_university_school_of_medicine_and_health_sciences_washington_d,George Washington University School of Medicine and Health Sciences,MD,https://smhs.gwu.edu/academics/md-program/admissions/student-profile/philip-parel,Philip Parel | School of Medicine and Health Sciences,class_profile,smhs.gwu.edu,official_school_domain,1.00,fetched,no_relevant_stats_found,needs_review,stats_not_found,,Review source manually or keep as official source missing.,2026-06-08,No class-profile MCAT/GPA values found.
md_george_washington_university_school_of_medicine_and_health_sciences_washington_d,George Washington University School of Medicine and Health Sciences,MD,https://smhs.gwu.edu/academics/md-program/admissions/student-profile/tyler-bahoravitch,Avi Abrams | School of Medicine and Health Sciences,class_profile,smhs.gwu.edu,official_school_domain,1.00,fetched,no_relevant_stats_found,needs_review,stats_not_found,,Review source manually or keep as official source missing.,2026-06-08,No class-profile MCAT/GPA values found.
md_george_washington_university_school_of_medicine_and_health_sciences_washington_d,George Washington University School of Medicine and Health Sciences,MD,https://smhs.gwu.edu/academics/md-program/admissions/student-profile/walters-aji-tebung,Tabitha Demmissie | School of Medicine and Health Sciences,class_profile,smhs.gwu.edu,official_school_domain,1.00,fetched,no_relevant_stats_found,needs_review,stats_not_found,,Review source manually or keep as official source missing.,2026-06-08,No class-profile MCAT/GPA values found.
md_hackensack_meridian_school_of_medicine_nutley_new_jersey,Hackensack Meridian School of Medicine,MD,https://www.hmsom.org/admissions/requirements/,Letter requirement URL from normalized source table,admissions_page,hmsom.org,official_school_domain,1.00,fetch_failed_http_404,fetch_failed_http_404,needs_review,fetch_failed_http_404,,Review source manually.,2026-06-08,HTTP Error 404: Not Found
md_harvard_medical_school_boston_massachusetts,Harvard Medical School,MD,https://hms.harvard.edu/departments/admissions,Harvard Medical School,admissions_page,hms.harvard.edu,official_school_domain,1.00,fetch_failed_url_error,fetch_failed_url_error,needs_review,fetch_failed_url_error,,Review source manually.,2026-06-08,[SSL: CERTIFICATE_VERIFY_FAILED] certificate verify failed: unable to get local issuer certificate (_ssl.c:1016)
md_harvard_medical_school_boston_massachusetts,Harvard Medical School,MD,https://meded.hms.harvard.edu/admissions-letters-evaluation,Letter requirement URL from normalized source table,admissions_page,meded.hms.harvard.edu,official_school_domain,1.00,fetch_failed_url_error,fetch_failed_url_error,needs_review,fetch_failed_url_error,,Review source manually.,2026-06-08,[SSL: CERTIFICATE_VERIFY_FAILED] certificate verify failed: unable to get local issuer certificate (_ssl.c:1016)
md_harvard_medical_school_boston_massachusetts,Harvard Medical School,MD,https://www.hms.harvard.edu/md_phd/admissions/process.html,Harvard/MIT MDPhD Program,unknown,hms.harvard.edu,official_school_domain,1.00,fetched,no_relevant_stats_found,needs_review,stats_not_found,,Review source manually or keep as official source missing.,2026-06-08,No class-profile MCAT/GPA values found. Fetched official domain seed in less conservative mode.
md_howard_university_college_of_medicine_washington_district_of_columbia,Howard University College of Medicine,MD,http://medicine.howard.edu/resources/drug-facts-cigarettes,Drug Facts - Cigarettes | Howard University College of Medicine,school_homepage,medicine.howard.edu,official_school_domain,1.00,fetched,no_relevant_stats_found,needs_review,stats_not_found,,Review source manually or keep as official source missing.,2026-06-08,No class-profile MCAT/GPA values found.
md_howard_university_college_of_medicine_washington_district_of_columbia,Howard University College of Medicine,MD,http://medicine.howard.edu/resources/drug-facts-marijuana,Drug Facts - Marijuana | Howard University College of Medicine,school_homepage,medicine.howard.edu,official_school_domain,1.00,fetched,no_relevant_stats_found,needs_review,stats_not_found,,Review source manually or keep as official source missing.,2026-06-08,No class-profile MCAT/GPA values found.
md_howard_university_college_of_medicine_washington_district_of_columbia,Howard University College of Medicine,MD,http://medicine.howard.edu/resources/drug-facts-marijuana-0,drug facts-marijuana | Howard University College of Medicine,school_homepage,medicine.howard.edu,official_school_domain,1.00,fetched,no_relevant_stats_found,needs_review,stats_not_found,,Review source manually or keep as official source missing.,2026-06-08,No class-profile MCAT/GPA values found.
md_howard_university_college_of_medicine_washington_district_of_columbia,Howard University College of Medicine,MD,http://medicine.howard.edu/resources/drug-factscigarettes,drug facts_cigarettes | Howard University College of Medicine,school_homepage,medicine.howard.edu,official_school_domain,1.00,fetched,no_relevant_stats_found,needs_review,stats_not_found,,Review source manually or keep as official source missing.,2026-06-08,No class-profile MCAT/GPA values found.
md_howard_university_college_of_medicine_washington_district_of_columbia,Howard University College of Medicine,MD,http://medicine.howard.edu/resources/smoking-facts,Smoking Facts | Howard University College of Medicine,school_homepage,medicine.howard.edu,official_school_domain,1.00,fetched,no_relevant_stats_found,needs_review,stats_not_found,,Review source manually or keep as official source missing.,2026-06-08,No class-profile MCAT/GPA values found.
md_howard_university_college_of_medicine_washington_district_of_columbia,Howard University College of Medicine,MD,http://medicine.howard.edu/resources/tobacco-facts,Tobacco Facts | Howard University College of Medicine,school_homepage,medicine.howard.edu,official_school_domain,1.00,fetched,no_relevant_stats_found,needs_review,stats_not_found,,Review source manually or keep as official source missing.,2026-06-08,No class-profile MCAT/GPA values found.
md_howard_university_college_of_medicine_washington_district_of_columbia,Howard University College of Medicine,MD,http://medicine.howard.edu/resources/tobacco-facts-0,Tobacco Facts | Howard University College of Medicine,school_homepage,medicine.howard.edu,official_school_domain,1.00,fetched,no_relevant_stats_found,needs_review,stats_not_found,,Review source manually or keep as official source missing.,2026-06-08,No class-profile MCAT/GPA values found.
md_howard_university_college_of_medicine_washington_district_of_columbia,Howard University College of Medicine,MD,https://medicine.howard.edu/admissions,Admission & Aid | Howard University College of Medicine,class_profile,medicine.howard.edu,official_school_domain,1.00,fetched,rejected_minimum_requirement,needs_review,minimum_requirement_context,,Do not apply unless a reviewer verifies these are class profile values.,2026-06-08,Only rejected minimum/eligibility contexts found: minimum_requirement_context:eligibility; minimum_requirement_context:requirements; science_or_bcpm_gpa_context.
md_icahn_school_of_medicine_at_mount_sinai_new_york_new_york,Icahn School of Medicine at Mount Sinai,MD,http://icahn.mssm.edu/education/medical/admissions,Icahn School of Medicine at Mount Sinai,admissions_page,icahn.mssm.edu,official_school_domain,1.00,fetch_failed_http_403,fetch_failed_http_403,needs_review,fetch_failed_http_403,,Review source manually.,2026-06-08,HTTP Error 403: Forbidden
md_indiana_university_school_of_medicine_indianapolis_indiana,Indiana University School of Medicine,MD,https://medicine.iu.edu/blogs/spirit-of-medicine/doctors-share-facts-to-promote-low-vision-awareness,Doctors share facts to promote low vision awareness Indiana University School of Medicine Contact Us Facebook Instagram LinkedIn Twitter Indiana University School of Medicine,school_homepage,medicine.iu.edu,official_school_domain,1.00,fetched,no_relevant_stats_found,needs_review,stats_not_found,,Review source manually or keep as official source missing.,2026-06-08,No class-profile MCAT/GPA values found.
md_indiana_university_school_of_medicine_indianapolis_indiana,Indiana University School of Medicine,MD,https://medicine.iu.edu/blogs/student-life/fast-facts-top-reasons-to-love-all-nine-campuses,Fast facts: Top reasons to love all nine campuses Indiana University School of Medicine Contact Us Facebook Instagram LinkedIn Twitter Indiana University School of Medicine,school_homepage,medicine.iu.edu,official_school_domain,1.00,fetched,no_relevant_stats_found,needs_review,stats_not_found,,Review source manually or keep as official source missing.,2026-06-08,No class-profile MCAT/GPA values found.
md_indiana_university_school_of_medicine_indianapolis_indiana,Indiana University School of Medicine,MD,https://medicine.iu.edu/education/md/admissions/,MD Admissions | MD Program | IU School of Medicine Indiana University School of Medicine Contact Us Facebook Instagram LinkedIn Twitter Indiana University School of Medicine,school_homepage,medicine.iu.edu,official_school_domain,1.00,fetched,no_relevant_stats_found,needs_review,stats_not_found,,Review source manually or keep as official source missing.,2026-06-08,No class-profile MCAT/GPA values found.
md_indiana_university_school_of_medicine_indianapolis_indiana,Indiana University School of Medicine,MD,https://medicine.iu.edu/internal-medicine/annual-report,Annual Report | Internal Medicine | IU School of Medicine Indiana University School of Medicine Contact Us Facebook Instagram LinkedIn Twitter Indiana University School of Medicine,annual_report,medicine.iu.edu,official_school_domain,1.00,fetched,no_relevant_stats_found,needs_review,stats_not_found,,Review source manually or keep as official source missing.,2026-06-08,No class-profile MCAT/GPA values found.
md_indiana_university_school_of_medicine_indianapolis_indiana,Indiana University School of Medicine,MD,https://medicine.iu.edu/magazine/uncovering-the-stone-cold-facts,Uncovering the Stone Cold Facts Indiana University School of Medicine Facebook Instagram LinkedIn Twitter Indiana University School of Medicine,school_homepage,medicine.iu.edu,official_school_domain,1.00,fetched,no_relevant_stats_found,needs_review,stats_not_found,,Review source manually or keep as official source missing.,2026-06-08,No class-profile MCAT/GPA values found.
md_indiana_university_school_of_medicine_indianapolis_indiana,Indiana University School of Medicine,MD,https://medicine.iu.edu/news/2009/01/medical-myths-and-facts-spelled-out-in-mini-medical-school,Medical Myths and Facts Spelled Out in Mini Medical School Indiana University School of Medicine Contact Us Facebook Instagram LinkedIn Twitter Indiana University School of Medicine,school_homepage,medicine.iu.edu,official_school_domain,1.00,fetched,no_relevant_stats_found,needs_review,stats_not_found,,Review source manually or keep as official source missing.,2026-06-08,No class-profile MCAT/GPA values found.
md_indiana_university_school_of_medicine_indianapolis_indiana,Indiana University School of Medicine,MD,https://medicine.iu.edu/news/2013/03/ctsi-annual-report-announcement-2013,Indiana CTSI releases progress report to highlight growth Indiana University School of Medicine Contact Us Facebook Instagram LinkedIn Twitter Indiana University School of Medicine,annual_report,medicine.iu.edu,official_school_domain,1.00,fetched,no_relevant_stats_found,needs_review,stats_not_found,,Review source manually or keep as official source missing.,2026-06-08,No class-profile MCAT/GPA values found.
md_indiana_university_school_of_medicine_indianapolis_indiana,Indiana University School of Medicine,MD,https://medicine.iu.edu/ophthalmology/news-events/annual-report,Annual Report | Ophthalmology | IU School of Medicine Indiana University School of Medicine Contact Us Facebook Instagram LinkedIn Twitter Indiana University School of Medicine,annual_report,medicine.iu.edu,official_school_domain,1.00,fetched,no_relevant_stats_found,needs_review,stats_not_found,,Review source manually or keep as official source missing.,2026-06-08,No class-profile MCAT/GPA values found.
md_indiana_university_school_of_medicine_indianapolis_indiana,Indiana University School of Medicine,MD,https://medicine.iu.edu/orthopaedic-surgery/news-events/annual-report,Annual Report | Orthopaedic Surgery | IU School of Medicine Indiana University School of Medicine Contact Us Facebook Instagram LinkedIn Twitter Indiana University School of Medicine,annual_report,medicine.iu.edu,official_school_domain,1.00,fetched,no_relevant_stats_found,needs_review,stats_not_found,,Review source manually or keep as official source missing.,2026-06-08,No class-profile MCAT/GPA values found.
md_indiana_university_school_of_medicine_indianapolis_indiana,Indiana University School of Medicine,MD,https://medicine.iu.edu/orthopaedic-surgery/news-events/annual-report/clinical-care,Clinical Care Update | Annual Report | Orthopaedic Surgery | IU School of Medicine Indiana University School of Medicine Contact Us Facebook Instagram LinkedIn Twitter Indiana University School of Medicine,annual_report,medicine.iu.edu,official_school_domain,1.00,fetched,no_relevant_stats_found,needs_review,stats_not_found,,Review source manually or keep as official source missing.,2026-06-08,No class-profile MCAT/GPA values found.
md_indiana_university_school_of_medicine_indianapolis_indiana,Indiana University School of Medicine,MD,https://medicine.iu.edu/orthopaedic-surgery/news-events/annual-report/education,Education Update | Annual Report | Orthopaedic Surgery | IU School of Medicine Indiana University School of Medicine Contact Us Facebook Instagram LinkedIn Twitter Indiana University School of Medicine,annual_report,medicine.iu.edu,official_school_domain,1.00,fetched,no_relevant_stats_found,needs_review,stats_not_found,,Review source manually or keep as official source missing.,2026-06-08,No class-profile MCAT/GPA values found.
md_indiana_university_school_of_medicine_indianapolis_indiana,Indiana University School of Medicine,MD,https://medicine.iu.edu/orthopaedic-surgery/news-events/annual-report/research,Research Update | Annual Report | Orthopaedic Surgery | IU School of Medicine Indiana University School of Medicine Contact Us Facebook Instagram LinkedIn Twitter Indiana University School of Medicine,annual_report,medicine.iu.edu,official_school_domain,1.00,fetched,no_relevant_stats_found,needs_review,stats_not_found,,Review source manually or keep as official source missing.,2026-06-08,No class-profile MCAT/GPA values found.
md_jacobs_school_of_medicine_and_biomedical_sciences_at_the_university_at_buffalo_b,Jacobs School of Medicine and Biomedical Sciences at the University at Buffalo,MD,http://medicine.buffalo.edu/education/md/admissions.html,Admissions - Jacobs School of Medicine and Biomedical Sciences - University at Buffalo,annual_report,medicine.buffalo.edu,official_school_domain,1.00,fetched,no_relevant_stats_found,needs_review,stats_not_found,,Review source manually or keep as official source missing.,2026-06-08,No class-profile MCAT/GPA values found. Fetched official domain seed in less conservative mode.
md_john_a_burns_school_of_medicine_university_of_hawaii_at_manoa_honolulu_hawaii,John A. Burns School of Medicine University of Hawaii at Manoa,MD,http://jabsom.hawaii.edu/ed-programs/md-program/admissions-program/,University of Hawaii John A. Burns School of Medicine,admissions_page,jabsom.hawaii.edu,official_school_domain,1.00,fetch_failed_http_404,fetch_failed_http_404,needs_review,fetch_failed_http_404,,Review source manually.,2026-06-08,HTTP Error 404: Not Found
md_johns_hopkins_university_school_of_medicine_baltimore_maryland,Johns Hopkins University School of Medicine,MD,http://www.hopkinsmedicine.org/som/admissions/md/,Johns Hopkins University School of Medicine,admissions_page,hopkinsmedicine.org,official_school_domain,1.00,fetch_failed_http_403,fetch_failed_http_403,needs_review,fetch_failed_http_403,,Review source manually.,2026-06-08,HTTP Error 403: Forbidden
md_keck_school_of_medicine_of_the_university_of_southern_california_los_angeles_cal,Keck School of Medicine of the University of Southern California,MD,http://keck.usc.edu/education/md-program/admissions/,MD Program - MD Program,annual_report,keck.usc.edu,official_school_domain,1.00,fetched,no_relevant_stats_found,needs_review,stats_not_found,,Review source manually or keep as official source missing.,2026-06-08,No class-profile MCAT/GPA values found. Fetched official domain seed in less conservative mode.
md_lewis_katz_school_of_medicine_at_temple_university_philadelphia_pennsylvania,Lewis Katz School of Medicine at Temple University,MD,https://medicine.temple.edu/admissions,Admissions | Lewis Katz School of Medicine,school_homepage,medicine.temple.edu,official_school_domain,1.00,fetched,no_relevant_stats_found,needs_review,stats_not_found,,Review source manually or keep as official source missing.,2026-06-08,No class-profile MCAT/GPA values found. Fetched official domain seed in less conservative mode.
md_loma_linda_university_school_of_medicine_loma_linda_california,Loma Linda University School of Medicine,MD,http://medicine.llu.edu/admissions,Admissions | School of Medicine,school_homepage,medicine.llu.edu,official_school_domain,1.00,fetched,no_relevant_stats_found,needs_review,stats_not_found,,Review source manually or keep as official source missing.,2026-06-08,No class-profile MCAT/GPA values found. Fetched official domain seed in less conservative mode.
md_louisiana_state_university_school_of_medicine_in_shreveport_shreveport_louisiana,Louisiana State University School of Medicine in Shreveport,MD,https://www.lsuhs.edu/our-schools/school-of-medicine,LSU Health Shreveport School of Medicine,annual_report,lsuhs.edu,official_school_domain,1.00,fetched,no_relevant_stats_found,needs_review,stats_not_found,,Review source manually or keep as official source missing.,2026-06-08,No class-profile MCAT/GPA values found. Fetched official domain seed in less conservative mode.
md_loyola_university_chicago_stritch_school_of_medicine_maywood_illinois,Loyola University Chicago Stritch School of Medicine,MD,http://ssom.luc.edu/admission/,How to Apply | Loyola University Chicago,school_homepage,ssom.luc.edu,official_school_domain,1.00,fetched,no_relevant_stats_found,needs_review,stats_not_found,,Review source manually or keep as official source missing.,2026-06-08,No class-profile MCAT/GPA values found. Fetched official domain seed in less conservative mode.
md_marshall_university_joan_c_edwards_school_of_medicine_huntington_west_virginia,Marshall University Joan C. Edwards School of Medicine,MD,http://jcesom.marshall.edu/admissions/,MD Admissions,annual_report,jcesom.marshall.edu,official_school_domain,1.00,fetched,no_relevant_stats_found,needs_review,stats_not_found,,Review source manually or keep as official source missing.,2026-06-08,No class-profile MCAT/GPA values found. Fetched official domain seed in less conservative mode.
md_medical_college_of_georgia_at_augusta_university_augusta_georgia,Medical College of Georgia at Augusta University,MD,http://www.augusta.edu/mcg/admissions/,MCG Admissions,class_profile,augusta.edu,official_school_domain,1.00,fetched,no_relevant_stats_found,needs_review,stats_not_found,,Review source manually or keep as official source missing.,2026-06-08,No class-profile MCAT/GPA values found. Fetched official domain seed in less conservative mode.
md_medical_college_of_wisconsin_milwaukee_wisconsin,Medical College of Wisconsin,MD,http://www.mcw.edu/Medical-School/Admissions.htm,Admissions | Medical School | Medical College of Wisconsin,class_profile,mcw.edu,official_school_domain,1.00,fetched,no_relevant_stats_found,needs_review,stats_not_found,,Review source manually or keep as official source missing.,2026-06-08,No class-profile MCAT/GPA values found.
md_medical_college_of_wisconsin_milwaukee_wisconsin,Medical College of Wisconsin,MD,https://www.mcw.edu/education/medical-school/prospective-students/admissions,Admissions | Medical School | Medical College of Wisconsin,class_profile,mcw.edu,official_school_domain,1.00,fetched,no_relevant_stats_found,needs_review,stats_not_found,,Review source manually or keep as official source missing.,2026-06-08,No class-profile MCAT/GPA values found. Fetched official domain seed in less conservative mode.
md_medical_college_of_wisconsin_milwaukee_wisconsin,Medical College of Wisconsin,MD,https://www.mcw.edu/education/medical-scientist-training-program/admissions,Admissions | Medical Scientist Training Program | Medical College of Wisconsin,school_homepage,mcw.edu,official_school_domain,1.00,fetched,no_relevant_stats_found,needs_review,stats_not_found,,Review source manually or keep as official source missing.,2026-06-08,No class-profile MCAT/GPA values found. Fetched official domain seed in less conservative mode.
md_medical_university_of_south_carolina_college_of_medicine_charleston_south_caroli,Medical University of South Carolina College of Medicine,MD,http://academicdepartments.musc.edu/com/education/admissions/,MUSC | The Medical University of South Carolina,unknown,academicdepartments.musc.edu,official_school_domain,1.00,fetched,no_relevant_stats_found,needs_review,stats_not_found,,Review source manually or keep as official source missing.,2026-06-08,No class-profile MCAT/GPA values found. Fetched official domain seed in less conservative mode.
md_meharry_medical_college_school_of_medicine_nashville_tennessee,Meharry Medical College School of Medicine,MD,http://www.mmc.edu/prospectivestudents/admissions/school-of-medicine/index.html,Meharry Home - Meharry Medical College,school_homepage,mmc.edu,official_school_domain,1.00,fetched,no_relevant_stats_found,needs_review,stats_not_found,,Review source manually or keep as official source missing.,2026-06-08,No class-profile MCAT/GPA values found. Fetched official domain seed in less conservative mode.
md_mercer_university_school_of_medicine_macon_georgia,Mercer University School of Medicine,MD,http://medicine.mercer.edu/admissions/md/,Mercer University School of Medicine,admissions_page,medicine.mercer.edu,official_school_domain,1.00,fetch_failed_http_404,fetch_failed_http_404,needs_review,fetch_failed_http_404,,Review source manually.,2026-06-08,HTTP Error 404: Not Found
md_michigan_state_university_college_of_human_medicine_east_lansing_michigan,Michigan State University College of Human Medicine,MD,http://mdadmissions.msu.edu/ApplicationProcess/future/default2.htm,Michigan State University College of Human Medicine,admissions_page,mdadmissions.msu.edu,official_school_domain,1.00,fetch_failed_http_404,fetch_failed_http_404,needs_review,fetch_failed_http_404,,Review source manually.,2026-06-08,HTTP Error 404: Not Found
md_morehouse_school_of_medicine_atlanta_georgia,Morehouse School of Medicine,MD,http://www.msm.edu/Admissions/doctorofmedicine.php,Doctor of Medicine - Morehouse School of Medicine - MSM | Morehouse School of Medicine,annual_report,msm.edu,official_school_domain,1.00,fetched,no_relevant_stats_found,needs_review,stats_not_found,,Review source manually or keep as official source missing.,2026-06-08,No class-profile MCAT/GPA values found. Fetched official domain seed in less conservative mode.
md_morehouse_school_of_medicine_atlanta_georgia,Morehouse School of Medicine,MD,https://www.msm.edu/Admissions/doctor-of-medicine/admissions-requirements.php,Admissions Requirements | Morehouse School of Medicine,class_profile,msm.edu,official_school_domain,1.00,fetched,no_relevant_stats_found,needs_review,stats_not_found,,Review source manually or keep as official source missing.,2026-06-08,No class-profile MCAT/GPA values found. Fetched official domain seed in less conservative mode.
md_new_york_medical_college_valhalla_new_york,New York Medical College,MD,http://www.nymc.edu/future-students/admission-offices/,New York Medical College,admissions_page,nymc.edu,official_school_domain,1.00,fetch_failed_http_404,fetch_failed_http_404,needs_review,fetch_failed_http_404,,Review source manually.,2026-06-08,HTTP Error 404: Not Found
md_new_york_medical_college_valhalla_new_york,New York Medical College,MD,https://www.nymc.edu/graduate-school-of-basic-medical-sciences-gsbms/admissions--financial-aid/admission-requirements/,Letter requirement URL from normalized source table,admissions_page,nymc.edu,official_school_domain,1.00,fetch_failed_http_404,fetch_failed_http_404,needs_review,fetch_failed_http_404,,Review source manually.,2026-06-08,HTTP Error 404: Not Found
md_northwestern_university_feinberg_school_of_medicine_chicago_illinois,Northwestern University Feinberg School of Medicine,MD,http://www.feinberg.northwestern.edu/admissions/index.html,MD Admissions : MD Admissions: Feinberg School of Medicine,class_profile,feinberg.northwestern.edu,official_school_domain,1.00,fetched,no_relevant_stats_found,needs_review,stats_not_found,,Review source manually or keep as official source missing.,2026-06-08,No class-profile MCAT/GPA values found.
md_oakland_university_william_beaumont_school_of_medicine_rochester_michigan,Oakland University William Beaumont School of Medicine,MD,https://www.oakland.edu/medicine/admissions/ouwb-class-profile/,Class Profile - Oakland University William Beaumont School of Medicine - Oakland University,class_profile,oakland.edu,official_school_domain_family,0.90,fetched,no_relevant_stats_found,needs_review,stats_not_found,,Review source manually or keep as official source missing.,2026-06-08,No class-profile MCAT/GPA values found.
md_oakland_university_william_beaumont_school_of_medicine_rochester_michigan,Oakland University William Beaumont School of Medicine,MD,https://wwwp.oakland.edu/medicine/admissions/about/,Oakland University William Beaumont School of Medicine,admissions_page,wwwp.oakland.edu,official_school_domain,1.00,fetch_failed_http_500,fetch_failed_http_500,needs_review,fetch_failed_http_500,,Review source manually.,2026-06-08,HTTP Error 500: Internal Server Error
md_oregon_health_and_science_university_school_of_medicine_portland_oregon,Oregon Health & Science University School of Medicine,MD,http://www.ohsu.edu/xd/education/schools/school-of-medicine/education/future-students.cfm,Academic and Training Programs | OHSU OHSU Home Search icon OHSU flame logo in white OHSU Braille services OHSU sign language services OHSU interpreter services,school_homepage,ohsu.edu,official_school_domain,1.00,fetched,no_relevant_stats_found,needs_review,stats_not_found,,Review source manually or keep as official source missing.,2026-06-08,No class-profile MCAT/GPA values found. Fetched official domain seed in less conservative mode.
md_oregon_health_and_science_university_school_of_medicine_portland_oregon,Oregon Health & Science University School of Medicine,MD,https://www.ohsu.edu/school-of-dentistry/dmd-program-entering-class-statistics,DMD Program Entering Class Statistics | OHSU OHSU Home Search icon OHSU flame logo in white OHSU Braille services OHSU sign language services OHSU interpreter services,class_profile,ohsu.edu,official_school_domain,1.00,fetched,rejected_minimum_requirement,needs_review,minimum_requirement_context,,Do not apply unless a reviewer verifies these are class profile values.,2026-06-08,Only rejected minimum/eligibility contexts found: science_or_bcpm_gpa_context.
md_oregon_health_and_science_university_school_of_medicine_portland_oregon,Oregon Health & Science University School of Medicine,MD,https://www.ohsu.edu/school-of-medicine/moore-institute/fun-facts-about-placenta,Fun Facts About the Placenta | OHSU OHSU Home Search icon OHSU flame logo in white OHSU Braille services OHSU sign language services OHSU interpreter services,school_homepage,ohsu.edu,official_school_domain,1.00,fetched,no_relevant_stats_found,needs_review,stats_not_found,,Review source manually or keep as official source missing.,2026-06-08,No class-profile MCAT/GPA values found.
md_oregon_health_and_science_university_school_of_medicine_portland_oregon,Oregon Health & Science University School of Medicine,MD,https://www.ohsu.edu/school-of-medicine/physician-assistant/class-profiles,Class Profiles | OHSU OHSU Home Search icon OHSU flame logo in white OHSU Braille services OHSU sign language services OHSU interpreter services,class_profile,ohsu.edu,official_school_domain,1.00,fetched,rejected_non_md_program_context,needs_review,non_md_program_context,ience credits as a post-baccalaureate student. 2019 2020 2021 2022 2023 2024 Applicants 1694 1230 1396 1184 1322 1313 Interviews 160 150 144 136 175 153 Selected 42 41 30 32 41 41 Average GPA 3.42 3.47 3.53 3.54 3.52 3.66 Average HCE (years) 3.0 2.75 2.2 2.1 2.9 2.5 Average Age 29 29 27 26 27 25 OR Resident 27 25 15 12 13 16 Non-OR Resident 15 16 15 20 28 26 OHSU flame logo,Do not apply to MD admissions stats; source appears to describe another program.,2026-06-08,Rejected because the official source appears to describe a non-MD program.
md_paul_l_foster_school_of_medicine_texas_tech_university_health_sciences_center_at,Paul L. Foster School of Medicine Texas Tech University Health Sciences Center at El Paso,MD,http://elpaso.ttuhsc.edu/som/admissions/,Office of Admissions | Paul L. Foster School of Medicine | Texas Tech Health El Paso,annual_report,elpaso.ttuhsc.edu,official_school_domain,1.00,fetched,no_relevant_stats_found,needs_review,stats_not_found,,Review source manually or keep as official source missing.,2026-06-08,No class-profile MCAT/GPA values found. Fetched official domain seed in less conservative mode.
md_paul_l_foster_school_of_medicine_texas_tech_university_health_sciences_center_at,Paul L. Foster School of Medicine Texas Tech University Health Sciences Center at El Paso,MD,http://elpaso.ttuhsc.edu/som/studentaffairs/incoming-student-resources/default.aspx,Incoming Class Student Resources | Texas Tech Health El Paso,annual_report,elpaso.ttuhsc.edu,official_school_domain,1.00,fetched,no_relevant_stats_found,needs_review,stats_not_found,,Review source manually or keep as official source missing.,2026-06-08,No class-profile MCAT/GPA values found.
md_rutgers_new_jersey_medical_school_newark_new_jersey,Rutgers New Jersey Medical School,MD,http://njms.rutgers.edu/admissions/prospective/index.cfm,Rutgers New Jersey Medical School,admissions_page,njms.rutgers.edu,official_school_domain,1.00,fetch_failed_http_404,fetch_failed_http_404,needs_review,fetch_failed_http_404,,Review source manually.,2026-06-08,HTTP Error 404: Not Found
md_rutgers_robert_wood_johnson_medical_school_piscataway_new_jersey,"Rutgers, Robert Wood Johnson Medical School",MD,http://rwjms.rutgers.edu/education/admissions/index.html,Rutgers Robert Wood Johnson Medical School,admissions_page,rwjms.rutgers.edu,official_school_domain,1.00,fetch_failed_http_404,fetch_failed_http_404,needs_review,fetch_failed_http_404,,Review source manually.,2026-06-08,HTTP Error 404: Not Found
md_saint_louis_university_school_of_medicine_st_louis_missouri,Saint Louis University School of Medicine,MD,http://www.slu.edu/medicine/admissions,Saint Louis University School of Medicine,admissions_page,slu.edu,official_school_domain,1.00,fetch_failed_http_404,fetch_failed_http_404,needs_review,fetch_failed_http_404,,Review source manually.,2026-06-08,HTTP Error 404: Not Found
md_saint_louis_university_school_of_medicine_st_louis_missouri,Saint Louis University School of Medicine,MD,https://www.slu.edu/medicine/about/-pdf/slu-24-annual-report.pdf,slu-24-annual-report.pdf,class_profile,slu.edu,official_school_domain,1.00,fetched,needs_review_partial_stats,needs_review,partial_stats,"MY: 13 MS, 2 PHD MEDICAL ANATOMY & PHYSIOLOGY POST-BACCALAUREATE PROGRAM:14 3.89 63% STUDENTS ARE FROM CENTRAL U.S.A. 46% STUDENTS ARE FROM MISSOURI OR ILLINOIS 5,809 APPLICATIONS 513 AVERAGE MCAT 176 STUDENTS 55% ARE MALE 45% ARE FEMALE 2024 BY THE NUMBERS UNDERGRADUATE OVERALL GPA GRADUATE MEDICAL EDUCATION: SSM HEALTH/SAINT LOUIS UNIVERSITY RESIDENCY PROGRAMS TRAINED 686",Review source manually; accepted rows require both MCAT and GPA.,2026-06-08,Only one MCAT/GPA value was extracted or source is below official-domain threshold.
md_saint_louis_university_school_of_medicine_st_louis_missouri,Saint Louis University School of Medicine,MD,https://www.slu.edu/medicine/ignatian-mission/-pdf/covid-19-vaccine-facts-for-the-community-and-faith-based-organizations.pdf,covid-19-vaccine-facts-for-the-community-and-faith-based-organizations.pdf,annual_report,slu.edu,official_school_domain,1.00,fetched,no_relevant_stats_found,needs_review,stats_not_found,,Review source manually or keep as official source missing.,2026-06-08,No class-profile MCAT/GPA values found.
md_saint_louis_university_school_of_medicine_st_louis_missouri,Saint Louis University School of Medicine,MD,https://www.slu.edu/medicine/strategic-plan/-img/sp-annual-report-cover.jpg,Sitemap stats-like URL,annual_report,slu.edu,official_school_domain,1.00,image_ocr_text_empty,image_ocr_text_empty,needs_review,image_ocr_text_empty,,Review image manually; OCR produced no text.,2026-06-08,image_ocr_text_empty
md_saint_louis_university_school_of_medicine_st_louis_missouri,Saint Louis University School of Medicine,MD,https://www.slu.edu/medicine/strategic-plan/-pdf/slu--som-annual-report-2024.pdf,slu--som-annual-report-2024.pdf,class_profile,slu.edu,official_school_domain,1.00,fetched,needs_review_partial_stats,needs_review,partial_stats,"MY: 13 MS, 2 PHD MEDICAL ANATOMY & PHYSIOLOGY POST-BACCALAUREATE PROGRAM:14 3.89 63% STUDENTS ARE FROM CENTRAL U.S.A. 46% STUDENTS ARE FROM MISSOURI OR ILLINOIS 5,809 APPLICATIONS 513 AVERAGE MCAT 176 STUDENTS 55% ARE MALE 45% ARE FEMALE 2024 BY THE NUMBERS UNDERGRADUATE OVERALL GPA GRADUATE MEDICAL EDUCATION: SSM HEALTH/SAINT LOUIS UNIVERSITY RESIDENCY PROGRAMS TRAINED 686",Review source manually; accepted rows require both MCAT and GPA.,2026-06-08,Only one MCAT/GPA value was extracted or source is below official-domain threshold.
md_saint_louis_university_school_of_medicine_st_louis_missouri,Saint Louis University School of Medicine,MD,https://www.slu.edu/medicine/strategic-plan/-pdf/slu-annual-report-24-final.pdf,slu-annual-report-24-final.pdf,class_profile,slu.edu,official_school_domain,1.00,fetched,needs_review_partial_stats,needs_review,partial_stats,"MY: 13 MS, 2 PHD MEDICAL ANATOMY & PHYSIOLOGY POST-BACCALAUREATE PROGRAM:14 3.89 63% STUDENTS ARE FROM CENTRAL U.S.A. 46% STUDENTS ARE FROM MISSOURI OR ILLINOIS 5,809 APPLICATIONS 513 AVERAGE MCAT 176 STUDENTS 55% ARE MALE 45% ARE FEMALE 2024 BY THE NUMBERS UNDERGRADUATE OVERALL GPA GRADUATE MEDICAL EDUCATION: SSM HEALTH/SAINT LOUIS UNIVERSITY RESIDENCY PROGRAMS TRAINED 686",Review source manually; accepted rows require both MCAT and GPA.,2026-06-08,Only one MCAT/GPA value was extracted or source is below official-domain threshold.
md_saint_louis_university_school_of_medicine_st_louis_missouri,Saint Louis University School of Medicine,MD,https://www.slu.edu/medicine/strategic-plan/-pdf/som-annual-report.pdf,som-annual-report.pdf,class_profile,slu.edu,official_school_domain,1.00,fetched,needs_review_partial_stats,needs_review,partial_stats,accepted Med Scholars) 29.11% SLU SOM Applicant / Matriculant Average MCAT and GPA SLU 2025 5yr SLU average 5yr national average Applicant Avg MCAT 509.8 510.06 506.2 Matriculant Avg MCAT 509.8 510.06 506.2 Applicant Avg GPA 509.8 510.06 506.2 Matriculant Avg GPA 509.8 510.06 506.2 STRENGTH OF OUR ALUMNI NETWORK Our alumni play a critical role in elevating our profile an,Review source manually; accepted rows require both MCAT and GPA.,2026-06-08,Only one MCAT/GPA value was extracted or source is below official-domain threshold.
md_sidney_kimmel_medical_college_at_thomas_jefferson_university_philadelphia_pennsy,Sidney Kimmel Medical College at Thomas Jefferson University,MD,http://www.jefferson.edu/university/skmc/admissions.html,Sidney Kimmel Medical College at Thomas Jefferson University,admissions_page,jefferson.edu,official_school_domain,1.00,fetch_failed_http_404,fetch_failed_http_404,needs_review,fetch_failed_http_404,,Review source manually.,2026-06-08,HTTP Error 404: Not Found
md_southern_illinois_university_school_of_medicine_springfield_illinois,Southern Illinois University School of Medicine,MD,http://www.siumed.edu/studentaffairs/admissions/home.html,Southern Illinois University School of Medicine,admissions_page,siumed.edu,official_school_domain,1.00,fetch_failed_http_404,fetch_failed_http_404,needs_review,fetch_failed_http_404,,Review source manually.,2026-06-08,HTTP Error 404: Not Found
md_stanford_university_school_of_medicine_palo_alto_california,Stanford University School of Medicine,MD,http://med.stanford.edu/md-admissions.html,MD Admissions | MD Admissions | Stanford Medicine,class_profile,med.stanford.edu,official_school_domain,1.00,fetched,no_relevant_stats_found,needs_review,stats_not_found,,Review source manually or keep as official source missing.,2026-06-08,No class-profile MCAT/GPA values found. Fetched official domain seed in less conservative mode.
md_stanford_university_school_of_medicine_palo_alto_california,Stanford University School of Medicine,MD,https://med.stanford.edu/md-admissions/facts-and-figures.html,Facts and Figures | MD Admissions | Stanford Medicine,annual_report,med.stanford.edu,official_school_domain,1.00,fetched,no_relevant_stats_found,needs_review,stats_not_found,,Review source manually or keep as official source missing.,2026-06-08,No class-profile MCAT/GPA values found.
md_stanford_university_school_of_medicine_palo_alto_california,Stanford University School of Medicine,MD,https://med.stanford.edu/school/facts.html,Facts & Figures | School of Medicine | Stanford Medicine,school_homepage,med.stanford.edu,official_school_domain,1.00,fetched,no_relevant_stats_found,needs_review,stats_not_found,,Review source manually or keep as official source missing.,2026-06-08,No class-profile MCAT/GPA values found.
md_texas_tech_university_health_sciences_center_school_of_medicine_lubbock_texas,Texas Tech University Health Sciences Center School of Medicine,MD,http://www.ttuhsc.edu/som/admissions/,Texas Tech University Health Sciences Center School of Medicine - Lubbock,admissions_page,ttuhsc.edu,official_school_domain,1.00,fetch_failed_http_404,fetch_failed_http_404,needs_review,fetch_failed_http_404,,Review source manually.,2026-06-08,HTTP Error 404: Not Found
md_the_ohio_state_university_college_of_medicine_columbus_ohio,The Ohio State University College of Medicine,MD,https://medicine.osu.edu/about-us/fast-facts,Leaders in Transforming Health,annual_report,medicine.osu.edu,official_school_domain,1.00,fetched,no_relevant_stats_found,needs_review,stats_not_found,,Review source manually or keep as official source missing.,2026-06-08,No class-profile MCAT/GPA values found.
md_the_ohio_state_university_college_of_medicine_columbus_ohio,The Ohio State University College of Medicine,MD,https://medicine.osu.edu/departments/otolaryngology/ent-annual-report,ENT Annual Report | Ohio State College of Medicine,annual_report,medicine.osu.edu,official_school_domain,1.00,fetched,no_relevant_stats_found,needs_review,stats_not_found,,Review source manually or keep as official source missing.,2026-06-08,No class-profile MCAT/GPA values found.
md_the_ohio_state_university_college_of_medicine_columbus_ohio,The Ohio State University College of Medicine,MD,https://medicine.osu.edu/departments/otolaryngology/ent-annual-report/3d-surgical-modeling,Study aims to expand access to 3D surgical modeling | Ohio State College of Medicine,annual_report,medicine.osu.edu,official_school_domain,1.00,fetched,no_relevant_stats_found,needs_review,stats_not_found,,Review source manually or keep as official source missing.,2026-06-08,No class-profile MCAT/GPA values found.
md_the_ohio_state_university_college_of_medicine_columbus_ohio,The Ohio State University College of Medicine,MD,https://medicine.osu.edu/departments/otolaryngology/ent-annual-report/aerodigestive-research-core-lab,Aerodigestive Research Lab expands impact | Ohio State College of Medicine,annual_report,medicine.osu.edu,official_school_domain,1.00,fetched,no_relevant_stats_found,needs_review,stats_not_found,,Review source manually or keep as official source missing.,2026-06-08,No class-profile MCAT/GPA values found.
md_the_ohio_state_university_college_of_medicine_columbus_ohio,The Ohio State University College of Medicine,MD,https://medicine.osu.edu/departments/otolaryngology/ent-annual-report/department-self-study,ENT department strategic growth | Ohio State College of Medicine,annual_report,medicine.osu.edu,official_school_domain,1.00,fetched,no_relevant_stats_found,needs_review,stats_not_found,,Review source manually or keep as official source missing.,2026-06-08,No class-profile MCAT/GPA values found.
md_the_ohio_state_university_college_of_medicine_columbus_ohio,The Ohio State University College of Medicine,MD,https://medicine.osu.edu/departments/otolaryngology/ent-annual-report/elliana-devore,"Elliana DeVore, MD, joins the Division of Laryngology | Ohio State College of Medicine",annual_report,medicine.osu.edu,official_school_domain,1.00,fetched,no_relevant_stats_found,needs_review,stats_not_found,,Review source manually or keep as official source missing.,2026-06-08,No class-profile MCAT/GPA values found.
md_the_ohio_state_university_college_of_medicine_columbus_ohio,The Ohio State University College of Medicine,MD,https://medicine.osu.edu/departments/otolaryngology/ent-annual-report/esophageal-disorders-conference,Monthly Esophageal Disorders Conference | Ohio State College of Medicine,annual_report,medicine.osu.edu,official_school_domain,1.00,fetched,no_relevant_stats_found,needs_review,stats_not_found,,Review source manually or keep as official source missing.,2026-06-08,No class-profile MCAT/GPA values found.
md_the_ohio_state_university_college_of_medicine_columbus_ohio,The Ohio State University College of Medicine,MD,https://medicine.osu.edu/departments/otolaryngology/ent-annual-report/expanded-vestibular-research-laboratory,Expanded vestibular research laboratory | Ohio State College of Medicine,annual_report,medicine.osu.edu,official_school_domain,1.00,fetched,no_relevant_stats_found,needs_review,stats_not_found,,Review source manually or keep as official source missing.,2026-06-08,No class-profile MCAT/GPA values found.
md_the_ohio_state_university_college_of_medicine_columbus_ohio,The Ohio State University College of Medicine,MD,https://medicine.osu.edu/departments/otolaryngology/ent-annual-report/immunotherapy,Innovation in Immunotherapy and Allergy Care| Ohio State College of Medicine,annual_report,medicine.osu.edu,official_school_domain,1.00,fetched,no_relevant_stats_found,needs_review,stats_not_found,,Review source manually or keep as official source missing.,2026-06-08,No class-profile MCAT/GPA values found.
md_the_ohio_state_university_college_of_medicine_columbus_ohio,The Ohio State University College of Medicine,MD,https://medicine.osu.edu/departments/otolaryngology/ent-annual-report/jeffrey-steitz,"Jeffrey Steitz, MD, joins division of facial plastic and reconstruction surgery | Ohio State College of Medicine",annual_report,medicine.osu.edu,official_school_domain,1.00,fetched,no_relevant_stats_found,needs_review,stats_not_found,,Review source manually or keep as official source missing.,2026-06-08,No class-profile MCAT/GPA values found.
md_the_ohio_state_university_college_of_medicine_columbus_ohio,The Ohio State University College of Medicine,MD,https://medicine.osu.edu/departments/otolaryngology/ent-annual-report/lateral-skull-base-surgery,Enhanced lateral skull base surgery | Ohio State College of Medicine,annual_report,medicine.osu.edu,official_school_domain,1.00,fetched,no_relevant_stats_found,needs_review,stats_not_found,,Review source manually or keep as official source missing.,2026-06-08,No class-profile MCAT/GPA values found.
md_the_ohio_state_university_college_of_medicine_columbus_ohio,The Ohio State University College of Medicine,MD,https://medicine.osu.edu/departments/otolaryngology/ent-annual-report/liquid-biomarkers,Using liquid biomarkers to improve outcomes for HPV-related HNSCC | Ohio State College of Medicine,annual_report,medicine.osu.edu,official_school_domain,1.00,fetched,no_relevant_stats_found,needs_review,stats_not_found,,Review source manually or keep as official source missing.,2026-06-08,No class-profile MCAT/GPA values found.
md_the_ohio_state_university_college_of_medicine_columbus_ohio,The Ohio State University College of Medicine,MD,https://medicine.osu.edu/departments/otolaryngology/ent-annual-report/message-from-chair,ENT Annual Report – Message from the Chair | Ohio State College of Medicine,annual_report,medicine.osu.edu,official_school_domain,1.00,fetched,no_relevant_stats_found,needs_review,stats_not_found,,Review source manually or keep as official source missing.,2026-06-08,No class-profile MCAT/GPA values found.
md_the_ohio_state_university_college_of_medicine_columbus_ohio,The Ohio State University College of Medicine,MD,https://medicine.osu.edu/departments/otolaryngology/ent-annual-report/pediatric-ent-collaboration,Expanding pediatric ENT care in Toledo | Ohio State College of Medicine,annual_report,medicine.osu.edu,official_school_domain,1.00,fetched,no_relevant_stats_found,needs_review,stats_not_found,,Review source manually or keep as official source missing.,2026-06-08,No class-profile MCAT/GPA values found.
md_the_ohio_state_university_college_of_medicine_columbus_ohio,The Ohio State University College of Medicine,MD,https://medicine.osu.edu/departments/otolaryngology/ent-annual-report/rekha-raveendran,"Rekha Raveendran, MD, named Division Director of Allergy and Immunology | Ohio State College of Medicine",annual_report,medicine.osu.edu,official_school_domain,1.00,fetched,no_relevant_stats_found,needs_review,stats_not_found,,Review source manually or keep as official source missing.,2026-06-08,No class-profile MCAT/GPA values found.
md_the_ohio_state_university_college_of_medicine_columbus_ohio,The Ohio State University College of Medicine,MD,https://medicine.osu.edu/departments/otolaryngology/ent-annual-report/resident-and-fellow-endowment-fund,ENT-Head and Neck Surgery launches resident and fellow endowment fund | Ohio State College of Medicine,annual_report,medicine.osu.edu,official_school_domain,1.00,fetched,no_relevant_stats_found,needs_review,stats_not_found,,Review source manually or keep as official source missing.,2026-06-08,No class-profile MCAT/GPA values found.
md_the_ohio_state_university_college_of_medicine_columbus_ohio,The Ohio State University College of Medicine,MD,https://medicine.osu.edu/departments/otolaryngology/ent-annual-report/robert-macielak,"Robert Macielak, MD, joins Division of Otology | Ohio State College of Medicine",annual_report,medicine.osu.edu,official_school_domain,1.00,fetched,no_relevant_stats_found,needs_review,stats_not_found,,Review source manually or keep as official source missing.,2026-06-08,No class-profile MCAT/GPA values found.
md_the_ohio_state_university_college_of_medicine_columbus_ohio,The Ohio State University College of Medicine,MD,https://medicine.osu.edu/departments/otolaryngology/ent-annual-report/top-ranked-otolaryngology-residency-program,ENT residency program leverages advanced technology | Ohio State College of Medicine,annual_report,medicine.osu.edu,official_school_domain,1.00,fetched,no_relevant_stats_found,needs_review,stats_not_found,,Review source manually or keep as official source missing.,2026-06-08,No class-profile MCAT/GPA values found.
md_the_ohio_state_university_college_of_medicine_columbus_ohio,The Ohio State University College of Medicine,MD,https://medicine.osu.edu/departments/otolaryngology/ent-annual-report/vestibular-schwannoma-surgery,Restoring hearing after vestibular schwannoma surgery | Ohio State College of Medicine,annual_report,medicine.osu.edu,official_school_domain,1.00,fetched,no_relevant_stats_found,needs_review,stats_not_found,,Review source manually or keep as official source missing.,2026-06-08,No class-profile MCAT/GPA values found.
md_the_ohio_state_university_college_of_medicine_columbus_ohio,The Ohio State University College of Medicine,MD,https://medicine.osu.edu/departments/otolaryngology/ent-annual-report/victoria-nguyen,"Victoria Nguyen, DO, joins the Division of Allergy | Ohio State College of Medicine",annual_report,medicine.osu.edu,official_school_domain,1.00,fetched,no_relevant_stats_found,needs_review,stats_not_found,,Review source manually or keep as official source missing.,2026-06-08,No class-profile MCAT/GPA values found.
md_the_ohio_state_university_college_of_medicine_columbus_ohio,The Ohio State University College of Medicine,MD,https://medicine.osu.edu/education/md/admissions,MD Program Admissions | Ohio State College of Medicine,school_homepage,medicine.osu.edu,official_school_domain,1.00,fetched,no_relevant_stats_found,needs_review,stats_not_found,,Review source manually or keep as official source missing.,2026-06-08,No class-profile MCAT/GPA values found. Fetched official domain seed in less conservative mode.
md_the_ohio_state_university_college_of_medicine_columbus_ohio,The Ohio State University College of Medicine,MD,https://medicine.osu.edu/education/md/admissions/before-you-apply/facts,"Medical School Curriculum, Culture & Facts | Ohio State College of Medicine",class_profile,medicine.osu.edu,official_school_domain,1.00,fetched,no_relevant_stats_found,needs_review,stats_not_found,,Review source manually or keep as official source missing.,2026-06-08,No class-profile MCAT/GPA values found.
md_the_warren_alpert_medical_school_of_brown_university_providence_rhode_island,The Warren Alpert Medical School of Brown University,MD,https://www.brown.edu/academics/medical/admission/,Admissions | Medical School | Brown University,class_profile,brown.edu,official_school_domain,1.00,fetched,no_relevant_stats_found,needs_review,stats_not_found,,Review source manually or keep as official source missing.,2026-06-08,No class-profile MCAT/GPA values found.
md_tufts_university_school_of_medicine_boston_massachusetts,Tufts University School of Medicine,MD,http://medicine.tufts.edu/Admissions.aspx,Tufts University School of Medicine,admissions_page,medicine.tufts.edu,official_school_domain,1.00,fetch_failed_http_404,fetch_failed_http_404,needs_review,fetch_failed_http_404,,Review source manually.,2026-06-08,HTTP Error 404: Not Found
md_tulane_university_school_of_medicine_new_orleans_louisiana,Tulane University School of Medicine,MD,http://www2.tulane.edu/som/admissions/index.cfm,Tulane University School of Medicine,admissions_page,www2.tulane.edu,official_school_domain,1.00,fetch_failed_http_404,fetch_failed_http_404,needs_review,fetch_failed_http_404,,Review source manually.,2026-06-08,HTTP Error 404: Not Found
md_uniformed_services_university_of_the_health_sciences_f_edward_h_bert_school_of_m,"Uniformed Services University of the Health Sciences, F. Edward Hébert School of Medicine",MD,https://medschool.usuhs.edu/admissions/application-requirements,"Medschool, Admissions, Application Requirements",annual_report,medschool.usuhs.edu,official_school_domain,1.00,fetched,rejected_minimum_requirement,needs_review,minimum_requirement_context,,Do not apply unless a reviewer verifies these are class profile values.,2026-06-08,Only rejected minimum/eligibility contexts found: minimum_requirement_context:eligible; minimum_requirement_context:minimum; science_or_bcpm_gpa_context.
md_uniformed_services_university_of_the_health_sciences_f_edward_h_bert_school_of_m,"Uniformed Services University of the Health Sciences, F. Edward Hébert School of Medicine",MD,https://medschool.usuhs.edu/sur/research/murtha-cancer-center/annual-reports,"MEDSCHOOL, SUR, Research, Murtha Cancer Center, Annual Reports",annual_report,medschool.usuhs.edu,official_school_domain,1.00,fetched,no_relevant_stats_found,needs_review,stats_not_found,,Review source manually or keep as official source missing.,2026-06-08,No class-profile MCAT/GPA values found.
md_university_of_arizona_college_of_medicine_phoenix_phoenix_arizona,University of Arizona College of Medicine - Phoenix,MD,http://phoenixmed.arizona.edu/admissions,MD Admissions | The University of Arizona College of Medicine – Phoenix uofA_logo uofA_logo,annual_report,phoenixmed.arizona.edu,official_school_domain,1.00,fetched,no_relevant_stats_found,needs_review,stats_not_found,,Review source manually or keep as official source missing.,2026-06-08,No class-profile MCAT/GPA values found. Fetched official domain seed in less conservative mode.
md_university_of_arizona_college_of_medicine_tucson_tucson_arizona,University of Arizona College of Medicine - Tucson,MD,http://medicine.arizona.edu/admissions,Admissions | College of Medicine - Tucson,annual_report,medicine.arizona.edu,official_school_domain,1.00,fetched,rejected_minimum_requirement,needs_review,minimum_requirement_context,,Do not apply unless a reviewer verifies these are class profile values.,2026-06-08,Only rejected minimum/eligibility contexts found: minimum_requirement_context:must have; science_or_bcpm_gpa_context. Fetched official domain seed in less conservative mode.
md_university_of_arkansas_for_medical_sciences_college_of_medicine_little_rock_arka,University of Arkansas for Medical Sciences College of Medicine,MD,http://medicine.uams.edu/for-medical-school-applicants/,For Medical School Applicants | UAMS College of Medicine,annual_report,medicine.uams.edu,official_school_domain,1.00,fetched,no_relevant_stats_found,needs_review,stats_not_found,,Review source manually or keep as official source missing.,2026-06-08,No class-profile MCAT/GPA values found. Fetched official domain seed in less conservative mode.
md_university_of_arkansas_for_medical_sciences_college_of_medicine_little_rock_arka,University of Arkansas for Medical Sciences College of Medicine,MD,https://medicine.uams.edu/about/fast-facts/,Fast Facts | UAMS College of Medicine,school_homepage,medicine.uams.edu,official_school_domain,1.00,fetched,no_relevant_stats_found,needs_review,stats_not_found,,Review source manually or keep as official source missing.,2026-06-08,No class-profile MCAT/GPA values found.
md_university_of_arkansas_for_medical_sciences_college_of_medicine_little_rock_arka,University of Arkansas for Medical Sciences College of Medicine,MD,https://medicine.uams.edu/blog/dfpm-reds-tips-team-releases-public-annual-report/,DFPM-RED’s TIPS team releases public Annual Report | UAMS College of Medicine,annual_report,medicine.uams.edu,official_school_domain,1.00,fetched,no_relevant_stats_found,needs_review,stats_not_found,,Review source manually or keep as official source missing.,2026-06-08,No class-profile MCAT/GPA values found.
md_university_of_california_davis_school_of_medicine_davis_california,"University of California, Davis School of Medicine",MD,http://www.ucdmc.ucdavis.edu/mdprogram/admissions/index.html,Admission Overview | M.D. Programs | UC Davis School of Medicine,annual_report,ucdmc.ucdavis.edu,official_school_domain,1.00,fetched,no_relevant_stats_found,needs_review,stats_not_found,,Review source manually or keep as official source missing.,2026-06-08,No class-profile MCAT/GPA values found. Fetched official domain seed in less conservative mode.
md_university_of_california_irvine_school_of_medicine_irvine_california,"University of California, Irvine School of Medicine",MD,http://www.meded.uci.edu/admissions/class-statistics/,Medical Education | UC Irvine School of Medicine Open Menu Close Menu,annual_report,meded.uci.edu,official_school_domain,1.00,fetched,no_relevant_stats_found,needs_review,stats_not_found,,Review source manually or keep as official source missing.,2026-06-08,No class-profile MCAT/GPA values found.
md_university_of_california_irvine_school_of_medicine_irvine_california,"University of California, Irvine School of Medicine",MD,http://www.meded.uci.edu/admissions/entering-class-statistics/,Medical Education | UC Irvine School of Medicine Open Menu Close Menu,annual_report,meded.uci.edu,official_school_domain,1.00,fetched,no_relevant_stats_found,needs_review,stats_not_found,,Review source manually or keep as official source missing.,2026-06-08,No class-profile MCAT/GPA values found.
md_university_of_california_irvine_school_of_medicine_irvine_california,"University of California, Irvine School of Medicine",MD,http://www.meded.uci.edu/admissions/index.asp,Medical Education | UC Irvine School of Medicine Open Menu Close Menu,annual_report,meded.uci.edu,official_school_domain,1.00,fetched,no_relevant_stats_found,needs_review,stats_not_found,,Review source manually or keep as official source missing.,2026-06-08,No class-profile MCAT/GPA values found. Fetched official domain seed in less conservative mode.
md_university_of_california_riverside_school_of_medicine_riverside_california,"University of California, Riverside School of Medicine",MD,http://medschool.ucr.edu/admissions/,Admission to Medical School | School of Medicine Student Affairs,annual_report,medschool.ucr.edu,official_school_domain,1.00,fetched,needs_review_partial_stats,needs_review,partial_stats,lege Student 32% English as a Second Language 60% Grew up in a Medically Underserved Region 90% Ties to Inland Southern California 40% Underrepresented in Medicine 21-30 Age Range 509 Average MCAT 3.66 Average BCPM GPA 35/51/4 Men/Women/No response The UCR School of Medicine seeks students with diverse intellectual and life experiences. We value broad academic backgrounds t,Review source manually; accepted rows require both MCAT and GPA.,2026-06-08,Only one MCAT/GPA value was extracted or source is below official-domain threshold. Fetched official domain seed in less conservative mode.
md_university_of_california_san_diego_school_of_medicine_san_diego_california,"University of California, San Diego School of Medicine",MD,http://meded.ucsd.edu/asa/admissions/,University of California - San Diego School of Medicine,admissions_page,meded.ucsd.edu,official_school_domain,1.00,fetch_failed_url_error,fetch_failed_url_error,needs_review,fetch_failed_url_error,,Review source manually.,2026-06-08,[SSL: CERTIFICATE_VERIFY_FAILED] certificate verify failed: unable to get local issuer certificate (_ssl.c:1016)
md_university_of_california_san_francisco_school_of_medicine_san_francisco_californ,"University of California, San Francisco School of Medicine",MD,http://meded.ucsf.edu/admissions,MD Program Admissions | UCSF Medical Education,school_homepage,meded.ucsf.edu,official_school_domain,1.00,fetched,no_relevant_stats_found,needs_review,stats_not_found,,Review source manually or keep as official source missing.,2026-06-08,No class-profile MCAT/GPA values found. Fetched official domain seed in less conservative mode.
md_university_of_central_florida_college_of_medicine_orlando_florida,University of Central Florida College of Medicine,MD,https://med.ucf.edu/about/annual-report/,Annual Report - College of Medicine,annual_report,med.ucf.edu,official_school_domain,1.00,fetched,no_relevant_stats_found,needs_review,stats_not_found,,Review source manually or keep as official source missing.,2026-06-08,No class-profile MCAT/GPA values found.
md_university_of_central_florida_college_of_medicine_orlando_florida,University of Central Florida College of Medicine,MD,https://med.ucf.edu/about/college-facts/,College Facts - College of Medicine,annual_report,med.ucf.edu,official_school_domain,1.00,fetched,no_relevant_stats_found,needs_review,stats_not_found,,Review source manually or keep as official source missing.,2026-06-08,No class-profile MCAT/GPA values found.
md_university_of_central_florida_college_of_medicine_orlando_florida,University of Central Florida College of Medicine,MD,https://med.ucf.edu/admissions/,Admissions - College of Medicine,annual_report,med.ucf.edu,official_school_domain,1.00,fetched,no_relevant_stats_found,needs_review,stats_not_found,,Review source manually or keep as official source missing.,2026-06-08,No class-profile MCAT/GPA values found. Fetched official domain seed in less conservative mode.
md_university_of_central_florida_college_of_medicine_orlando_florida,University of Central Florida College of Medicine,MD,https://med.ucf.edu/media/2013/07/COM_annual_report_073.jpg,COM_annual_report_073.jpg,annual_report,med.ucf.edu,official_school_domain,1.00,fetched,no_relevant_stats_found,needs_review,stats_not_found,,Review source manually or keep as official source missing.,2026-06-08,No class-profile MCAT/GPA values found.
md_university_of_central_florida_college_of_medicine_orlando_florida,University of Central Florida College of Medicine,MD,https://med.ucf.edu/media/2013/10/COM_annual_report_030.jpg,COM_annual_report_030.jpg,annual_report,med.ucf.edu,official_school_domain,1.00,fetched,no_relevant_stats_found,needs_review,stats_not_found,,Review source manually or keep as official source missing.,2026-06-08,No class-profile MCAT/GPA values found.
md_university_of_central_florida_college_of_medicine_orlando_florida,University of Central Florida College of Medicine,MD,https://med.ucf.edu/media/2025/04/RenewU-Figures.png,RenewU-Figures.png,unknown,med.ucf.edu,official_school_domain,1.00,fetched,no_relevant_stats_found,needs_review,stats_not_found,,Review source manually or keep as official source missing.,2026-06-08,No class-profile MCAT/GPA values found.
md_university_of_central_florida_college_of_medicine_orlando_florida,University of Central Florida College of Medicine,MD,https://med.ucf.edu/media/2026/03/2026-MATCH-FACTS.png,2026-MATCH-FACTS.png,unknown,med.ucf.edu,official_school_domain,1.00,fetched,no_relevant_stats_found,needs_review,stats_not_found,,Review source manually or keep as official source missing.,2026-06-08,No class-profile MCAT/GPA values found.
md_university_of_central_florida_college_of_medicine_orlando_florida,University of Central Florida College of Medicine,MD,https://med.ucf.edu/question/what-type-of-institutional-scholarships-will-be-available-to-the-incoming-class-of-students/,What type of institutional scholarships will be available to the incoming class of students? - College of Medicine,annual_report,med.ucf.edu,official_school_domain,1.00,fetched,no_relevant_stats_found,needs_review,stats_not_found,,Review source manually or keep as official source missing.,2026-06-08,No class-profile MCAT/GPA values found.
md_university_of_cincinnati_college_of_medicine_cincinnati_ohio,University of Cincinnati College of Medicine,MD,https://med.uc.edu/admissions/medical-student-admissions/home,Home | Medical Student Admissions at the University of Cincinnati Menu bars icon,class_profile,med.uc.edu,official_school_domain,1.00,fetched,no_relevant_stats_found,needs_review,stats_not_found,,Review source manually or keep as official source missing.,2026-06-08,No class-profile MCAT/GPA values found. Fetched official domain seed in less conservative mode.
md_university_of_colorado_school_of_medicine_denver_colorado,University of Colorado School of Medicine,MD,http://www.ucdenver.edu/academics/colleges/medicalschool/education/Admissions/Pages/admissions.aspx,Error 404,unknown,ucdenver.edu,official_school_domain,1.00,fetched,no_relevant_stats_found,needs_review,stats_not_found,,Review source manually or keep as official source missing.,2026-06-08,No class-profile MCAT/GPA values found. Fetched official domain seed in less conservative mode.
md_university_of_connecticut_school_of_medicine_farmington_connecticut,University of Connecticut School of Medicine,MD,http://medicine.uconn.edu/about-us/fast-facts/,Fast Facts | School of Medicine | University of Connecticut Search UConn UConn A to Z Index,annual_report,medicine.uconn.edu,official_school_domain,1.00,fetched,no_relevant_stats_found,needs_review,stats_not_found,,Review source manually or keep as official source missing.,2026-06-08,No class-profile MCAT/GPA values found.
md_university_of_connecticut_school_of_medicine_farmington_connecticut,University of Connecticut School of Medicine,MD,http://medicine.uconn.edu/admissions/applying-to-the-md-or-md-mba-programs/,Applying to the M.D. Program | School of Medicine | University of Connecticut Search UConn UConn A to Z Index,class_profile,medicine.uconn.edu,official_school_domain,1.00,fetched,no_relevant_stats_found,needs_review,stats_not_found,,Review source manually or keep as official source missing.,2026-06-08,No class-profile MCAT/GPA values found.
md_university_of_connecticut_school_of_medicine_farmington_connecticut,University of Connecticut School of Medicine,MD,https://medicine.uconn.edu/about-us/fast-facts/,Fast Facts | School of Medicine | University of Connecticut Search UConn UConn A to Z Index,annual_report,medicine.uconn.edu,official_school_domain,1.00,fetched,no_relevant_stats_found,needs_review,stats_not_found,,Review source manually or keep as official source missing.,2026-06-08,No class-profile MCAT/GPA values found.
md_university_of_connecticut_school_of_medicine_farmington_connecticut,University of Connecticut School of Medicine,MD,https://medicine.uconn.edu/annual-report/,Annual Report | School of Medicine | University of Connecticut Search UConn UConn A to Z Index,annual_report,medicine.uconn.edu,official_school_domain,1.00,fetched,no_relevant_stats_found,needs_review,stats_not_found,,Review source manually or keep as official source missing.,2026-06-08,No class-profile MCAT/GPA values found.
md_university_of_florida_college_of_medicine_gainesville_florida,University of Florida College of Medicine,MD,http://admissions.med.ufl.edu/,Medical Admissions » College of Medicine » University of Florida,class_profile,admissions.med.ufl.edu,official_school_domain,1.00,fetched,no_relevant_stats_found,needs_review,stats_not_found,,Review source manually or keep as official source missing.,2026-06-08,No class-profile MCAT/GPA values found. Fetched official domain seed in less conservative mode.
md_university_of_illinois_college_of_medicine_chicago_illinois,University of Illinois College of Medicine,MD,http://www.medicine.uic.edu/education/m_d_admissions,University of Illinois College of Medicine,admissions_page,medicine.uic.edu,official_school_domain,1.00,fetch_failed_url_error,fetch_failed_url_error,needs_review,fetch_failed_url_error,,Review source manually.,2026-06-08,[SSL: CERTIFICATE_VERIFY_FAILED] certificate verify failed: unable to get local issuer certificate (_ssl.c:1016)
md_university_of_kansas_school_of_medicine_kansas_city_kansas,University of Kansas School of Medicine,MD,http://www.kumc.edu/school-of-medicine/education/admissions.html,Academics,annual_report,kumc.edu,official_school_domain,1.00,fetched,no_relevant_stats_found,needs_review,stats_not_found,,Review source manually or keep as official source missing.,2026-06-08,No class-profile MCAT/GPA values found. Fetched official domain seed in less conservative mode.
md_university_of_kansas_school_of_medicine_kansas_city_kansas,University of Kansas School of Medicine,MD,https://www.kumc.edu/school-of-medicine/academics/departments/pathology/about/news/chairs-annual-report-2021.html,Chair's Annual Report 2021,annual_report,kumc.edu,official_school_domain,1.00,fetched,no_relevant_stats_found,needs_review,stats_not_found,,Review source manually or keep as official source missing.,2026-06-08,No class-profile MCAT/GPA values found.
md_university_of_kansas_school_of_medicine_kansas_city_kansas,University of Kansas School of Medicine,MD,https://www.kumc.edu/school-of-medicine/academics/departments/pediatrics/academics/leadership-education-in-neurodevelopment-and-related-disabilities-(lend)/impact-and-outreach/annual-reports.html,Annual Reports,annual_report,kumc.edu,official_school_domain,1.00,fetched,no_relevant_stats_found,needs_review,stats_not_found,,Review source manually or keep as official source missing.,2026-06-08,No class-profile MCAT/GPA values found.
md_university_of_kansas_school_of_medicine_kansas_city_kansas,University of Kansas School of Medicine,MD,https://www.kumc.edu/school-of-medicine/campuses/wichita/about/news/news-archive/ku-school-of-medicine-wichita-touts-facts-not-fear-in-covid-fight.html,KU School of Medicine-Wichita touts 'facts not fear' in COVID fight,annual_report,kumc.edu,official_school_domain,1.00,fetched,no_relevant_stats_found,needs_review,stats_not_found,,Review source manually or keep as official source missing.,2026-06-08,No class-profile MCAT/GPA values found.
md_university_of_kansas_school_of_medicine_kansas_city_kansas,University of Kansas School of Medicine,MD,https://www.kumc.edu/school-of-medicine/campuses/wichita/about/news/wichita-hands-control-of-facts-not-fear-ict-campaign-2.4m-grant-to-ku-med-school.html,"Wichita hands control of Facts Not Fear ICT campaign, $2.4M grant to KU med school",annual_report,kumc.edu,official_school_domain,1.00,fetched,no_relevant_stats_found,needs_review,stats_not_found,,Review source manually or keep as official source missing.,2026-06-08,No class-profile MCAT/GPA values found.
md_university_of_kansas_school_of_medicine_kansas_city_kansas,University of Kansas School of Medicine,MD,https://www.kumc.edu/school-of-medicine/campuses/wichita/academics/population-health/research/facts-not-fear-ict.html,Facts Not Fear ICT,annual_report,kumc.edu,official_school_domain,1.00,fetched,no_relevant_stats_found,needs_review,stats_not_found,,Review source manually or keep as official source missing.,2026-06-08,No class-profile MCAT/GPA values found.
md_university_of_kansas_school_of_medicine_kansas_city_kansas,University of Kansas School of Medicine,MD,https://www.kumc.edu/school-of-medicine/campuses/wichita/academics/population-health/research/facts-not-fear-ict/community-resources.html,Community Resources,annual_report,kumc.edu,official_school_domain,1.00,fetched,no_relevant_stats_found,needs_review,stats_not_found,,Review source manually or keep as official source missing.,2026-06-08,No class-profile MCAT/GPA values found.
md_university_of_kansas_school_of_medicine_kansas_city_kansas,University of Kansas School of Medicine,MD,https://www.kumc.edu/school-of-medicine/campuses/wichita/academics/population-health/research/facts-not-fear-ict/health-topics.html,Health Topics,annual_report,kumc.edu,official_school_domain,1.00,fetched,no_relevant_stats_found,needs_review,stats_not_found,,Review source manually or keep as official source missing.,2026-06-08,No class-profile MCAT/GPA values found.
md_university_of_kansas_school_of_medicine_kansas_city_kansas,University of Kansas School of Medicine,MD,https://www.kumc.edu/school-of-medicine/campuses/wichita/academics/population-health/research/facts-not-fear-ict/impact.html,Impact,annual_report,kumc.edu,official_school_domain,1.00,fetched,no_relevant_stats_found,needs_review,stats_not_found,,Review source manually or keep as official source missing.,2026-06-08,No class-profile MCAT/GPA values found.
md_university_of_kansas_school_of_medicine_kansas_city_kansas,University of Kansas School of Medicine,MD,https://www.kumc.edu/school-of-medicine/campuses/wichita/academics/population-health/research/facts-not-fear-ict/reducing-stigma.html,Reducing Stigma,annual_report,kumc.edu,official_school_domain,1.00,fetched,no_relevant_stats_found,needs_review,stats_not_found,,Review source manually or keep as official source missing.,2026-06-08,No class-profile MCAT/GPA values found.
md_university_of_kentucky_college_of_medicine_lexington_kentucky,University of Kentucky College of Medicine,MD,http://meded.med.uky.edu/medical-school-admissions,University of Kentucky College of Medicine,admissions_page,meded.med.uky.edu,official_school_domain,1.00,fetch_failed_url_error,fetch_failed_url_error,needs_review,fetch_failed_url_error,,Review source manually.,2026-06-08,[SSL: TLSV1_UNRECOGNIZED_NAME] tlsv1 unrecognized name (_ssl.c:1016)
md_university_of_louisville_school_of_medicine_louisville_kentucky,University of Louisville School of Medicine,MD,http://louisville.edu/medicine/admissions,Home | School of Medicine Read more Read more Read more Read more Read more Read more Read more Read more Read more Read more Read more Read more Read more Read more Read more Read more Read more Read more Read more Read more Read more Close Open Expand Collapse Expand Collapse Expand Collapse Expand Collapse Expand Collapse Expand Collapse Open Close Read more Open Close Read more Read more Read more Read more Read more Read more Read more Read more Read more Back to Read more facebook twitter linkedin,school_homepage,louisville.edu,official_school_domain,1.00,fetched,no_relevant_stats_found,needs_review,stats_not_found,,Review source manually or keep as official source missing.,2026-06-08,No class-profile MCAT/GPA values found. Fetched official domain seed in less conservative mode.
md_university_of_maryland_school_of_medicine_baltimore_maryland,University of Maryland School of Medicine,MD,http://www.medschool.umaryland.edu/admissions/MD-Application/,University of Maryland School of Medicine,admissions_page,medschool.umaryland.edu,official_school_domain,1.00,fetch_failed_http_404,fetch_failed_http_404,needs_review,fetch_failed_http_404,,Review source manually.,2026-06-08,HTTP Error 404: Not Found
md_university_of_michigan_medical_school_ann_arbor_michigan,University of Michigan Medical School,MD,https://www.cmich.edu/academics/colleges/college-of-medicine,Covenant HealthCare College of Medicine at Central Michigan University,annual_report,cmich.edu,official_school_domain,1.00,fetched,no_relevant_stats_found,needs_review,stats_not_found,,Review source manually or keep as official source missing.,2026-06-08,No class-profile MCAT/GPA values found. Fetched official domain seed in less conservative mode.
md_university_of_michigan_medical_school_ann_arbor_michigan,University of Michigan Medical School,MD,https://www.cmich.edu/academics/colleges/college-of-medicine/about-college-medicine/annual-reports,Annual Reports,annual_report,cmich.edu,official_school_domain,1.00,fetched,no_relevant_stats_found,needs_review,stats_not_found,,Review source manually or keep as official source missing.,2026-06-08,No class-profile MCAT/GPA values found.
md_university_of_mississippi_school_of_medicine_jackson_mississippi,University of Mississippi School of Medicine,MD,https://www.umc.edu/som/Departments%20and%20Offices/SOM%20Administrative%20Offices/SOM%20Admissions/SOM%20Admissions.html,School of Medicine Admissions - University of Mississippi Medical Center,school_homepage,umc.edu,official_school_domain,1.00,fetched,no_relevant_stats_found,needs_review,stats_not_found,,Review source manually or keep as official source missing.,2026-06-08,No class-profile MCAT/GPA values found. Fetched official domain seed in less conservative mode.
md_university_of_missouri_columbia_school_of_medicine_columbia_missouri,University of Missouri-Columbia School of Medicine,MD,http://medicine.missouri.edu/admissions/,University of Missouri School of Medicine,school_homepage,medicine.missouri.edu,official_school_domain,1.00,fetched,no_relevant_stats_found,needs_review,stats_not_found,,Review source manually or keep as official source missing.,2026-06-08,No class-profile MCAT/GPA values found. Fetched official domain seed in less conservative mode.
md_university_of_missouri_columbia_school_of_medicine_columbia_missouri,University of Missouri-Columbia School of Medicine,MD,http://medicine.missouri.edu/admissions/class-profile/,University of Missouri School of Medicine,school_homepage,medicine.missouri.edu,official_school_domain,1.00,fetched,no_relevant_stats_found,needs_review,stats_not_found,,Review source manually or keep as official source missing.,2026-06-08,No class-profile MCAT/GPA values found.
md_university_of_missouri_columbia_school_of_medicine_columbia_missouri,University of Missouri-Columbia School of Medicine,MD,http://medicine.missouri.edu/admissions/class-statistics/,University of Missouri School of Medicine,school_homepage,medicine.missouri.edu,official_school_domain,1.00,fetched,no_relevant_stats_found,needs_review,stats_not_found,,Review source manually or keep as official source missing.,2026-06-08,No class-profile MCAT/GPA values found.
md_university_of_missouri_columbia_school_of_medicine_columbia_missouri,University of Missouri-Columbia School of Medicine,MD,http://medicine.missouri.edu/admissions/entering-class-profile/,University of Missouri School of Medicine,school_homepage,medicine.missouri.edu,official_school_domain,1.00,fetched,no_relevant_stats_found,needs_review,stats_not_found,,Review source manually or keep as official source missing.,2026-06-08,No class-profile MCAT/GPA values found.
md_university_of_missouri_columbia_school_of_medicine_columbia_missouri,University of Missouri-Columbia School of Medicine,MD,http://medicine.missouri.edu/admissions/entering-class-statistics/,University of Missouri School of Medicine,school_homepage,medicine.missouri.edu,official_school_domain,1.00,fetched,no_relevant_stats_found,needs_review,stats_not_found,,Review source manually or keep as official source missing.,2026-06-08,No class-profile MCAT/GPA values found.
md_university_of_missouri_kansas_city_school_of_medicine_kansas_city_missouri,University of Missouri-Kansas City School of Medicine,MD,http://med.umkc.edu/admissions/class-profile/,"404 Page Not Found - School of Medicine | University of Missouri-Kansas City UMKC School of Medicine on Facebook <span class=""sr-only""> link opens in a new tab</span> UMKC School of Medicine on Twitter <span class=""sr-only""> link opens in a new tab</span> UMKC School of Medicine on YouTube <span class=""sr-only""> link opens in a new tab</span>",annual_report,med.umkc.edu,official_school_domain,1.00,fetched,no_relevant_stats_found,needs_review,stats_not_found,,Review source manually or keep as official source missing.,2026-06-08,No class-profile MCAT/GPA values found.
md_university_of_missouri_kansas_city_school_of_medicine_kansas_city_missouri,University of Missouri-Kansas City School of Medicine,MD,http://med.umkc.edu/admissions/class-statistics/,"404 Page Not Found - School of Medicine | University of Missouri-Kansas City UMKC School of Medicine on Facebook <span class=""sr-only""> link opens in a new tab</span> UMKC School of Medicine on Twitter <span class=""sr-only""> link opens in a new tab</span> UMKC School of Medicine on YouTube <span class=""sr-only""> link opens in a new tab</span>",annual_report,med.umkc.edu,official_school_domain,1.00,fetched,no_relevant_stats_found,needs_review,stats_not_found,,Review source manually or keep as official source missing.,2026-06-08,No class-profile MCAT/GPA values found.
md_university_of_missouri_kansas_city_school_of_medicine_kansas_city_missouri,University of Missouri-Kansas City School of Medicine,MD,http://med.umkc.edu/admissions/entering-class-profile/,"404 Page Not Found - School of Medicine | University of Missouri-Kansas City UMKC School of Medicine on Facebook <span class=""sr-only""> link opens in a new tab</span> UMKC School of Medicine on Twitter <span class=""sr-only""> link opens in a new tab</span> UMKC School of Medicine on YouTube <span class=""sr-only""> link opens in a new tab</span>",annual_report,med.umkc.edu,official_school_domain,1.00,fetched,no_relevant_stats_found,needs_review,stats_not_found,,Review source manually or keep as official source missing.,2026-06-08,No class-profile MCAT/GPA values found.
md_university_of_missouri_kansas_city_school_of_medicine_kansas_city_missouri,University of Missouri-Kansas City School of Medicine,MD,http://med.umkc.edu/admissions/entering-class-statistics/,"404 Page Not Found - School of Medicine | University of Missouri-Kansas City UMKC School of Medicine on Facebook <span class=""sr-only""> link opens in a new tab</span> UMKC School of Medicine on Twitter <span class=""sr-only""> link opens in a new tab</span> UMKC School of Medicine on YouTube <span class=""sr-only""> link opens in a new tab</span>",annual_report,med.umkc.edu,official_school_domain,1.00,fetched,no_relevant_stats_found,needs_review,stats_not_found,,Review source manually or keep as official source missing.,2026-06-08,No class-profile MCAT/GPA values found.
md_university_of_missouri_kansas_city_school_of_medicine_kansas_city_missouri,University of Missouri-Kansas City School of Medicine,MD,http://med.umkc.edu/md/apply/,"Application Information - M.D. Program - Degree and Certificate Programs - Academics - School of Medicine | University of Missouri-Kansas City UMKC School of Medicine on Facebook <span class=""sr-only""> link opens in a new tab</span> UMKC School of Medicine on Twitter <span class=""sr-only""> link opens in a new tab</span> UMKC School of Medicine on YouTube <span class=""sr-only""> link opens in a new tab</span>",class_profile,med.umkc.edu,official_school_domain,1.00,fetched,no_relevant_stats_found,needs_review,stats_not_found,,Review source manually or keep as official source missing.,2026-06-08,No class-profile MCAT/GPA values found.
md_university_of_missouri_kansas_city_school_of_medicine_kansas_city_missouri,University of Missouri-Kansas City School of Medicine,MD,https://med.umkc.edu/academics/degree-and-certificate-programs/ba-md/student-profiles.html,"Student Profiles - B.A./M.D. Program - Degree and Certificate Programs - Academics - School of Medicine | University of Missouri-Kansas City UMKC School of Medicine on Facebook <span class=""sr-only""> link opens in a new tab</span> UMKC School of Medicine on Twitter <span class=""sr-only""> link opens in a new tab</span> UMKC School of Medicine on YouTube <span class=""sr-only""> link opens in a new tab</span>",class_profile,med.umkc.edu,official_school_domain,1.00,fetched,no_relevant_stats_found,needs_review,stats_not_found,,Review source manually or keep as official source missing.,2026-06-08,No class-profile MCAT/GPA values found.
md_university_of_missouri_kansas_city_school_of_medicine_kansas_city_missouri,University of Missouri-Kansas City School of Medicine,MD,https://med.umkc.edu/academics/degree-and-certificate-programs/md/student-profiles.html,"Student Profiles - M.D. Program - Degree and Certificate Programs - Academics - School of Medicine | University of Missouri-Kansas City UMKC School of Medicine on Facebook <span class=""sr-only""> link opens in a new tab</span> UMKC School of Medicine on Twitter <span class=""sr-only""> link opens in a new tab</span> UMKC School of Medicine on YouTube <span class=""sr-only""> link opens in a new tab</span>",class_profile,med.umkc.edu,official_school_domain,1.00,fetched,no_relevant_stats_found,needs_review,stats_not_found,,Review source manually or keep as official source missing.,2026-06-08,No class-profile MCAT/GPA values found.
md_university_of_missouri_kansas_city_school_of_medicine_kansas_city_missouri,University of Missouri-Kansas City School of Medicine,MD,https://med.umkc.edu/academics/degree-and-certificate-programs/msa/student-profiles.html,"Student Profiles - Master of Science in Anesthesia - Degree and Certificate Programs - Academics - School of Medicine | University of Missouri-Kansas City UMKC School of Medicine on Facebook <span class=""sr-only""> link opens in a new tab</span> UMKC School of Medicine on Twitter <span class=""sr-only""> link opens in a new tab</span> UMKC School of Medicine on YouTube <span class=""sr-only""> link opens in a new tab</span>",class_profile,med.umkc.edu,official_school_domain,1.00,fetched,no_relevant_stats_found,needs_review,stats_not_found,,Review source manually or keep as official source missing.,2026-06-08,No class-profile MCAT/GPA values found.
md_university_of_missouri_kansas_city_school_of_medicine_kansas_city_missouri,University of Missouri-Kansas City School of Medicine,MD,https://med.umkc.edu/academics/degree-and-certificate-programs/pa/student-profiles.html,"Student Profiles - Master of Medical Science Physician Assistant - Degree and Certificate Programs - Academics - School of Medicine | University of Missouri-Kansas City UMKC School of Medicine on Facebook <span class=""sr-only""> link opens in a new tab</span> UMKC School of Medicine on Twitter <span class=""sr-only""> link opens in a new tab</span> UMKC School of Medicine on YouTube <span class=""sr-only""> link opens in a new tab</span>",class_profile,med.umkc.edu,official_school_domain,1.00,fetched,no_relevant_stats_found,needs_review,stats_not_found,,Review source manually or keep as official source missing.,2026-06-08,No class-profile MCAT/GPA values found.
md_university_of_nebraska_college_of_medicine_omaha_nebraska,University of Nebraska College of Medicine,MD,http://www.unmc.edu/com/prospective/admissions/index.html,University of Nebraska College of Medicine,admissions_page,unmc.edu,official_school_domain,1.00,fetch_failed_http_404,fetch_failed_http_404,needs_review,fetch_failed_http_404,,Review source manually.,2026-06-08,HTTP Error 404: Not Found
md_university_of_nevada_reno_school_of_medicine_reno_nevada,"University of Nevada, Reno School of Medicine",MD,http://med.unr.edu/admissions,"Financial Aid | University of Nevada, Reno School of Medicine | School of Medicine",school_homepage,med.unr.edu,official_school_domain,1.00,fetched,no_relevant_stats_found,needs_review,stats_not_found,,Review source manually or keep as official source missing.,2026-06-08,No class-profile MCAT/GPA values found. Fetched official domain seed in less conservative mode.
md_university_of_nevada_reno_school_of_medicine_reno_nevada,"University of Nevada, Reno School of Medicine",MD,https://med.unr.edu/about/annual-report,UNR Med Annual Report | School of Medicine,annual_report,med.unr.edu,official_school_domain,1.00,fetched,no_relevant_stats_found,needs_review,stats_not_found,,Review source manually or keep as official source missing.,2026-06-08,No class-profile MCAT/GPA values found.
md_university_of_new_mexico_school_of_medicine_albuquerque_new_mexico,University of New Mexico School of Medicine,MD,http://som.unm.edu/education/md/ume/,Undergraduate Medical Education | School of Medicine,school_homepage,som.unm.edu,official_school_domain,1.00,fetched,no_relevant_stats_found,needs_review,stats_not_found,,Review source manually or keep as official source missing.,2026-06-08,No class-profile MCAT/GPA values found. Fetched official domain seed in less conservative mode.
md_university_of_north_dakota_school_of_medicine_and_health_sciences_grand_forks_no,University of North Dakota School of Medicine and Health Sciences,MD,http://www.med.und.edu/student-affairs-admissions/application-process.cfm,University of North Dakota School of Medicine and Health Sciences,admissions_page,med.und.edu,official_school_domain,1.00,fetch_failed_url_error,fetch_failed_url_error,needs_review,fetch_failed_url_error,,Review source manually.,2026-06-08,timed out
md_university_of_oklahoma_college_of_medicine_oklahoma_city_oklahoma,University of Oklahoma College of Medicine,MD,https://www.oumedicine.com/college-of-medicine/information-about/admissions,University of Oklahoma College of Medicine,admissions_page,oumedicine.com,official_school_domain,1.00,fetch_failed_http_404,fetch_failed_http_404,needs_review,fetch_failed_http_404,,Review source manually.,2026-06-08,HTTP Error 404: Not Found
md_university_of_pittsburgh_school_of_medicine_pittsburgh_pennsylvania,University of Pittsburgh School of Medicine,MD,http://medschool.pitt.edu/admissions/index.aspx,University of Pittsburgh School of Medicine,admissions_page,medschool.pitt.edu,official_school_domain,1.00,fetch_failed_http_404,fetch_failed_http_404,needs_review,fetch_failed_http_404,,Review source manually.,2026-06-08,HTTP Error 404: Not Found
md_university_of_rochester_school_of_medicine_and_dentistry_rochester_new_york,University of Rochester School of Medicine and Dentistry,MD,https://www.urmc.rochester.edu/education/md/admissions.aspx,MD Admissions - Medical Education - Education - URochester Medicine,class_profile,urmc.rochester.edu,official_school_domain,1.00,fetched,no_relevant_stats_found,needs_review,stats_not_found,,Review source manually or keep as official source missing.,2026-06-08,No class-profile MCAT/GPA values found. Fetched official domain seed in less conservative mode.
md_university_of_south_carolina_school_of_medicine_greenville_greenville_south_caro,"University of South Carolina School of Medicine, Greenville",MD,http://sc.edu/study/colleges_schools/medicine_greenville/admissions/apply.php,University of South Carolina School of Medicine - Greenville,admissions_page,sc.edu,official_school_domain,1.00,fetch_failed_http_404,fetch_failed_http_404,needs_review,fetch_failed_http_404,,Review source manually.,2026-06-08,HTTP Error 404: Not Found
md_university_of_south_carolina_school_of_medicine_greenville_greenville_south_caro,"University of South Carolina School of Medicine, Greenville",MD,https://sc.edu/study/colleges_schools/medicine/education/md_program/admission/classprofile/index.php,Sitemap stats-like URL,class_profile,sc.edu,official_school_domain,1.00,fetch_failed_http_404,fetch_failed_http_404,needs_review,fetch_failed_http_404,,Review source manually.,2026-06-08,HTTP Error 404: Not Found
md_university_of_south_dakota_sanford_school_of_medicine_vermillion_south_dakota,University of South Dakota Sanford School of Medicine,MD,http://www.usd.edu/medicine/medical-student-affairs/eligibility,Page Not Found | University of South Dakota,annual_report,usd.edu,official_school_domain,1.00,fetched,no_relevant_stats_found,needs_review,stats_not_found,,Review source manually or keep as official source missing.,2026-06-08,No class-profile MCAT/GPA values found. Fetched official domain seed in less conservative mode.
md_university_of_tennessee_health_science_center_college_of_medicine_memphis_tennes,University of Tennessee Health Science Center College of Medicine,MD,https://uthsc.edu/about/strategic-plan/documents/medicine-annual-report.docx,Sitemap stats-like URL,annual_report,uthsc.edu,official_school_domain,1.00,fetch_failed_http_404,fetch_failed_http_404,needs_review,fetch_failed_http_404,,Review source manually.,2026-06-08,HTTP Error 404: Not Found
md_university_of_tennessee_health_science_center_college_of_medicine_memphis_tennes,University of Tennessee Health Science Center College of Medicine,MD,https://uthsc.edu/medicine/admissions/class-profiles.php,Profile of Admitted Class | Admissions | College of Medicine | UTHSC,class_profile,uthsc.edu,official_school_domain,1.00,fetched,no_relevant_stats_found,needs_review,stats_not_found,,Review source manually or keep as official source missing.,2026-06-08,No class-profile MCAT/GPA values found.
md_university_of_tennessee_health_science_center_college_of_medicine_memphis_tennes,University of Tennessee Health Science Center College of Medicine,MD,https://uthsc.edu/medicine/admissions/roster/documents/2015-entering-class-list.pdf,Sitemap stats-like URL,pdf_report,uthsc.edu,official_school_domain,1.00,fetch_failed_http_404,fetch_failed_http_404,needs_review,fetch_failed_http_404,,Review source manually.,2026-06-08,HTTP Error 404: Not Found
md_university_of_tennessee_health_science_center_college_of_medicine_memphis_tennes,University of Tennessee Health Science Center College of Medicine,MD,https://uthsc.edu/medicine/admissions/roster/documents/2016-entering-class.pdf,Sitemap stats-like URL,pdf_report,uthsc.edu,official_school_domain,1.00,fetch_failed_http_404,fetch_failed_http_404,needs_review,fetch_failed_http_404,,Review source manually.,2026-06-08,HTTP Error 404: Not Found
md_university_of_tennessee_health_science_center_college_of_medicine_memphis_tennes,University of Tennessee Health Science Center College of Medicine,MD,https://uthsc.edu/medicine/admissions/roster/documents/2017-entering-class-list.pdf,Sitemap stats-like URL,pdf_report,uthsc.edu,official_school_domain,1.00,fetch_failed_http_404,fetch_failed_http_404,needs_review,fetch_failed_http_404,,Review source manually.,2026-06-08,HTTP Error 404: Not Found
md_university_of_tennessee_health_science_center_college_of_medicine_memphis_tennes,University of Tennessee Health Science Center College of Medicine,MD,https://uthsc.edu/medicine/admissions/roster/documents/2018-entering-class-list.pdf,Sitemap stats-like URL,pdf_report,uthsc.edu,official_school_domain,1.00,fetch_failed_http_404,fetch_failed_http_404,needs_review,fetch_failed_http_404,,Review source manually.,2026-06-08,HTTP Error 404: Not Found
md_university_of_tennessee_health_science_center_college_of_medicine_memphis_tennes,University of Tennessee Health Science Center College of Medicine,MD,https://uthsc.edu/medicine/admissions/roster/documents/2019-entering-class.pdf,Sitemap stats-like URL,pdf_report,uthsc.edu,official_school_domain,1.00,fetch_failed_http_404,fetch_failed_http_404,needs_review,fetch_failed_http_404,,Review source manually.,2026-06-08,HTTP Error 404: Not Found
md_university_of_tennessee_health_science_center_college_of_medicine_memphis_tennes,University of Tennessee Health Science Center College of Medicine,MD,https://uthsc.edu/medicine/admissions/roster/documents/2020-entering-class.pdf,Sitemap stats-like URL,pdf_report,uthsc.edu,official_school_domain,1.00,fetch_failed_http_404,fetch_failed_http_404,needs_review,fetch_failed_http_404,,Review source manually.,2026-06-08,HTTP Error 404: Not Found
md_university_of_tennessee_health_science_center_college_of_medicine_memphis_tennes,University of Tennessee Health Science Center College of Medicine,MD,https://uthsc.edu/medicine/student-affairs/documents/composites-residency/uthsc-com-2023-entering-class-composite.pdf,Sitemap stats-like URL,pdf_report,uthsc.edu,official_school_domain,1.00,fetch_failed_http_401,fetch_failed_http_401,needs_review,fetch_failed_http_401,,Review source manually.,2026-06-08,HTTP Error 401: Unauthorized
md_university_of_tennessee_health_science_center_college_of_medicine_memphis_tennes,University of Tennessee Health Science Center College of Medicine,MD,https://uthsc.edu/medicine/test/chattanooga/gme/fast-facts.php,Sitemap stats-like URL,class_profile,uthsc.edu,official_school_domain,1.00,fetch_failed_http_404,fetch_failed_http_404,needs_review,fetch_failed_http_404,,Review source manually.,2026-06-08,HTTP Error 404: Not Found
md_university_of_tennessee_health_science_center_college_of_medicine_memphis_tennes,University of Tennessee Health Science Center College of Medicine,MD,https://www.uthsc.edu/Medicine/Admissions/index.php,Admissions | College of Medicine | UTHSC,school_homepage,uthsc.edu,official_school_domain,1.00,fetched,no_relevant_stats_found,needs_review,stats_not_found,,Review source manually or keep as official source missing.,2026-06-08,No class-profile MCAT/GPA values found. Fetched official domain seed in less conservative mode.
md_university_of_tennessee_health_science_center_college_of_medicine_memphis_tennes,University of Tennessee Health Science Center College of Medicine,MD,https://www.uthsc.edu/medicine/admissions/class-profiles.php,Profile of Admitted Class | Admissions | College of Medicine | UTHSC,class_profile,uthsc.edu,official_school_domain,1.00,fetched,no_relevant_stats_found,needs_review,stats_not_found,,Review source manually or keep as official source missing.,2026-06-08,No class-profile MCAT/GPA values found.
md_university_of_texas_rio_grande_valley_school_of_medicine_edinburg_texas,University of Texas Rio Grande Valley School of Medicine,MD,http://www.utrgv.edu/school-of-medicine/admissions-and-aid/index.htm,Page Not Found | UTRGV,annual_report,utrgv.edu,official_school_domain,1.00,fetched,no_relevant_stats_found,needs_review,stats_not_found,,Review source manually or keep as official source missing.,2026-06-08,No class-profile MCAT/GPA values found. Fetched official domain seed in less conservative mode.
md_university_of_texas_southwestern_medical_school_dallas_texas,University of Texas Southwestern Medical School,MD,http://www.utsouthwestern.edu/education/medical-school/admissions/,"Medical School Admissions: UT Southwestern - Dallas, TX",class_profile,utsouthwestern.edu,official_school_domain,1.00,fetched,no_relevant_stats_found,needs_review,stats_not_found,,Review source manually or keep as official source missing.,2026-06-08,No class-profile MCAT/GPA values found.
md_university_of_toledo_college_of_medicine_and_life_sciences_toledo_ohio,University of Toledo College of Medicine and Life Sciences,MD,https://www.utoledo.edu/med/md/,MD Programs,class_profile,utoledo.edu,official_school_domain,1.00,fetched,no_relevant_stats_found,needs_review,stats_not_found,,Review source manually or keep as official source missing.,2026-06-08,No class-profile MCAT/GPA values found.
md_university_of_virginia_school_of_medicine_charlottesville_virginia,University of Virginia School of Medicine,MD,https://med.virginia.edu/admissions/,Admissions - MD Program University of Virginia School of Medicine Search Icon down-arrow University of Virginia School of Medicine linkedin icon facebook twitter youtube,school_homepage,med.virginia.edu,official_school_domain,1.00,fetched,no_relevant_stats_found,needs_review,stats_not_found,,Review source manually or keep as official source missing.,2026-06-08,No class-profile MCAT/GPA values found. Fetched official domain seed in less conservative mode.
md_university_of_virginia_school_of_medicine_charlottesville_virginia,University of Virginia School of Medicine,MD,https://med.virginia.edu/home-2/2021-2022_annual-report_homepage-slider2_821x448/,2021-2022_annual-report_homepage-slider2_821x448 - University of Virginia School of Medicine University of Virginia School of Medicine Search Icon down-arrow University of Virginia School of Medicine linkedin icon facebook twitter youtube,annual_report,med.virginia.edu,official_school_domain,1.00,fetched,no_relevant_stats_found,needs_review,stats_not_found,,Review source manually or keep as official source missing.,2026-06-08,No class-profile MCAT/GPA values found.
md_university_of_virginia_school_of_medicine_charlottesville_virginia,University of Virginia School of Medicine,MD,https://med.virginia.edu/home-2/2021-2022_annual-report_homepage-slider_821x448/,2021-2022_annual-report_homepage-slider_821x448 - University of Virginia School of Medicine University of Virginia School of Medicine Search Icon down-arrow University of Virginia School of Medicine linkedin icon facebook twitter youtube,annual_report,med.virginia.edu,official_school_domain,1.00,fetched,no_relevant_stats_found,needs_review,stats_not_found,,Review source manually or keep as official source missing.,2026-06-08,No class-profile MCAT/GPA values found.
md_university_of_virginia_school_of_medicine_charlottesville_virginia,University of Virginia School of Medicine,MD,https://med.virginia.edu/home-2/2023-annual-report-cover-with-drop-shadow-gray-bkgrd-2x1/,2023 Annual Report cover with drop shadow gray bkgrd 2x1 - University of Virginia School of Medicine University of Virginia School of Medicine Search Icon down-arrow University of Virginia School of Medicine linkedin icon facebook twitter youtube,annual_report,med.virginia.edu,official_school_domain,1.00,fetched,no_relevant_stats_found,needs_review,stats_not_found,,Review source manually or keep as official source missing.,2026-06-08,No class-profile MCAT/GPA values found.
md_university_of_virginia_school_of_medicine_charlottesville_virginia,University of Virginia School of Medicine,MD,https://med.virginia.edu/home-2/2024-annual-report-on-gray-woodgrain-tabletop-2/,2024 annual report on gray woodgrain tabletop - University of Virginia School of Medicine University of Virginia School of Medicine Search Icon down-arrow University of Virginia School of Medicine linkedin icon facebook twitter youtube,annual_report,med.virginia.edu,official_school_domain,1.00,fetched,no_relevant_stats_found,needs_review,stats_not_found,,Review source manually or keep as official source missing.,2026-06-08,No class-profile MCAT/GPA values found.
md_university_of_virginia_school_of_medicine_charlottesville_virginia,University of Virginia School of Medicine,MD,https://med.virginia.edu/home-2/2024-annual-report-on-gray-woodgrain-tabletop/,2024 annual report on gray woodgrain tabletop - University of Virginia School of Medicine University of Virginia School of Medicine Search Icon down-arrow University of Virginia School of Medicine linkedin icon facebook twitter youtube,annual_report,med.virginia.edu,official_school_domain,1.00,fetched,no_relevant_stats_found,needs_review,stats_not_found,,Review source manually or keep as official source missing.,2026-06-08,No class-profile MCAT/GPA values found.
md_university_of_washington_school_of_medicine_seattle_washington,University of Washington School of Medicine,MD,http://www.uwmedicine.org/education/md-program/admissions,University of Washington School of Medicine,admissions_page,uwmedicine.org,official_school_domain,1.00,fetch_failed_http_403,fetch_failed_http_403,needs_review,fetch_failed_http_403,,Review source manually.,2026-06-08,HTTP Error 403: Forbidden
md_university_of_wisconsin_school_of_medicine_and_public_health_madison_wisconsin,University of Wisconsin School of Medicine and Public Health,MD,http://www.med.wisc.edu/education/md/admissions/main/102,MD Admissions - School of Medicine and Public Health,class_profile,med.wisc.edu,official_school_domain,1.00,fetched,needs_review_partial_stats,needs_review,partial_stats,"riteria Letters of recommendation Technical standards Admissions Decisions Accepted Applicants Reapplying Admissions Statistics 7744 Total applications 176 Entering class students 3.78 Average cumulative GPA More Entering Class Stats Tuition and Aid From tuition to financial wellness to scholarships, find all the information you need to be financially prepared to attend medical school",Review source manually; accepted rows require both MCAT and GPA.,2026-06-08,Only one MCAT/GPA value was extracted or source is below official-domain threshold.
md_university_of_wisconsin_school_of_medicine_and_public_health_madison_wisconsin,University of Wisconsin School of Medicine and Public Health,MD,https://www.med.wisc.edu/about-us/facts-and-figures/,About Us - Facts and Figures - School of Medicine and Public Health,annual_report,med.wisc.edu,official_school_domain,1.00,fetched,no_relevant_stats_found,needs_review,stats_not_found,,Review source manually or keep as official source missing.,2026-06-08,No class-profile MCAT/GPA values found.
md_university_of_wisconsin_school_of_medicine_and_public_health_madison_wisconsin,University of Wisconsin School of Medicine and Public Health,MD,https://www.med.wisc.edu/news/warm-rural-medicine-program-2018-entering-class/,Wisconsin Academy for Rural Medicine welcomes new students - School of Medicine and Public Health,annual_report,med.wisc.edu,official_school_domain,1.00,fetched,no_relevant_stats_found,needs_review,stats_not_found,,Review source manually or keep as official source missing.,2026-06-08,No class-profile MCAT/GPA values found.
md_university_of_wisconsin_school_of_medicine_and_public_health_madison_wisconsin,University of Wisconsin School of Medicine and Public Health,MD,https://www.med.wisc.edu/research/facts-and-figures/,Research - Research Facts and Figures - School of Medicine and Public Health,annual_report,med.wisc.edu,official_school_domain,1.00,fetched,no_relevant_stats_found,needs_review,stats_not_found,,Review source manually or keep as official source missing.,2026-06-08,No class-profile MCAT/GPA values found.
md_vanderbilt_university_school_of_medicine_nashville_tennessee,Vanderbilt University School of Medicine,MD,https://medschool.vanderbilt.edu/2022/06/30/meet-the-vanderbilt-mstp-incoming-class-of-2022/,Meet the Vanderbilt MSTP Incoming Class of 2022! | School of Medicine | Vanderbilt University,school_homepage,medschool.vanderbilt.edu,official_school_domain,1.00,fetched,no_relevant_stats_found,needs_review,stats_not_found,,Review source manually or keep as official source missing.,2026-06-08,No class-profile MCAT/GPA values found.
md_vanderbilt_university_school_of_medicine_nashville_tennessee,Vanderbilt University School of Medicine,MD,https://medschool.vanderbilt.edu/md-admissions/,MD Program | School of Medicine | Vanderbilt University,school_homepage,medschool.vanderbilt.edu,official_school_domain,1.00,fetched,no_relevant_stats_found,needs_review,stats_not_found,,Review source manually or keep as official source missing.,2026-06-08,No class-profile MCAT/GPA values found. Fetched official domain seed in less conservative mode.
md_virginia_commonwealth_university_school_of_medicine_richmond_virginia,Virginia Commonwealth University School of Medicine,MD,http://www.medschool.vcu.edu/about/annual-reports/,Annual Reports - VCU School of Medicine,annual_report,medschool.vcu.edu,official_school_domain,1.00,fetched,no_relevant_stats_found,needs_review,stats_not_found,,Review source manually or keep as official source missing.,2026-06-08,No class-profile MCAT/GPA values found.
md_virginia_commonwealth_university_school_of_medicine_richmond_virginia,Virginia Commonwealth University School of Medicine,MD,http://www.medschool.vcu.edu/admissions/md/,Admissions VCU School of Medicine,annual_report,medschool.vcu.edu,official_school_domain,1.00,fetched,no_relevant_stats_found,needs_review,stats_not_found,,Review source manually or keep as official source missing.,2026-06-08,No class-profile MCAT/GPA values found. Fetched official domain seed in less conservative mode.
md_virginia_commonwealth_university_school_of_medicine_richmond_virginia,Virginia Commonwealth University School of Medicine,MD,https://medschool.vcu.edu/about/annual-reports/,Annual Reports - VCU School of Medicine,annual_report,medschool.vcu.edu,official_school_domain,1.00,fetched,no_relevant_stats_found,needs_review,stats_not_found,,Review source manually or keep as official source missing.,2026-06-08,No class-profile MCAT/GPA values found.
md_wayne_state_university_school_of_medicine_detroit_michigan,Wayne State University School of Medicine,MD,http://admissions.med.wayne.edu/,M.D. Admissions - Wayne State University Wayne State University Warrior strong facebook instagram youtube flickr linkedin,annual_report,admissions.med.wayne.edu,official_school_domain,1.00,fetched,no_relevant_stats_found,needs_review,stats_not_found,,Review source manually or keep as official source missing.,2026-06-08,No class-profile MCAT/GPA values found. Fetched official domain seed in less conservative mode.
md_west_virginia_university_school_of_medicine_morgantown_west_virginia,West Virginia University School of Medicine,MD,http://medicine.hsc.wvu.edu/md-admissions/,M.D. Admissions | School of Medicine | West Virginia University West Virginia University,class_profile,medicine.hsc.wvu.edu,official_school_domain,1.00,fetched,no_relevant_stats_found,needs_review,stats_not_found,,Review source manually or keep as official source missing.,2026-06-08,No class-profile MCAT/GPA values found. Fetched official domain seed in less conservative mode.
md_west_virginia_university_school_of_medicine_morgantown_west_virginia,West Virginia University School of Medicine,MD,http://medicine.hsc.wvu.edu/md-admissions/2029-class-profile/,2029 Class Profile | School of Medicine | West Virginia University West Virginia University,class_profile,medicine.hsc.wvu.edu,official_school_domain,1.00,fetched,needs_review_partial_stats,needs_review,partial_stats,: 543 Class Profile Class Size: 115 WV Residents: 47% OOS Residents: 53% Male: 57% Female: 43% Metrics Average BCPM GPA: 3.80 Average Postbac BCPM: 3.86 Average Masters BCPM: 3.89 Average MCAT Total: 511 Chemical and Physical Foundations of Biological Systems: 128 Critical Analysis and Reasoning Skills: 127 Biological and Biochemical Foundations of Living Systems: 128 Psychologica,Review source manually; accepted rows require both MCAT and GPA.,2026-06-08,Only one MCAT/GPA value was extracted or source is below official-domain threshold.
md_yale_school_of_medicine_new_haven_connecticut,Yale School of Medicine,MD,http://medicine.yale.edu/education/admissions/,Yale School of Medicine,admissions_page,medicine.yale.edu,official_school_domain,1.00,fetch_failed_http_404,fetch_failed_http_404,needs_review,fetch_failed_http_404,,Review source manually.,2026-06-08,HTTP Error 404: Not Found
md_yale_school_of_medicine_new_haven_connecticut,Yale School of Medicine,MD,https://medicine.yale.edu/education/paonline/current-students/class-profile/,Class Profile – Class of 2026 | Physician Assistant Online Program,class_profile,medicine.yale.edu,official_school_domain,1.00,fetched,no_relevant_stats_found,needs_review,stats_not_found,,Review source manually or keep as official source missing.,2026-06-08,No class-profile MCAT/GPA values found.
md_yale_school_of_medicine_new_haven_connecticut,Yale School of Medicine,MD,https://medicine.yale.edu/internal-medicine/about/annual-report/,Internal Medicine Year-in-Review | Internal Medicine,annual_report,medicine.yale.edu,official_school_domain,1.00,fetched,no_relevant_stats_found,needs_review,stats_not_found,,Review source manually or keep as official source missing.,2026-06-08,No class-profile MCAT/GPA values found.
md_yale_school_of_medicine_new_haven_connecticut,Yale School of Medicine,MD,https://medicine.yale.edu/internal-medicine/about/annual-report/issue/,Sitemap stats-like URL,annual_report,medicine.yale.edu,official_school_domain,1.00,fetch_failed_http_404,fetch_failed_http_404,needs_review,fetch_failed_http_404,,Review source manually.,2026-06-08,HTTP Error 404: Not Found
md_yale_school_of_medicine_new_haven_connecticut,Yale School of Medicine,MD,https://medicine.yale.edu/internal-medicine/geriatrics/patient-and-caregiver-resources/retirement/financial-and-legal-facts-and-figures/,Financial and Legal Facts & Figures | Geriatrics,annual_report,medicine.yale.edu,official_school_domain,1.00,fetched,no_relevant_stats_found,needs_review,stats_not_found,,Review source manually or keep as official source missing.,2026-06-08,No class-profile MCAT/GPA values found.
md_yale_school_of_medicine_new_haven_connecticut,Yale School of Medicine,MD,https://medicine.yale.edu/keck/nida/general/factsheet/,Yale/NIDA Neuroproteomics Center Fact Sheet | Yale/NIDA Neuroproteomics Center,school_homepage,medicine.yale.edu,official_school_domain,1.00,fetched,no_relevant_stats_found,needs_review,stats_not_found,,Review source manually or keep as official source missing.,2026-06-08,No class-profile MCAT/GPA values found.
md_yale_school_of_medicine_new_haven_connecticut,Yale School of Medicine,MD,https://medicine.yale.edu/md-program/admissions/how-to-apply/,How to Apply | MD Program,pdf_report,medicine.yale.edu,official_school_domain,1.00,fetched,no_relevant_stats_found,needs_review,stats_not_found,,Review source manually or keep as official source missing.,2026-06-08,No class-profile MCAT/GPA values found. Fetched official domain seed in less conservative mode.
md_yale_school_of_medicine_new_haven_connecticut,Yale School of Medicine,MD,https://medicine.yale.edu/neurology/about/annual-reports/,Annual Reports | Neurology,annual_report,medicine.yale.edu,official_school_domain,1.00,fetched,no_relevant_stats_found,needs_review,stats_not_found,,Review source manually or keep as official source missing.,2026-06-08,No class-profile MCAT/GPA values found.
md_yale_school_of_medicine_new_haven_connecticut,Yale School of Medicine,MD,https://medicine.yale.edu/news-article/2021-2022-annual-report-clinical-affairs/,Clinical Affairs | Yale School of Medicine,annual_report,medicine.yale.edu,official_school_domain,1.00,fetched,no_relevant_stats_found,needs_review,stats_not_found,,Review source manually or keep as official source missing.,2026-06-08,No class-profile MCAT/GPA values found.
md_yale_school_of_medicine_new_haven_connecticut,Yale School of Medicine,MD,https://medicine.yale.edu/news-article/2021-2022-annual-report-department-vital-stats/,Department Vital Stats | Yale School of Medicine,annual_report,medicine.yale.edu,official_school_domain,1.00,fetched,no_relevant_stats_found,needs_review,stats_not_found,,Review source manually or keep as official source missing.,2026-06-08,No class-profile MCAT/GPA values found.
md_yale_school_of_medicine_new_haven_connecticut,Yale School of Medicine,MD,https://medicine.yale.edu/news-article/department-of-neurology-annual-report-2020-2022/,Department of Neurology Annual Report 2020-2022 | Yale School of Medicine,annual_report,medicine.yale.edu,official_school_domain,1.00,fetched,no_relevant_stats_found,needs_review,stats_not_found,,Review source manually or keep as official source missing.,2026-06-08,No class-profile MCAT/GPA values found.
md_yale_school_of_medicine_new_haven_connecticut,Yale School of Medicine,MD,https://medicine.yale.edu/news-article/smilow-cancer-hospital-breast-surgeon-explains-the-facts-on-male-breast-cancer/,Smilow Cancer Hospital Breast Surgeon Explains the Facts on Male Breast Cancer | Yale School of Medicine,annual_report,medicine.yale.edu,official_school_domain,1.00,fetched,no_relevant_stats_found,needs_review,stats_not_found,,Review source manually or keep as official source missing.,2026-06-08,No class-profile MCAT/GPA values found.
md_yale_school_of_medicine_new_haven_connecticut,Yale School of Medicine,MD,https://medicine.yale.edu/news-article/student-profile-haley-allcroft-mph-23/,"Student Profile: Haley Allcroft, M.P.H. ’23 (Chronic Disease Epidemiology) | Yale School of Medicine",class_profile,medicine.yale.edu,official_school_domain,1.00,fetched,no_relevant_stats_found,needs_review,stats_not_found,,Review source manually or keep as official source missing.,2026-06-08,No class-profile MCAT/GPA values found.
md_yale_school_of_medicine_new_haven_connecticut,Yale School of Medicine,MD,https://medicine.yale.edu/news-article/student-profile-kingsley-cruickshank-mph-22/,"Student Profile: Kingsley Cruickshank, M.P.H. ’22 (Advanced Professional Program) | Yale School of Medicine",class_profile,medicine.yale.edu,official_school_domain,1.00,fetched,no_relevant_stats_found,needs_review,stats_not_found,,Review source manually or keep as official source missing.,2026-06-08,No class-profile MCAT/GPA values found.
md_yale_school_of_medicine_new_haven_connecticut,Yale School of Medicine,MD,https://medicine.yale.edu/news-article/student-profile-megan-pinaire-mph-22/,"Student Profile: Megan Pinaire, M.P.H. ’22 (Biostatistics) | Yale School of Medicine",class_profile,medicine.yale.edu,official_school_domain,1.00,fetched,no_relevant_stats_found,needs_review,stats_not_found,,Review source manually or keep as official source missing.,2026-06-08,No class-profile MCAT/GPA values found.
md_yale_school_of_medicine_new_haven_connecticut,Yale School of Medicine,MD,https://medicine.yale.edu/news-article/student-profile-phoenix-rongcan-sun-mph-22/,"Student Profile: Phoenix Rongcan Sun, MPH ’22 (Environmental Health Sciences) | Yale School of Medicine",class_profile,medicine.yale.edu,official_school_domain,1.00,fetched,no_relevant_stats_found,needs_review,stats_not_found,,Review source manually or keep as official source missing.,2026-06-08,No class-profile MCAT/GPA values found.
md_yale_school_of_medicine_new_haven_connecticut,Yale School of Medicine,MD,https://medicine.yale.edu/news-article/student-profile-sunny-sun-mph-23-social-and-behavioral-sciences/,"Student Profile: Sunny Sun, M.P.H. ’23 (Social and Behavioral Sciences) | Yale School of Medicine",class_profile,medicine.yale.edu,official_school_domain,1.00,fetched,no_relevant_stats_found,needs_review,stats_not_found,,Review source manually or keep as official source missing.,2026-06-08,No class-profile MCAT/GPA values found.
md_yale_school_of_medicine_new_haven_connecticut,Yale School of Medicine,MD,https://medicine.yale.edu/news-article/student-profile-tyler-kellenberger-mph-22/,"Student Profile: Tyler Kellenberger, M.P.H. ’22 (Health Care Management) | Yale School of Medicine",class_profile,medicine.yale.edu,official_school_domain,1.00,fetched,no_relevant_stats_found,needs_review,stats_not_found,,Review source manually or keep as official source missing.,2026-06-08,No class-profile MCAT/GPA values found.
md_yale_school_of_medicine_new_haven_connecticut,Yale School of Medicine,MD,https://medicine.yale.edu/news-article/student-profile-yicong-liu-mph-22/,"Student Profile: Yicong Liu, M.P.H. ’22 (Epidemiology of Microbial Diseases) | Yale School of Medicine",class_profile,medicine.yale.edu,official_school_domain,1.00,fetched,no_relevant_stats_found,needs_review,stats_not_found,,Review source manually or keep as official source missing.,2026-06-08,No class-profile MCAT/GPA values found.
md_yale_school_of_medicine_new_haven_connecticut,Yale School of Medicine,MD,https://medicine.yale.edu/pa/admissions/statistics/,Admissions Statistics | Physician Associate Program,admissions_statistics,medicine.yale.edu,official_school_domain,1.00,fetched,rejected_non_md_program_context,needs_review,non_md_program_context,"ioned in other portions of the website, each application is reviewed and evaluated individually. Metric Measure Total applications 1233 Total interviewed 160 Total matriculants 39 Average overall GPA 3.83 (range 3.41- 4.00) Average overall science GPA 3.78 (range 3.18- 4.0) Mean GRE percentiles Verbal - 78 Quantitative - 64 Analytical - 79 Average healthcare hours 2184 (range 500-4",Do not apply to MD admissions stats; source appears to describe another program.,2026-06-08,Rejected because the official source appears to describe a non-MD program.
md_yale_school_of_medicine_new_haven_connecticut,Yale School of Medicine,MD,https://medicine.yale.edu/psychiatry/research/clinics-and-programs/tobacco-research/try/quickfacts/,Quick Facts & Resources | Psychiatry,annual_report,medicine.yale.edu,official_school_domain,1.00,fetched,no_relevant_stats_found,needs_review,stats_not_found,,Review source manually or keep as official source missing.,2026-06-08,No class-profile MCAT/GPA values found.
