source_table,source_row_number,source_school_name,source_state,source_degree_type,best_school_id,best_school_name,best_match_score,second_school_id,second_school_name,second_match_score,match_label,review_reason,recommended_action
aamc_msar_admission_policies.csv,111,Northeast Ohio Medical University,OH,MD,md_northeast_ohio_medical_university_college_of_medicine_rootstown_ohio,Northeast Ohio Medical University College of Medicine,0.795,md_the_ohio_state_university_college_of_medicine_columbus_ohio,The Ohio State University College of Medicine,0.648,review,below_safe_threshold,review source match
aamc_msar_admission_policies.csv,121,Pennsylvania State University College of Medicine,PA,MD,md_drexel_university_college_of_medicine_philadelphia_pennsylvania,Drexel University College of Medicine,0.75,md_penn_state_college_of_medicine_hershey_pennsylvania,Penn State College of Medicine,0.74,review,ambiguous_match_gap,review source match
aamc_msar_admission_policies.csv,122,Perelman School of Medicine at the University of Pennsylvania,PA,MD,md_raymond_and_ruth_perelman_school_of_medicine_at_the_university_of_pennsylvania_p,Raymond and Ruth Perelman School of Medicine at the University of Pennsylvania,0.881,md_university_of_pittsburgh_school_of_medicine_pittsburgh_pennsylvania,University of Pittsburgh School of Medicine,0.706,review,below_safe_threshold,review source match
aamc_msar_admission_policies.csv,125,Ponce Health Sciences University School of Medicine,PR,MD,,,0,,,0,no_match,no_compatible_active_school,review source match
aamc_msar_admission_policies.csv,126,San Juan Bautista School of Medicine,PR,MD,,,0,,,0,no_match,no_compatible_active_school,review source match
aamc_msar_admission_policies.csv,127,Universidad Central del Caribe School of Medicine,PR,MD,,,0,,,0,no_match,no_compatible_active_school,review source match
aamc_msar_admission_policies.csv,131,University of South Carolina School of Medicine Columbia,SC,MD,md_university_of_south_carolina_school_of_medicine_greenville_greenville_south_caro,"University of South Carolina School of Medicine, Greenville",0.843,md_medical_university_of_south_carolina_college_of_medicine_charleston_south_caroli,Medical University of South Carolina College of Medicine,0.82,review,ambiguous_match_gap,review source match
aamc_msar_admission_policies.csv,135,Meharry Medical College,TN,MD,md_meharry_medical_college_school_of_medicine_nashville_tennessee,Meharry Medical College School of Medicine,0.742,md_thomas_f_frist_jr_college_of_medicine_at_belmont_university_nashville_tennessee,"Thomas F. Frist, Jr. College of Medicine at Belmont University",0.474,no_match,low_match_score,review source match
aamc_msar_admission_policies.csv,139,Anne Burnett Marion School of Medicine at TCU,TX,MD,md_anne_burnett_marion_school_of_medicine_at_texas_christian_university_fort_worth_,Anne Burnett Marion School of Medicine at Texas Christian University,0.772,md_baylor_college_of_medicine_school_of_medicine_houston_texas,Baylor College of Medicine School of Medicine,0.551,review,below_safe_threshold,review source match
aamc_msar_admission_policies.csv,140,Baylor College of Medicine,TX,MD,md_baylor_college_of_medicine_school_of_medicine_houston_texas,Baylor College of Medicine School of Medicine,0.868,md_the_university_of_texas_at_tyler_school_of_medicine_tyler_texas,The University of Texas at Tyler School of Medicine,0.557,review,below_safe_threshold,review source match
aamc_msar_admission_policies.csv,141,McGovern Medical School at the University of Texas Health Science Center at Houston,TX,MD,md_texas_tech_university_health_sciences_center_school_of_medicine_lubbock_texas,Texas Tech University Health Sciences Center School of Medicine,0.785,md_mcgovern_medical_school_at_uthealth_houston_houston_texas,McGovern Medical School at UTHealth Houston,0.727,review,below_safe_threshold,review source match
aamc_msar_admission_policies.csv,142,Texas A&M University School of Medicine,TX,MD,md_the_university_of_texas_at_tyler_school_of_medicine_tyler_texas,The University of Texas at Tyler School of Medicine,0.865,md_dell_medical_school_university_of_texas_at_austin_austin_texas,Dell Medical School – University of Texas at Austin,0.81,review,below_safe_threshold,review source match
aamc_msar_admission_policies.csv,146,The University of Texas Health Science Center at San Antonio Joe R. and Teresa Lozano Long School of Medicine,TX,MD,md_the_university_of_texas_at_san_antonio_joe_r_and_teresa_lozano_long_school_of_me,The University of Texas at San Antonio Joe R. and Teresa Lozano Long School of Medicine,0.863,md_texas_tech_university_health_sciences_center_school_of_medicine_lubbock_texas,Texas Tech University Health Sciences Center School of Medicine,0.755,review,below_safe_threshold,review source match
aamc_msar_admission_policies.csv,153,Eastern Virginia Medical School,VA,MD,md_virginia_tech_carilion_school_of_medicine_roanoke_virginia,Virginia Tech Carilion School of Medicine,0.725,md_eastern_virginia_medical_school_at_old_dominion_university_norfolk_virginia,Eastern Virginia Medical School at Old Dominion University,0.721,no_match,low_match_score,review source match
aamc_msar_admission_policies.csv,164,University of British Columbia Faculty of Medicine,BC,MD,,,0,,,0,no_match,no_compatible_active_school,review source match
aamc_msar_admission_policies.csv,165,"Max Rady College of Medicine, Rady Faculty of Health Sciences, University of Manitoba",MB,MD,,,0,,,0,no_match,no_compatible_active_school,review source match
aamc_msar_admission_policies.csv,166,Memorial University of Newfoundland Faculty of Medicine,NL,MD,,,0,,,0,no_match,no_compatible_active_school,review source match
aamc_msar_admission_policies.csv,167,Dalhousie University Faculty of Medicine,NS,MD,,,0,,,0,no_match,no_compatible_active_school,review source match
aamc_msar_admission_policies.csv,168,McMaster University Michael G. DeGroote School of Medicine,ON,MD,,,0,,,0,no_match,no_compatible_active_school,review source match
aamc_msar_admission_policies.csv,169,Northern Ontario School of Medicine,ON,MD,,,0,,,0,no_match,no_compatible_active_school,review source match
aamc_msar_admission_policies.csv,17,"University of California, Los Angeles David Geffen School of Medicine",CA,MD,md_university_of_california_san_diego_school_of_medicine_san_diego_california,"University of California, San Diego School of Medicine",0.826,md_university_of_california_davis_school_of_medicine_davis_california,"University of California, Davis School of Medicine",0.819,review,ambiguous_match_gap,review source match
aamc_msar_admission_policies.csv,170,Queen's University Faculty of Health Sciences,ON,MD,,,0,,,0,no_match,no_compatible_active_school,review source match
aamc_msar_admission_policies.csv,171,The University of Western Ontario - Schulich School of Medicine & Dentistry,ON,MD,,,0,,,0,no_match,no_compatible_active_school,review source match
aamc_msar_admission_policies.csv,173,University of Ottawa Faculty of Medicine,ON,MD,,,0,,,0,no_match,no_compatible_active_school,review source match
aamc_msar_admission_policies.csv,174,University of Toronto Temerty Faculty of Medicine,ON,MD,,,0,,,0,no_match,no_compatible_active_school,review source match
aamc_msar_admission_policies.csv,175,Universite de Montreal Faculty of Medicine,QC,MD,,,0,,,0,no_match,no_compatible_active_school,review source match
aamc_msar_admission_policies.csv,176,University of Saskatchewan College of Medicine,SK,MD,,,0,,,0,no_match,no_compatible_active_school,review source match
aamc_msar_admission_policies.csv,5,Arizona State University School of Medicine and Advanced Medical Engineering (SOMME),AZ,MD,md_arizona_state_university_john_shufeldt_school_of_medicine_and_medical_engineerin,Arizona State University John Shufeldt School of Medicine and Medical Engineering,0.846,md_university_of_arizona_college_of_medicine_tucson_tucson_arizona,University of Arizona College of Medicine - Tucson,0.598,review,below_safe_threshold,review source match
aamc_msar_admission_policies.csv,55,Louisiana State University School of Medicine in New Orleans,LA,MD,md_louisiana_state_university_school_of_medicine_in_shreveport_shreveport_louisiana,Louisiana State University School of Medicine in Shreveport,0.867,md_tulane_university_school_of_medicine_new_orleans_louisiana,Tulane University School of Medicine,0.689,review,below_safe_threshold,review source match
aamc_msar_admission_policies.csv,6,University of Arizona College of Medicine,AZ,MD,md_university_of_arizona_college_of_medicine_tucson_tucson_arizona,University of Arizona College of Medicine - Tucson,0.909,md_university_of_arizona_college_of_medicine_phoenix_phoenix_arizona,University of Arizona College of Medicine - Phoenix,0.897,review,ambiguous_match_gap,review source match
aamc_msar_admission_policies.csv,65,Central Michigan University College of Medicine,MI,MD,md_covenant_healthcare_college_of_medicine_at_central_michigan_university_mount_ple,Covenant HealthCare College of Medicine at Central Michigan University,0.815,md_michigan_state_university_college_of_human_medicine_east_lansing_michigan,Michigan State University College of Human Medicine,0.783,review,below_safe_threshold,review source match
aamc_msar_admission_policies.csv,81,University of North Carolina at Chapel Hill School of Medicine,NC,MD,md_university_of_north_carolina_school_of_medicine_chapel_hill_north_carolina,University of North Carolina School of Medicine,0.872,md_brody_school_of_medicine_at_east_carolina_university_greenville_north_carolina,Brody School of Medicine at East Carolina University,0.747,review,below_safe_threshold,review source match
aamc_msar_applications_accepted.csv,111,Northeast Ohio Medical University,OH,MD,md_northeast_ohio_medical_university_college_of_medicine_rootstown_ohio,Northeast Ohio Medical University College of Medicine,0.795,md_the_ohio_state_university_college_of_medicine_columbus_ohio,The Ohio State University College of Medicine,0.648,review,below_safe_threshold,review source match
aamc_msar_applications_accepted.csv,121,Pennsylvania State University College of Medicine,PA,MD,md_drexel_university_college_of_medicine_philadelphia_pennsylvania,Drexel University College of Medicine,0.75,md_penn_state_college_of_medicine_hershey_pennsylvania,Penn State College of Medicine,0.74,review,ambiguous_match_gap,review source match
aamc_msar_applications_accepted.csv,122,Perelman School of Medicine at the University of Pennsylvania,PA,MD,md_raymond_and_ruth_perelman_school_of_medicine_at_the_university_of_pennsylvania_p,Raymond and Ruth Perelman School of Medicine at the University of Pennsylvania,0.881,md_university_of_pittsburgh_school_of_medicine_pittsburgh_pennsylvania,University of Pittsburgh School of Medicine,0.706,review,below_safe_threshold,review source match
aamc_msar_applications_accepted.csv,125,Ponce Health Sciences University School of Medicine,PR,MD,,,0,,,0,no_match,no_compatible_active_school,review source match
aamc_msar_applications_accepted.csv,126,San Juan Bautista School of Medicine,PR,MD,,,0,,,0,no_match,no_compatible_active_school,review source match
aamc_msar_applications_accepted.csv,127,Universidad Central del Caribe School of Medicine,PR,MD,,,0,,,0,no_match,no_compatible_active_school,review source match
aamc_msar_applications_accepted.csv,128,University of Puerto Rico School of Medicine,PR,MD,,,0,,,0,no_match,no_compatible_active_school,review source match
aamc_msar_applications_accepted.csv,131,University of South Carolina School of Medicine Columbia,SC,MD,md_university_of_south_carolina_school_of_medicine_greenville_greenville_south_caro,"University of South Carolina School of Medicine, Greenville",0.843,md_medical_university_of_south_carolina_college_of_medicine_charleston_south_caroli,Medical University of South Carolina College of Medicine,0.82,review,ambiguous_match_gap,review source match
aamc_msar_applications_accepted.csv,135,Meharry Medical College,TN,MD,md_meharry_medical_college_school_of_medicine_nashville_tennessee,Meharry Medical College School of Medicine,0.742,md_thomas_f_frist_jr_college_of_medicine_at_belmont_university_nashville_tennessee,"Thomas F. Frist, Jr. College of Medicine at Belmont University",0.474,no_match,low_match_score,review source match
aamc_msar_applications_accepted.csv,139,Anne Burnett Marion School of Medicine at TCU,TX,MD,md_anne_burnett_marion_school_of_medicine_at_texas_christian_university_fort_worth_,Anne Burnett Marion School of Medicine at Texas Christian University,0.772,md_baylor_college_of_medicine_school_of_medicine_houston_texas,Baylor College of Medicine School of Medicine,0.551,review,below_safe_threshold,review source match
aamc_msar_applications_accepted.csv,140,Baylor College of Medicine,TX,MD,md_baylor_college_of_medicine_school_of_medicine_houston_texas,Baylor College of Medicine School of Medicine,0.868,md_the_university_of_texas_at_tyler_school_of_medicine_tyler_texas,The University of Texas at Tyler School of Medicine,0.557,review,below_safe_threshold,review source match
aamc_msar_applications_accepted.csv,141,McGovern Medical School at the University of Texas Health Science Center at Houston,TX,MD,md_texas_tech_university_health_sciences_center_school_of_medicine_lubbock_texas,Texas Tech University Health Sciences Center School of Medicine,0.785,md_mcgovern_medical_school_at_uthealth_houston_houston_texas,McGovern Medical School at UTHealth Houston,0.727,review,below_safe_threshold,review source match
aamc_msar_applications_accepted.csv,142,Texas A&M University School of Medicine,TX,MD,md_the_university_of_texas_at_tyler_school_of_medicine_tyler_texas,The University of Texas at Tyler School of Medicine,0.865,md_dell_medical_school_university_of_texas_at_austin_austin_texas,Dell Medical School – University of Texas at Austin,0.81,review,below_safe_threshold,review source match
aamc_msar_applications_accepted.csv,146,The University of Texas Health Science Center at San Antonio Joe R. and Teresa Lozano Long School of Medicine,TX,MD,md_the_university_of_texas_at_san_antonio_joe_r_and_teresa_lozano_long_school_of_me,The University of Texas at San Antonio Joe R. and Teresa Lozano Long School of Medicine,0.863,md_texas_tech_university_health_sciences_center_school_of_medicine_lubbock_texas,Texas Tech University Health Sciences Center School of Medicine,0.755,review,below_safe_threshold,review source match
aamc_msar_applications_accepted.csv,153,Eastern Virginia Medical School,VA,MD,md_virginia_tech_carilion_school_of_medicine_roanoke_virginia,Virginia Tech Carilion School of Medicine,0.725,md_eastern_virginia_medical_school_at_old_dominion_university_norfolk_virginia,Eastern Virginia Medical School at Old Dominion University,0.721,no_match,low_match_score,review source match
aamc_msar_applications_accepted.csv,164,University of British Columbia Faculty of Medicine,BC,MD,,,0,,,0,no_match,no_compatible_active_school,review source match
aamc_msar_applications_accepted.csv,165,"Max Rady College of Medicine, Rady Faculty of Health Sciences, University of Manitoba",MB,MD,,,0,,,0,no_match,no_compatible_active_school,review source match
aamc_msar_applications_accepted.csv,166,Memorial University of Newfoundland Faculty of Medicine,NL,MD,,,0,,,0,no_match,no_compatible_active_school,review source match
aamc_msar_applications_accepted.csv,167,Dalhousie University Faculty of Medicine,NS,MD,,,0,,,0,no_match,no_compatible_active_school,review source match
aamc_msar_applications_accepted.csv,168,McMaster University Michael G. DeGroote School of Medicine,ON,MD,,,0,,,0,no_match,no_compatible_active_school,review source match
aamc_msar_applications_accepted.csv,169,Northern Ontario School of Medicine,ON,MD,,,0,,,0,no_match,no_compatible_active_school,review source match
aamc_msar_applications_accepted.csv,17,"University of California, Los Angeles David Geffen School of Medicine",CA,MD,md_university_of_california_san_diego_school_of_medicine_san_diego_california,"University of California, San Diego School of Medicine",0.826,md_university_of_california_davis_school_of_medicine_davis_california,"University of California, Davis School of Medicine",0.819,review,ambiguous_match_gap,review source match
aamc_msar_applications_accepted.csv,170,Queen's University Faculty of Health Sciences,ON,MD,,,0,,,0,no_match,no_compatible_active_school,review source match
aamc_msar_applications_accepted.csv,171,The University of Western Ontario - Schulich School of Medicine & Dentistry,ON,MD,,,0,,,0,no_match,no_compatible_active_school,review source match
aamc_msar_applications_accepted.csv,172,Toronto Metropolitan University School of Medicine,ON,MD,,,0,,,0,no_match,no_compatible_active_school,review source match
aamc_msar_applications_accepted.csv,173,University of Ottawa Faculty of Medicine,ON,MD,,,0,,,0,no_match,no_compatible_active_school,review source match
aamc_msar_applications_accepted.csv,174,University of Toronto Temerty Faculty of Medicine,ON,MD,,,0,,,0,no_match,no_compatible_active_school,review source match
aamc_msar_applications_accepted.csv,175,Universite de Montreal Faculty of Medicine,QC,MD,,,0,,,0,no_match,no_compatible_active_school,review source match
aamc_msar_applications_accepted.csv,176,University of Saskatchewan College of Medicine,SK,MD,,,0,,,0,no_match,no_compatible_active_school,review source match
aamc_msar_applications_accepted.csv,5,Arizona State University School of Medicine and Advanced Medical Engineering (SOMME),AZ,MD,md_arizona_state_university_john_shufeldt_school_of_medicine_and_medical_engineerin,Arizona State University John Shufeldt School of Medicine and Medical Engineering,0.846,md_university_of_arizona_college_of_medicine_tucson_tucson_arizona,University of Arizona College of Medicine - Tucson,0.598,review,below_safe_threshold,review source match
aamc_msar_applications_accepted.csv,55,Louisiana State University School of Medicine in New Orleans,LA,MD,md_louisiana_state_university_school_of_medicine_in_shreveport_shreveport_louisiana,Louisiana State University School of Medicine in Shreveport,0.867,md_tulane_university_school_of_medicine_new_orleans_louisiana,Tulane University School of Medicine,0.689,review,below_safe_threshold,review source match
aamc_msar_applications_accepted.csv,6,University of Arizona College of Medicine,AZ,MD,md_university_of_arizona_college_of_medicine_tucson_tucson_arizona,University of Arizona College of Medicine - Tucson,0.909,md_university_of_arizona_college_of_medicine_phoenix_phoenix_arizona,University of Arizona College of Medicine - Phoenix,0.897,review,ambiguous_match_gap,review source match
aamc_msar_applications_accepted.csv,65,Central Michigan University College of Medicine,MI,MD,md_covenant_healthcare_college_of_medicine_at_central_michigan_university_mount_ple,Covenant HealthCare College of Medicine at Central Michigan University,0.815,md_michigan_state_university_college_of_human_medicine_east_lansing_michigan,Michigan State University College of Human Medicine,0.783,review,below_safe_threshold,review source match
aamc_msar_applications_accepted.csv,81,University of North Carolina at Chapel Hill School of Medicine,NC,MD,md_university_of_north_carolina_school_of_medicine_chapel_hill_north_carolina,University of North Carolina School of Medicine,0.872,md_brody_school_of_medicine_at_east_carolina_university_greenville_north_carolina,Brody School of Medicine at East Carolina University,0.747,review,below_safe_threshold,review source match
aamc_msar_community_college_coursework.csv,111,Northeast Ohio Medical University,OH,MD,md_northeast_ohio_medical_university_college_of_medicine_rootstown_ohio,Northeast Ohio Medical University College of Medicine,0.795,md_the_ohio_state_university_college_of_medicine_columbus_ohio,The Ohio State University College of Medicine,0.648,review,below_safe_threshold,review source match
aamc_msar_community_college_coursework.csv,121,Pennsylvania State University College of Medicine,PA,MD,md_drexel_university_college_of_medicine_philadelphia_pennsylvania,Drexel University College of Medicine,0.75,md_penn_state_college_of_medicine_hershey_pennsylvania,Penn State College of Medicine,0.74,review,ambiguous_match_gap,review source match
aamc_msar_community_college_coursework.csv,122,Perelman School of Medicine at the University of Pennsylvania,PA,MD,md_raymond_and_ruth_perelman_school_of_medicine_at_the_university_of_pennsylvania_p,Raymond and Ruth Perelman School of Medicine at the University of Pennsylvania,0.881,md_university_of_pittsburgh_school_of_medicine_pittsburgh_pennsylvania,University of Pittsburgh School of Medicine,0.706,review,below_safe_threshold,review source match
aamc_msar_community_college_coursework.csv,125,Ponce Health Sciences University School of Medicine,PR,MD,,,0,,,0,no_match,no_compatible_active_school,review source match
aamc_msar_community_college_coursework.csv,126,San Juan Bautista School of Medicine,PR,MD,,,0,,,0,no_match,no_compatible_active_school,review source match
aamc_msar_community_college_coursework.csv,127,Universidad Central del Caribe School of Medicine,PR,MD,,,0,,,0,no_match,no_compatible_active_school,review source match
aamc_msar_community_college_coursework.csv,128,University of Puerto Rico School of Medicine,PR,MD,,,0,,,0,no_match,no_compatible_active_school,review source match
aamc_msar_community_college_coursework.csv,131,University of South Carolina School of Medicine Columbia,SC,MD,md_university_of_south_carolina_school_of_medicine_greenville_greenville_south_caro,"University of South Carolina School of Medicine, Greenville",0.843,md_medical_university_of_south_carolina_college_of_medicine_charleston_south_caroli,Medical University of South Carolina College of Medicine,0.82,review,ambiguous_match_gap,review source match
aamc_msar_community_college_coursework.csv,135,Meharry Medical College,TN,MD,md_meharry_medical_college_school_of_medicine_nashville_tennessee,Meharry Medical College School of Medicine,0.742,md_thomas_f_frist_jr_college_of_medicine_at_belmont_university_nashville_tennessee,"Thomas F. Frist, Jr. College of Medicine at Belmont University",0.474,no_match,low_match_score,review source match
aamc_msar_community_college_coursework.csv,139,Anne Burnett Marion School of Medicine at TCU,TX,MD,md_anne_burnett_marion_school_of_medicine_at_texas_christian_university_fort_worth_,Anne Burnett Marion School of Medicine at Texas Christian University,0.772,md_baylor_college_of_medicine_school_of_medicine_houston_texas,Baylor College of Medicine School of Medicine,0.551,review,below_safe_threshold,review source match
aamc_msar_community_college_coursework.csv,140,Baylor College of Medicine,TX,MD,md_baylor_college_of_medicine_school_of_medicine_houston_texas,Baylor College of Medicine School of Medicine,0.868,md_the_university_of_texas_at_tyler_school_of_medicine_tyler_texas,The University of Texas at Tyler School of Medicine,0.557,review,below_safe_threshold,review source match
aamc_msar_community_college_coursework.csv,141,McGovern Medical School at the University of Texas Health Science Center at Houston,TX,MD,md_texas_tech_university_health_sciences_center_school_of_medicine_lubbock_texas,Texas Tech University Health Sciences Center School of Medicine,0.785,md_mcgovern_medical_school_at_uthealth_houston_houston_texas,McGovern Medical School at UTHealth Houston,0.727,review,below_safe_threshold,review source match
aamc_msar_community_college_coursework.csv,142,Texas A&M University School of Medicine,TX,MD,md_the_university_of_texas_at_tyler_school_of_medicine_tyler_texas,The University of Texas at Tyler School of Medicine,0.865,md_dell_medical_school_university_of_texas_at_austin_austin_texas,Dell Medical School – University of Texas at Austin,0.81,review,below_safe_threshold,review source match
aamc_msar_community_college_coursework.csv,146,The University of Texas Health Science Center at San Antonio Joe R. and Teresa Lozano Long School of Medicine,TX,MD,md_the_university_of_texas_at_san_antonio_joe_r_and_teresa_lozano_long_school_of_me,The University of Texas at San Antonio Joe R. and Teresa Lozano Long School of Medicine,0.863,md_texas_tech_university_health_sciences_center_school_of_medicine_lubbock_texas,Texas Tech University Health Sciences Center School of Medicine,0.755,review,below_safe_threshold,review source match
aamc_msar_community_college_coursework.csv,153,Eastern Virginia Medical School,VA,MD,md_virginia_tech_carilion_school_of_medicine_roanoke_virginia,Virginia Tech Carilion School of Medicine,0.725,md_eastern_virginia_medical_school_at_old_dominion_university_norfolk_virginia,Eastern Virginia Medical School at Old Dominion University,0.721,no_match,low_match_score,review source match
aamc_msar_community_college_coursework.csv,164,University of British Columbia Faculty of Medicine,BC,MD,,,0,,,0,no_match,no_compatible_active_school,review source match
aamc_msar_community_college_coursework.csv,165,"Max Rady College of Medicine, Rady Faculty of Health Sciences, University of Manitoba",MB,MD,,,0,,,0,no_match,no_compatible_active_school,review source match
aamc_msar_community_college_coursework.csv,166,Memorial University of Newfoundland Faculty of Medicine,NL,MD,,,0,,,0,no_match,no_compatible_active_school,review source match
aamc_msar_community_college_coursework.csv,167,Dalhousie University Faculty of Medicine,NS,MD,,,0,,,0,no_match,no_compatible_active_school,review source match
aamc_msar_community_college_coursework.csv,168,McMaster University Michael G. DeGroote School of Medicine,ON,MD,,,0,,,0,no_match,no_compatible_active_school,review source match
aamc_msar_community_college_coursework.csv,169,Northern Ontario School of Medicine,ON,MD,,,0,,,0,no_match,no_compatible_active_school,review source match
aamc_msar_community_college_coursework.csv,17,"University of California, Los Angeles David Geffen School of Medicine",CA,MD,md_university_of_california_san_diego_school_of_medicine_san_diego_california,"University of California, San Diego School of Medicine",0.826,md_university_of_california_davis_school_of_medicine_davis_california,"University of California, Davis School of Medicine",0.819,review,ambiguous_match_gap,review source match
aamc_msar_community_college_coursework.csv,170,Queen's University Faculty of Health Sciences,ON,MD,,,0,,,0,no_match,no_compatible_active_school,review source match
aamc_msar_community_college_coursework.csv,171,The University of Western Ontario - Schulich School of Medicine & Dentistry,ON,MD,,,0,,,0,no_match,no_compatible_active_school,review source match
aamc_msar_community_college_coursework.csv,173,University of Ottawa Faculty of Medicine,ON,MD,,,0,,,0,no_match,no_compatible_active_school,review source match
aamc_msar_community_college_coursework.csv,174,University of Toronto Temerty Faculty of Medicine,ON,MD,,,0,,,0,no_match,no_compatible_active_school,review source match
aamc_msar_community_college_coursework.csv,175,Universite de Montreal Faculty of Medicine,QC,MD,,,0,,,0,no_match,no_compatible_active_school,review source match
aamc_msar_community_college_coursework.csv,176,University of Saskatchewan College of Medicine,SK,MD,,,0,,,0,no_match,no_compatible_active_school,review source match
aamc_msar_community_college_coursework.csv,5,Arizona State University School of Medicine and Advanced Medical Engineering (SOMME),AZ,MD,md_arizona_state_university_john_shufeldt_school_of_medicine_and_medical_engineerin,Arizona State University John Shufeldt School of Medicine and Medical Engineering,0.846,md_university_of_arizona_college_of_medicine_tucson_tucson_arizona,University of Arizona College of Medicine - Tucson,0.598,review,below_safe_threshold,review source match
aamc_msar_community_college_coursework.csv,55,Louisiana State University School of Medicine in New Orleans,LA,MD,md_louisiana_state_university_school_of_medicine_in_shreveport_shreveport_louisiana,Louisiana State University School of Medicine in Shreveport,0.867,md_tulane_university_school_of_medicine_new_orleans_louisiana,Tulane University School of Medicine,0.689,review,below_safe_threshold,review source match
aamc_msar_community_college_coursework.csv,6,University of Arizona College of Medicine,AZ,MD,md_university_of_arizona_college_of_medicine_tucson_tucson_arizona,University of Arizona College of Medicine - Tucson,0.909,md_university_of_arizona_college_of_medicine_phoenix_phoenix_arizona,University of Arizona College of Medicine - Phoenix,0.897,review,ambiguous_match_gap,review source match
aamc_msar_community_college_coursework.csv,65,Central Michigan University College of Medicine,MI,MD,md_covenant_healthcare_college_of_medicine_at_central_michigan_university_mount_ple,Covenant HealthCare College of Medicine at Central Michigan University,0.815,md_michigan_state_university_college_of_human_medicine_east_lansing_michigan,Michigan State University College of Human Medicine,0.783,review,below_safe_threshold,review source match
aamc_msar_community_college_coursework.csv,81,University of North Carolina at Chapel Hill School of Medicine,NC,MD,md_university_of_north_carolina_school_of_medicine_chapel_hill_north_carolina,University of North Carolina School of Medicine,0.872,md_brody_school_of_medicine_at_east_carolina_university_greenville_north_carolina,Brody School of Medicine at East Carolina University,0.747,review,below_safe_threshold,review source match
aamc_msar_daca_policies.csv,121,Pennsylvania State University College of Medicine,PA,MD,md_drexel_university_college_of_medicine_philadelphia_pennsylvania,Drexel University College of Medicine,0.75,md_penn_state_college_of_medicine_hershey_pennsylvania,Penn State College of Medicine,0.74,review,ambiguous_match_gap,review source match
aamc_msar_daca_policies.csv,122,Perelman School of Medicine at the University of Pennsylvania,PA,MD,md_raymond_and_ruth_perelman_school_of_medicine_at_the_university_of_pennsylvania_p,Raymond and Ruth Perelman School of Medicine at the University of Pennsylvania,0.881,md_university_of_pittsburgh_school_of_medicine_pittsburgh_pennsylvania,University of Pittsburgh School of Medicine,0.706,review,below_safe_threshold,review source match
aamc_msar_daca_policies.csv,125,Ponce Health Sciences University School of Medicine,PR,MD,,,0,,,0,no_match,no_compatible_active_school,review source match
aamc_msar_daca_policies.csv,126,San Juan Bautista School of Medicine,PR,MD,,,0,,,0,no_match,no_compatible_active_school,review source match
aamc_msar_daca_policies.csv,135,Meharry Medical College,TN,MD,md_meharry_medical_college_school_of_medicine_nashville_tennessee,Meharry Medical College School of Medicine,0.742,md_thomas_f_frist_jr_college_of_medicine_at_belmont_university_nashville_tennessee,"Thomas F. Frist, Jr. College of Medicine at Belmont University",0.474,no_match,low_match_score,review source match
aamc_msar_daca_policies.csv,142,Texas A&M University School of Medicine,TX,MD,md_the_university_of_texas_at_tyler_school_of_medicine_tyler_texas,The University of Texas at Tyler School of Medicine,0.865,md_dell_medical_school_university_of_texas_at_austin_austin_texas,Dell Medical School – University of Texas at Austin,0.81,review,below_safe_threshold,review source match
aamc_msar_daca_policies.csv,146,The University of Texas Health Science Center at San Antonio Joe R. and Teresa Lozano Long School of Medicine,TX,MD,md_the_university_of_texas_at_san_antonio_joe_r_and_teresa_lozano_long_school_of_me,The University of Texas at San Antonio Joe R. and Teresa Lozano Long School of Medicine,0.863,md_texas_tech_university_health_sciences_center_school_of_medicine_lubbock_texas,Texas Tech University Health Sciences Center School of Medicine,0.755,review,below_safe_threshold,review source match
aamc_msar_daca_policies.csv,17,"University of California, Los Angeles David Geffen School of Medicine",CA,MD,md_university_of_california_san_diego_school_of_medicine_san_diego_california,"University of California, San Diego School of Medicine",0.826,md_university_of_california_davis_school_of_medicine_davis_california,"University of California, Davis School of Medicine",0.819,review,ambiguous_match_gap,review source match
aamc_msar_daca_policies.csv,81,University of North Carolina at Chapel Hill School of Medicine,NC,MD,md_university_of_north_carolina_school_of_medicine_chapel_hill_north_carolina,University of North Carolina School of Medicine,0.872,md_brody_school_of_medicine_at_east_carolina_university_greenville_north_carolina,Brody School of Medicine at East Carolina University,0.747,review,below_safe_threshold,review source match
aamc_msar_deposit_information.csv,110,Northeast Ohio Medical University,OH,MD,md_northeast_ohio_medical_university_college_of_medicine_rootstown_ohio,Northeast Ohio Medical University College of Medicine,0.795,md_the_ohio_state_university_college_of_medicine_columbus_ohio,The Ohio State University College of Medicine,0.648,review,below_safe_threshold,review source match
aamc_msar_deposit_information.csv,120,Pennsylvania State University College of Medicine,PA,MD,md_drexel_university_college_of_medicine_philadelphia_pennsylvania,Drexel University College of Medicine,0.75,md_penn_state_college_of_medicine_hershey_pennsylvania,Penn State College of Medicine,0.74,review,ambiguous_match_gap,review source match
aamc_msar_deposit_information.csv,121,Perelman School of Medicine at the University of Pennsylvania,PA,MD,md_raymond_and_ruth_perelman_school_of_medicine_at_the_university_of_pennsylvania_p,Raymond and Ruth Perelman School of Medicine at the University of Pennsylvania,0.881,md_university_of_pittsburgh_school_of_medicine_pittsburgh_pennsylvania,University of Pittsburgh School of Medicine,0.706,review,below_safe_threshold,review source match
aamc_msar_deposit_information.csv,124,Ponce Health Sciences University School of Medicine,PR,MD,,,0,,,0,no_match,no_compatible_active_school,review source match
aamc_msar_deposit_information.csv,125,San Juan Bautista School of Medicine,PR,MD,,,0,,,0,no_match,no_compatible_active_school,review source match
aamc_msar_deposit_information.csv,126,Universidad Central del Caribe School of Medicine,PR,MD,,,0,,,0,no_match,no_compatible_active_school,review source match
aamc_msar_deposit_information.csv,127,University of Puerto Rico School of Medicine,PR,MD,,,0,,,0,no_match,no_compatible_active_school,review source match
aamc_msar_deposit_information.csv,130,University of South Carolina School of Medicine Columbia,SC,MD,md_university_of_south_carolina_school_of_medicine_greenville_greenville_south_caro,"University of South Carolina School of Medicine, Greenville",0.843,md_medical_university_of_south_carolina_college_of_medicine_charleston_south_caroli,Medical University of South Carolina College of Medicine,0.82,review,ambiguous_match_gap,review source match
aamc_msar_deposit_information.csv,134,Meharry Medical College,TN,MD,md_meharry_medical_college_school_of_medicine_nashville_tennessee,Meharry Medical College School of Medicine,0.742,md_thomas_f_frist_jr_college_of_medicine_at_belmont_university_nashville_tennessee,"Thomas F. Frist, Jr. College of Medicine at Belmont University",0.474,no_match,low_match_score,review source match
aamc_msar_deposit_information.csv,139,Baylor College of Medicine,TX,MD,md_baylor_college_of_medicine_school_of_medicine_houston_texas,Baylor College of Medicine School of Medicine,0.868,md_the_university_of_texas_at_tyler_school_of_medicine_tyler_texas,The University of Texas at Tyler School of Medicine,0.557,review,below_safe_threshold,review source match
aamc_msar_deposit_information.csv,152,Eastern Virginia Medical School,VA,MD,md_virginia_tech_carilion_school_of_medicine_roanoke_virginia,Virginia Tech Carilion School of Medicine,0.725,md_eastern_virginia_medical_school_at_old_dominion_university_norfolk_virginia,Eastern Virginia Medical School at Old Dominion University,0.721,no_match,low_match_score,review source match
aamc_msar_deposit_information.csv,163,University of British Columbia Faculty of Medicine,BC,MD,,,0,,,0,no_match,no_compatible_active_school,review source match
aamc_msar_deposit_information.csv,164,"Max Rady College of Medicine, Rady Faculty of Health Sciences, University of Manitoba",MB,MD,,,0,,,0,no_match,no_compatible_active_school,review source match
aamc_msar_deposit_information.csv,165,Memorial University of Newfoundland Faculty of Medicine,NL,MD,,,0,,,0,no_match,no_compatible_active_school,review source match
aamc_msar_deposit_information.csv,166,Dalhousie University Faculty of Medicine,NS,MD,,,0,,,0,no_match,no_compatible_active_school,review source match
aamc_msar_deposit_information.csv,167,McMaster University Michael G. DeGroote School of Medicine,ON,MD,,,0,,,0,no_match,no_compatible_active_school,review source match
aamc_msar_deposit_information.csv,168,Northern Ontario School of Medicine,ON,MD,,,0,,,0,no_match,no_compatible_active_school,review source match
aamc_msar_deposit_information.csv,170,The University of Western Ontario - Schulich School of Medicine & Dentistry,ON,MD,,,0,,,0,no_match,no_compatible_active_school,review source match
aamc_msar_deposit_information.csv,172,University of Ottawa Faculty of Medicine,ON,MD,,,0,,,0,no_match,no_compatible_active_school,review source match
aamc_msar_deposit_information.csv,173,University of Toronto Temerty Faculty of Medicine,ON,MD,,,0,,,0,no_match,no_compatible_active_school,review source match
aamc_msar_deposit_information.csv,174,Universite de Montreal Faculty of Medicine,QC,MD,,,0,,,0,no_match,no_compatible_active_school,review source match
aamc_msar_deposit_information.csv,175,Universite de Sherbrooke Faculty of Medicine,QC,MD,,,0,,,0,no_match,no_compatible_active_school,review source match
aamc_msar_deposit_information.csv,176,University of Saskatchewan College of Medicine,SK,MD,,,0,,,0,no_match,no_compatible_active_school,review source match
aamc_msar_deposit_information.csv,80,University of North Carolina at Chapel Hill School of Medicine,NC,MD,md_university_of_north_carolina_school_of_medicine_chapel_hill_north_carolina,University of North Carolina School of Medicine,0.872,md_brody_school_of_medicine_at_east_carolina_university_greenville_north_carolina,Brody School of Medicine at East Carolina University,0.747,review,below_safe_threshold,review source match
aamc_msar_gender_sexual_minority_support.csv,121,Pennsylvania State University College of Medicine,PA,MD,md_drexel_university_college_of_medicine_philadelphia_pennsylvania,Drexel University College of Medicine,0.75,md_penn_state_college_of_medicine_hershey_pennsylvania,Penn State College of Medicine,0.74,review,ambiguous_match_gap,review source match
aamc_msar_gender_sexual_minority_support.csv,122,Perelman School of Medicine at the University of Pennsylvania,PA,MD,md_raymond_and_ruth_perelman_school_of_medicine_at_the_university_of_pennsylvania_p,Raymond and Ruth Perelman School of Medicine at the University of Pennsylvania,0.881,md_university_of_pittsburgh_school_of_medicine_pittsburgh_pennsylvania,University of Pittsburgh School of Medicine,0.706,review,below_safe_threshold,review source match
aamc_msar_gender_sexual_minority_support.csv,125,Ponce Health Sciences University School of Medicine,PR,MD,,,0,,,0,no_match,no_compatible_active_school,review source match
aamc_msar_gender_sexual_minority_support.csv,126,San Juan Bautista School of Medicine,PR,MD,,,0,,,0,no_match,no_compatible_active_school,review source match
aamc_msar_gender_sexual_minority_support.csv,127,Universidad Central del Caribe School of Medicine,PR,MD,,,0,,,0,no_match,no_compatible_active_school,review source match
aamc_msar_gender_sexual_minority_support.csv,128,University of Puerto Rico School of Medicine,PR,MD,,,0,,,0,no_match,no_compatible_active_school,review source match
aamc_msar_gender_sexual_minority_support.csv,131,University of South Carolina School of Medicine Columbia,SC,MD,md_university_of_south_carolina_school_of_medicine_greenville_greenville_south_caro,"University of South Carolina School of Medicine, Greenville",0.843,md_medical_university_of_south_carolina_college_of_medicine_charleston_south_caroli,Medical University of South Carolina College of Medicine,0.82,review,ambiguous_match_gap,review source match
aamc_msar_gender_sexual_minority_support.csv,135,Meharry Medical College,TN,MD,md_meharry_medical_college_school_of_medicine_nashville_tennessee,Meharry Medical College School of Medicine,0.742,md_thomas_f_frist_jr_college_of_medicine_at_belmont_university_nashville_tennessee,"Thomas F. Frist, Jr. College of Medicine at Belmont University",0.474,no_match,low_match_score,review source match
aamc_msar_gender_sexual_minority_support.csv,139,Anne Burnett Marion School of Medicine at TCU,TX,MD,md_anne_burnett_marion_school_of_medicine_at_texas_christian_university_fort_worth_,Anne Burnett Marion School of Medicine at Texas Christian University,0.772,md_baylor_college_of_medicine_school_of_medicine_houston_texas,Baylor College of Medicine School of Medicine,0.551,review,below_safe_threshold,review source match
aamc_msar_gender_sexual_minority_support.csv,140,Baylor College of Medicine,TX,MD,md_baylor_college_of_medicine_school_of_medicine_houston_texas,Baylor College of Medicine School of Medicine,0.868,md_the_university_of_texas_at_tyler_school_of_medicine_tyler_texas,The University of Texas at Tyler School of Medicine,0.557,review,below_safe_threshold,review source match
aamc_msar_gender_sexual_minority_support.csv,141,McGovern Medical School at the University of Texas Health Science Center at Houston,TX,MD,md_texas_tech_university_health_sciences_center_school_of_medicine_lubbock_texas,Texas Tech University Health Sciences Center School of Medicine,0.785,md_mcgovern_medical_school_at_uthealth_houston_houston_texas,McGovern Medical School at UTHealth Houston,0.727,review,below_safe_threshold,review source match
aamc_msar_gender_sexual_minority_support.csv,142,Texas A&M University School of Medicine,TX,MD,md_the_university_of_texas_at_tyler_school_of_medicine_tyler_texas,The University of Texas at Tyler School of Medicine,0.865,md_dell_medical_school_university_of_texas_at_austin_austin_texas,Dell Medical School – University of Texas at Austin,0.81,review,below_safe_threshold,review source match
aamc_msar_gender_sexual_minority_support.csv,146,The University of Texas Health Science Center at San Antonio Joe R. and Teresa Lozano Long School of Medicine,TX,MD,md_the_university_of_texas_at_san_antonio_joe_r_and_teresa_lozano_long_school_of_me,The University of Texas at San Antonio Joe R. and Teresa Lozano Long School of Medicine,0.863,md_texas_tech_university_health_sciences_center_school_of_medicine_lubbock_texas,Texas Tech University Health Sciences Center School of Medicine,0.755,review,below_safe_threshold,review source match
aamc_msar_gender_sexual_minority_support.csv,153,Eastern Virginia Medical School,VA,MD,md_virginia_tech_carilion_school_of_medicine_roanoke_virginia,Virginia Tech Carilion School of Medicine,0.725,md_eastern_virginia_medical_school_at_old_dominion_university_norfolk_virginia,Eastern Virginia Medical School at Old Dominion University,0.721,no_match,low_match_score,review source match
aamc_msar_gender_sexual_minority_support.csv,164,University of British Columbia Faculty of Medicine,BC,MD,,,0,,,0,no_match,no_compatible_active_school,review source match
aamc_msar_gender_sexual_minority_support.csv,165,"Max Rady College of Medicine, Rady Faculty of Health Sciences, University of Manitoba",MB,MD,,,0,,,0,no_match,no_compatible_active_school,review source match
aamc_msar_gender_sexual_minority_support.csv,166,Memorial University of Newfoundland Faculty of Medicine,NL,MD,,,0,,,0,no_match,no_compatible_active_school,review source match
aamc_msar_gender_sexual_minority_support.csv,167,Dalhousie University Faculty of Medicine,NS,MD,,,0,,,0,no_match,no_compatible_active_school,review source match
aamc_msar_gender_sexual_minority_support.csv,168,McMaster University Michael G. DeGroote School of Medicine,ON,MD,,,0,,,0,no_match,no_compatible_active_school,review source match
aamc_msar_gender_sexual_minority_support.csv,169,Northern Ontario School of Medicine,ON,MD,,,0,,,0,no_match,no_compatible_active_school,review source match
aamc_msar_gender_sexual_minority_support.csv,17,"University of California, Los Angeles David Geffen School of Medicine",CA,MD,md_university_of_california_san_diego_school_of_medicine_san_diego_california,"University of California, San Diego School of Medicine",0.826,md_university_of_california_davis_school_of_medicine_davis_california,"University of California, Davis School of Medicine",0.819,review,ambiguous_match_gap,review source match
aamc_msar_gender_sexual_minority_support.csv,170,Queen's University Faculty of Health Sciences,ON,MD,,,0,,,0,no_match,no_compatible_active_school,review source match
aamc_msar_gender_sexual_minority_support.csv,171,The University of Western Ontario - Schulich School of Medicine & Dentistry,ON,MD,,,0,,,0,no_match,no_compatible_active_school,review source match
aamc_msar_gender_sexual_minority_support.csv,173,University of Ottawa Faculty of Medicine,ON,MD,,,0,,,0,no_match,no_compatible_active_school,review source match
aamc_msar_gender_sexual_minority_support.csv,174,University of Toronto Temerty Faculty of Medicine,ON,MD,,,0,,,0,no_match,no_compatible_active_school,review source match
aamc_msar_gender_sexual_minority_support.csv,175,Universite de Montreal Faculty of Medicine,QC,MD,,,0,,,0,no_match,no_compatible_active_school,review source match
aamc_msar_gender_sexual_minority_support.csv,176,University of Saskatchewan College of Medicine,SK,MD,,,0,,,0,no_match,no_compatible_active_school,review source match
aamc_msar_gender_sexual_minority_support.csv,5,Arizona State University School of Medicine and Advanced Medical Engineering (SOMME),AZ,MD,md_arizona_state_university_john_shufeldt_school_of_medicine_and_medical_engineerin,Arizona State University John Shufeldt School of Medicine and Medical Engineering,0.846,md_university_of_arizona_college_of_medicine_tucson_tucson_arizona,University of Arizona College of Medicine - Tucson,0.598,review,below_safe_threshold,review source match
aamc_msar_gender_sexual_minority_support.csv,55,Louisiana State University School of Medicine in New Orleans,LA,MD,md_louisiana_state_university_school_of_medicine_in_shreveport_shreveport_louisiana,Louisiana State University School of Medicine in Shreveport,0.867,md_tulane_university_school_of_medicine_new_orleans_louisiana,Tulane University School of Medicine,0.689,review,below_safe_threshold,review source match
aamc_msar_gender_sexual_minority_support.csv,6,University of Arizona College of Medicine,AZ,MD,md_university_of_arizona_college_of_medicine_tucson_tucson_arizona,University of Arizona College of Medicine - Tucson,0.909,md_university_of_arizona_college_of_medicine_phoenix_phoenix_arizona,University of Arizona College of Medicine - Phoenix,0.897,review,ambiguous_match_gap,review source match
aamc_msar_gender_sexual_minority_support.csv,65,Central Michigan University College of Medicine,MI,MD,md_covenant_healthcare_college_of_medicine_at_central_michigan_university_mount_ple,Covenant HealthCare College of Medicine at Central Michigan University,0.815,md_michigan_state_university_college_of_human_medicine_east_lansing_michigan,Michigan State University College of Human Medicine,0.783,review,below_safe_threshold,review source match
aamc_msar_gender_sexual_minority_support.csv,81,University of North Carolina at Chapel Hill School of Medicine,NC,MD,md_university_of_north_carolina_school_of_medicine_chapel_hill_north_carolina,University of North Carolina School of Medicine,0.872,md_brody_school_of_medicine_at_east_carolina_university_greenville_north_carolina,Brody School of Medicine at East Carolina University,0.747,review,below_safe_threshold,review source match
aamc_msar_interview_policies.csv,119,Pennsylvania State University College of Medicine,PA,MD,md_drexel_university_college_of_medicine_philadelphia_pennsylvania,Drexel University College of Medicine,0.75,md_penn_state_college_of_medicine_hershey_pennsylvania,Penn State College of Medicine,0.74,review,ambiguous_match_gap,review source match
aamc_msar_interview_policies.csv,120,Perelman School of Medicine at the University of Pennsylvania,PA,MD,md_raymond_and_ruth_perelman_school_of_medicine_at_the_university_of_pennsylvania_p,Raymond and Ruth Perelman School of Medicine at the University of Pennsylvania,0.881,md_university_of_pittsburgh_school_of_medicine_pittsburgh_pennsylvania,University of Pittsburgh School of Medicine,0.706,review,below_safe_threshold,review source match
aamc_msar_interview_policies.csv,123,Ponce Health Sciences University School of Medicine,PR,MD,,,0,,,0,no_match,no_compatible_active_school,review source match
aamc_msar_interview_policies.csv,124,San Juan Bautista School of Medicine,PR,MD,,,0,,,0,no_match,no_compatible_active_school,review source match
aamc_msar_interview_policies.csv,125,Universidad Central del Caribe School of Medicine,PR,MD,,,0,,,0,no_match,no_compatible_active_school,review source match
aamc_msar_interview_policies.csv,126,University of Puerto Rico School of Medicine,PR,MD,,,0,,,0,no_match,no_compatible_active_school,review source match
aamc_msar_interview_policies.csv,129,University of South Carolina School of Medicine Columbia,SC,MD,md_university_of_south_carolina_school_of_medicine_greenville_greenville_south_caro,"University of South Carolina School of Medicine, Greenville",0.843,md_medical_university_of_south_carolina_college_of_medicine_charleston_south_caroli,Medical University of South Carolina College of Medicine,0.82,review,ambiguous_match_gap,review source match
aamc_msar_interview_policies.csv,133,Meharry Medical College,TN,MD,md_meharry_medical_college_school_of_medicine_nashville_tennessee,Meharry Medical College School of Medicine,0.742,md_thomas_f_frist_jr_college_of_medicine_at_belmont_university_nashville_tennessee,"Thomas F. Frist, Jr. College of Medicine at Belmont University",0.474,no_match,low_match_score,review source match
aamc_msar_interview_policies.csv,137,Anne Burnett Marion School of Medicine at TCU,TX,MD,md_anne_burnett_marion_school_of_medicine_at_texas_christian_university_fort_worth_,Anne Burnett Marion School of Medicine at Texas Christian University,0.772,md_baylor_college_of_medicine_school_of_medicine_houston_texas,Baylor College of Medicine School of Medicine,0.551,review,below_safe_threshold,review source match
aamc_msar_interview_policies.csv,138,Baylor College of Medicine,TX,MD,md_baylor_college_of_medicine_school_of_medicine_houston_texas,Baylor College of Medicine School of Medicine,0.868,md_the_university_of_texas_at_tyler_school_of_medicine_tyler_texas,The University of Texas at Tyler School of Medicine,0.557,review,below_safe_threshold,review source match
aamc_msar_interview_policies.csv,139,McGovern Medical School at the University of Texas Health Science Center at Houston,TX,MD,md_texas_tech_university_health_sciences_center_school_of_medicine_lubbock_texas,Texas Tech University Health Sciences Center School of Medicine,0.785,md_mcgovern_medical_school_at_uthealth_houston_houston_texas,McGovern Medical School at UTHealth Houston,0.727,review,below_safe_threshold,review source match
aamc_msar_interview_policies.csv,140,Texas A&M University School of Medicine,TX,MD,md_the_university_of_texas_at_tyler_school_of_medicine_tyler_texas,The University of Texas at Tyler School of Medicine,0.865,md_dell_medical_school_university_of_texas_at_austin_austin_texas,Dell Medical School – University of Texas at Austin,0.81,review,below_safe_threshold,review source match
aamc_msar_interview_policies.csv,144,The University of Texas Health Science Center at San Antonio Joe R. and Teresa Lozano Long School of Medicine,TX,MD,md_the_university_of_texas_at_san_antonio_joe_r_and_teresa_lozano_long_school_of_me,The University of Texas at San Antonio Joe R. and Teresa Lozano Long School of Medicine,0.863,md_texas_tech_university_health_sciences_center_school_of_medicine_lubbock_texas,Texas Tech University Health Sciences Center School of Medicine,0.755,review,below_safe_threshold,review source match
aamc_msar_interview_policies.csv,151,Eastern Virginia Medical School,VA,MD,md_virginia_tech_carilion_school_of_medicine_roanoke_virginia,Virginia Tech Carilion School of Medicine,0.725,md_eastern_virginia_medical_school_at_old_dominion_university_norfolk_virginia,Eastern Virginia Medical School at Old Dominion University,0.721,no_match,low_match_score,review source match
aamc_msar_interview_policies.csv,162,University of British Columbia Faculty of Medicine,BC,MD,,,0,,,0,no_match,no_compatible_active_school,review source match
aamc_msar_interview_policies.csv,163,"Max Rady College of Medicine, Rady Faculty of Health Sciences, University of Manitoba",MB,MD,,,0,,,0,no_match,no_compatible_active_school,review source match
aamc_msar_interview_policies.csv,164,Memorial University of Newfoundland Faculty of Medicine,NL,MD,,,0,,,0,no_match,no_compatible_active_school,review source match
aamc_msar_interview_policies.csv,165,Dalhousie University Faculty of Medicine,NS,MD,,,0,,,0,no_match,no_compatible_active_school,review source match
aamc_msar_interview_policies.csv,166,McMaster University Michael G. DeGroote School of Medicine,ON,MD,,,0,,,0,no_match,no_compatible_active_school,review source match
aamc_msar_interview_policies.csv,167,Northern Ontario School of Medicine,ON,MD,,,0,,,0,no_match,no_compatible_active_school,review source match
aamc_msar_interview_policies.csv,168,Queen's University Faculty of Health Sciences,ON,MD,,,0,,,0,no_match,no_compatible_active_school,review source match
aamc_msar_interview_policies.csv,169,The University of Western Ontario - Schulich School of Medicine & Dentistry,ON,MD,,,0,,,0,no_match,no_compatible_active_school,review source match
aamc_msar_interview_policies.csv,17,"University of California, Los Angeles David Geffen School of Medicine",CA,MD,md_university_of_california_san_diego_school_of_medicine_san_diego_california,"University of California, San Diego School of Medicine",0.826,md_university_of_california_davis_school_of_medicine_davis_california,"University of California, Davis School of Medicine",0.819,review,ambiguous_match_gap,review source match
aamc_msar_interview_policies.csv,171,University of Ottawa Faculty of Medicine,ON,MD,,,0,,,0,no_match,no_compatible_active_school,review source match
aamc_msar_interview_policies.csv,172,University of Toronto Temerty Faculty of Medicine,ON,MD,,,0,,,0,no_match,no_compatible_active_school,review source match
aamc_msar_interview_policies.csv,173,Universite de Montreal Faculty of Medicine,QC,MD,,,0,,,0,no_match,no_compatible_active_school,review source match
aamc_msar_interview_policies.csv,174,University of Saskatchewan College of Medicine,SK,MD,,,0,,,0,no_match,no_compatible_active_school,review source match
aamc_msar_interview_policies.csv,5,Arizona State University School of Medicine and Advanced Medical Engineering (SOMME),AZ,MD,md_arizona_state_university_john_shufeldt_school_of_medicine_and_medical_engineerin,Arizona State University John Shufeldt School of Medicine and Medical Engineering,0.846,md_university_of_arizona_college_of_medicine_tucson_tucson_arizona,University of Arizona College of Medicine - Tucson,0.598,review,below_safe_threshold,review source match
aamc_msar_interview_policies.csv,55,Louisiana State University School of Medicine in New Orleans,LA,MD,md_louisiana_state_university_school_of_medicine_in_shreveport_shreveport_louisiana,Louisiana State University School of Medicine in Shreveport,0.867,md_tulane_university_school_of_medicine_new_orleans_louisiana,Tulane University School of Medicine,0.689,review,below_safe_threshold,review source match
aamc_msar_interview_policies.csv,6,University of Arizona College of Medicine,AZ,MD,md_university_of_arizona_college_of_medicine_tucson_tucson_arizona,University of Arizona College of Medicine - Tucson,0.909,md_university_of_arizona_college_of_medicine_phoenix_phoenix_arizona,University of Arizona College of Medicine - Phoenix,0.897,review,ambiguous_match_gap,review source match
aamc_msar_interview_policies.csv,65,Central Michigan University College of Medicine,MI,MD,md_covenant_healthcare_college_of_medicine_at_central_michigan_university_mount_ple,Covenant HealthCare College of Medicine at Central Michigan University,0.815,md_michigan_state_university_college_of_human_medicine_east_lansing_michigan,Michigan State University College of Human Medicine,0.783,review,below_safe_threshold,review source match
aamc_msar_interview_policies.csv,81,University of North Carolina at Chapel Hill School of Medicine,NC,MD,md_university_of_north_carolina_school_of_medicine_chapel_hill_north_carolina,University of North Carolina School of Medicine,0.872,md_brody_school_of_medicine_at_east_carolina_university_greenville_north_carolina,Brody School of Medicine at East Carolina University,0.747,review,below_safe_threshold,review source match
aamc_msar_mcat_dates.csv,111,Northeast Ohio Medical University,OH,MD,md_northeast_ohio_medical_university_college_of_medicine_rootstown_ohio,Northeast Ohio Medical University College of Medicine,0.795,md_the_ohio_state_university_college_of_medicine_columbus_ohio,The Ohio State University College of Medicine,0.648,review,below_safe_threshold,review source match
aamc_msar_mcat_dates.csv,121,Pennsylvania State University College of Medicine,PA,MD,md_drexel_university_college_of_medicine_philadelphia_pennsylvania,Drexel University College of Medicine,0.75,md_penn_state_college_of_medicine_hershey_pennsylvania,Penn State College of Medicine,0.74,review,ambiguous_match_gap,review source match
aamc_msar_mcat_dates.csv,122,Perelman School of Medicine at the University of Pennsylvania,PA,MD,md_raymond_and_ruth_perelman_school_of_medicine_at_the_university_of_pennsylvania_p,Raymond and Ruth Perelman School of Medicine at the University of Pennsylvania,0.881,md_university_of_pittsburgh_school_of_medicine_pittsburgh_pennsylvania,University of Pittsburgh School of Medicine,0.706,review,below_safe_threshold,review source match
aamc_msar_mcat_dates.csv,125,Ponce Health Sciences University School of Medicine,PR,MD,,,0,,,0,no_match,no_compatible_active_school,review source match
aamc_msar_mcat_dates.csv,126,San Juan Bautista School of Medicine,PR,MD,,,0,,,0,no_match,no_compatible_active_school,review source match
aamc_msar_mcat_dates.csv,127,Universidad Central del Caribe School of Medicine,PR,MD,,,0,,,0,no_match,no_compatible_active_school,review source match
aamc_msar_mcat_dates.csv,128,University of Puerto Rico School of Medicine,PR,MD,,,0,,,0,no_match,no_compatible_active_school,review source match
aamc_msar_mcat_dates.csv,131,University of South Carolina School of Medicine Columbia,SC,MD,md_university_of_south_carolina_school_of_medicine_greenville_greenville_south_caro,"University of South Carolina School of Medicine, Greenville",0.843,md_medical_university_of_south_carolina_college_of_medicine_charleston_south_caroli,Medical University of South Carolina College of Medicine,0.82,review,ambiguous_match_gap,review source match
aamc_msar_mcat_dates.csv,135,Meharry Medical College,TN,MD,md_meharry_medical_college_school_of_medicine_nashville_tennessee,Meharry Medical College School of Medicine,0.742,md_thomas_f_frist_jr_college_of_medicine_at_belmont_university_nashville_tennessee,"Thomas F. Frist, Jr. College of Medicine at Belmont University",0.474,no_match,low_match_score,review source match
aamc_msar_mcat_dates.csv,139,Anne Burnett Marion School of Medicine at TCU,TX,MD,md_anne_burnett_marion_school_of_medicine_at_texas_christian_university_fort_worth_,Anne Burnett Marion School of Medicine at Texas Christian University,0.772,md_baylor_college_of_medicine_school_of_medicine_houston_texas,Baylor College of Medicine School of Medicine,0.551,review,below_safe_threshold,review source match
aamc_msar_mcat_dates.csv,140,Baylor College of Medicine,TX,MD,md_baylor_college_of_medicine_school_of_medicine_houston_texas,Baylor College of Medicine School of Medicine,0.868,md_the_university_of_texas_at_tyler_school_of_medicine_tyler_texas,The University of Texas at Tyler School of Medicine,0.557,review,below_safe_threshold,review source match
aamc_msar_mcat_dates.csv,141,McGovern Medical School at the University of Texas Health Science Center at Houston,TX,MD,md_texas_tech_university_health_sciences_center_school_of_medicine_lubbock_texas,Texas Tech University Health Sciences Center School of Medicine,0.785,md_mcgovern_medical_school_at_uthealth_houston_houston_texas,McGovern Medical School at UTHealth Houston,0.727,review,below_safe_threshold,review source match
aamc_msar_mcat_dates.csv,142,Texas A&M University School of Medicine,TX,MD,md_the_university_of_texas_at_tyler_school_of_medicine_tyler_texas,The University of Texas at Tyler School of Medicine,0.865,md_dell_medical_school_university_of_texas_at_austin_austin_texas,Dell Medical School – University of Texas at Austin,0.81,review,below_safe_threshold,review source match
aamc_msar_mcat_dates.csv,146,The University of Texas Health Science Center at San Antonio Joe R. and Teresa Lozano Long School of Medicine,TX,MD,md_the_university_of_texas_at_san_antonio_joe_r_and_teresa_lozano_long_school_of_me,The University of Texas at San Antonio Joe R. and Teresa Lozano Long School of Medicine,0.863,md_texas_tech_university_health_sciences_center_school_of_medicine_lubbock_texas,Texas Tech University Health Sciences Center School of Medicine,0.755,review,below_safe_threshold,review source match
aamc_msar_mcat_dates.csv,153,Eastern Virginia Medical School,VA,MD,md_virginia_tech_carilion_school_of_medicine_roanoke_virginia,Virginia Tech Carilion School of Medicine,0.725,md_eastern_virginia_medical_school_at_old_dominion_university_norfolk_virginia,Eastern Virginia Medical School at Old Dominion University,0.721,no_match,low_match_score,review source match
aamc_msar_mcat_dates.csv,164,University of British Columbia Faculty of Medicine,BC,MD,,,0,,,0,no_match,no_compatible_active_school,review source match
aamc_msar_mcat_dates.csv,165,"Max Rady College of Medicine, Rady Faculty of Health Sciences, University of Manitoba",MB,MD,,,0,,,0,no_match,no_compatible_active_school,review source match
aamc_msar_mcat_dates.csv,166,Memorial University of Newfoundland Faculty of Medicine,NL,MD,,,0,,,0,no_match,no_compatible_active_school,review source match
aamc_msar_mcat_dates.csv,167,Dalhousie University Faculty of Medicine,NS,MD,,,0,,,0,no_match,no_compatible_active_school,review source match
aamc_msar_mcat_dates.csv,168,McMaster University Michael G. DeGroote School of Medicine,ON,MD,,,0,,,0,no_match,no_compatible_active_school,review source match
aamc_msar_mcat_dates.csv,17,"University of California, Los Angeles David Geffen School of Medicine",CA,MD,md_university_of_california_san_diego_school_of_medicine_san_diego_california,"University of California, San Diego School of Medicine",0.826,md_university_of_california_davis_school_of_medicine_davis_california,"University of California, Davis School of Medicine",0.819,review,ambiguous_match_gap,review source match
aamc_msar_mcat_dates.csv,170,Queen's University Faculty of Health Sciences,ON,MD,,,0,,,0,no_match,no_compatible_active_school,review source match
aamc_msar_mcat_dates.csv,171,The University of Western Ontario - Schulich School of Medicine & Dentistry,ON,MD,,,0,,,0,no_match,no_compatible_active_school,review source match
aamc_msar_mcat_dates.csv,174,University of Toronto Temerty Faculty of Medicine,ON,MD,,,0,,,0,no_match,no_compatible_active_school,review source match
aamc_msar_mcat_dates.csv,176,University of Saskatchewan College of Medicine,SK,MD,,,0,,,0,no_match,no_compatible_active_school,review source match
aamc_msar_mcat_dates.csv,5,Arizona State University School of Medicine and Advanced Medical Engineering (SOMME),AZ,MD,md_arizona_state_university_john_shufeldt_school_of_medicine_and_medical_engineerin,Arizona State University John Shufeldt School of Medicine and Medical Engineering,0.846,md_university_of_arizona_college_of_medicine_tucson_tucson_arizona,University of Arizona College of Medicine - Tucson,0.598,review,below_safe_threshold,review source match
aamc_msar_mcat_dates.csv,55,Louisiana State University School of Medicine in New Orleans,LA,MD,md_louisiana_state_university_school_of_medicine_in_shreveport_shreveport_louisiana,Louisiana State University School of Medicine in Shreveport,0.867,md_tulane_university_school_of_medicine_new_orleans_louisiana,Tulane University School of Medicine,0.689,review,below_safe_threshold,review source match
aamc_msar_mcat_dates.csv,6,University of Arizona College of Medicine,AZ,MD,md_university_of_arizona_college_of_medicine_tucson_tucson_arizona,University of Arizona College of Medicine - Tucson,0.909,md_university_of_arizona_college_of_medicine_phoenix_phoenix_arizona,University of Arizona College of Medicine - Phoenix,0.897,review,ambiguous_match_gap,review source match
aamc_msar_mcat_dates.csv,65,Central Michigan University College of Medicine,MI,MD,md_covenant_healthcare_college_of_medicine_at_central_michigan_university_mount_ple,Covenant HealthCare College of Medicine at Central Michigan University,0.815,md_michigan_state_university_college_of_human_medicine_east_lansing_michigan,Michigan State University College of Human Medicine,0.783,review,below_safe_threshold,review source match
aamc_msar_mcat_dates.csv,81,University of North Carolina at Chapel Hill School of Medicine,NC,MD,md_university_of_north_carolina_school_of_medicine_chapel_hill_north_carolina,University of North Carolina School of Medicine,0.872,md_brody_school_of_medicine_at_east_carolina_university_greenville_north_carolina,Brody School of Medicine at East Carolina University,0.747,review,below_safe_threshold,review source match
aamc_msar_mission_statements.csv,111,Northeast Ohio Medical University,OH,MD,md_northeast_ohio_medical_university_college_of_medicine_rootstown_ohio,Northeast Ohio Medical University College of Medicine,0.795,md_the_ohio_state_university_college_of_medicine_columbus_ohio,The Ohio State University College of Medicine,0.648,review,below_safe_threshold,review source match
aamc_msar_mission_statements.csv,121,Pennsylvania State University College of Medicine,PA,MD,md_drexel_university_college_of_medicine_philadelphia_pennsylvania,Drexel University College of Medicine,0.75,md_penn_state_college_of_medicine_hershey_pennsylvania,Penn State College of Medicine,0.74,review,ambiguous_match_gap,review source match
aamc_msar_mission_statements.csv,122,Perelman School of Medicine at the University of Pennsylvania,PA,MD,md_raymond_and_ruth_perelman_school_of_medicine_at_the_university_of_pennsylvania_p,Raymond and Ruth Perelman School of Medicine at the University of Pennsylvania,0.881,md_university_of_pittsburgh_school_of_medicine_pittsburgh_pennsylvania,University of Pittsburgh School of Medicine,0.706,review,below_safe_threshold,review source match
aamc_msar_mission_statements.csv,125,Ponce Health Sciences University School of Medicine,PR,MD,,,0,,,0,no_match,no_compatible_active_school,review source match
aamc_msar_mission_statements.csv,126,San Juan Bautista School of Medicine,PR,MD,,,0,,,0,no_match,no_compatible_active_school,review source match
aamc_msar_mission_statements.csv,127,Universidad Central del Caribe School of Medicine,PR,MD,,,0,,,0,no_match,no_compatible_active_school,review source match
aamc_msar_mission_statements.csv,128,University of Puerto Rico School of Medicine,PR,MD,,,0,,,0,no_match,no_compatible_active_school,review source match
aamc_msar_mission_statements.csv,131,University of South Carolina School of Medicine Columbia,SC,MD,md_university_of_south_carolina_school_of_medicine_greenville_greenville_south_caro,"University of South Carolina School of Medicine, Greenville",0.843,md_medical_university_of_south_carolina_college_of_medicine_charleston_south_caroli,Medical University of South Carolina College of Medicine,0.82,review,ambiguous_match_gap,review source match
aamc_msar_mission_statements.csv,135,Meharry Medical College,TN,MD,md_meharry_medical_college_school_of_medicine_nashville_tennessee,Meharry Medical College School of Medicine,0.742,md_thomas_f_frist_jr_college_of_medicine_at_belmont_university_nashville_tennessee,"Thomas F. Frist, Jr. College of Medicine at Belmont University",0.474,no_match,low_match_score,review source match
aamc_msar_mission_statements.csv,139,Anne Burnett Marion School of Medicine at TCU,TX,MD,md_anne_burnett_marion_school_of_medicine_at_texas_christian_university_fort_worth_,Anne Burnett Marion School of Medicine at Texas Christian University,0.772,md_baylor_college_of_medicine_school_of_medicine_houston_texas,Baylor College of Medicine School of Medicine,0.551,review,below_safe_threshold,review source match
aamc_msar_mission_statements.csv,140,Baylor College of Medicine,TX,MD,md_baylor_college_of_medicine_school_of_medicine_houston_texas,Baylor College of Medicine School of Medicine,0.868,md_the_university_of_texas_at_tyler_school_of_medicine_tyler_texas,The University of Texas at Tyler School of Medicine,0.557,review,below_safe_threshold,review source match
aamc_msar_mission_statements.csv,141,McGovern Medical School at the University of Texas Health Science Center at Houston,TX,MD,md_texas_tech_university_health_sciences_center_school_of_medicine_lubbock_texas,Texas Tech University Health Sciences Center School of Medicine,0.785,md_mcgovern_medical_school_at_uthealth_houston_houston_texas,McGovern Medical School at UTHealth Houston,0.727,review,below_safe_threshold,review source match
aamc_msar_mission_statements.csv,142,Texas A&M University School of Medicine,TX,MD,md_the_university_of_texas_at_tyler_school_of_medicine_tyler_texas,The University of Texas at Tyler School of Medicine,0.865,md_dell_medical_school_university_of_texas_at_austin_austin_texas,Dell Medical School – University of Texas at Austin,0.81,review,below_safe_threshold,review source match
aamc_msar_mission_statements.csv,146,The University of Texas Health Science Center at San Antonio Joe R. and Teresa Lozano Long School of Medicine,TX,MD,md_the_university_of_texas_at_san_antonio_joe_r_and_teresa_lozano_long_school_of_me,The University of Texas at San Antonio Joe R. and Teresa Lozano Long School of Medicine,0.863,md_texas_tech_university_health_sciences_center_school_of_medicine_lubbock_texas,Texas Tech University Health Sciences Center School of Medicine,0.755,review,below_safe_threshold,review source match
aamc_msar_mission_statements.csv,153,Eastern Virginia Medical School,VA,MD,md_virginia_tech_carilion_school_of_medicine_roanoke_virginia,Virginia Tech Carilion School of Medicine,0.725,md_eastern_virginia_medical_school_at_old_dominion_university_norfolk_virginia,Eastern Virginia Medical School at Old Dominion University,0.721,no_match,low_match_score,review source match
aamc_msar_mission_statements.csv,164,University of British Columbia Faculty of Medicine,BC,MD,,,0,,,0,no_match,no_compatible_active_school,review source match
aamc_msar_mission_statements.csv,165,"Max Rady College of Medicine, Rady Faculty of Health Sciences, University of Manitoba",MB,MD,,,0,,,0,no_match,no_compatible_active_school,review source match
aamc_msar_mission_statements.csv,166,Memorial University of Newfoundland Faculty of Medicine,NL,MD,,,0,,,0,no_match,no_compatible_active_school,review source match
aamc_msar_mission_statements.csv,167,Dalhousie University Faculty of Medicine,NS,MD,,,0,,,0,no_match,no_compatible_active_school,review source match
aamc_msar_mission_statements.csv,168,McMaster University Michael G. DeGroote School of Medicine,ON,MD,,,0,,,0,no_match,no_compatible_active_school,review source match
aamc_msar_mission_statements.csv,169,Northern Ontario School of Medicine,ON,MD,,,0,,,0,no_match,no_compatible_active_school,review source match
aamc_msar_mission_statements.csv,17,"University of California, Los Angeles David Geffen School of Medicine",CA,MD,md_university_of_california_san_diego_school_of_medicine_san_diego_california,"University of California, San Diego School of Medicine",0.826,md_university_of_california_davis_school_of_medicine_davis_california,"University of California, Davis School of Medicine",0.819,review,ambiguous_match_gap,review source match
aamc_msar_mission_statements.csv,170,Queen's University Faculty of Health Sciences,ON,MD,,,0,,,0,no_match,no_compatible_active_school,review source match
aamc_msar_mission_statements.csv,171,The University of Western Ontario - Schulich School of Medicine & Dentistry,ON,MD,,,0,,,0,no_match,no_compatible_active_school,review source match
aamc_msar_mission_statements.csv,172,Toronto Metropolitan University School of Medicine,ON,MD,,,0,,,0,no_match,no_compatible_active_school,review source match
aamc_msar_mission_statements.csv,173,University of Ottawa Faculty of Medicine,ON,MD,,,0,,,0,no_match,no_compatible_active_school,review source match
aamc_msar_mission_statements.csv,174,University of Toronto Temerty Faculty of Medicine,ON,MD,,,0,,,0,no_match,no_compatible_active_school,review source match
aamc_msar_mission_statements.csv,175,Universite de Montreal Faculty of Medicine,QC,MD,,,0,,,0,no_match,no_compatible_active_school,review source match
aamc_msar_mission_statements.csv,176,University of Saskatchewan College of Medicine,SK,MD,,,0,,,0,no_match,no_compatible_active_school,review source match
aamc_msar_mission_statements.csv,5,Arizona State University School of Medicine and Advanced Medical Engineering (SOMME),AZ,MD,md_arizona_state_university_john_shufeldt_school_of_medicine_and_medical_engineerin,Arizona State University John Shufeldt School of Medicine and Medical Engineering,0.846,md_university_of_arizona_college_of_medicine_tucson_tucson_arizona,University of Arizona College of Medicine - Tucson,0.598,review,below_safe_threshold,review source match
aamc_msar_mission_statements.csv,55,Louisiana State University School of Medicine in New Orleans,LA,MD,md_louisiana_state_university_school_of_medicine_in_shreveport_shreveport_louisiana,Louisiana State University School of Medicine in Shreveport,0.867,md_tulane_university_school_of_medicine_new_orleans_louisiana,Tulane University School of Medicine,0.689,review,below_safe_threshold,review source match
aamc_msar_mission_statements.csv,6,University of Arizona College of Medicine,AZ,MD,md_university_of_arizona_college_of_medicine_tucson_tucson_arizona,University of Arizona College of Medicine - Tucson,0.909,md_university_of_arizona_college_of_medicine_phoenix_phoenix_arizona,University of Arizona College of Medicine - Phoenix,0.897,review,ambiguous_match_gap,review source match
aamc_msar_mission_statements.csv,65,Central Michigan University College of Medicine,MI,MD,md_covenant_healthcare_college_of_medicine_at_central_michigan_university_mount_ple,Covenant HealthCare College of Medicine at Central Michigan University,0.815,md_michigan_state_university_college_of_human_medicine_east_lansing_michigan,Michigan State University College of Human Medicine,0.783,review,below_safe_threshold,review source match
aamc_msar_mission_statements.csv,81,University of North Carolina at Chapel Hill School of Medicine,NC,MD,md_university_of_north_carolina_school_of_medicine_chapel_hill_north_carolina,University of North Carolina School of Medicine,0.872,md_brody_school_of_medicine_at_east_carolina_university_greenville_north_carolina,Brody School of Medicine at East Carolina University,0.747,review,below_safe_threshold,review source match
aamc_msar_premed_course_requirements.csv,14,Arizona State University School of Medicine and Advanced Medical Engineering (SOMME),AZ,MD,md_arizona_state_university_john_shufeldt_school_of_medicine_and_medical_engineerin,Arizona State University John Shufeldt School of Medicine and Medical Engineering,0.846,md_university_of_arizona_college_of_medicine_tucson_tucson_arizona,University of Arizona College of Medicine - Tucson,0.598,review,below_safe_threshold,review source match
aamc_msar_premed_course_requirements.csv,15,Arizona State University School of Medicine and Advanced Medical Engineering (SOMME),AZ,MD,md_arizona_state_university_john_shufeldt_school_of_medicine_and_medical_engineerin,Arizona State University John Shufeldt School of Medicine and Medical Engineering,0.846,md_university_of_arizona_college_of_medicine_tucson_tucson_arizona,University of Arizona College of Medicine - Tucson,0.598,review,below_safe_threshold,review source match
aamc_msar_premed_course_requirements.csv,16,Arizona State University School of Medicine and Advanced Medical Engineering (SOMME),AZ,MD,md_arizona_state_university_john_shufeldt_school_of_medicine_and_medical_engineerin,Arizona State University John Shufeldt School of Medicine and Medical Engineering,0.846,md_university_of_arizona_college_of_medicine_tucson_tucson_arizona,University of Arizona College of Medicine - Tucson,0.598,review,below_safe_threshold,review source match
aamc_msar_premed_course_requirements.csv,167,Louisiana State University School of Medicine in New Orleans,LA,MD,md_louisiana_state_university_school_of_medicine_in_shreveport_shreveport_louisiana,Louisiana State University School of Medicine in Shreveport,0.867,md_tulane_university_school_of_medicine_new_orleans_louisiana,Tulane University School of Medicine,0.689,review,below_safe_threshold,review source match
aamc_msar_premed_course_requirements.csv,168,Louisiana State University School of Medicine in New Orleans,LA,MD,md_louisiana_state_university_school_of_medicine_in_shreveport_shreveport_louisiana,Louisiana State University School of Medicine in Shreveport,0.867,md_tulane_university_school_of_medicine_new_orleans_louisiana,Tulane University School of Medicine,0.689,review,below_safe_threshold,review source match
aamc_msar_premed_course_requirements.csv,17,Arizona State University School of Medicine and Advanced Medical Engineering (SOMME),AZ,MD,md_arizona_state_university_john_shufeldt_school_of_medicine_and_medical_engineerin,Arizona State University John Shufeldt School of Medicine and Medical Engineering,0.846,md_university_of_arizona_college_of_medicine_tucson_tucson_arizona,University of Arizona College of Medicine - Tucson,0.598,review,below_safe_threshold,review source match
aamc_msar_premed_course_requirements.csv,18,Arizona State University School of Medicine and Advanced Medical Engineering (SOMME),AZ,MD,md_arizona_state_university_john_shufeldt_school_of_medicine_and_medical_engineerin,Arizona State University John Shufeldt School of Medicine and Medical Engineering,0.846,md_university_of_arizona_college_of_medicine_tucson_tucson_arizona,University of Arizona College of Medicine - Tucson,0.598,review,below_safe_threshold,review source match
aamc_msar_premed_course_requirements.csv,19,Arizona State University School of Medicine and Advanced Medical Engineering (SOMME),AZ,MD,md_arizona_state_university_john_shufeldt_school_of_medicine_and_medical_engineerin,Arizona State University John Shufeldt School of Medicine and Medical Engineering,0.846,md_university_of_arizona_college_of_medicine_tucson_tucson_arizona,University of Arizona College of Medicine - Tucson,0.598,review,below_safe_threshold,review source match
aamc_msar_premed_course_requirements.csv,20,Arizona State University School of Medicine and Advanced Medical Engineering (SOMME),AZ,MD,md_arizona_state_university_john_shufeldt_school_of_medicine_and_medical_engineerin,Arizona State University John Shufeldt School of Medicine and Medical Engineering,0.846,md_university_of_arizona_college_of_medicine_tucson_tucson_arizona,University of Arizona College of Medicine - Tucson,0.598,review,below_safe_threshold,review source match
aamc_msar_premed_course_requirements.csv,21,Arizona State University School of Medicine and Advanced Medical Engineering (SOMME),AZ,MD,md_arizona_state_university_john_shufeldt_school_of_medicine_and_medical_engineerin,Arizona State University John Shufeldt School of Medicine and Medical Engineering,0.846,md_university_of_arizona_college_of_medicine_tucson_tucson_arizona,University of Arizona College of Medicine - Tucson,0.598,review,below_safe_threshold,review source match
aamc_msar_premed_course_requirements.csv,210,Central Michigan University College of Medicine,MI,MD,md_covenant_healthcare_college_of_medicine_at_central_michigan_university_mount_ple,Covenant HealthCare College of Medicine at Central Michigan University,0.815,md_michigan_state_university_college_of_human_medicine_east_lansing_michigan,Michigan State University College of Human Medicine,0.783,review,below_safe_threshold,review source match
aamc_msar_premed_course_requirements.csv,211,Central Michigan University College of Medicine,MI,MD,md_covenant_healthcare_college_of_medicine_at_central_michigan_university_mount_ple,Covenant HealthCare College of Medicine at Central Michigan University,0.815,md_michigan_state_university_college_of_human_medicine_east_lansing_michigan,Michigan State University College of Human Medicine,0.783,review,below_safe_threshold,review source match
aamc_msar_premed_course_requirements.csv,22,Arizona State University School of Medicine and Advanced Medical Engineering (SOMME),AZ,MD,md_arizona_state_university_john_shufeldt_school_of_medicine_and_medical_engineerin,Arizona State University John Shufeldt School of Medicine and Medical Engineering,0.846,md_university_of_arizona_college_of_medicine_tucson_tucson_arizona,University of Arizona College of Medicine - Tucson,0.598,review,below_safe_threshold,review source match
aamc_msar_premed_course_requirements.csv,23,Arizona State University School of Medicine and Advanced Medical Engineering (SOMME),AZ,MD,md_arizona_state_university_john_shufeldt_school_of_medicine_and_medical_engineerin,Arizona State University John Shufeldt School of Medicine and Medical Engineering,0.846,md_university_of_arizona_college_of_medicine_tucson_tucson_arizona,University of Arizona College of Medicine - Tucson,0.598,review,below_safe_threshold,review source match
aamc_msar_premed_course_requirements.csv,233,University of North Carolina at Chapel Hill School of Medicine,NC,MD,md_university_of_north_carolina_school_of_medicine_chapel_hill_north_carolina,University of North Carolina School of Medicine,0.872,md_brody_school_of_medicine_at_east_carolina_university_greenville_north_carolina,Brody School of Medicine at East Carolina University,0.747,review,below_safe_threshold,review source match
aamc_msar_premed_course_requirements.csv,24,Arizona State University School of Medicine and Advanced Medical Engineering (SOMME),AZ,MD,md_arizona_state_university_john_shufeldt_school_of_medicine_and_medical_engineerin,Arizona State University John Shufeldt School of Medicine and Medical Engineering,0.846,md_university_of_arizona_college_of_medicine_tucson_tucson_arizona,University of Arizona College of Medicine - Tucson,0.598,review,below_safe_threshold,review source match
aamc_msar_premed_course_requirements.csv,25,Arizona State University School of Medicine and Advanced Medical Engineering (SOMME),AZ,MD,md_arizona_state_university_john_shufeldt_school_of_medicine_and_medical_engineerin,Arizona State University John Shufeldt School of Medicine and Medical Engineering,0.846,md_university_of_arizona_college_of_medicine_tucson_tucson_arizona,University of Arizona College of Medicine - Tucson,0.598,review,below_safe_threshold,review source match
aamc_msar_premed_course_requirements.csv,26,University of Arizona College of Medicine,AZ,MD,md_university_of_arizona_college_of_medicine_tucson_tucson_arizona,University of Arizona College of Medicine - Tucson,0.909,md_university_of_arizona_college_of_medicine_phoenix_phoenix_arizona,University of Arizona College of Medicine - Phoenix,0.897,review,ambiguous_match_gap,review source match
aamc_msar_premed_course_requirements.csv,27,University of Arizona College of Medicine,AZ,MD,md_university_of_arizona_college_of_medicine_tucson_tucson_arizona,University of Arizona College of Medicine - Tucson,0.909,md_university_of_arizona_college_of_medicine_phoenix_phoenix_arizona,University of Arizona College of Medicine - Phoenix,0.897,review,ambiguous_match_gap,review source match
aamc_msar_premed_course_requirements.csv,28,University of Arizona College of Medicine,AZ,MD,md_university_of_arizona_college_of_medicine_tucson_tucson_arizona,University of Arizona College of Medicine - Tucson,0.909,md_university_of_arizona_college_of_medicine_phoenix_phoenix_arizona,University of Arizona College of Medicine - Phoenix,0.897,review,ambiguous_match_gap,review source match
aamc_msar_premed_course_requirements.csv,29,University of Arizona College of Medicine,AZ,MD,md_university_of_arizona_college_of_medicine_tucson_tucson_arizona,University of Arizona College of Medicine - Tucson,0.909,md_university_of_arizona_college_of_medicine_phoenix_phoenix_arizona,University of Arizona College of Medicine - Phoenix,0.897,review,ambiguous_match_gap,review source match
aamc_msar_premed_course_requirements.csv,30,University of Arizona College of Medicine,AZ,MD,md_university_of_arizona_college_of_medicine_tucson_tucson_arizona,University of Arizona College of Medicine - Tucson,0.909,md_university_of_arizona_college_of_medicine_phoenix_phoenix_arizona,University of Arizona College of Medicine - Phoenix,0.897,review,ambiguous_match_gap,review source match
aamc_msar_premed_course_requirements.csv,31,University of Arizona College of Medicine,AZ,MD,md_university_of_arizona_college_of_medicine_tucson_tucson_arizona,University of Arizona College of Medicine - Tucson,0.909,md_university_of_arizona_college_of_medicine_phoenix_phoenix_arizona,University of Arizona College of Medicine - Phoenix,0.897,review,ambiguous_match_gap,review source match
aamc_msar_premed_course_requirements.csv,312,Northeast Ohio Medical University,OH,MD,md_northeast_ohio_medical_university_college_of_medicine_rootstown_ohio,Northeast Ohio Medical University College of Medicine,0.795,md_the_ohio_state_university_college_of_medicine_columbus_ohio,The Ohio State University College of Medicine,0.648,review,below_safe_threshold,review source match
aamc_msar_premed_course_requirements.csv,313,Northeast Ohio Medical University,OH,MD,md_northeast_ohio_medical_university_college_of_medicine_rootstown_ohio,Northeast Ohio Medical University College of Medicine,0.795,md_the_ohio_state_university_college_of_medicine_columbus_ohio,The Ohio State University College of Medicine,0.648,review,below_safe_threshold,review source match
aamc_msar_premed_course_requirements.csv,314,Northeast Ohio Medical University,OH,MD,md_northeast_ohio_medical_university_college_of_medicine_rootstown_ohio,Northeast Ohio Medical University College of Medicine,0.795,md_the_ohio_state_university_college_of_medicine_columbus_ohio,The Ohio State University College of Medicine,0.648,review,below_safe_threshold,review source match
aamc_msar_premed_course_requirements.csv,345,Pennsylvania State University College of Medicine,PA,MD,md_drexel_university_college_of_medicine_philadelphia_pennsylvania,Drexel University College of Medicine,0.75,md_penn_state_college_of_medicine_hershey_pennsylvania,Penn State College of Medicine,0.74,review,ambiguous_match_gap,review source match
aamc_msar_premed_course_requirements.csv,346,Pennsylvania State University College of Medicine,PA,MD,md_drexel_university_college_of_medicine_philadelphia_pennsylvania,Drexel University College of Medicine,0.75,md_penn_state_college_of_medicine_hershey_pennsylvania,Penn State College of Medicine,0.74,review,ambiguous_match_gap,review source match
aamc_msar_premed_course_requirements.csv,347,Pennsylvania State University College of Medicine,PA,MD,md_drexel_university_college_of_medicine_philadelphia_pennsylvania,Drexel University College of Medicine,0.75,md_penn_state_college_of_medicine_hershey_pennsylvania,Penn State College of Medicine,0.74,review,ambiguous_match_gap,review source match
aamc_msar_premed_course_requirements.csv,348,Pennsylvania State University College of Medicine,PA,MD,md_drexel_university_college_of_medicine_philadelphia_pennsylvania,Drexel University College of Medicine,0.75,md_penn_state_college_of_medicine_hershey_pennsylvania,Penn State College of Medicine,0.74,review,ambiguous_match_gap,review source match
aamc_msar_premed_course_requirements.csv,349,Pennsylvania State University College of Medicine,PA,MD,md_drexel_university_college_of_medicine_philadelphia_pennsylvania,Drexel University College of Medicine,0.75,md_penn_state_college_of_medicine_hershey_pennsylvania,Penn State College of Medicine,0.74,review,ambiguous_match_gap,review source match
aamc_msar_premed_course_requirements.csv,350,Pennsylvania State University College of Medicine,PA,MD,md_drexel_university_college_of_medicine_philadelphia_pennsylvania,Drexel University College of Medicine,0.75,md_penn_state_college_of_medicine_hershey_pennsylvania,Penn State College of Medicine,0.74,review,ambiguous_match_gap,review source match
aamc_msar_premed_course_requirements.csv,351,Pennsylvania State University College of Medicine,PA,MD,md_drexel_university_college_of_medicine_philadelphia_pennsylvania,Drexel University College of Medicine,0.75,md_penn_state_college_of_medicine_hershey_pennsylvania,Penn State College of Medicine,0.74,review,ambiguous_match_gap,review source match
aamc_msar_premed_course_requirements.csv,352,Pennsylvania State University College of Medicine,PA,MD,md_drexel_university_college_of_medicine_philadelphia_pennsylvania,Drexel University College of Medicine,0.75,md_penn_state_college_of_medicine_hershey_pennsylvania,Penn State College of Medicine,0.74,review,ambiguous_match_gap,review source match
aamc_msar_premed_course_requirements.csv,353,Pennsylvania State University College of Medicine,PA,MD,md_drexel_university_college_of_medicine_philadelphia_pennsylvania,Drexel University College of Medicine,0.75,md_penn_state_college_of_medicine_hershey_pennsylvania,Penn State College of Medicine,0.74,review,ambiguous_match_gap,review source match
aamc_msar_premed_course_requirements.csv,354,Perelman School of Medicine at the University of Pennsylvania,PA,MD,md_raymond_and_ruth_perelman_school_of_medicine_at_the_university_of_pennsylvania_p,Raymond and Ruth Perelman School of Medicine at the University of Pennsylvania,0.881,md_university_of_pittsburgh_school_of_medicine_pittsburgh_pennsylvania,University of Pittsburgh School of Medicine,0.706,review,below_safe_threshold,review source match
aamc_msar_premed_course_requirements.csv,355,Perelman School of Medicine at the University of Pennsylvania,PA,MD,md_raymond_and_ruth_perelman_school_of_medicine_at_the_university_of_pennsylvania_p,Raymond and Ruth Perelman School of Medicine at the University of Pennsylvania,0.881,md_university_of_pittsburgh_school_of_medicine_pittsburgh_pennsylvania,University of Pittsburgh School of Medicine,0.706,review,below_safe_threshold,review source match
aamc_msar_premed_course_requirements.csv,356,Perelman School of Medicine at the University of Pennsylvania,PA,MD,md_raymond_and_ruth_perelman_school_of_medicine_at_the_university_of_pennsylvania_p,Raymond and Ruth Perelman School of Medicine at the University of Pennsylvania,0.881,md_university_of_pittsburgh_school_of_medicine_pittsburgh_pennsylvania,University of Pittsburgh School of Medicine,0.706,review,below_safe_threshold,review source match
aamc_msar_premed_course_requirements.csv,357,Perelman School of Medicine at the University of Pennsylvania,PA,MD,md_raymond_and_ruth_perelman_school_of_medicine_at_the_university_of_pennsylvania_p,Raymond and Ruth Perelman School of Medicine at the University of Pennsylvania,0.881,md_university_of_pittsburgh_school_of_medicine_pittsburgh_pennsylvania,University of Pittsburgh School of Medicine,0.706,review,below_safe_threshold,review source match
aamc_msar_premed_course_requirements.csv,358,Perelman School of Medicine at the University of Pennsylvania,PA,MD,md_raymond_and_ruth_perelman_school_of_medicine_at_the_university_of_pennsylvania_p,Raymond and Ruth Perelman School of Medicine at the University of Pennsylvania,0.881,md_university_of_pittsburgh_school_of_medicine_pittsburgh_pennsylvania,University of Pittsburgh School of Medicine,0.706,review,below_safe_threshold,review source match
aamc_msar_premed_course_requirements.csv,359,Perelman School of Medicine at the University of Pennsylvania,PA,MD,md_raymond_and_ruth_perelman_school_of_medicine_at_the_university_of_pennsylvania_p,Raymond and Ruth Perelman School of Medicine at the University of Pennsylvania,0.881,md_university_of_pittsburgh_school_of_medicine_pittsburgh_pennsylvania,University of Pittsburgh School of Medicine,0.706,review,below_safe_threshold,review source match
aamc_msar_premed_course_requirements.csv,360,Perelman School of Medicine at the University of Pennsylvania,PA,MD,md_raymond_and_ruth_perelman_school_of_medicine_at_the_university_of_pennsylvania_p,Raymond and Ruth Perelman School of Medicine at the University of Pennsylvania,0.881,md_university_of_pittsburgh_school_of_medicine_pittsburgh_pennsylvania,University of Pittsburgh School of Medicine,0.706,review,below_safe_threshold,review source match
aamc_msar_premed_course_requirements.csv,361,Perelman School of Medicine at the University of Pennsylvania,PA,MD,md_raymond_and_ruth_perelman_school_of_medicine_at_the_university_of_pennsylvania_p,Raymond and Ruth Perelman School of Medicine at the University of Pennsylvania,0.881,md_university_of_pittsburgh_school_of_medicine_pittsburgh_pennsylvania,University of Pittsburgh School of Medicine,0.706,review,below_safe_threshold,review source match
aamc_msar_premed_course_requirements.csv,362,Perelman School of Medicine at the University of Pennsylvania,PA,MD,md_raymond_and_ruth_perelman_school_of_medicine_at_the_university_of_pennsylvania_p,Raymond and Ruth Perelman School of Medicine at the University of Pennsylvania,0.881,md_university_of_pittsburgh_school_of_medicine_pittsburgh_pennsylvania,University of Pittsburgh School of Medicine,0.706,review,below_safe_threshold,review source match
aamc_msar_premed_course_requirements.csv,363,Perelman School of Medicine at the University of Pennsylvania,PA,MD,md_raymond_and_ruth_perelman_school_of_medicine_at_the_university_of_pennsylvania_p,Raymond and Ruth Perelman School of Medicine at the University of Pennsylvania,0.881,md_university_of_pittsburgh_school_of_medicine_pittsburgh_pennsylvania,University of Pittsburgh School of Medicine,0.706,review,below_safe_threshold,review source match
aamc_msar_premed_course_requirements.csv,364,Perelman School of Medicine at the University of Pennsylvania,PA,MD,md_raymond_and_ruth_perelman_school_of_medicine_at_the_university_of_pennsylvania_p,Raymond and Ruth Perelman School of Medicine at the University of Pennsylvania,0.881,md_university_of_pittsburgh_school_of_medicine_pittsburgh_pennsylvania,University of Pittsburgh School of Medicine,0.706,review,below_safe_threshold,review source match
aamc_msar_premed_course_requirements.csv,365,Perelman School of Medicine at the University of Pennsylvania,PA,MD,md_raymond_and_ruth_perelman_school_of_medicine_at_the_university_of_pennsylvania_p,Raymond and Ruth Perelman School of Medicine at the University of Pennsylvania,0.881,md_university_of_pittsburgh_school_of_medicine_pittsburgh_pennsylvania,University of Pittsburgh School of Medicine,0.706,review,below_safe_threshold,review source match
aamc_msar_premed_course_requirements.csv,366,Perelman School of Medicine at the University of Pennsylvania,PA,MD,md_raymond_and_ruth_perelman_school_of_medicine_at_the_university_of_pennsylvania_p,Raymond and Ruth Perelman School of Medicine at the University of Pennsylvania,0.881,md_university_of_pittsburgh_school_of_medicine_pittsburgh_pennsylvania,University of Pittsburgh School of Medicine,0.706,review,below_safe_threshold,review source match
aamc_msar_premed_course_requirements.csv,367,Perelman School of Medicine at the University of Pennsylvania,PA,MD,md_raymond_and_ruth_perelman_school_of_medicine_at_the_university_of_pennsylvania_p,Raymond and Ruth Perelman School of Medicine at the University of Pennsylvania,0.881,md_university_of_pittsburgh_school_of_medicine_pittsburgh_pennsylvania,University of Pittsburgh School of Medicine,0.706,review,below_safe_threshold,review source match
aamc_msar_premed_course_requirements.csv,368,Perelman School of Medicine at the University of Pennsylvania,PA,MD,md_raymond_and_ruth_perelman_school_of_medicine_at_the_university_of_pennsylvania_p,Raymond and Ruth Perelman School of Medicine at the University of Pennsylvania,0.881,md_university_of_pittsburgh_school_of_medicine_pittsburgh_pennsylvania,University of Pittsburgh School of Medicine,0.706,review,below_safe_threshold,review source match
aamc_msar_premed_course_requirements.csv,369,Perelman School of Medicine at the University of Pennsylvania,PA,MD,md_raymond_and_ruth_perelman_school_of_medicine_at_the_university_of_pennsylvania_p,Raymond and Ruth Perelman School of Medicine at the University of Pennsylvania,0.881,md_university_of_pittsburgh_school_of_medicine_pittsburgh_pennsylvania,University of Pittsburgh School of Medicine,0.706,review,below_safe_threshold,review source match
aamc_msar_premed_course_requirements.csv,370,Perelman School of Medicine at the University of Pennsylvania,PA,MD,md_raymond_and_ruth_perelman_school_of_medicine_at_the_university_of_pennsylvania_p,Raymond and Ruth Perelman School of Medicine at the University of Pennsylvania,0.881,md_university_of_pittsburgh_school_of_medicine_pittsburgh_pennsylvania,University of Pittsburgh School of Medicine,0.706,review,below_safe_threshold,review source match
aamc_msar_premed_course_requirements.csv,379,Ponce Health Sciences University School of Medicine,PR,MD,,,0,,,0,no_match,no_compatible_active_school,review source match
aamc_msar_premed_course_requirements.csv,380,Ponce Health Sciences University School of Medicine,PR,MD,,,0,,,0,no_match,no_compatible_active_school,review source match
aamc_msar_premed_course_requirements.csv,381,Ponce Health Sciences University School of Medicine,PR,MD,,,0,,,0,no_match,no_compatible_active_school,review source match
aamc_msar_premed_course_requirements.csv,382,Ponce Health Sciences University School of Medicine,PR,MD,,,0,,,0,no_match,no_compatible_active_school,review source match
aamc_msar_premed_course_requirements.csv,383,Universidad Central del Caribe School of Medicine,PR,MD,,,0,,,0,no_match,no_compatible_active_school,review source match
aamc_msar_premed_course_requirements.csv,397,University of South Carolina School of Medicine Columbia,SC,MD,md_university_of_south_carolina_school_of_medicine_greenville_greenville_south_caro,"University of South Carolina School of Medicine, Greenville",0.843,md_medical_university_of_south_carolina_college_of_medicine_charleston_south_caroli,Medical University of South Carolina College of Medicine,0.82,review,ambiguous_match_gap,review source match
aamc_msar_premed_course_requirements.csv,422,Meharry Medical College,TN,MD,md_meharry_medical_college_school_of_medicine_nashville_tennessee,Meharry Medical College School of Medicine,0.742,md_thomas_f_frist_jr_college_of_medicine_at_belmont_university_nashville_tennessee,"Thomas F. Frist, Jr. College of Medicine at Belmont University",0.474,no_match,low_match_score,review source match
aamc_msar_premed_course_requirements.csv,429,Anne Burnett Marion School of Medicine at TCU,TX,MD,md_anne_burnett_marion_school_of_medicine_at_texas_christian_university_fort_worth_,Anne Burnett Marion School of Medicine at Texas Christian University,0.772,md_baylor_college_of_medicine_school_of_medicine_houston_texas,Baylor College of Medicine School of Medicine,0.551,review,below_safe_threshold,review source match
aamc_msar_premed_course_requirements.csv,430,Baylor College of Medicine,TX,MD,md_baylor_college_of_medicine_school_of_medicine_houston_texas,Baylor College of Medicine School of Medicine,0.868,md_the_university_of_texas_at_tyler_school_of_medicine_tyler_texas,The University of Texas at Tyler School of Medicine,0.557,review,below_safe_threshold,review source match
aamc_msar_premed_course_requirements.csv,431,Baylor College of Medicine,TX,MD,md_baylor_college_of_medicine_school_of_medicine_houston_texas,Baylor College of Medicine School of Medicine,0.868,md_the_university_of_texas_at_tyler_school_of_medicine_tyler_texas,The University of Texas at Tyler School of Medicine,0.557,review,below_safe_threshold,review source match
aamc_msar_premed_course_requirements.csv,432,Baylor College of Medicine,TX,MD,md_baylor_college_of_medicine_school_of_medicine_houston_texas,Baylor College of Medicine School of Medicine,0.868,md_the_university_of_texas_at_tyler_school_of_medicine_tyler_texas,The University of Texas at Tyler School of Medicine,0.557,review,below_safe_threshold,review source match
aamc_msar_premed_course_requirements.csv,433,Baylor College of Medicine,TX,MD,md_baylor_college_of_medicine_school_of_medicine_houston_texas,Baylor College of Medicine School of Medicine,0.868,md_the_university_of_texas_at_tyler_school_of_medicine_tyler_texas,The University of Texas at Tyler School of Medicine,0.557,review,below_safe_threshold,review source match
aamc_msar_premed_course_requirements.csv,434,Baylor College of Medicine,TX,MD,md_baylor_college_of_medicine_school_of_medicine_houston_texas,Baylor College of Medicine School of Medicine,0.868,md_the_university_of_texas_at_tyler_school_of_medicine_tyler_texas,The University of Texas at Tyler School of Medicine,0.557,review,below_safe_threshold,review source match
aamc_msar_premed_course_requirements.csv,435,Baylor College of Medicine,TX,MD,md_baylor_college_of_medicine_school_of_medicine_houston_texas,Baylor College of Medicine School of Medicine,0.868,md_the_university_of_texas_at_tyler_school_of_medicine_tyler_texas,The University of Texas at Tyler School of Medicine,0.557,review,below_safe_threshold,review source match
aamc_msar_premed_course_requirements.csv,436,McGovern Medical School at the University of Texas Health Science Center at Houston,TX,MD,md_texas_tech_university_health_sciences_center_school_of_medicine_lubbock_texas,Texas Tech University Health Sciences Center School of Medicine,0.785,md_mcgovern_medical_school_at_uthealth_houston_houston_texas,McGovern Medical School at UTHealth Houston,0.727,review,below_safe_threshold,review source match
aamc_msar_premed_course_requirements.csv,437,McGovern Medical School at the University of Texas Health Science Center at Houston,TX,MD,md_texas_tech_university_health_sciences_center_school_of_medicine_lubbock_texas,Texas Tech University Health Sciences Center School of Medicine,0.785,md_mcgovern_medical_school_at_uthealth_houston_houston_texas,McGovern Medical School at UTHealth Houston,0.727,review,below_safe_threshold,review source match
aamc_msar_premed_course_requirements.csv,438,McGovern Medical School at the University of Texas Health Science Center at Houston,TX,MD,md_texas_tech_university_health_sciences_center_school_of_medicine_lubbock_texas,Texas Tech University Health Sciences Center School of Medicine,0.785,md_mcgovern_medical_school_at_uthealth_houston_houston_texas,McGovern Medical School at UTHealth Houston,0.727,review,below_safe_threshold,review source match
aamc_msar_premed_course_requirements.csv,439,McGovern Medical School at the University of Texas Health Science Center at Houston,TX,MD,md_texas_tech_university_health_sciences_center_school_of_medicine_lubbock_texas,Texas Tech University Health Sciences Center School of Medicine,0.785,md_mcgovern_medical_school_at_uthealth_houston_houston_texas,McGovern Medical School at UTHealth Houston,0.727,review,below_safe_threshold,review source match
aamc_msar_premed_course_requirements.csv,440,Texas A&M University School of Medicine,TX,MD,md_the_university_of_texas_at_tyler_school_of_medicine_tyler_texas,The University of Texas at Tyler School of Medicine,0.865,md_dell_medical_school_university_of_texas_at_austin_austin_texas,Dell Medical School – University of Texas at Austin,0.81,review,below_safe_threshold,review source match
aamc_msar_premed_course_requirements.csv,441,Texas A&M University School of Medicine,TX,MD,md_the_university_of_texas_at_tyler_school_of_medicine_tyler_texas,The University of Texas at Tyler School of Medicine,0.865,md_dell_medical_school_university_of_texas_at_austin_austin_texas,Dell Medical School – University of Texas at Austin,0.81,review,below_safe_threshold,review source match
aamc_msar_premed_course_requirements.csv,447,The University of Texas Health Science Center at San Antonio Joe R. and Teresa Lozano Long School of Medicine,TX,MD,md_the_university_of_texas_at_san_antonio_joe_r_and_teresa_lozano_long_school_of_me,The University of Texas at San Antonio Joe R. and Teresa Lozano Long School of Medicine,0.863,md_texas_tech_university_health_sciences_center_school_of_medicine_lubbock_texas,Texas Tech University Health Sciences Center School of Medicine,0.755,review,below_safe_threshold,review source match
aamc_msar_premed_course_requirements.csv,448,The University of Texas Health Science Center at San Antonio Joe R. and Teresa Lozano Long School of Medicine,TX,MD,md_the_university_of_texas_at_san_antonio_joe_r_and_teresa_lozano_long_school_of_me,The University of Texas at San Antonio Joe R. and Teresa Lozano Long School of Medicine,0.863,md_texas_tech_university_health_sciences_center_school_of_medicine_lubbock_texas,Texas Tech University Health Sciences Center School of Medicine,0.755,review,below_safe_threshold,review source match
aamc_msar_premed_course_requirements.csv,449,The University of Texas Health Science Center at San Antonio Joe R. and Teresa Lozano Long School of Medicine,TX,MD,md_the_university_of_texas_at_san_antonio_joe_r_and_teresa_lozano_long_school_of_me,The University of Texas at San Antonio Joe R. and Teresa Lozano Long School of Medicine,0.863,md_texas_tech_university_health_sciences_center_school_of_medicine_lubbock_texas,Texas Tech University Health Sciences Center School of Medicine,0.755,review,below_safe_threshold,review source match
aamc_msar_premed_course_requirements.csv,450,The University of Texas Health Science Center at San Antonio Joe R. and Teresa Lozano Long School of Medicine,TX,MD,md_the_university_of_texas_at_san_antonio_joe_r_and_teresa_lozano_long_school_of_me,The University of Texas at San Antonio Joe R. and Teresa Lozano Long School of Medicine,0.863,md_texas_tech_university_health_sciences_center_school_of_medicine_lubbock_texas,Texas Tech University Health Sciences Center School of Medicine,0.755,review,below_safe_threshold,review source match
aamc_msar_premed_course_requirements.csv,451,The University of Texas Health Science Center at San Antonio Joe R. and Teresa Lozano Long School of Medicine,TX,MD,md_the_university_of_texas_at_san_antonio_joe_r_and_teresa_lozano_long_school_of_me,The University of Texas at San Antonio Joe R. and Teresa Lozano Long School of Medicine,0.863,md_texas_tech_university_health_sciences_center_school_of_medicine_lubbock_texas,Texas Tech University Health Sciences Center School of Medicine,0.755,review,below_safe_threshold,review source match
aamc_msar_premed_course_requirements.csv,452,The University of Texas Health Science Center at San Antonio Joe R. and Teresa Lozano Long School of Medicine,TX,MD,md_the_university_of_texas_at_san_antonio_joe_r_and_teresa_lozano_long_school_of_me,The University of Texas at San Antonio Joe R. and Teresa Lozano Long School of Medicine,0.863,md_texas_tech_university_health_sciences_center_school_of_medicine_lubbock_texas,Texas Tech University Health Sciences Center School of Medicine,0.755,review,below_safe_threshold,review source match
aamc_msar_premed_course_requirements.csv,453,The University of Texas Health Science Center at San Antonio Joe R. and Teresa Lozano Long School of Medicine,TX,MD,md_the_university_of_texas_at_san_antonio_joe_r_and_teresa_lozano_long_school_of_me,The University of Texas at San Antonio Joe R. and Teresa Lozano Long School of Medicine,0.863,md_texas_tech_university_health_sciences_center_school_of_medicine_lubbock_texas,Texas Tech University Health Sciences Center School of Medicine,0.755,review,below_safe_threshold,review source match
aamc_msar_premed_course_requirements.csv,46,"University of California, Los Angeles David Geffen School of Medicine",CA,MD,md_university_of_california_san_diego_school_of_medicine_san_diego_california,"University of California, San Diego School of Medicine",0.826,md_university_of_california_davis_school_of_medicine_davis_california,"University of California, Davis School of Medicine",0.819,review,ambiguous_match_gap,review source match
aamc_msar_premed_course_requirements.csv,47,"University of California, Los Angeles David Geffen School of Medicine",CA,MD,md_university_of_california_san_diego_school_of_medicine_san_diego_california,"University of California, San Diego School of Medicine",0.826,md_university_of_california_davis_school_of_medicine_davis_california,"University of California, Davis School of Medicine",0.819,review,ambiguous_match_gap,review source match
aamc_msar_premed_course_requirements.csv,48,"University of California, Los Angeles David Geffen School of Medicine",CA,MD,md_university_of_california_san_diego_school_of_medicine_san_diego_california,"University of California, San Diego School of Medicine",0.826,md_university_of_california_davis_school_of_medicine_davis_california,"University of California, Davis School of Medicine",0.819,review,ambiguous_match_gap,review source match
aamc_msar_premed_course_requirements.csv,49,"University of California, Los Angeles David Geffen School of Medicine",CA,MD,md_university_of_california_san_diego_school_of_medicine_san_diego_california,"University of California, San Diego School of Medicine",0.826,md_university_of_california_davis_school_of_medicine_davis_california,"University of California, Davis School of Medicine",0.819,review,ambiguous_match_gap,review source match
aamc_msar_premed_course_requirements.csv,50,"University of California, Los Angeles David Geffen School of Medicine",CA,MD,md_university_of_california_san_diego_school_of_medicine_san_diego_california,"University of California, San Diego School of Medicine",0.826,md_university_of_california_davis_school_of_medicine_davis_california,"University of California, Davis School of Medicine",0.819,review,ambiguous_match_gap,review source match
aamc_msar_premed_course_requirements.csv,51,"University of California, Los Angeles David Geffen School of Medicine",CA,MD,md_university_of_california_san_diego_school_of_medicine_san_diego_california,"University of California, San Diego School of Medicine",0.826,md_university_of_california_davis_school_of_medicine_davis_california,"University of California, Davis School of Medicine",0.819,review,ambiguous_match_gap,review source match
aamc_msar_premed_course_requirements.csv,511,University of British Columbia Faculty of Medicine,BC,MD,,,0,,,0,no_match,no_compatible_active_school,review source match
aamc_msar_premed_course_requirements.csv,512,University of British Columbia Faculty of Medicine,BC,MD,,,0,,,0,no_match,no_compatible_active_school,review source match
aamc_msar_premed_course_requirements.csv,513,"Max Rady College of Medicine, Rady Faculty of Health Sciences, University of Manitoba",MB,MD,,,0,,,0,no_match,no_compatible_active_school,review source match
aamc_msar_premed_course_requirements.csv,514,"Max Rady College of Medicine, Rady Faculty of Health Sciences, University of Manitoba",MB,MD,,,0,,,0,no_match,no_compatible_active_school,review source match
aamc_msar_premed_course_requirements.csv,515,University of Ottawa Faculty of Medicine,ON,MD,,,0,,,0,no_match,no_compatible_active_school,review source match
aamc_msar_premed_course_requirements.csv,516,University of Ottawa Faculty of Medicine,ON,MD,,,0,,,0,no_match,no_compatible_active_school,review source match
aamc_msar_premed_course_requirements.csv,517,University of Toronto Temerty Faculty of Medicine,ON,MD,,,0,,,0,no_match,no_compatible_active_school,review source match
aamc_msar_premed_course_requirements.csv,518,University of Toronto Temerty Faculty of Medicine,ON,MD,,,0,,,0,no_match,no_compatible_active_school,review source match
aamc_msar_premed_course_requirements.csv,519,University of Toronto Temerty Faculty of Medicine,ON,MD,,,0,,,0,no_match,no_compatible_active_school,review source match
aamc_msar_premed_course_requirements.csv,52,"University of California, Los Angeles David Geffen School of Medicine",CA,MD,md_university_of_california_san_diego_school_of_medicine_san_diego_california,"University of California, San Diego School of Medicine",0.826,md_university_of_california_davis_school_of_medicine_davis_california,"University of California, Davis School of Medicine",0.819,review,ambiguous_match_gap,review source match
aamc_msar_premed_course_requirements.csv,520,University of Toronto Temerty Faculty of Medicine,ON,MD,,,0,,,0,no_match,no_compatible_active_school,review source match
aamc_msar_premed_course_requirements.csv,521,University of Toronto Temerty Faculty of Medicine,ON,MD,,,0,,,0,no_match,no_compatible_active_school,review source match
aamc_msar_premed_course_requirements.csv,522,University of Toronto Temerty Faculty of Medicine,ON,MD,,,0,,,0,no_match,no_compatible_active_school,review source match
aamc_msar_premed_course_requirements.csv,523,University of Toronto Temerty Faculty of Medicine,ON,MD,,,0,,,0,no_match,no_compatible_active_school,review source match
aamc_msar_premed_course_requirements.csv,524,University of Toronto Temerty Faculty of Medicine,ON,MD,,,0,,,0,no_match,no_compatible_active_school,review source match
aamc_msar_premed_course_requirements.csv,525,University of Toronto Temerty Faculty of Medicine,ON,MD,,,0,,,0,no_match,no_compatible_active_school,review source match
aamc_msar_premed_course_requirements.csv,526,Universite de Montreal Faculty of Medicine,QC,MD,,,0,,,0,no_match,no_compatible_active_school,review source match
aamc_msar_premed_course_requirements.csv,53,"University of California, Los Angeles David Geffen School of Medicine",CA,MD,md_university_of_california_san_diego_school_of_medicine_san_diego_california,"University of California, San Diego School of Medicine",0.826,md_university_of_california_davis_school_of_medicine_davis_california,"University of California, Davis School of Medicine",0.819,review,ambiguous_match_gap,review source match
aamc_msar_premed_course_requirements.csv,54,"University of California, Los Angeles David Geffen School of Medicine",CA,MD,md_university_of_california_san_diego_school_of_medicine_san_diego_california,"University of California, San Diego School of Medicine",0.826,md_university_of_california_davis_school_of_medicine_davis_california,"University of California, Davis School of Medicine",0.819,review,ambiguous_match_gap,review source match
aamc_msar_premed_course_requirements.csv,55,"University of California, Los Angeles David Geffen School of Medicine",CA,MD,md_university_of_california_san_diego_school_of_medicine_san_diego_california,"University of California, San Diego School of Medicine",0.826,md_university_of_california_davis_school_of_medicine_davis_california,"University of California, Davis School of Medicine",0.819,review,ambiguous_match_gap,review source match
aamc_msar_premed_course_requirements.csv,56,"University of California, Los Angeles David Geffen School of Medicine",CA,MD,md_university_of_california_san_diego_school_of_medicine_san_diego_california,"University of California, San Diego School of Medicine",0.826,md_university_of_california_davis_school_of_medicine_davis_california,"University of California, Davis School of Medicine",0.819,review,ambiguous_match_gap,review source match
aamc_msar_premed_course_requirements.csv,57,"University of California, Los Angeles David Geffen School of Medicine",CA,MD,md_university_of_california_san_diego_school_of_medicine_san_diego_california,"University of California, San Diego School of Medicine",0.826,md_university_of_california_davis_school_of_medicine_davis_california,"University of California, Davis School of Medicine",0.819,review,ambiguous_match_gap,review source match
aamc_msar_premed_course_requirements.csv,58,"University of California, Los Angeles David Geffen School of Medicine",CA,MD,md_university_of_california_san_diego_school_of_medicine_san_diego_california,"University of California, San Diego School of Medicine",0.826,md_university_of_california_davis_school_of_medicine_davis_california,"University of California, Davis School of Medicine",0.819,review,ambiguous_match_gap,review source match
aamc_msar_premed_course_requirements.csv,59,"University of California, Los Angeles David Geffen School of Medicine",CA,MD,md_university_of_california_san_diego_school_of_medicine_san_diego_california,"University of California, San Diego School of Medicine",0.826,md_university_of_california_davis_school_of_medicine_davis_california,"University of California, Davis School of Medicine",0.819,review,ambiguous_match_gap,review source match
aamc_msar_preview_policies.csv,108,University of South Carolina School of Medicine Columbia,,MD,md_university_of_north_carolina_school_of_medicine_chapel_hill_north_carolina,University of North Carolina School of Medicine,0.857,md_university_of_south_carolina_school_of_medicine_greenville_greenville_south_caro,"University of South Carolina School of Medicine, Greenville",0.843,review,ambiguous_match_gap,review source match
aamc_msar_preview_policies.csv,110,Northeast Ohio Medical University,,MD,md_northeast_ohio_medical_university_college_of_medicine_rootstown_ohio,Northeast Ohio Medical University College of Medicine,0.795,md_university_of_minnesota_medical_school_minneapolis_minnesota,University of Minnesota Medical School,0.735,review,below_safe_threshold,review source match
aamc_msar_preview_policies.csv,113,Ponce Health Sciences University School of Medicine,,MD,md_oregon_health_and_science_university_school_of_medicine_portland_oregon,Oregon Health & Science University School of Medicine,0.917,md_university_of_north_dakota_school_of_medicine_and_health_sciences_grand_forks_no,University of North Dakota School of Medicine and Health Sciences,0.854,review,below_safe_threshold,review source match
aamc_msar_preview_policies.csv,114,Universidad Central del Caribe School of Medicine,,MD,md_university_of_north_carolina_school_of_medicine_chapel_hill_north_carolina,University of North Carolina School of Medicine,0.736,md_university_of_california_davis_school_of_medicine_davis_california,"University of California, Davis School of Medicine",0.719,no_match,low_match_score,review source match
aamc_msar_preview_policies.csv,117,San Juan Bautista School of Medicine,,MD,md_nyu_grossman_school_of_medicine_new_york_new_york,NYU Grossman School of Medicine,0.689,md_cuny_school_of_medicine_new_york_new_york,CUNY School of Medicine,0.679,no_match,low_match_score,review source match
aamc_msar_preview_policies.csv,124,Central Michigan University College of Medicine,,MD,md_covenant_healthcare_college_of_medicine_at_central_michigan_university_mount_ple,Covenant HealthCare College of Medicine at Central Michigan University,0.815,md_roseman_university_college_of_medicine_las_vegas_nevada,Roseman University College of Medicine,0.81,review,ambiguous_match_gap,review source match
aamc_msar_preview_policies.csv,138,Anne Burnett Marion School of Medicine at TCU,,MD,md_anne_burnett_marion_school_of_medicine_at_texas_christian_university_fort_worth_,Anne Burnett Marion School of Medicine at Texas Christian University,0.772,md_university_of_maryland_school_of_medicine_baltimore_maryland,University of Maryland School of Medicine,0.676,review,below_safe_threshold,review source match
aamc_msar_preview_policies.csv,141,California University of Science and Medicine,,MD,md_california_university_of_science_and_medicine_school_of_medicine_colton_californ,California University of Science and Medicine - School of Medicine,0.916,md_university_of_california_davis_school_of_medicine_davis_california,"University of California, Davis School of Medicine",0.815,review,below_safe_threshold,review source match
aamc_msar_preview_policies.csv,22,Medicine and Health Sciences,,MD,md_oregon_health_and_science_university_school_of_medicine_portland_oregon,Oregon Health & Science University School of Medicine,0.667,md_usf_health_morsani_college_of_medicine_tampa_florida,USF Health Morsani College of Medicine,0.644,no_match,low_match_score,review source match
aamc_msar_preview_policies.csv,34,Louisiana State University School of Medicine in New Orleans,,MD,md_louisiana_state_university_school_of_medicine_in_shreveport_shreveport_louisiana,Louisiana State University School of Medicine in Shreveport,0.867,md_wayne_state_university_school_of_medicine_detroit_michigan,Wayne State University School of Medicine,0.737,review,below_safe_threshold,review source match
aamc_msar_preview_policies.csv,41,Meharry Medical College,,MD,md_albany_medical_college_albany_new_york,Albany Medical College,0.8,md_new_york_medical_college_valhalla_new_york,New York Medical College,0.766,review,below_safe_threshold,review source match
aamc_msar_preview_policies.csv,50,University of North Carolina at Chapel Hill School of Medicine,,MD,md_university_of_north_carolina_school_of_medicine_chapel_hill_north_carolina,University of North Carolina School of Medicine,0.872,md_university_of_south_carolina_school_of_medicine_greenville_greenville_south_caro,"University of South Carolina School of Medicine, Greenville",0.762,review,below_safe_threshold,review source match
aamc_msar_preview_policies.csv,56,Perelman School of Medicine at the University of Pennsylvania,,MD,md_raymond_and_ruth_perelman_school_of_medicine_at_the_university_of_pennsylvania_p,Raymond and Ruth Perelman School of Medicine at the University of Pennsylvania,0.881,md_mercer_university_school_of_medicine_macon_georgia,Mercer University School of Medicine,0.741,review,below_safe_threshold,review source match
aamc_msar_preview_policies.csv,57,University of Puerto Rico School of Medicine,,MD,md_university_of_new_mexico_school_of_medicine_albuquerque_new_mexico,University of New Mexico School of Medicine,0.853,md_mercer_university_school_of_medicine_macon_georgia,Mercer University School of Medicine,0.845,review,ambiguous_match_gap,review source match
aamc_msar_preview_policies.csv,8,"University of California, Los Angeles David Geffen School of Medicine",,MD,md_university_of_california_san_diego_school_of_medicine_san_diego_california,"University of California, San Diego School of Medicine",0.826,md_university_of_california_davis_school_of_medicine_davis_california,"University of California, Davis School of Medicine",0.819,review,ambiguous_match_gap,review source match
aamc_msar_preview_policies.csv,91,Pennsylvania State University College of Medicine,,MD,md_florida_state_university_college_of_medicine_tallahassee_florida,Florida State University College of Medicine,0.851,md_the_ohio_state_university_college_of_medicine_columbus_ohio,The Ohio State University College of Medicine,0.833,review,ambiguous_match_gap,review source match
aamc_msar_secondary_application.csv,111,Northeast Ohio Medical University,OH,MD,md_northeast_ohio_medical_university_college_of_medicine_rootstown_ohio,Northeast Ohio Medical University College of Medicine,0.795,md_the_ohio_state_university_college_of_medicine_columbus_ohio,The Ohio State University College of Medicine,0.648,review,below_safe_threshold,review source match
aamc_msar_secondary_application.csv,121,Pennsylvania State University College of Medicine,PA,MD,md_drexel_university_college_of_medicine_philadelphia_pennsylvania,Drexel University College of Medicine,0.75,md_penn_state_college_of_medicine_hershey_pennsylvania,Penn State College of Medicine,0.74,review,ambiguous_match_gap,review source match
aamc_msar_secondary_application.csv,122,Perelman School of Medicine at the University of Pennsylvania,PA,MD,md_raymond_and_ruth_perelman_school_of_medicine_at_the_university_of_pennsylvania_p,Raymond and Ruth Perelman School of Medicine at the University of Pennsylvania,0.881,md_university_of_pittsburgh_school_of_medicine_pittsburgh_pennsylvania,University of Pittsburgh School of Medicine,0.706,review,below_safe_threshold,review source match
aamc_msar_secondary_application.csv,125,Ponce Health Sciences University School of Medicine,PR,MD,,,0,,,0,no_match,no_compatible_active_school,review source match
aamc_msar_secondary_application.csv,126,San Juan Bautista School of Medicine,PR,MD,,,0,,,0,no_match,no_compatible_active_school,review source match
aamc_msar_secondary_application.csv,127,Universidad Central del Caribe School of Medicine,PR,MD,,,0,,,0,no_match,no_compatible_active_school,review source match
aamc_msar_secondary_application.csv,128,University of Puerto Rico School of Medicine,PR,MD,,,0,,,0,no_match,no_compatible_active_school,review source match
aamc_msar_secondary_application.csv,131,University of South Carolina School of Medicine Columbia,SC,MD,md_university_of_south_carolina_school_of_medicine_greenville_greenville_south_caro,"University of South Carolina School of Medicine, Greenville",0.843,md_medical_university_of_south_carolina_college_of_medicine_charleston_south_caroli,Medical University of South Carolina College of Medicine,0.82,review,ambiguous_match_gap,review source match
aamc_msar_secondary_application.csv,135,Meharry Medical College,TN,MD,md_meharry_medical_college_school_of_medicine_nashville_tennessee,Meharry Medical College School of Medicine,0.742,md_thomas_f_frist_jr_college_of_medicine_at_belmont_university_nashville_tennessee,"Thomas F. Frist, Jr. College of Medicine at Belmont University",0.474,no_match,low_match_score,review source match
aamc_msar_secondary_application.csv,139,Anne Burnett Marion School of Medicine at TCU,TX,MD,md_anne_burnett_marion_school_of_medicine_at_texas_christian_university_fort_worth_,Anne Burnett Marion School of Medicine at Texas Christian University,0.772,md_baylor_college_of_medicine_school_of_medicine_houston_texas,Baylor College of Medicine School of Medicine,0.551,review,below_safe_threshold,review source match
aamc_msar_secondary_application.csv,140,Baylor College of Medicine,TX,MD,md_baylor_college_of_medicine_school_of_medicine_houston_texas,Baylor College of Medicine School of Medicine,0.868,md_the_university_of_texas_at_tyler_school_of_medicine_tyler_texas,The University of Texas at Tyler School of Medicine,0.557,review,below_safe_threshold,review source match
aamc_msar_secondary_application.csv,141,McGovern Medical School at the University of Texas Health Science Center at Houston,TX,MD,md_texas_tech_university_health_sciences_center_school_of_medicine_lubbock_texas,Texas Tech University Health Sciences Center School of Medicine,0.785,md_mcgovern_medical_school_at_uthealth_houston_houston_texas,McGovern Medical School at UTHealth Houston,0.727,review,below_safe_threshold,review source match
aamc_msar_secondary_application.csv,142,Texas A&M University School of Medicine,TX,MD,md_the_university_of_texas_at_tyler_school_of_medicine_tyler_texas,The University of Texas at Tyler School of Medicine,0.865,md_dell_medical_school_university_of_texas_at_austin_austin_texas,Dell Medical School – University of Texas at Austin,0.81,review,below_safe_threshold,review source match
aamc_msar_secondary_application.csv,153,Eastern Virginia Medical School,VA,MD,md_virginia_tech_carilion_school_of_medicine_roanoke_virginia,Virginia Tech Carilion School of Medicine,0.725,md_eastern_virginia_medical_school_at_old_dominion_university_norfolk_virginia,Eastern Virginia Medical School at Old Dominion University,0.721,no_match,low_match_score,review source match
aamc_msar_secondary_application.csv,164,University of British Columbia Faculty of Medicine,BC,MD,,,0,,,0,no_match,no_compatible_active_school,review source match
aamc_msar_secondary_application.csv,167,Dalhousie University Faculty of Medicine,NS,MD,,,0,,,0,no_match,no_compatible_active_school,review source match
aamc_msar_secondary_application.csv,168,McMaster University Michael G. DeGroote School of Medicine,ON,MD,,,0,,,0,no_match,no_compatible_active_school,review source match
aamc_msar_secondary_application.csv,169,Northern Ontario School of Medicine,ON,MD,,,0,,,0,no_match,no_compatible_active_school,review source match
aamc_msar_secondary_application.csv,17,"University of California, Los Angeles David Geffen School of Medicine",CA,MD,md_university_of_california_san_diego_school_of_medicine_san_diego_california,"University of California, San Diego School of Medicine",0.826,md_university_of_california_davis_school_of_medicine_davis_california,"University of California, Davis School of Medicine",0.819,review,ambiguous_match_gap,review source match
aamc_msar_secondary_application.csv,171,The University of Western Ontario - Schulich School of Medicine & Dentistry,ON,MD,,,0,,,0,no_match,no_compatible_active_school,review source match
aamc_msar_secondary_application.csv,173,University of Ottawa Faculty of Medicine,ON,MD,,,0,,,0,no_match,no_compatible_active_school,review source match
aamc_msar_secondary_application.csv,175,Universite de Montreal Faculty of Medicine,QC,MD,,,0,,,0,no_match,no_compatible_active_school,review source match
aamc_msar_secondary_application.csv,5,Arizona State University School of Medicine and Advanced Medical Engineering (SOMME),AZ,MD,md_arizona_state_university_john_shufeldt_school_of_medicine_and_medical_engineerin,Arizona State University John Shufeldt School of Medicine and Medical Engineering,0.846,md_university_of_arizona_college_of_medicine_tucson_tucson_arizona,University of Arizona College of Medicine - Tucson,0.598,review,below_safe_threshold,review source match
aamc_msar_secondary_application.csv,55,Louisiana State University School of Medicine in New Orleans,LA,MD,md_louisiana_state_university_school_of_medicine_in_shreveport_shreveport_louisiana,Louisiana State University School of Medicine in Shreveport,0.867,md_tulane_university_school_of_medicine_new_orleans_louisiana,Tulane University School of Medicine,0.689,review,below_safe_threshold,review source match
aamc_msar_secondary_application.csv,6,University of Arizona College of Medicine,AZ,MD,md_university_of_arizona_college_of_medicine_tucson_tucson_arizona,University of Arizona College of Medicine - Tucson,0.909,md_university_of_arizona_college_of_medicine_phoenix_phoenix_arizona,University of Arizona College of Medicine - Phoenix,0.897,review,ambiguous_match_gap,review source match
aamc_msar_secondary_application.csv,65,Central Michigan University College of Medicine,MI,MD,md_covenant_healthcare_college_of_medicine_at_central_michigan_university_mount_ple,Covenant HealthCare College of Medicine at Central Michigan University,0.815,md_michigan_state_university_college_of_human_medicine_east_lansing_michigan,Michigan State University College of Human Medicine,0.783,review,below_safe_threshold,review source match
aamc_msar_secondary_application.csv,81,University of North Carolina at Chapel Hill School of Medicine,NC,MD,md_university_of_north_carolina_school_of_medicine_chapel_hill_north_carolina,University of North Carolina School of Medicine,0.872,md_brody_school_of_medicine_at_east_carolina_university_greenville_north_carolina,Brody School of Medicine at East Carolina University,0.747,review,below_safe_threshold,review source match
aamc_msar_transfer_policies.csv,111,Northeast Ohio Medical University,OH,MD,md_northeast_ohio_medical_university_college_of_medicine_rootstown_ohio,Northeast Ohio Medical University College of Medicine,0.795,md_the_ohio_state_university_college_of_medicine_columbus_ohio,The Ohio State University College of Medicine,0.648,review,below_safe_threshold,review source match
aamc_msar_transfer_policies.csv,125,Ponce Health Sciences University School of Medicine,PR,MD,,,0,,,0,no_match,no_compatible_active_school,review source match
aamc_msar_transfer_policies.csv,127,Universidad Central del Caribe School of Medicine,PR,MD,,,0,,,0,no_match,no_compatible_active_school,review source match
aamc_msar_transfer_policies.csv,128,University of Puerto Rico School of Medicine,PR,MD,,,0,,,0,no_match,no_compatible_active_school,review source match
aamc_msar_transfer_policies.csv,131,University of South Carolina School of Medicine Columbia,SC,MD,md_university_of_south_carolina_school_of_medicine_greenville_greenville_south_caro,"University of South Carolina School of Medicine, Greenville",0.843,md_medical_university_of_south_carolina_college_of_medicine_charleston_south_caroli,Medical University of South Carolina College of Medicine,0.82,review,ambiguous_match_gap,review source match
aamc_msar_transfer_policies.csv,135,Meharry Medical College,TN,MD,md_meharry_medical_college_school_of_medicine_nashville_tennessee,Meharry Medical College School of Medicine,0.742,md_thomas_f_frist_jr_college_of_medicine_at_belmont_university_nashville_tennessee,"Thomas F. Frist, Jr. College of Medicine at Belmont University",0.474,no_match,low_match_score,review source match
aamc_msar_transfer_policies.csv,153,Eastern Virginia Medical School,VA,MD,md_virginia_tech_carilion_school_of_medicine_roanoke_virginia,Virginia Tech Carilion School of Medicine,0.725,md_eastern_virginia_medical_school_at_old_dominion_university_norfolk_virginia,Eastern Virginia Medical School at Old Dominion University,0.721,no_match,low_match_score,review source match
aamc_msar_transfer_policies.csv,164,University of British Columbia Faculty of Medicine,BC,MD,,,0,,,0,no_match,no_compatible_active_school,review source match
aamc_msar_transfer_policies.csv,165,"Max Rady College of Medicine, Rady Faculty of Health Sciences, University of Manitoba",MB,MD,,,0,,,0,no_match,no_compatible_active_school,review source match
aamc_msar_transfer_policies.csv,166,Memorial University of Newfoundland Faculty of Medicine,NL,MD,,,0,,,0,no_match,no_compatible_active_school,review source match
aamc_msar_transfer_policies.csv,173,University of Ottawa Faculty of Medicine,ON,MD,,,0,,,0,no_match,no_compatible_active_school,review source match
aamc_msar_transfer_policies.csv,55,Louisiana State University School of Medicine in New Orleans,LA,MD,md_louisiana_state_university_school_of_medicine_in_shreveport_shreveport_louisiana,Louisiana State University School of Medicine in Shreveport,0.867,md_tulane_university_school_of_medicine_new_orleans_louisiana,Tulane University School of Medicine,0.689,review,below_safe_threshold,review source match
aamc_msar_transfer_policies.csv,6,University of Arizona College of Medicine,AZ,MD,md_university_of_arizona_college_of_medicine_tucson_tucson_arizona,University of Arizona College of Medicine - Tucson,0.909,md_university_of_arizona_college_of_medicine_phoenix_phoenix_arizona,University of Arizona College of Medicine - Phoenix,0.897,review,ambiguous_match_gap,review source match
aamc_msar_transfer_policies.csv,65,Central Michigan University College of Medicine,MI,MD,md_covenant_healthcare_college_of_medicine_at_central_michigan_university_mount_ple,Covenant HealthCare College of Medicine at Central Michigan University,0.815,md_michigan_state_university_college_of_human_medicine_east_lansing_michigan,Michigan State University College of Human Medicine,0.783,review,below_safe_threshold,review source match
aamc_msar_transfer_policies.csv,81,University of North Carolina at Chapel Hill School of Medicine,NC,MD,md_university_of_north_carolina_school_of_medicine_chapel_hill_north_carolina,University of North Carolina School of Medicine,0.872,md_brody_school_of_medicine_at_east_carolina_university_greenville_north_carolina,Brody School of Medicine at East Carolina University,0.747,review,below_safe_threshold,review source match
aamc_msar_waitlist_procedures.csv,106,Pennsylvania State University College of Medicine,PA,MD,md_drexel_university_college_of_medicine_philadelphia_pennsylvania,Drexel University College of Medicine,0.75,md_penn_state_college_of_medicine_hershey_pennsylvania,Penn State College of Medicine,0.74,review,ambiguous_match_gap,review source match
aamc_msar_waitlist_procedures.csv,107,Perelman School of Medicine at the University of Pennsylvania,PA,MD,md_raymond_and_ruth_perelman_school_of_medicine_at_the_university_of_pennsylvania_p,Raymond and Ruth Perelman School of Medicine at the University of Pennsylvania,0.881,md_university_of_pittsburgh_school_of_medicine_pittsburgh_pennsylvania,University of Pittsburgh School of Medicine,0.706,review,below_safe_threshold,review source match
aamc_msar_waitlist_procedures.csv,110,Ponce Health Sciences University School of Medicine,PR,MD,,,0,,,0,no_match,no_compatible_active_school,review source match
aamc_msar_waitlist_procedures.csv,111,San Juan Bautista School of Medicine,PR,MD,,,0,,,0,no_match,no_compatible_active_school,review source match
aamc_msar_waitlist_procedures.csv,112,Universidad Central del Caribe School of Medicine,PR,MD,,,0,,,0,no_match,no_compatible_active_school,review source match
aamc_msar_waitlist_procedures.csv,113,University of Puerto Rico School of Medicine,PR,MD,,,0,,,0,no_match,no_compatible_active_school,review source match
aamc_msar_waitlist_procedures.csv,116,University of South Carolina School of Medicine Columbia,SC,MD,md_university_of_south_carolina_school_of_medicine_greenville_greenville_south_caro,"University of South Carolina School of Medicine, Greenville",0.843,md_medical_university_of_south_carolina_college_of_medicine_charleston_south_caroli,Medical University of South Carolina College of Medicine,0.82,review,ambiguous_match_gap,review source match
aamc_msar_waitlist_procedures.csv,120,Meharry Medical College,TN,MD,md_meharry_medical_college_school_of_medicine_nashville_tennessee,Meharry Medical College School of Medicine,0.742,md_thomas_f_frist_jr_college_of_medicine_at_belmont_university_nashville_tennessee,"Thomas F. Frist, Jr. College of Medicine at Belmont University",0.474,no_match,low_match_score,review source match
aamc_msar_waitlist_procedures.csv,124,Anne Burnett Marion School of Medicine at TCU,TX,MD,md_anne_burnett_marion_school_of_medicine_at_texas_christian_university_fort_worth_,Anne Burnett Marion School of Medicine at Texas Christian University,0.772,md_baylor_college_of_medicine_school_of_medicine_houston_texas,Baylor College of Medicine School of Medicine,0.551,review,below_safe_threshold,review source match
aamc_msar_waitlist_procedures.csv,125,Baylor College of Medicine,TX,MD,md_baylor_college_of_medicine_school_of_medicine_houston_texas,Baylor College of Medicine School of Medicine,0.868,md_the_university_of_texas_at_tyler_school_of_medicine_tyler_texas,The University of Texas at Tyler School of Medicine,0.557,review,below_safe_threshold,review source match
aamc_msar_waitlist_procedures.csv,126,McGovern Medical School at the University of Texas Health Science Center at Houston,TX,MD,md_texas_tech_university_health_sciences_center_school_of_medicine_lubbock_texas,Texas Tech University Health Sciences Center School of Medicine,0.785,md_mcgovern_medical_school_at_uthealth_houston_houston_texas,McGovern Medical School at UTHealth Houston,0.727,review,below_safe_threshold,review source match
aamc_msar_waitlist_procedures.csv,127,Texas A&M University School of Medicine,TX,MD,md_the_university_of_texas_at_tyler_school_of_medicine_tyler_texas,The University of Texas at Tyler School of Medicine,0.865,md_dell_medical_school_university_of_texas_at_austin_austin_texas,Dell Medical School – University of Texas at Austin,0.81,review,below_safe_threshold,review source match
aamc_msar_waitlist_procedures.csv,131,The University of Texas Health Science Center at San Antonio Joe R. and Teresa Lozano Long School of Medicine,TX,MD,md_the_university_of_texas_at_san_antonio_joe_r_and_teresa_lozano_long_school_of_me,The University of Texas at San Antonio Joe R. and Teresa Lozano Long School of Medicine,0.863,md_texas_tech_university_health_sciences_center_school_of_medicine_lubbock_texas,Texas Tech University Health Sciences Center School of Medicine,0.755,review,below_safe_threshold,review source match
aamc_msar_waitlist_procedures.csv,138,Eastern Virginia Medical School,VA,MD,md_virginia_tech_carilion_school_of_medicine_roanoke_virginia,Virginia Tech Carilion School of Medicine,0.725,md_eastern_virginia_medical_school_at_old_dominion_university_norfolk_virginia,Eastern Virginia Medical School at Old Dominion University,0.721,no_match,low_match_score,review source match
aamc_msar_waitlist_procedures.csv,149,University of British Columbia Faculty of Medicine,BC,MD,,,0,,,0,no_match,no_compatible_active_school,review source match
aamc_msar_waitlist_procedures.csv,150,"Max Rady College of Medicine, Rady Faculty of Health Sciences, University of Manitoba",MB,MD,,,0,,,0,no_match,no_compatible_active_school,review source match
aamc_msar_waitlist_procedures.csv,151,Memorial University of Newfoundland Faculty of Medicine,NL,MD,,,0,,,0,no_match,no_compatible_active_school,review source match
aamc_msar_waitlist_procedures.csv,152,Dalhousie University Faculty of Medicine,NS,MD,,,0,,,0,no_match,no_compatible_active_school,review source match
aamc_msar_waitlist_procedures.csv,153,McMaster University Michael G. DeGroote School of Medicine,ON,MD,,,0,,,0,no_match,no_compatible_active_school,review source match
aamc_msar_waitlist_procedures.csv,154,Northern Ontario School of Medicine,ON,MD,,,0,,,0,no_match,no_compatible_active_school,review source match
aamc_msar_waitlist_procedures.csv,155,Queen's University Faculty of Health Sciences,ON,MD,,,0,,,0,no_match,no_compatible_active_school,review source match
aamc_msar_waitlist_procedures.csv,156,The University of Western Ontario - Schulich School of Medicine & Dentistry,ON,MD,,,0,,,0,no_match,no_compatible_active_school,review source match
aamc_msar_waitlist_procedures.csv,158,University of Ottawa Faculty of Medicine,ON,MD,,,0,,,0,no_match,no_compatible_active_school,review source match
aamc_msar_waitlist_procedures.csv,159,University of Toronto Temerty Faculty of Medicine,ON,MD,,,0,,,0,no_match,no_compatible_active_school,review source match
aamc_msar_waitlist_procedures.csv,160,Universite de Montreal Faculty of Medicine,QC,MD,,,0,,,0,no_match,no_compatible_active_school,review source match
aamc_msar_waitlist_procedures.csv,161,University of Saskatchewan College of Medicine,SK,MD,,,0,,,0,no_match,no_compatible_active_school,review source match
aamc_msar_waitlist_procedures.csv,17,"University of California, Los Angeles David Geffen School of Medicine",CA,MD,md_university_of_california_san_diego_school_of_medicine_san_diego_california,"University of California, San Diego School of Medicine",0.826,md_university_of_california_davis_school_of_medicine_davis_california,"University of California, Davis School of Medicine",0.819,review,ambiguous_match_gap,review source match
aamc_msar_waitlist_procedures.csv,5,Arizona State University School of Medicine and Advanced Medical Engineering (SOMME),AZ,MD,md_arizona_state_university_john_shufeldt_school_of_medicine_and_medical_engineerin,Arizona State University John Shufeldt School of Medicine and Medical Engineering,0.846,md_university_of_arizona_college_of_medicine_tucson_tucson_arizona,University of Arizona College of Medicine - Tucson,0.598,review,below_safe_threshold,review source match
aamc_msar_waitlist_procedures.csv,55,Louisiana State University School of Medicine in New Orleans,LA,MD,md_louisiana_state_university_school_of_medicine_in_shreveport_shreveport_louisiana,Louisiana State University School of Medicine in Shreveport,0.867,md_tulane_university_school_of_medicine_new_orleans_louisiana,Tulane University School of Medicine,0.689,review,below_safe_threshold,review source match
aamc_msar_waitlist_procedures.csv,6,University of Arizona College of Medicine,AZ,MD,md_university_of_arizona_college_of_medicine_tucson_tucson_arizona,University of Arizona College of Medicine - Tucson,0.909,md_university_of_arizona_college_of_medicine_phoenix_phoenix_arizona,University of Arizona College of Medicine - Phoenix,0.897,review,ambiguous_match_gap,review source match
aamc_msar_waitlist_procedures.csv,65,Central Michigan University College of Medicine,MI,MD,md_covenant_healthcare_college_of_medicine_at_central_michigan_university_mount_ple,Covenant HealthCare College of Medicine at Central Michigan University,0.815,md_michigan_state_university_college_of_human_medicine_east_lansing_michigan,Michigan State University College of Human Medicine,0.783,review,below_safe_threshold,review source match
aamc_msar_waitlist_procedures.csv,96,Northeast Ohio Medical University,OH,MD,md_northeast_ohio_medical_university_college_of_medicine_rootstown_ohio,Northeast Ohio Medical University College of Medicine,0.795,md_the_ohio_state_university_college_of_medicine_columbus_ohio,The Ohio State University College of Medicine,0.648,review,below_safe_threshold,review source match
all_comparable_mcat_gpa_sources.csv,1,University of Alabama School of Medicine,,,md_loma_linda_university_school_of_medicine_loma_linda_california,Loma Linda University School of Medicine,0.873,md_university_of_maryland_school_of_medicine_baltimore_maryland,University of Maryland School of Medicine,0.87,review,ambiguous_match_gap,review candidate stats match
all_comparable_mcat_gpa_sources.csv,108,Pennsylvania State University College of Medicine,,,md_florida_state_university_college_of_medicine_tallahassee_florida,Florida State University College of Medicine,0.851,md_the_ohio_state_university_college_of_medicine_columbus_ohio,The Ohio State University College of Medicine,0.833,review,ambiguous_match_gap,review candidate stats match
all_comparable_mcat_gpa_sources.csv,109,Perelman School of Medicine University of Pennsylvania,,,md_raymond_and_ruth_perelman_school_of_medicine_at_the_university_of_pennsylvania_p,Raymond and Ruth Perelman School of Medicine at the University of Pennsylvania,0.881,md_mercer_university_school_of_medicine_macon_georgia,Mercer University School of Medicine,0.741,review,below_safe_threshold,review candidate stats match
all_comparable_mcat_gpa_sources.csv,113,Ponce School of Medicine and Health Sciences,,,md_oregon_health_and_science_university_school_of_medicine_portland_oregon,Oregon Health & Science University School of Medicine,0.8,md_lsu_health_sciences_center_school_of_medicine_in_new_orleans_new_orleans_louisia,LSU Health Sciences Center School of Medicine in New Orleans,0.723,review,below_safe_threshold,review candidate stats match
all_comparable_mcat_gpa_sources.csv,114,San Juan Bautista School of Medicine,,,md_nyu_grossman_school_of_medicine_new_york_new_york,NYU Grossman School of Medicine,0.689,md_cuny_school_of_medicine_new_york_new_york,CUNY School of Medicine,0.679,no_match,low_match_score,review candidate stats match
all_comparable_mcat_gpa_sources.csv,115,Universidad Central Del Caribe School of Medicine,,,md_university_of_north_carolina_school_of_medicine_chapel_hill_north_carolina,University of North Carolina School of Medicine,0.736,md_university_of_california_davis_school_of_medicine_davis_california,"University of California, Davis School of Medicine",0.719,no_match,low_match_score,review candidate stats match
all_comparable_mcat_gpa_sources.csv,116,University of Puerto Rico School of Medicine,,,md_university_of_new_mexico_school_of_medicine_albuquerque_new_mexico,University of New Mexico School of Medicine,0.853,md_mercer_university_school_of_medicine_macon_georgia,Mercer University School of Medicine,0.845,review,ambiguous_match_gap,review candidate stats match
all_comparable_mcat_gpa_sources.csv,119,University of South Carolina School of Medicine - Columbia,,,md_university_of_north_carolina_school_of_medicine_chapel_hill_north_carolina,University of North Carolina School of Medicine,0.857,md_university_of_south_carolina_school_of_medicine_greenville_greenville_south_caro,"University of South Carolina School of Medicine, Greenville",0.843,review,ambiguous_match_gap,review candidate stats match
all_comparable_mcat_gpa_sources.csv,12,University of California-Los Angeles David Geffen School of Medicine,,,md_university_of_california_san_diego_school_of_medicine_san_diego_california,"University of California, San Diego School of Medicine",0.826,md_university_of_california_davis_school_of_medicine_davis_california,"University of California, Davis School of Medicine",0.819,review,ambiguous_match_gap,review candidate stats match
all_comparable_mcat_gpa_sources.csv,126,Baylor College of Medicine,,,md_baylor_college_of_medicine_school_of_medicine_houston_texas,Baylor College of Medicine School of Medicine,0.868,md_albany_medical_college_albany_new_york,Albany Medical College,0.756,review,below_safe_threshold,review candidate stats match
all_comparable_mcat_gpa_sources.csv,127,Texas A&M Health Science Center College of Medicine,,,md_university_of_tennessee_health_science_center_college_of_medicine_memphis_tennes,University of Tennessee Health Science Center College of Medicine,0.785,md_texas_tech_university_health_sciences_center_school_of_medicine_lubbock_texas,Texas Tech University Health Sciences Center School of Medicine,0.778,review,ambiguous_match_gap,review candidate stats match
all_comparable_mcat_gpa_sources.csv,131,University of Texas Medical Branch School of Medicine,,,md_university_of_texas_medical_branch_john_sealy_school_of_medicine_galveston_texas,University of Texas Medical Branch John Sealy School of Medicine,0.895,md_the_university_of_texas_at_tyler_school_of_medicine_tyler_texas,The University of Texas at Tyler School of Medicine,0.824,review,below_safe_threshold,review candidate stats match
all_comparable_mcat_gpa_sources.csv,132,University of Texas McGovern Medical School at Houston,,,md_dell_medical_school_university_of_texas_at_austin_austin_texas,Dell Medical School – University of Texas at Austin,0.835,md_mcgovern_medical_school_at_uthealth_houston_houston_texas,McGovern Medical School at UTHealth Houston,0.818,review,ambiguous_match_gap,review candidate stats match
all_comparable_mcat_gpa_sources.csv,134,University of Texas School of Medicine at San Antonio,,,md_saint_louis_university_school_of_medicine_st_louis_missouri,Saint Louis University School of Medicine,0.805,md_university_of_california_san_diego_school_of_medicine_san_diego_california,"University of California, San Diego School of Medicine",0.791,review,ambiguous_match_gap,review candidate stats match
all_comparable_mcat_gpa_sources.csv,136,University of Utah School of Medicine,,,md_university_of_kansas_school_of_medicine_kansas_city_kansas,University of Kansas School of Medicine,0.875,md_university_of_georgia_school_of_medicine_athens_georgia,University of Georgia School of Medicine,0.862,review,ambiguous_match_gap,review candidate stats match
all_comparable_mcat_gpa_sources.csv,137,The University of Vermont Larner College of Medicine,,,md_robert_larner_m_d_college_of_medicine_at_the_university_of_vermont_burlington_ve,"Robert Larner, M.D. College of Medicine at the University of Vermont",0.884,md_university_of_central_florida_college_of_medicine_orlando_florida,University of Central Florida College of Medicine,0.8,review,below_safe_threshold,review candidate stats match
all_comparable_mcat_gpa_sources.csv,138,Eastern Virginia Medical School,,,md_virginia_tech_carilion_school_of_medicine_roanoke_virginia,Virginia Tech Carilion School of Medicine,0.725,md_eastern_virginia_medical_school_at_old_dominion_university_norfolk_virginia,Eastern Virginia Medical School at Old Dominion University,0.721,no_match,low_match_score,review candidate stats match
all_comparable_mcat_gpa_sources.csv,140,Virginia Tech Carilion School of Medicine and Research Institute,,,md_virginia_tech_carilion_school_of_medicine_roanoke_virginia,Virginia Tech Carilion School of Medicine,0.8,md_university_of_south_carolina_school_of_medicine_greenville_greenville_south_caro,"University of South Carolina School of Medicine, Greenville",0.624,review,below_safe_threshold,review candidate stats match
all_comparable_mcat_gpa_sources.csv,147,University of Alabama School of Medicine,,,md_loma_linda_university_school_of_medicine_loma_linda_california,Loma Linda University School of Medicine,0.873,md_university_of_maryland_school_of_medicine_baltimore_maryland,University of Maryland School of Medicine,0.87,review,ambiguous_match_gap,review candidate stats match
all_comparable_mcat_gpa_sources.csv,148,University of South Alabama College of Medicine,,,md_university_of_oklahoma_college_of_medicine_oklahoma_city_oklahoma,University of Oklahoma College of Medicine,0.857,md_medical_university_of_south_carolina_college_of_medicine_charleston_south_caroli,Medical University of South Carolina College of Medicine,0.813,review,below_safe_threshold,review candidate stats match
all_comparable_mcat_gpa_sources.csv,150,Edward Via College of Osteopathic Medicine - Auburn Campus,,,do_vcom_louisiana_edward_via_college_of_osteopathic_medicine_louisiana_campus_monro,Edward Via College of Osteopathic Medicine-Louisiana Campus,0.899,do_vcom_auburn_campus_edward_via_college_of_osteopathic_medicine_auburn_alabama,Edward Via College of Osteopathic Medicine,0.848,review,below_safe_threshold,review candidate stats match
all_comparable_mcat_gpa_sources.csv,154,University of Arizona School of Medicine - Phoenix,,,md_university_of_arizona_college_of_medicine_phoenix_phoenix_arizona,University of Arizona College of Medicine - Phoenix,0.918,md_university_of_north_carolina_school_of_medicine_chapel_hill_north_carolina,University of North Carolina School of Medicine,0.819,review,below_safe_threshold,review candidate stats match
all_comparable_mcat_gpa_sources.csv,159,California University of Science and Medicine,,,md_california_university_of_science_and_medicine_school_of_medicine_colton_californ,California University of Science and Medicine - School of Medicine,0.916,md_university_of_california_davis_school_of_medicine_davis_california,"University of California, Davis School of Medicine",0.815,review,below_safe_threshold,review candidate stats match
all_comparable_mcat_gpa_sources.csv,160,Drew/UCLA Joint Medical Program Drew University of Medicine and Science,,,md_university_of_texas_medical_branch_john_sealy_school_of_medicine_galveston_texas,University of Texas Medical Branch John Sealy School of Medicine,0.684,md_university_of_arkansas_for_medical_sciences_college_of_medicine_little_rock_arka,University of Arkansas for Medical Sciences College of Medicine,0.679,no_match,low_match_score,review candidate stats match
all_comparable_mcat_gpa_sources.csv,165,University of California - Los Angeles David Geffen School of Medicine,,,md_university_of_california_san_diego_school_of_medicine_san_diego_california,"University of California, San Diego School of Medicine",0.826,md_university_of_california_davis_school_of_medicine_davis_california,"University of California, Davis School of Medicine",0.819,review,ambiguous_match_gap,review candidate stats match
all_comparable_mcat_gpa_sources.csv,170,Kaiser Permanente School of Medicine,,,md_kaiser_permanente_bernard_j_tyson_school_of_medicine_pasadena_california,Kaiser Permanente Bernard J. Tyson School of Medicine,0.805,md_alice_l_walton_school_of_medicine_bentonville_arkansas,Alice L. Walton School of Medicine,0.698,review,below_safe_threshold,review candidate stats match
all_comparable_mcat_gpa_sources.csv,175,Rocky Vista University College of Osteopathic Medicine,,,do_rvucom_rocky_vista_university_college_of_osteopathic_medicine_parker_colorado,Rocky Vista University College of Osteopathic Medicine,1,do_rvucom_su_campus_rocky_vista_university_college_of_osteopathic_medicine_ivins_ut,Rocky Vista University College of Osteopathic Medicine,1,review,ambiguous_match_gap,review candidate stats match
all_comparable_mcat_gpa_sources.csv,187,University of Miami Miller School of Medicine,,,md_university_of_miami_leonard_m_miller_school_of_medicine_miami_florida,University of Miami Leonard M. Miller School of Medicine,0.886,md_university_of_louisville_school_of_medicine_louisville_kentucky,University of Louisville School of Medicine,0.842,review,below_safe_threshold,review candidate stats match
all_comparable_mcat_gpa_sources.csv,188,University of South Florida Health Morsani College of Medicine,,,md_florida_state_university_college_of_medicine_tallahassee_florida,Florida State University College of Medicine,0.804,md_university_of_florida_college_of_medicine_gainesville_florida,University of Florida College of Medicine,0.769,review,below_safe_threshold,review candidate stats match
all_comparable_mcat_gpa_sources.csv,191,Nova Southeastern University Dr. Kiran C. Patel College of Osteopathic Medicine,,,do_nsu_kpcom_clearwater_nova_southeastern_university_dr_kiran_c_patel_college_of_os,Nova Southeastern University – Dr. Kiran C. Patel College of Osteopathic Medicine,1,do_nsu_kpcom_nova_southeastern_university_dr_kiran_c_patel_college_of_osteopathic_m,Nova Southeastern University – Dr. Kiran C. Patel College of Osteopathic Medicine,1,review,ambiguous_match_gap,review candidate stats match
all_comparable_mcat_gpa_sources.csv,198,University of Iowa Carver College of Medicine,,,md_howard_university_college_of_medicine_washington_district_of_columbia,Howard University College of Medicine,0.849,md_university_of_iowa_roy_j_and_lucille_a_carver_college_of_medicine_iowa_city_iowa,University of Iowa Roy J. and Lucille A. Carver College of Medicine,0.83,review,ambiguous_match_gap,review candidate stats match
all_comparable_mcat_gpa_sources.csv,2,University of South Alabama College of Medicine,,,md_university_of_oklahoma_college_of_medicine_oklahoma_city_oklahoma,University of Oklahoma College of Medicine,0.857,md_medical_university_of_south_carolina_college_of_medicine_charleston_south_caroli,Medical University of South Carolina College of Medicine,0.813,review,below_safe_threshold,review candidate stats match
all_comparable_mcat_gpa_sources.csv,205,Rush Medical College of Rush University,,,md_rush_medical_college_of_rush_university_medical_center_chicago_illinois,Rush Medical College of Rush University Medical Center,0.899,md_roseman_university_college_of_medicine_las_vegas_nevada,Roseman University College of Medicine,0.818,review,below_safe_threshold,review candidate stats match
all_comparable_mcat_gpa_sources.csv,207,University of Chicago Pritzker School of Medicine,,,md_loyola_university_chicago_stritch_school_of_medicine_maywood_illinois,Loyola University Chicago Stritch School of Medicine,0.826,md_the_university_of_texas_at_tyler_school_of_medicine_tyler_texas,The University of Texas at Tyler School of Medicine,0.79,review,below_safe_threshold,review candidate stats match
all_comparable_mcat_gpa_sources.csv,211,Marian University College of Osteopathic Medicine,,,do_dmu_com_des_moines_university_college_of_osteopathic_medicine_west_des_moines_io,Des Moines University College of Osteopathic Medicine,0.896,do_lucom_liberty_university_college_of_osteopathic_medicine_lynchburg_virginia,Liberty University College of Osteopathic Medicine,0.882,review,ambiguous_match_gap,review candidate stats match
all_comparable_mcat_gpa_sources.csv,217,Louisiana State University - New Orleans School of Medicine,,,md_louisiana_state_university_school_of_medicine_in_shreveport_shreveport_louisiana,Louisiana State University School of Medicine in Shreveport,0.764,md_wayne_state_university_school_of_medicine_detroit_michigan,Wayne State University School of Medicine,0.761,review,ambiguous_match_gap,review candidate stats match
all_comparable_mcat_gpa_sources.csv,221,Boston University School of Medicine,,,md_georgetown_university_school_of_medicine_washington_district_of_columbia,Georgetown University School of Medicine,0.886,md_stanford_university_school_of_medicine_palo_alto_california,Stanford University School of Medicine,0.882,review,ambiguous_match_gap,review candidate stats match
all_comparable_mcat_gpa_sources.csv,224,University of Massachusetts Medical School,,,md_university_of_massachusetts_t_h_chan_school_of_medicine_worcester_massachusetts,University of Massachusetts T.H. Chan School of Medicine,0.841,md_university_of_michigan_medical_school_ann_arbor_michigan,University of Michigan Medical School,0.795,review,below_safe_threshold,review candidate stats match
all_comparable_mcat_gpa_sources.csv,229,Central Michigan University College of Medicine,,,md_covenant_healthcare_college_of_medicine_at_central_michigan_university_mount_ple,Covenant HealthCare College of Medicine at Central Michigan University,0.815,md_roseman_university_college_of_medicine_las_vegas_nevada,Roseman University College of Medicine,0.81,review,ambiguous_match_gap,review candidate stats match
all_comparable_mcat_gpa_sources.csv,234,Western Michigan University School of Medicine,,,md_west_virginia_university_school_of_medicine_morgantown_west_virginia,West Virginia University School of Medicine,0.843,md_university_of_michigan_medical_school_ann_arbor_michigan,University of Michigan Medical School,0.831,review,ambiguous_match_gap,review candidate stats match
all_comparable_mcat_gpa_sources.csv,235,Michigan State University College of Osteopathic Medicine,,,do_msucom_dmc_michigan_state_university_college_of_osteopathic_medicine_detroit_mic,Michigan State University College of Osteopathic Medicine,1,do_msucom_michigan_state_university_college_of_osteopathic_medicine_east_lansing_mi,Michigan State University College of Osteopathic Medicine,1,review,ambiguous_match_gap,review candidate stats match
all_comparable_mcat_gpa_sources.csv,237,University of Minnesota Medical School - Twin Cities,,,md_university_of_minnesota_medical_school_minneapolis_minnesota,University of Minnesota Medical School,0.854,md_southern_illinois_university_school_of_medicine_springfield_illinois,Southern Illinois University School of Medicine,0.725,review,below_safe_threshold,review candidate stats match
all_comparable_mcat_gpa_sources.csv,238,University of Minnesota Medical School - Duluth,,,md_university_of_minnesota_medical_school_minneapolis_minnesota,University of Minnesota Medical School,0.909,md_duke_university_school_of_medicine_durham_north_carolina,Duke University School of Medicine,0.795,review,below_safe_threshold,review candidate stats match
all_comparable_mcat_gpa_sources.csv,243,A.T. Still University of Health Sciences Kirksville College of Osteopathic Medicine,,,do_atsu_kcom_a_t_still_university_kirksville_college_of_osteopathic_medicine_kirksv,A.T. Still University – Kirksville College of Osteopathic Medicine,0.882,do_bucom_baptist_health_sciences_university_college_of_osteopathic_medicine_memphis,Baptist Health Sciences University College of Osteopathic Medicine,0.82,review,below_safe_threshold,review candidate stats match
all_comparable_mcat_gpa_sources.csv,244,Kansas City University of Medicine and Biosciences College of Osteopathic Medicine,,,do_kcu_com_joplin_kansas_city_university_of_medicine_and_biosciences_college_of_ost,Kansas City University of Medicine and Biosciences College of Osteopathic Medicine,1,do_kcu_com_kansas_city_university_of_medicine_and_biosciences_college_of_osteopathi,Kansas City University of Medicine and Biosciences College of Osteopathic Medicine,1,review,ambiguous_match_gap,review candidate stats match
all_comparable_mcat_gpa_sources.csv,249,University of North Carolina at Chapel Hill School of Medicine,,,md_university_of_north_carolina_school_of_medicine_chapel_hill_north_carolina,University of North Carolina School of Medicine,0.872,md_university_of_south_carolina_school_of_medicine_greenville_greenville_south_caro,"University of South Carolina School of Medicine, Greenville",0.762,review,below_safe_threshold,review candidate stats match
all_comparable_mcat_gpa_sources.csv,250,Wake Forest School of Medicine,,,md_wake_forest_university_school_of_medicine_winston_salem_north_carolina,Wake Forest University School of Medicine,0.831,md_morehouse_school_of_medicine_atlanta_georgia,Morehouse School of Medicine,0.769,review,below_safe_threshold,review candidate stats match
all_comparable_mcat_gpa_sources.csv,254,University of Nebraska Medical Center College of Medicine,,,md_university_of_nebraska_college_of_medicine_omaha_nebraska,University of Nebraska College of Medicine,0.828,md_rush_medical_college_of_rush_university_medical_center_chicago_illinois,Rush Medical College of Rush University Medical Center,0.809,review,ambiguous_match_gap,review candidate stats match
all_comparable_mcat_gpa_sources.csv,260,Rowan University School of Osteopathic Medicine,,,do_rowan_virtuasom_rowan_virtua_school_of_osteopathic_medicine_stratford_new_jersey,Rowan-Virtua School of Osteopathic Medicine,0.833,do_rowan_virtuasom_sewell_rowan_virtua_school_of_osteopathic_medicine_sewell_new_je,Rowan-Virtua School of Osteopathic Medicine,0.833,review,ambiguous_match_gap,review candidate stats match
all_comparable_mcat_gpa_sources.csv,262,Burrell College of Osteopathic Medicine at New Mexico State University,,,do_msucom_dmc_michigan_state_university_college_of_osteopathic_medicine_detroit_mic,Michigan State University College of Osteopathic Medicine,0.847,do_msucom_michigan_state_university_college_of_osteopathic_medicine_east_lansing_mi,Michigan State University College of Osteopathic Medicine,0.847,review,ambiguous_match_gap,review candidate stats match
all_comparable_mcat_gpa_sources.csv,264,University of Nevada Las Vegas School of Medicine,,,md_university_of_nevada_reno_school_of_medicine_reno_nevada,"University of Nevada, Reno School of Medicine",0.864,md_university_of_kansas_school_of_medicine_kansas_city_kansas,University of Kansas School of Medicine,0.816,review,below_safe_threshold,review candidate stats match
all_comparable_mcat_gpa_sources.csv,269,Hofstra Northwell School of Medicine,,,md_donald_and_barbara_zucker_school_of_medicine_at_hofstra_northwell_hempstead_new_,Donald and Barbara Zucker School of Medicine at Hofstra/Northwell,0.75,md_morehouse_school_of_medicine_atlanta_georgia,Morehouse School of Medicine,0.69,review,below_safe_threshold,review candidate stats match
all_comparable_mcat_gpa_sources.csv,272,New York University Grossman School of Medicine,,,md_emory_university_school_of_medicine_atlanta_georgia,Emory University School of Medicine,0.789,md_nyu_grossman_school_of_medicine_new_york_new_york,NYU Grossman School of Medicine,0.778,review,ambiguous_match_gap,review candidate stats match
all_comparable_mcat_gpa_sources.csv,273,New York University Long Island School of Medicine,,,md_loma_linda_university_school_of_medicine_loma_linda_california,Loma Linda University School of Medicine,0.786,md_university_of_georgia_school_of_medicine_athens_georgia,University of Georgia School of Medicine,0.765,review,ambiguous_match_gap,review candidate stats match
all_comparable_mcat_gpa_sources.csv,274,SUNY - Downstate Medical Center College of Medicine,,,md_suny_downstate_health_sciences_university_college_of_medicine_brooklyn_new_york,SUNY Downstate Health Sciences University College of Medicine,0.788,md_university_of_arkansas_for_medical_sciences_college_of_medicine_little_rock_arka,University of Arkansas for Medical Sciences College of Medicine,0.707,review,below_safe_threshold,review candidate stats match
all_comparable_mcat_gpa_sources.csv,276,SUNY - Upstate Medical University,,,md_wayne_state_university_school_of_medicine_detroit_michigan,Wayne State University School of Medicine,0.638,md_tulane_university_school_of_medicine_new_orleans_louisiana,Tulane University School of Medicine,0.625,no_match,low_match_score,review candidate stats match
all_comparable_mcat_gpa_sources.csv,277,Stony Brook University School of Medicine,,,md_renaissance_school_of_medicine_at_stony_brook_university_stony_brook_new_york,Renaissance School of Medicine at Stony Brook University,0.864,md_stanford_university_school_of_medicine_palo_alto_california,Stanford University School of Medicine,0.849,review,ambiguous_match_gap,review candidate stats match
all_comparable_mcat_gpa_sources.csv,279,Weill Cornell Medical College,,,md_weill_cornell_medicine_new_york_new_york,Weill Cornell Medicine,0.784,md_new_york_medical_college_valhalla_new_york,New York Medical College,0.755,review,ambiguous_match_gap,review candidate stats match
all_comparable_mcat_gpa_sources.csv,281,Touro College of Osteopathic Medicine - Middletown Campus,,,do_tourocom_harlem_touro_college_of_osteopathic_medicine_new_york_new_york,Touro College of Osteopathic Medicine,0.791,do_tourocom_middletown_touro_college_of_osteopathic_medicine_middletown_new_york,Touro College of Osteopathic Medicine,0.791,review,ambiguous_match_gap,review candidate stats match
all_comparable_mcat_gpa_sources.csv,282,Touro College of Osteopathic Medicine - Harlem Campus,,,do_tourocom_harlem_touro_college_of_osteopathic_medicine_new_york_new_york,Touro College of Osteopathic Medicine,0.829,do_tourocom_middletown_touro_college_of_osteopathic_medicine_middletown_new_york,Touro College of Osteopathic Medicine,0.829,review,ambiguous_match_gap,review candidate stats match
all_comparable_mcat_gpa_sources.csv,284,Northeast Ohio Medical University,,,md_northeast_ohio_medical_university_college_of_medicine_rootstown_ohio,Northeast Ohio Medical University College of Medicine,0.795,md_university_of_minnesota_medical_school_minneapolis_minnesota,University of Minnesota Medical School,0.735,review,below_safe_threshold,review candidate stats match
all_comparable_mcat_gpa_sources.csv,289,Ohio University Heritage College of Osteopathic Medicine,,,do_ou_hcom_cleveland_ohio_university_heritage_college_of_osteopathic_medicine_cleve,Ohio University Heritage College of Osteopathic Medicine,1,do_ou_hcom_ohio_university_heritage_college_of_osteopathic_medicine_athens_ohio,Ohio University Heritage College of Osteopathic Medicine,1,review,ambiguous_match_gap,review candidate stats match
all_comparable_mcat_gpa_sources.csv,29,University of Miami Miller School of Medicine,,,md_university_of_miami_leonard_m_miller_school_of_medicine_miami_florida,University of Miami Leonard M. Miller School of Medicine,0.886,md_university_of_louisville_school_of_medicine_louisville_kentucky,University of Louisville School of Medicine,0.842,review,below_safe_threshold,review candidate stats match
all_comparable_mcat_gpa_sources.csv,296,Pennsylvania State University College of Medicine,,,md_florida_state_university_college_of_medicine_tallahassee_florida,Florida State University College of Medicine,0.851,md_the_ohio_state_university_college_of_medicine_columbus_ohio,The Ohio State University College of Medicine,0.833,review,ambiguous_match_gap,review candidate stats match
all_comparable_mcat_gpa_sources.csv,297,Perelman School of Medicine University of Pennsylvania,,,md_raymond_and_ruth_perelman_school_of_medicine_at_the_university_of_pennsylvania_p,Raymond and Ruth Perelman School of Medicine at the University of Pennsylvania,0.881,md_mercer_university_school_of_medicine_macon_georgia,Mercer University School of Medicine,0.741,review,below_safe_threshold,review candidate stats match
all_comparable_mcat_gpa_sources.csv,30,University of South Florida Health Morsani College of Medicine,,,md_florida_state_university_college_of_medicine_tallahassee_florida,Florida State University College of Medicine,0.804,md_university_of_florida_college_of_medicine_gainesville_florida,University of Florida College of Medicine,0.769,review,below_safe_threshold,review candidate stats match
all_comparable_mcat_gpa_sources.csv,303,Ponce School of Medicine and Health Sciences,,,md_oregon_health_and_science_university_school_of_medicine_portland_oregon,Oregon Health & Science University School of Medicine,0.8,md_lsu_health_sciences_center_school_of_medicine_in_new_orleans_new_orleans_louisia,LSU Health Sciences Center School of Medicine in New Orleans,0.723,review,below_safe_threshold,review candidate stats match
all_comparable_mcat_gpa_sources.csv,304,San Juan Bautista School of Medicine,,,md_nyu_grossman_school_of_medicine_new_york_new_york,NYU Grossman School of Medicine,0.689,md_cuny_school_of_medicine_new_york_new_york,CUNY School of Medicine,0.679,no_match,low_match_score,review candidate stats match
all_comparable_mcat_gpa_sources.csv,305,Universidad Central Del Caribe School of Medicine,,,md_university_of_north_carolina_school_of_medicine_chapel_hill_north_carolina,University of North Carolina School of Medicine,0.736,md_university_of_california_davis_school_of_medicine_davis_california,"University of California, Davis School of Medicine",0.719,no_match,low_match_score,review candidate stats match
all_comparable_mcat_gpa_sources.csv,306,University of Puerto Rico School of Medicine,,,md_university_of_new_mexico_school_of_medicine_albuquerque_new_mexico,University of New Mexico School of Medicine,0.853,md_mercer_university_school_of_medicine_macon_georgia,Mercer University School of Medicine,0.845,review,ambiguous_match_gap,review candidate stats match
all_comparable_mcat_gpa_sources.csv,309,University of South Carolina School of Medicine - Columbia,,,md_university_of_north_carolina_school_of_medicine_chapel_hill_north_carolina,University of North Carolina School of Medicine,0.857,md_university_of_south_carolina_school_of_medicine_greenville_greenville_south_caro,"University of South Carolina School of Medicine, Greenville",0.843,review,ambiguous_match_gap,review candidate stats match
all_comparable_mcat_gpa_sources.csv,311,Edward Via College of Osteopathic Medicine - Carolinas Campus,,,do_vcom_louisiana_edward_via_college_of_osteopathic_medicine_louisiana_campus_monro,Edward Via College of Osteopathic Medicine-Louisiana Campus,0.893,do_vcom_auburn_campus_edward_via_college_of_osteopathic_medicine_auburn_alabama,Edward Via College of Osteopathic Medicine,0.821,review,below_safe_threshold,review candidate stats match
all_comparable_mcat_gpa_sources.csv,318,Baylor College of Medicine,,,md_baylor_college_of_medicine_school_of_medicine_houston_texas,Baylor College of Medicine School of Medicine,0.868,md_albany_medical_college_albany_new_york,Albany Medical College,0.756,review,below_safe_threshold,review candidate stats match
all_comparable_mcat_gpa_sources.csv,319,TCU and UNTHSC School of Medicine,,,md_cuny_school_of_medicine_new_york_new_york,CUNY School of Medicine,0.826,md_tufts_university_school_of_medicine_boston_massachusetts,Tufts University School of Medicine,0.759,review,below_safe_threshold,review candidate stats match
all_comparable_mcat_gpa_sources.csv,320,Texas A&M Health Science Center College of Medicine,,,md_university_of_tennessee_health_science_center_college_of_medicine_memphis_tennes,University of Tennessee Health Science Center College of Medicine,0.785,md_texas_tech_university_health_sciences_center_school_of_medicine_lubbock_texas,Texas Tech University Health Sciences Center School of Medicine,0.778,review,ambiguous_match_gap,review candidate stats match
all_comparable_mcat_gpa_sources.csv,325,University of Texas Medical Branch School of Medicine,,,md_university_of_texas_medical_branch_john_sealy_school_of_medicine_galveston_texas,University of Texas Medical Branch John Sealy School of Medicine,0.895,md_the_university_of_texas_at_tyler_school_of_medicine_tyler_texas,The University of Texas at Tyler School of Medicine,0.824,review,below_safe_threshold,review candidate stats match
all_comparable_mcat_gpa_sources.csv,326,University of Texas McGovern Medical School at Houston,,,md_dell_medical_school_university_of_texas_at_austin_austin_texas,Dell Medical School – University of Texas at Austin,0.835,md_mcgovern_medical_school_at_uthealth_houston_houston_texas,McGovern Medical School at UTHealth Houston,0.818,review,ambiguous_match_gap,review candidate stats match
all_comparable_mcat_gpa_sources.csv,328,University of Texas School of Medicine at San Antonio,,,md_saint_louis_university_school_of_medicine_st_louis_missouri,Saint Louis University School of Medicine,0.805,md_university_of_california_san_diego_school_of_medicine_san_diego_california,"University of California, San Diego School of Medicine",0.791,review,ambiguous_match_gap,review candidate stats match
all_comparable_mcat_gpa_sources.csv,333,University of Utah School of Medicine,,,md_university_of_kansas_school_of_medicine_kansas_city_kansas,University of Kansas School of Medicine,0.875,md_university_of_georgia_school_of_medicine_athens_georgia,University of Georgia School of Medicine,0.862,review,ambiguous_match_gap,review candidate stats match
all_comparable_mcat_gpa_sources.csv,335,Eastern Virginia Medical School,,,md_virginia_tech_carilion_school_of_medicine_roanoke_virginia,Virginia Tech Carilion School of Medicine,0.725,md_eastern_virginia_medical_school_at_old_dominion_university_norfolk_virginia,Eastern Virginia Medical School at Old Dominion University,0.721,no_match,low_match_score,review candidate stats match
all_comparable_mcat_gpa_sources.csv,337,Virginia Tech Carilion School of Medicine and Research Institute,,,md_virginia_tech_carilion_school_of_medicine_roanoke_virginia,Virginia Tech Carilion School of Medicine,0.8,md_university_of_south_carolina_school_of_medicine_greenville_greenville_south_caro,"University of South Carolina School of Medicine, Greenville",0.624,review,below_safe_threshold,review candidate stats match
all_comparable_mcat_gpa_sources.csv,339,Edward Via College of Osteopathic Medicine - Virginia Campus,,,do_vcom_louisiana_edward_via_college_of_osteopathic_medicine_louisiana_campus_monro,Edward Via College of Osteopathic Medicine-Louisiana Campus,0.919,do_vcom_auburn_campus_edward_via_college_of_osteopathic_medicine_auburn_alabama,Edward Via College of Osteopathic Medicine,0.83,review,below_safe_threshold,review candidate stats match
all_comparable_mcat_gpa_sources.csv,341,The University of Vermont Larner College of Medicine,,,md_robert_larner_m_d_college_of_medicine_at_the_university_of_vermont_burlington_ve,"Robert Larner, M.D. College of Medicine at the University of Vermont",0.884,md_university_of_central_florida_college_of_medicine_orlando_florida,University of Central Florida College of Medicine,0.8,review,below_safe_threshold,review candidate stats match
all_comparable_mcat_gpa_sources.csv,351,Boston University Sch of Med,,,md_georgetown_university_school_of_medicine_washington_district_of_columbia,Georgetown University School of Medicine,0.742,md_stanford_university_school_of_medicine_palo_alto_california,Stanford University School of Medicine,0.733,no_match,low_match_score,review candidate stats match
all_comparable_mcat_gpa_sources.csv,354,California University of Science and Medicine,,,md_california_university_of_science_and_medicine_school_of_medicine_colton_californ,California University of Science and Medicine - School of Medicine,0.916,md_university_of_california_davis_school_of_medicine_davis_california,"University of California, Davis School of Medicine",0.815,review,below_safe_threshold,review candidate stats match
all_comparable_mcat_gpa_sources.csv,358,Dalhousie University Faculty of Medicine,,,md_duke_university_school_of_medicine_durham_north_carolina,Duke University School of Medicine,0.765,md_saint_louis_university_school_of_medicine_st_louis_missouri,Saint Louis University School of Medicine,0.747,review,ambiguous_match_gap,review candidate stats match
all_comparable_mcat_gpa_sources.csv,362,Eastern Virginia Medical School,,,md_virginia_tech_carilion_school_of_medicine_roanoke_virginia,Virginia Tech Carilion School of Medicine,0.725,md_eastern_virginia_medical_school_at_old_dominion_university_norfolk_virginia,Eastern Virginia Medical School at Old Dominion University,0.721,no_match,low_match_score,review candidate stats match
all_comparable_mcat_gpa_sources.csv,381,"Max Rady College of Medicine, Rady Faculty of Health Sciences, University of Manitoba",,,md_suny_downstate_health_sciences_university_college_of_medicine_brooklyn_new_york,SUNY Downstate Health Sciences University College of Medicine,0.724,do_bucom_baptist_health_sciences_university_college_of_osteopathic_medicine_memphis,Baptist Health Sciences University College of Osteopathic Medicine,0.682,no_match,low_match_score,review candidate stats match
all_comparable_mcat_gpa_sources.csv,383,McGill University Faculty of Medicine,,,md_mercer_university_school_of_medicine_macon_georgia,Mercer University School of Medicine,0.746,md_university_of_illinois_college_of_medicine_chicago_illinois,University of Illinois College of Medicine,0.743,no_match,low_match_score,review candidate stats match
all_comparable_mcat_gpa_sources.csv,39,Rush Medical College of Rush University,,,md_rush_medical_college_of_rush_university_medical_center_chicago_illinois,Rush Medical College of Rush University Medical Center,0.899,md_roseman_university_college_of_medicine_las_vegas_nevada,Roseman University College of Medicine,0.818,review,below_safe_threshold,review candidate stats match
all_comparable_mcat_gpa_sources.csv,390,New York University Grossman School of Medicine,,,md_emory_university_school_of_medicine_atlanta_georgia,Emory University School of Medicine,0.789,md_nyu_grossman_school_of_medicine_new_york_new_york,NYU Grossman School of Medicine,0.778,review,ambiguous_match_gap,review candidate stats match
all_comparable_mcat_gpa_sources.csv,391,Northeast Ohio Medical University,,,md_northeast_ohio_medical_university_college_of_medicine_rootstown_ohio,Northeast Ohio Medical University College of Medicine,0.795,md_university_of_minnesota_medical_school_minneapolis_minnesota,University of Minnesota Medical School,0.735,review,below_safe_threshold,review candidate stats match
all_comparable_mcat_gpa_sources.csv,392,Northern Ontario School of Medicine,,,md_morehouse_school_of_medicine_atlanta_georgia,Morehouse School of Medicine,0.702,md_northwestern_university_feinberg_school_of_medicine_chicago_illinois,Northwestern University Feinberg School of Medicine,0.7,no_match,low_match_score,review candidate stats match
all_comparable_mcat_gpa_sources.csv,398,Perelman School of Medicine at the University of Pennsylvania,,,md_raymond_and_ruth_perelman_school_of_medicine_at_the_university_of_pennsylvania_p,Raymond and Ruth Perelman School of Medicine at the University of Pennsylvania,0.881,md_mercer_university_school_of_medicine_macon_georgia,Mercer University School of Medicine,0.741,review,below_safe_threshold,review candidate stats match
all_comparable_mcat_gpa_sources.csv,399,Queen’s University Faculty of Health Sciences,,,md_university_of_north_dakota_school_of_medicine_and_health_sciences_grand_forks_no,University of North Dakota School of Medicine and Health Sciences,0.708,md_oregon_health_and_science_university_school_of_medicine_portland_oregon,Oregon Health & Science University School of Medicine,0.674,no_match,low_match_score,review candidate stats match
all_comparable_mcat_gpa_sources.csv,405,State University of New York Upstate Medical University,,,md_state_university_of_new_york_upstate_medical_university_alan_and_marlene_norton_,State University of New York Upstate Medical University Alan and Marlene Norton College of Medicine,0.738,md_wayne_state_university_school_of_medicine_detroit_michigan,Wayne State University School of Medicine,0.684,no_match,low_match_score,review candidate stats match
all_comparable_mcat_gpa_sources.csv,406,TCU and UNTHSC School of Medicine,,,md_cuny_school_of_medicine_new_york_new_york,CUNY School of Medicine,0.826,md_tufts_university_school_of_medicine_boston_massachusetts,Tufts University School of Medicine,0.759,review,below_safe_threshold,review candidate stats match
all_comparable_mcat_gpa_sources.csv,408,The University of Texas Health Science Center at San Antonio Joe R. and Teresa Lozano Long School of Medicine,,,md_the_university_of_texas_at_san_antonio_joe_r_and_teresa_lozano_long_school_of_me,The University of Texas at San Antonio Joe R. and Teresa Lozano Long School of Medicine,0.863,md_texas_tech_university_health_sciences_center_school_of_medicine_lubbock_texas,Texas Tech University Health Sciences Center School of Medicine,0.755,review,below_safe_threshold,review candidate stats match
all_comparable_mcat_gpa_sources.csv,41,University of Chicago Pritzker School of Medicine,,,md_loyola_university_chicago_stritch_school_of_medicine_maywood_illinois,Loyola University Chicago Stritch School of Medicine,0.826,md_the_university_of_texas_at_tyler_school_of_medicine_tyler_texas,The University of Texas at Tyler School of Medicine,0.79,review,below_safe_threshold,review candidate stats match
all_comparable_mcat_gpa_sources.csv,410,The University of Western Ontario - Schulich School of Medicine & Dentistry,,,md_university_of_rochester_school_of_medicine_and_dentistry_rochester_new_york,University of Rochester School of Medicine and Dentistry,0.785,md_case_western_reserve_university_school_of_medicine_cleveland_ohio,Case Western Reserve University School of Medicine,0.704,review,below_safe_threshold,review candidate stats match
all_comparable_mcat_gpa_sources.csv,414,University of Alabama School of Medicine,,,md_loma_linda_university_school_of_medicine_loma_linda_california,Loma Linda University School of Medicine,0.873,md_university_of_maryland_school_of_medicine_baltimore_maryland,University of Maryland School of Medicine,0.87,review,ambiguous_match_gap,review candidate stats match
all_comparable_mcat_gpa_sources.csv,415,University of Alberta Faculty of Medicine and Dentistry,,,md_university_of_rochester_school_of_medicine_and_dentistry_rochester_new_york,University of Rochester School of Medicine and Dentistry,0.769,md_university_of_kentucky_college_of_medicine_lexington_kentucky,University of Kentucky College of Medicine,0.691,review,below_safe_threshold,review candidate stats match
all_comparable_mcat_gpa_sources.csv,427,University of Houston College of Medicine,,,md_howard_university_college_of_medicine_washington_district_of_columbia,Howard University College of Medicine,0.87,md_university_of_illinois_college_of_medicine_chicago_illinois,University of Illinois College of Medicine,0.845,review,ambiguous_match_gap,review candidate stats match
all_comparable_mcat_gpa_sources.csv,434,University of Massachusetts Medical School,,,md_university_of_massachusetts_t_h_chan_school_of_medicine_worcester_massachusetts,University of Massachusetts T.H. Chan School of Medicine,0.841,md_university_of_michigan_medical_school_ann_arbor_michigan,University of Michigan Medical School,0.795,review,below_safe_threshold,review candidate stats match
all_comparable_mcat_gpa_sources.csv,44,University of Iowa Carver College of Medicine,,,md_howard_university_college_of_medicine_washington_district_of_columbia,Howard University College of Medicine,0.849,md_university_of_iowa_roy_j_and_lucille_a_carver_college_of_medicine_iowa_city_iowa,University of Iowa Roy J. and Lucille A. Carver College of Medicine,0.83,review,ambiguous_match_gap,review candidate stats match
all_comparable_mcat_gpa_sources.csv,440,University of North Carolina at Chapel Hill School of Medicine,,,md_university_of_north_carolina_school_of_medicine_chapel_hill_north_carolina,University of North Carolina School of Medicine,0.872,md_university_of_south_carolina_school_of_medicine_greenville_greenville_south_caro,"University of South Carolina School of Medicine, Greenville",0.762,review,below_safe_threshold,review candidate stats match
all_comparable_mcat_gpa_sources.csv,442,University of Ottawa Faculty of Medicine,,,md_university_of_oklahoma_college_of_medicine_oklahoma_city_oklahoma,University of Oklahoma College of Medicine,0.743,md_university_of_georgia_school_of_medicine_athens_georgia,University of Georgia School of Medicine,0.735,no_match,low_match_score,review candidate stats match
all_comparable_mcat_gpa_sources.csv,444,University of Puerto Rico School of Medicine,,,md_university_of_new_mexico_school_of_medicine_albuquerque_new_mexico,University of New Mexico School of Medicine,0.853,md_mercer_university_school_of_medicine_macon_georgia,Mercer University School of Medicine,0.845,review,ambiguous_match_gap,review candidate stats match
all_comparable_mcat_gpa_sources.csv,446,University of Saskatchewan College of Medicine,,,md_roseman_university_college_of_medicine_las_vegas_nevada,Roseman University College of Medicine,0.853,md_university_of_nebraska_college_of_medicine_omaha_nebraska,University of Nebraska College of Medicine,0.842,review,ambiguous_match_gap,review candidate stats match
all_comparable_mcat_gpa_sources.csv,447,University of South Carolina School of Medicine Columbia,,,md_university_of_north_carolina_school_of_medicine_chapel_hill_north_carolina,University of North Carolina School of Medicine,0.857,md_university_of_south_carolina_school_of_medicine_greenville_greenville_south_caro,"University of South Carolina School of Medicine, Greenville",0.843,review,ambiguous_match_gap,review candidate stats match
all_comparable_mcat_gpa_sources.csv,450,University of Texas Medical Branch School of Medicine,,,md_university_of_texas_medical_branch_john_sealy_school_of_medicine_galveston_texas,University of Texas Medical Branch John Sealy School of Medicine,0.895,md_the_university_of_texas_at_tyler_school_of_medicine_tyler_texas,The University of Texas at Tyler School of Medicine,0.824,review,below_safe_threshold,review candidate stats match
all_comparable_mcat_gpa_sources.csv,452,University of Toronto Faculty of Medicine,,,md_roseman_university_college_of_medicine_las_vegas_nevada,Roseman University College of Medicine,0.743,md_university_of_colorado_school_of_medicine_denver_colorado,University of Colorado School of Medicine,0.743,no_match,low_match_score,review candidate stats match
all_comparable_mcat_gpa_sources.csv,458,Wake Forest School of Medicine of Wake Forest Baptist Medical Center,,,md_alice_l_walton_school_of_medicine_bentonville_arkansas,Alice L. Walton School of Medicine,0.625,md_wake_forest_university_school_of_medicine_winston_salem_north_carolina,Wake Forest University School of Medicine,0.614,no_match,low_match_score,review candidate stats match
all_comparable_mcat_gpa_sources.csv,466,A.T. Still University of Health Sciences (Arizona),,,do_atsu_soma_a_t_still_university_school_of_osteopathic_medicine_in_arizona_mesa_ar,"A.T. Still University, School of Osteopathic Medicine in Arizona",0.757,md_texas_tech_university_health_sciences_center_school_of_medicine_lubbock_texas,Texas Tech University Health Sciences Center School of Medicine,0.654,review,below_safe_threshold,review candidate stats match
all_comparable_mcat_gpa_sources.csv,467,A.T. Still University of Health Sciences (Kirksville),,,do_atsu_kcom_a_t_still_university_kirksville_college_of_osteopathic_medicine_kirksv,A.T. Still University – Kirksville College of Osteopathic Medicine,0.71,md_texas_tech_university_health_sciences_center_school_of_medicine_lubbock_texas,Texas Tech University Health Sciences Center School of Medicine,0.654,no_match,low_match_score,review candidate stats match
all_comparable_mcat_gpa_sources.csv,468,University of Alabama at Birmingham,,,md_university_of_alabama_at_birmingham_marnix_e_heersink_school_of_medicine_birming,University of Alabama at Birmingham Marnix E. Heersink School of Medicine,0.63,md_loma_linda_university_school_of_medicine_loma_linda_california,Loma Linda University School of Medicine,0.606,no_match,low_match_score,review candidate stats match
all_comparable_mcat_gpa_sources.csv,473,University of Arizona (Phoenix),,,md_university_of_arizona_college_of_medicine_phoenix_phoenix_arizona,University of Arizona College of Medicine - Phoenix,0.754,md_university_of_virginia_school_of_medicine_charlottesville_virginia,University of Virginia School of Medicine,0.656,review,below_safe_threshold,review candidate stats match
all_comparable_mcat_gpa_sources.csv,474,University of Arizona (Tucson),,,md_university_of_arizona_college_of_medicine_tucson_tucson_arizona,University of Arizona College of Medicine - Tucson,0.746,md_university_of_arizona_college_of_medicine_phoenix_phoenix_arizona,University of Arizona College of Medicine - Phoenix,0.647,no_match,low_match_score,review candidate stats match
all_comparable_mcat_gpa_sources.csv,475,Arizona State University,,,md_tulane_university_school_of_medicine_new_orleans_louisiana,Tulane University School of Medicine,0.632,md_florida_state_university_college_of_medicine_tallahassee_florida,Florida State University College of Medicine,0.615,no_match,low_match_score,review candidate stats match
all_comparable_mcat_gpa_sources.csv,476,University of Arkansas,,,md_university_of_kansas_school_of_medicine_kansas_city_kansas,University of Kansas School of Medicine,0.654,md_university_of_maryland_school_of_medicine_baltimore_maryland,University of Maryland School of Medicine,0.593,no_match,low_match_score,review candidate stats match
all_comparable_mcat_gpa_sources.csv,478,Baptist Health Sciences University,,,do_bucom_baptist_health_sciences_university_college_of_osteopathic_medicine_memphis,Baptist Health Sciences University College of Osteopathic Medicine,0.701,md_university_of_north_dakota_school_of_medicine_and_health_sciences_grand_forks_no,University of North Dakota School of Medicine and Health Sciences,0.652,no_match,low_match_score,review candidate stats match
all_comparable_mcat_gpa_sources.csv,479,Baylor,,,md_albany_medical_college_albany_new_york,Albany Medical College,0.357,md_baylor_college_of_medicine_school_of_medicine_houston_texas,Baylor College of Medicine School of Medicine,0.333,no_match,low_match_score,review candidate stats match
all_comparable_mcat_gpa_sources.csv,48,Louisiana State University-New Orleans School of Medicine,,,md_louisiana_state_university_school_of_medicine_in_shreveport_shreveport_louisiana,Louisiana State University School of Medicine in Shreveport,0.764,md_wayne_state_university_school_of_medicine_detroit_michigan,Wayne State University School of Medicine,0.761,review,ambiguous_match_gap,review candidate stats match
all_comparable_mcat_gpa_sources.csv,480,Belmont University,,,md_university_of_minnesota_medical_school_minneapolis_minnesota,University of Minnesota Medical School,0.604,md_emory_university_school_of_medicine_atlanta_georgia,Emory University School of Medicine,0.6,no_match,low_match_score,review candidate stats match
all_comparable_mcat_gpa_sources.csv,481,Boston University,,,md_stanford_university_school_of_medicine_palo_alto_california,Stanford University School of Medicine,0.577,md_emory_university_school_of_medicine_atlanta_georgia,Emory University School of Medicine,0.571,no_match,low_match_score,review candidate stats match
all_comparable_mcat_gpa_sources.csv,482,Brown University,,,md_georgetown_university_school_of_medicine_washington_district_of_columbia,Georgetown University School of Medicine,0.566,md_howard_university_college_of_medicine_washington_district_of_columbia,Howard University College of Medicine,0.56,no_match,low_match_score,review candidate stats match
all_comparable_mcat_gpa_sources.csv,483,University at Buffalo,,,md_university_of_michigan_medical_school_ann_arbor_michigan,University of Michigan Medical School,0.538,md_duke_university_school_of_medicine_durham_north_carolina,Duke University School of Medicine,0.531,no_match,low_match_score,review candidate stats match
all_comparable_mcat_gpa_sources.csv,484,Burrell College of Osteopathic Medicine,,,do_bcsom_burrell_college_school_of_osteopathic_medicine_las_cruces_new_mexico,Burrell College School of Osteopathic Medicine,0.911,do_tourocom_harlem_touro_college_of_osteopathic_medicine_new_york_new_york,Touro College of Osteopathic Medicine,0.886,review,ambiguous_match_gap,review candidate stats match
all_comparable_mcat_gpa_sources.csv,485,California Health Sciences University,,,md_california_university_of_science_and_medicine_school_of_medicine_colton_californ,California University of Science and Medicine - School of Medicine,0.78,do_chsu_com_california_health_sciences_university_college_of_osteopathic_medicine_c,California Health Sciences University College of Osteopathic Medicine,0.718,review,below_safe_threshold,review candidate stats match
all_comparable_mcat_gpa_sources.csv,486,California Northstate University,,,md_california_northstate_university_college_of_medicine_elk_grove_california,California Northstate University College of Medicine,0.79,md_florida_state_university_college_of_medicine_tallahassee_florida,Florida State University College of Medicine,0.685,review,below_safe_threshold,review candidate stats match
all_comparable_mcat_gpa_sources.csv,487,California University of Science and Medicine,,,md_california_university_of_science_and_medicine_school_of_medicine_colton_californ,California University of Science and Medicine - School of Medicine,0.916,md_university_of_california_davis_school_of_medicine_davis_california,"University of California, Davis School of Medicine",0.815,review,below_safe_threshold,review candidate stats match
all_comparable_mcat_gpa_sources.csv,488,Campbell University,,,md_university_of_colorado_school_of_medicine_denver_colorado,University of Colorado School of Medicine,0.593,md_university_of_minnesota_medical_school_minneapolis_minnesota,University of Minnesota Medical School,0.593,no_match,low_match_score,review candidate stats match
all_comparable_mcat_gpa_sources.csv,489,Universidad Central del Caribe,,,md_university_of_central_florida_college_of_medicine_orlando_florida,University of Central Florida College of Medicine,0.603,md_mercer_university_school_of_medicine_macon_georgia,Mercer University School of Medicine,0.571,no_match,low_match_score,review candidate stats match
all_comparable_mcat_gpa_sources.csv,490,Carle Illinois,,,md_carle_illinois_college_of_medicine_urbana_champaign_illinois,Carle Illinois College of Medicine,0.622,md_university_of_illinois_college_of_medicine_chicago_illinois,University of Illinois College of Medicine,0.48,no_match,low_match_score,review candidate stats match
all_comparable_mcat_gpa_sources.csv,491,Case Western Reserve,,,md_case_western_reserve_university_school_of_medicine_cleveland_ohio,Case Western Reserve University School of Medicine,0.597,md_albert_einstein_college_of_medicine_new_york_new_york,Albert Einstein College of Medicine,0.462,no_match,low_match_score,review candidate stats match
all_comparable_mcat_gpa_sources.csv,492,Central Michigan University,,,md_university_of_michigan_medical_school_ann_arbor_michigan,University of Michigan Medical School,0.754,md_drexel_university_college_of_medicine_philadelphia_pennsylvania,Drexel University College of Medicine,0.689,review,below_safe_threshold,review candidate stats match
all_comparable_mcat_gpa_sources.csv,493,Charles R. Drew University of Medicine and Science,,,md_charles_r_drew_university_of_medicine_and_science_college_of_medicine_los_angele,Charles R. Drew University of Medicine and Science College of Medicine,0.913,md_roseman_university_college_of_medicine_las_vegas_nevada,Roseman University College of Medicine,0.753,review,below_safe_threshold,review candidate stats match
all_comparable_mcat_gpa_sources.csv,494,University of Chicago,,,md_university_of_michigan_medical_school_ann_arbor_michigan,University of Michigan Medical School,0.654,md_duke_university_school_of_medicine_durham_north_carolina,Duke University School of Medicine,0.612,no_match,low_match_score,review candidate stats match
all_comparable_mcat_gpa_sources.csv,495,University of Cincinnati,,,md_university_of_cincinnati_college_of_medicine_cincinnati_ohio,University of Cincinnati College of Medicine,0.712,md_tufts_university_school_of_medicine_boston_massachusetts,Tufts University School of Medicine,0.604,no_match,low_match_score,review candidate stats match
all_comparable_mcat_gpa_sources.csv,496,Cleveland Clinic Lerner,,,md_penn_state_college_of_medicine_hershey_pennsylvania,Penn State College of Medicine,0.48,md_mayo_clinic_alix_school_of_medicine_rochester_minnesota,Mayo Clinic Alix School of Medicine,0.473,no_match,low_match_score,review candidate stats match
all_comparable_mcat_gpa_sources.csv,497,University of Colorado,,,md_university_of_colorado_school_of_medicine_denver_colorado,University of Colorado School of Medicine,0.704,md_university_of_florida_college_of_medicine_gainesville_florida,University of Florida College of Medicine,0.667,no_match,low_match_score,review candidate stats match
all_comparable_mcat_gpa_sources.csv,498,Columbia University,,,md_roseman_university_college_of_medicine_las_vegas_nevada,Roseman University College of Medicine,0.63,md_university_of_kentucky_college_of_medicine_lexington_kentucky,University of Kentucky College of Medicine,0.618,no_match,low_match_score,review candidate stats match
all_comparable_mcat_gpa_sources.csv,499,University of Connecticut,,,md_university_of_connecticut_school_of_medicine_farmington_connecticut,University of Connecticut School of Medicine,0.733,md_tufts_university_school_of_medicine_boston_massachusetts,Tufts University School of Medicine,0.667,no_match,low_match_score,review candidate stats match
all_comparable_mcat_gpa_sources.csv,500,Rowan University,,,md_howard_university_college_of_medicine_washington_district_of_columbia,Howard University College of Medicine,0.6,md_cooper_medical_school_of_rowan_university_camden_new_jersey,Cooper Medical School of Rowan University,0.593,no_match,low_match_score,review candidate stats match
all_comparable_mcat_gpa_sources.csv,501,Cornell University,,,md_university_of_colorado_school_of_medicine_denver_colorado,University of Colorado School of Medicine,0.642,md_emory_university_school_of_medicine_atlanta_georgia,Emory University School of Medicine,0.64,no_match,low_match_score,review candidate stats match
all_comparable_mcat_gpa_sources.csv,502,Creighton University,,,md_creighton_university_school_of_medicine_omaha_nebraska,Creighton University School of Medicine,0.714,md_cooper_medical_school_of_rowan_university_camden_new_jersey,Cooper Medical School of Rowan University,0.621,no_match,low_match_score,review candidate stats match
all_comparable_mcat_gpa_sources.csv,503,Dartmouth College,,,do_icom_idaho_college_of_osteopathic_medicine_meridian_idaho,Idaho College of Osteopathic Medicine,0.549,do_noordacom_noorda_college_of_osteopathic_medicine_provo_utah,Noorda College of Osteopathic Medicine,0.538,no_match,low_match_score,review candidate stats match
all_comparable_mcat_gpa_sources.csv,504,Des Moines University,,,md_duke_university_school_of_medicine_durham_north_carolina,Duke University School of Medicine,0.731,md_emory_university_school_of_medicine_atlanta_georgia,Emory University School of Medicine,0.679,no_match,low_match_score,review candidate stats match
all_comparable_mcat_gpa_sources.csv,505,Drexel University,,,md_drexel_university_college_of_medicine_philadelphia_pennsylvania,Drexel University College of Medicine,0.667,md_duke_university_school_of_medicine_durham_north_carolina,Duke University School of Medicine,0.625,no_match,low_match_score,review candidate stats match
all_comparable_mcat_gpa_sources.csv,506,Duke University,,,md_duke_university_school_of_medicine_durham_north_carolina,Duke University School of Medicine,0.652,md_tulane_university_school_of_medicine_new_orleans_louisiana,Tulane University School of Medicine,0.583,no_match,low_match_score,review candidate stats match
all_comparable_mcat_gpa_sources.csv,507,Duquesne University,,,md_duke_university_school_of_medicine_durham_north_carolina,Duke University School of Medicine,0.64,md_tulane_university_school_of_medicine_new_orleans_louisiana,Tulane University School of Medicine,0.577,no_match,low_match_score,review candidate stats match
all_comparable_mcat_gpa_sources.csv,508,East Carolina University,,,md_brody_school_of_medicine_at_east_carolina_university_greenville_north_carolina,Brody School of Medicine at East Carolina University,0.686,md_university_of_north_carolina_school_of_medicine_chapel_hill_north_carolina,University of North Carolina School of Medicine,0.677,no_match,low_match_score,review candidate stats match
all_comparable_mcat_gpa_sources.csv,509,East Tennessee State University,,,md_east_tennessee_state_university_james_h_quillen_college_of_medicine_johnson_city,East Tennessee State University James H. Quillen College of Medicine,0.653,md_university_of_tennessee_health_science_center_college_of_medicine_memphis_tennes,University of Tennessee Health Science Center College of Medicine,0.6,no_match,low_match_score,review candidate stats match
all_comparable_mcat_gpa_sources.csv,510,Eastern Virginia Medical School,,,md_virginia_tech_carilion_school_of_medicine_roanoke_virginia,Virginia Tech Carilion School of Medicine,0.725,md_eastern_virginia_medical_school_at_old_dominion_university_norfolk_virginia,Eastern Virginia Medical School at Old Dominion University,0.721,no_match,low_match_score,review candidate stats match
all_comparable_mcat_gpa_sources.csv,511,Edward Via College of Osteopathic Medicine (Auburn),,,do_vcom_auburn_campus_edward_via_college_of_osteopathic_medicine_auburn_alabama,Edward Via College of Osteopathic Medicine,0.918,do_vcom_carolinas_edward_via_college_of_osteopathic_medicine_spartanburg_south_caro,Edward Via College of Osteopathic Medicine,0.918,review,ambiguous_match_gap,review candidate stats match
all_comparable_mcat_gpa_sources.csv,512,Edward Via College of Osteopathic Medicine (Carolinas),,,do_vcom_auburn_campus_edward_via_college_of_osteopathic_medicine_auburn_alabama,Edward Via College of Osteopathic Medicine,0.886,do_vcom_carolinas_edward_via_college_of_osteopathic_medicine_spartanburg_south_caro,Edward Via College of Osteopathic Medicine,0.886,review,ambiguous_match_gap,review candidate stats match
all_comparable_mcat_gpa_sources.csv,514,Edward Via College of Osteopathic Medicine (Virginia),,,do_vcom_auburn_campus_edward_via_college_of_osteopathic_medicine_auburn_alabama,Edward Via College of Osteopathic Medicine,0.897,do_vcom_carolinas_edward_via_college_of_osteopathic_medicine_spartanburg_south_caro,Edward Via College of Osteopathic Medicine,0.897,review,ambiguous_match_gap,review candidate stats match
all_comparable_mcat_gpa_sources.csv,515,Emory University,,,md_emory_university_school_of_medicine_atlanta_georgia,Emory University School of Medicine,0.667,md_duke_university_school_of_medicine_durham_north_carolina,Duke University School of Medicine,0.596,no_match,low_match_score,review candidate stats match
all_comparable_mcat_gpa_sources.csv,516,University of Florida,,,md_university_of_florida_college_of_medicine_gainesville_florida,University of Florida College of Medicine,0.679,md_florida_state_university_college_of_medicine_tallahassee_florida,Florida State University College of Medicine,0.61,no_match,low_match_score,review candidate stats match
all_comparable_mcat_gpa_sources.csv,517,Florida Atlantic University,,,md_university_of_florida_college_of_medicine_gainesville_florida,University of Florida College of Medicine,0.645,md_university_of_central_florida_college_of_medicine_orlando_florida,University of Central Florida College of Medicine,0.629,no_match,low_match_score,review candidate stats match
all_comparable_mcat_gpa_sources.csv,518,Florida International University,,,md_university_of_florida_college_of_medicine_gainesville_florida,University of Florida College of Medicine,0.657,md_florida_international_university_herbert_wertheim_college_of_medicine_miami_flor,Florida International University Herbert Wertheim College of Medicine,0.653,no_match,low_match_score,review candidate stats match
all_comparable_mcat_gpa_sources.csv,519,Florida State University,,,md_florida_state_university_college_of_medicine_tallahassee_florida,Florida State University College of Medicine,0.738,md_university_of_florida_college_of_medicine_gainesville_florida,University of Florida College of Medicine,0.678,no_match,low_match_score,review candidate stats match
all_comparable_mcat_gpa_sources.csv,521,George Washington University,,,md_university_of_washington_school_of_medicine_seattle_washington,University of Washington School of Medicine,0.738,md_george_washington_university_school_of_medicine_and_health_sciences_washington_d,George Washington University School of Medicine and Health Sciences,0.636,no_match,low_match_score,review candidate stats match
all_comparable_mcat_gpa_sources.csv,522,Georgetown University,,,md_georgetown_university_school_of_medicine_washington_district_of_columbia,Georgetown University School of Medicine,0.724,md_university_of_georgia_school_of_medicine_athens_georgia,University of Georgia School of Medicine,0.655,no_match,low_match_score,review candidate stats match
all_comparable_mcat_gpa_sources.csv,525,University of Hawaii,,,md_howard_university_college_of_medicine_washington_district_of_columbia,Howard University College of Medicine,0.627,md_duke_university_school_of_medicine_durham_north_carolina,Duke University School of Medicine,0.583,no_match,low_match_score,review candidate stats match
all_comparable_mcat_gpa_sources.csv,526,Hofstra University,,,md_stanford_university_school_of_medicine_palo_alto_california,Stanford University School of Medicine,0.604,md_tufts_university_school_of_medicine_boston_massachusetts,Tufts University School of Medicine,0.6,no_match,low_match_score,review candidate stats match
all_comparable_mcat_gpa_sources.csv,527,University of Houston,,,md_duke_university_school_of_medicine_durham_north_carolina,Duke University School of Medicine,0.612,md_stanford_university_school_of_medicine_palo_alto_california,Stanford University School of Medicine,0.604,no_match,low_match_score,review candidate stats match
all_comparable_mcat_gpa_sources.csv,528,Howard University,,,md_howard_university_college_of_medicine_washington_district_of_columbia,Howard University College of Medicine,0.667,md_stanford_university_school_of_medicine_palo_alto_california,Stanford University School of Medicine,0.615,no_match,low_match_score,review candidate stats match
all_comparable_mcat_gpa_sources.csv,530,University of Illinois,,,md_university_of_illinois_college_of_medicine_chicago_illinois,University of Illinois College of Medicine,0.691,md_the_ohio_state_university_college_of_medicine_columbus_ohio,The Ohio State University College of Medicine,0.632,no_match,low_match_score,review candidate stats match
all_comparable_mcat_gpa_sources.csv,532,University of the Incarnate Word,,,do_uiwsom_university_of_the_incarnate_word_school_of_osteopathic_medicine_san_anton,University of the Incarnate Word School of Osteopathic Medicine,0.641,md_university_of_cincinnati_college_of_medicine_cincinnati_ohio,University of Cincinnati College of Medicine,0.635,no_match,low_match_score,review candidate stats match
all_comparable_mcat_gpa_sources.csv,533,Indiana University,,,md_indiana_university_school_of_medicine_indianapolis_indiana,Indiana University School of Medicine,0.692,md_university_of_illinois_college_of_medicine_chicago_illinois,University of Illinois College of Medicine,0.593,no_match,low_match_score,review candidate stats match
all_comparable_mcat_gpa_sources.csv,534,University of Iowa,,,md_tulane_university_school_of_medicine_new_orleans_louisiana,Tulane University School of Medicine,0.583,md_howard_university_college_of_medicine_washington_district_of_columbia,Howard University College of Medicine,0.571,no_match,low_match_score,review candidate stats match
all_comparable_mcat_gpa_sources.csv,535,Thomas Jefferson University,,,md_sidney_kimmel_medical_college_at_thomas_jefferson_university_philadelphia_pennsy,Sidney Kimmel Medical College at Thomas Jefferson University,0.643,md_tufts_university_school_of_medicine_boston_massachusetts,Tufts University School of Medicine,0.61,no_match,low_match_score,review candidate stats match
all_comparable_mcat_gpa_sources.csv,536,Johns Hopkins University,,,md_johns_hopkins_university_school_of_medicine_baltimore_maryland,Johns Hopkins University School of Medicine,0.75,md_the_ohio_state_university_college_of_medicine_columbus_ohio,The Ohio State University College of Medicine,0.581,review,below_safe_threshold,review candidate stats match
all_comparable_mcat_gpa_sources.csv,537,Kaiser Permanente,,,md_kaiser_permanente_bernard_j_tyson_school_of_medicine_pasadena_california,Kaiser Permanente Bernard J. Tyson School of Medicine,0.515,md_kirk_kerkorian_school_of_medicine_at_unlv_las_vegas_nevada,Kirk Kerkorian School of Medicine at UNLV,0.385,no_match,low_match_score,review candidate stats match
all_comparable_mcat_gpa_sources.csv,538,University of Kansas,,,md_university_of_kansas_school_of_medicine_kansas_city_kansas,University of Kansas School of Medicine,0.68,md_university_of_minnesota_medical_school_minneapolis_minnesota,University of Minnesota Medical School,0.615,no_match,low_match_score,review candidate stats match
all_comparable_mcat_gpa_sources.csv,54,Boston University School of Medicine,,,md_georgetown_university_school_of_medicine_washington_district_of_columbia,Georgetown University School of Medicine,0.886,md_stanford_university_school_of_medicine_palo_alto_california,Stanford University School of Medicine,0.882,review,ambiguous_match_gap,review candidate stats match
all_comparable_mcat_gpa_sources.csv,540,Kansas City University,,,md_university_of_missouri_kansas_city_school_of_medicine_kansas_city_missouri,University of Missouri-Kansas City School of Medicine,0.638,md_university_of_kansas_school_of_medicine_kansas_city_kansas,University of Kansas School of Medicine,0.618,no_match,low_match_score,review candidate stats match
all_comparable_mcat_gpa_sources.csv,541,University of Kentucky,,,md_university_of_kentucky_college_of_medicine_lexington_kentucky,University of Kentucky College of Medicine,0.691,md_duke_university_school_of_medicine_durham_north_carolina,Duke University School of Medicine,0.6,no_match,low_match_score,review candidate stats match
all_comparable_mcat_gpa_sources.csv,542,Kentucky College of Osteopathic Medicine,,,do_tourocom_harlem_touro_college_of_osteopathic_medicine_new_york_new_york,Touro College of Osteopathic Medicine,0.873,do_tourocom_middletown_touro_college_of_osteopathic_medicine_middletown_new_york,Touro College of Osteopathic Medicine,0.873,review,ambiguous_match_gap,review candidate stats match
all_comparable_mcat_gpa_sources.csv,543,Louisiana State University (New Orleans),,,md_louisiana_state_university_school_of_medicine_in_shreveport_shreveport_louisiana,Louisiana State University School of Medicine in Shreveport,0.681,md_the_ohio_state_university_college_of_medicine_columbus_ohio,The Ohio State University College of Medicine,0.632,no_match,low_match_score,review candidate stats match
all_comparable_mcat_gpa_sources.csv,544,Louisiana State University (Shreveport),,,md_louisiana_state_university_school_of_medicine_in_shreveport_shreveport_louisiana,Louisiana State University School of Medicine in Shreveport,0.796,md_wayne_state_university_school_of_medicine_detroit_michigan,Wayne State University School of Medicine,0.64,review,below_safe_threshold,review candidate stats match
all_comparable_mcat_gpa_sources.csv,547,Liberty University,,,md_roseman_university_college_of_medicine_las_vegas_nevada,Roseman University College of Medicine,0.566,md_university_of_minnesota_medical_school_minneapolis_minnesota,University of Minnesota Medical School,0.566,no_match,low_match_score,review candidate stats match
all_comparable_mcat_gpa_sources.csv,548,Lincoln Memorial University,,,md_rush_medical_college_of_rush_university_medical_center_chicago_illinois,Rush Medical College of Rush University Medical Center,0.646,md_loma_linda_university_school_of_medicine_loma_linda_california,Loma Linda University School of Medicine,0.625,no_match,low_match_score,review candidate stats match
all_comparable_mcat_gpa_sources.csv,549,Loma Linda University,,,md_loma_linda_university_school_of_medicine_loma_linda_california,Loma Linda University School of Medicine,0.724,md_roseman_university_college_of_medicine_las_vegas_nevada,Roseman University College of Medicine,0.643,no_match,low_match_score,review candidate stats match
all_comparable_mcat_gpa_sources.csv,550,University of Louisville,,,md_university_of_louisville_school_of_medicine_louisville_kentucky,University of Louisville School of Medicine,0.724,md_saint_louis_university_school_of_medicine_st_louis_missouri,Saint Louis University School of Medicine,0.61,no_match,low_match_score,review candidate stats match
all_comparable_mcat_gpa_sources.csv,551,Loyola University,,,md_emory_university_school_of_medicine_atlanta_georgia,Emory University School of Medicine,0.612,md_tulane_university_school_of_medicine_new_orleans_louisiana,Tulane University School of Medicine,0.6,no_match,low_match_score,review candidate stats match
all_comparable_mcat_gpa_sources.csv,552,Marian University,,,md_university_of_michigan_medical_school_ann_arbor_michigan,University of Michigan Medical School,0.627,md_university_of_maryland_school_of_medicine_baltimore_maryland,University of Maryland School of Medicine,0.615,no_match,low_match_score,review candidate stats match
all_comparable_mcat_gpa_sources.csv,553,Marshall University,,,md_university_of_maryland_school_of_medicine_baltimore_maryland,University of Maryland School of Medicine,0.63,md_emory_university_school_of_medicine_atlanta_georgia,Emory University School of Medicine,0.627,no_match,low_match_score,review candidate stats match
all_comparable_mcat_gpa_sources.csv,554,University of Maryland,,,md_university_of_maryland_school_of_medicine_baltimore_maryland,University of Maryland School of Medicine,0.704,md_university_of_michigan_medical_school_ann_arbor_michigan,University of Michigan Medical School,0.604,no_match,low_match_score,review candidate stats match
all_comparable_mcat_gpa_sources.csv,555,University of Massachusetts,,,md_university_of_massachusetts_t_h_chan_school_of_medicine_worcester_massachusetts,University of Massachusetts T.H. Chan School of Medicine,0.658,md_tufts_university_school_of_medicine_boston_massachusetts,Tufts University School of Medicine,0.643,no_match,low_match_score,review candidate stats match
all_comparable_mcat_gpa_sources.csv,556,Mayo Clinic,,,md_mayo_clinic_alix_school_of_medicine_rochester_minnesota,Mayo Clinic Alix School of Medicine,0.512,md_baylor_college_of_medicine_school_of_medicine_houston_texas,Baylor College of Medicine School of Medicine,0.4,no_match,low_match_score,review candidate stats match
all_comparable_mcat_gpa_sources.csv,557,Medical College of Georgia,,,md_medical_college_of_wisconsin_milwaukee_wisconsin,Medical College of Wisconsin,0.75,md_medical_college_of_georgia_at_augusta_university_augusta_georgia,Medical College of Georgia at Augusta University,0.708,review,below_safe_threshold,review candidate stats match
all_comparable_mcat_gpa_sources.csv,559,Medical University of South Carolina,,,md_medical_university_of_south_carolina_college_of_medicine_charleston_south_caroli,Medical University of South Carolina College of Medicine,0.795,md_university_of_north_carolina_school_of_medicine_chapel_hill_north_carolina,University of North Carolina School of Medicine,0.757,review,below_safe_threshold,review candidate stats match
all_comparable_mcat_gpa_sources.csv,560,Meharry Medical College,,,md_albany_medical_college_albany_new_york,Albany Medical College,0.8,md_new_york_medical_college_valhalla_new_york,New York Medical College,0.766,review,below_safe_threshold,review candidate stats match
all_comparable_mcat_gpa_sources.csv,561,Mercer University,,,md_mercer_university_school_of_medicine_macon_georgia,Mercer University School of Medicine,0.68,md_duke_university_school_of_medicine_durham_north_carolina,Duke University School of Medicine,0.625,no_match,low_match_score,review candidate stats match
all_comparable_mcat_gpa_sources.csv,563,Methodist University,,,md_stanford_university_school_of_medicine_palo_alto_california,Stanford University School of Medicine,0.618,md_tufts_university_school_of_medicine_boston_massachusetts,Tufts University School of Medicine,0.615,no_match,low_match_score,review candidate stats match
all_comparable_mcat_gpa_sources.csv,564,University of Miami,,,md_university_of_michigan_medical_school_ann_arbor_michigan,University of Michigan Medical School,0.64,md_university_of_minnesota_medical_school_minneapolis_minnesota,University of Minnesota Medical School,0.627,no_match,low_match_score,review candidate stats match
all_comparable_mcat_gpa_sources.csv,565,University of Michigan,,,md_university_of_michigan_medical_school_ann_arbor_michigan,University of Michigan Medical School,0.717,md_tulane_university_school_of_medicine_new_orleans_louisiana,Tulane University School of Medicine,0.654,no_match,low_match_score,review candidate stats match
all_comparable_mcat_gpa_sources.csv,566,Michigan State University,,,md_university_of_michigan_medical_school_ann_arbor_michigan,University of Michigan Medical School,0.712,md_tufts_university_school_of_medicine_boston_massachusetts,Tufts University School of Medicine,0.702,no_match,low_match_score,review candidate stats match
all_comparable_mcat_gpa_sources.csv,567,Michigan State University,,,md_university_of_michigan_medical_school_ann_arbor_michigan,University of Michigan Medical School,0.712,md_tufts_university_school_of_medicine_boston_massachusetts,Tufts University School of Medicine,0.702,no_match,low_match_score,review candidate stats match
all_comparable_mcat_gpa_sources.csv,568,Arizona College of Osteopathic Medicine,,,do_arcom_arkansas_college_of_osteopathic_medicine_fort_smith_arkansas,Arkansas College of Osteopathic Medicine,0.904,do_icom_idaho_college_of_osteopathic_medicine_meridian_idaho,Idaho College of Osteopathic Medicine,0.886,review,ambiguous_match_gap,review candidate stats match
all_comparable_mcat_gpa_sources.csv,569,Midwestern University,,,md_tulane_university_school_of_medicine_new_orleans_louisiana,Tulane University School of Medicine,0.63,md_university_of_texas_southwestern_medical_school_dallas_texas,University of Texas Southwestern Medical School,0.615,no_match,low_match_score,review candidate stats match
all_comparable_mcat_gpa_sources.csv,57,University of Massachusetts Medical School,,,md_university_of_massachusetts_t_h_chan_school_of_medicine_worcester_massachusetts,University of Massachusetts T.H. Chan School of Medicine,0.841,md_university_of_michigan_medical_school_ann_arbor_michigan,University of Michigan Medical School,0.795,review,below_safe_threshold,review candidate stats match
all_comparable_mcat_gpa_sources.csv,570,University of Minnesota,,,md_university_of_minnesota_medical_school_minneapolis_minnesota,University of Minnesota Medical School,0.727,md_tufts_university_school_of_medicine_boston_massachusetts,Tufts University School of Medicine,0.692,no_match,low_match_score,review candidate stats match
all_comparable_mcat_gpa_sources.csv,571,University of Mississippi,,,md_university_of_mississippi_school_of_medicine_jackson_mississippi,University of Mississippi School of Medicine,0.733,md_university_of_missouri_kansas_city_school_of_medicine_kansas_city_missouri,University of Missouri-Kansas City School of Medicine,0.58,no_match,low_match_score,review candidate stats match
all_comparable_mcat_gpa_sources.csv,572,University of Missouri (Columbia),,,md_university_of_missouri_columbia_school_of_medicine_columbia_missouri,University of Missouri-Columbia School of Medicine,0.778,md_university_of_mississippi_school_of_medicine_jackson_mississippi,University of Mississippi School of Medicine,0.667,review,below_safe_threshold,review candidate stats match
all_comparable_mcat_gpa_sources.csv,573,University of Missouri (Kansas City),,,md_university_of_missouri_kansas_city_school_of_medicine_kansas_city_missouri,University of Missouri-Kansas City School of Medicine,0.795,md_university_of_kansas_school_of_medicine_kansas_city_kansas,University of Kansas School of Medicine,0.688,review,below_safe_threshold,review candidate stats match
all_comparable_mcat_gpa_sources.csv,575,Icahn School of Medicine,,,md_cuny_school_of_medicine_new_york_new_york,CUNY School of Medicine,0.878,md_yale_school_of_medicine_new_haven_connecticut,Yale School of Medicine,0.829,review,below_safe_threshold,review candidate stats match
all_comparable_mcat_gpa_sources.csv,576,University of Nebraska,,,md_university_of_nebraska_college_of_medicine_omaha_nebraska,University of Nebraska College of Medicine,0.691,md_mercer_university_school_of_medicine_macon_georgia,Mercer University School of Medicine,0.577,no_match,low_match_score,review candidate stats match
all_comparable_mcat_gpa_sources.csv,577,University of Nevada,,,md_university_of_nevada_reno_school_of_medicine_reno_nevada,"University of Nevada, Reno School of Medicine",0.618,md_university_of_minnesota_medical_school_minneapolis_minnesota,University of Minnesota Medical School,0.615,no_match,low_match_score,review candidate stats match
all_comparable_mcat_gpa_sources.csv,578,University of New England,,,md_howard_university_college_of_medicine_washington_district_of_columbia,Howard University College of Medicine,0.643,md_university_of_florida_college_of_medicine_gainesville_florida,University of Florida College of Medicine,0.632,no_match,low_match_score,review candidate stats match
all_comparable_mcat_gpa_sources.csv,579,University of New Mexico,,,md_university_of_new_mexico_school_of_medicine_albuquerque_new_mexico,University of New Mexico School of Medicine,0.724,md_university_of_minnesota_medical_school_minneapolis_minnesota,University of Minnesota Medical School,0.679,no_match,low_match_score,review candidate stats match
all_comparable_mcat_gpa_sources.csv,58,Central Michigan University College of Medicine,,,md_covenant_healthcare_college_of_medicine_at_central_michigan_university_mount_ple,Covenant HealthCare College of Medicine at Central Michigan University,0.815,md_roseman_university_college_of_medicine_las_vegas_nevada,Roseman University College of Medicine,0.81,review,ambiguous_match_gap,review candidate stats match
all_comparable_mcat_gpa_sources.csv,580,New York Institute of Technology,,,do_nyitcom_new_york_institute_of_technology_college_of_osteopathic_medicine_old_wes,New York Institute of Technology College of Osteopathic Medicine,0.667,do_nyitcom_jonesboro_new_york_institute_of_technology_college_of_osteopathic_medici,New York Institute of Technology College of Osteopathic Medicine at Arkansas State,0.569,no_match,low_match_score,review candidate stats match
all_comparable_mcat_gpa_sources.csv,582,NYU Grossman,,,md_nyu_grossman_school_of_medicine_new_york_new_york,NYU Grossman School of Medicine,0.6,md_nyu_grossman_long_island_school_of_medicine_mineola_new_york,NYU Grossman Long Island School of Medicine,0.462,no_match,low_match_score,review candidate stats match
all_comparable_mcat_gpa_sources.csv,584,University of North Carolina Chapel Hill,,,md_university_of_north_carolina_school_of_medicine_chapel_hill_north_carolina,University of North Carolina School of Medicine,0.795,md_university_of_south_carolina_school_of_medicine_greenville_greenville_south_caro,"University of South Carolina School of Medicine, Greenville",0.697,review,below_safe_threshold,review candidate stats match
all_comparable_mcat_gpa_sources.csv,585,University of North Dakota,,,md_university_of_south_dakota_sanford_school_of_medicine_vermillion_south_dakota,University of South Dakota Sanford School of Medicine,0.657,md_stanford_university_school_of_medicine_palo_alto_california,Stanford University School of Medicine,0.621,no_match,low_match_score,review candidate stats match
all_comparable_mcat_gpa_sources.csv,586,Texas College of Osteopathic Medicine,,,do_icom_idaho_college_of_osteopathic_medicine_meridian_idaho,Idaho College of Osteopathic Medicine,0.882,do_tourocom_harlem_touro_college_of_osteopathic_medicine_new_york_new_york,Touro College of Osteopathic Medicine,0.882,review,ambiguous_match_gap,review candidate stats match
all_comparable_mcat_gpa_sources.csv,587,Northeast Ohio Medical University,,,md_northeast_ohio_medical_university_college_of_medicine_rootstown_ohio,Northeast Ohio Medical University College of Medicine,0.795,md_university_of_minnesota_medical_school_minneapolis_minnesota,University of Minnesota Medical School,0.735,review,below_safe_threshold,review candidate stats match
all_comparable_mcat_gpa_sources.csv,588,Northwestern University,,,md_northwestern_university_feinberg_school_of_medicine_chicago_illinois,Northwestern University Feinberg School of Medicine,0.648,md_university_of_texas_southwestern_medical_school_dallas_texas,University of Texas Southwestern Medical School,0.627,no_match,low_match_score,review candidate stats match
all_comparable_mcat_gpa_sources.csv,589,Nova Southeastern University,,,md_the_university_of_texas_at_tyler_school_of_medicine_tyler_texas,The University of Texas at Tyler School of Medicine,0.667,md_university_of_texas_southwestern_medical_school_dallas_texas,University of Texas Southwestern Medical School,0.667,no_match,low_match_score,review candidate stats match
all_comparable_mcat_gpa_sources.csv,590,Nova Southeastern University,,,md_the_university_of_texas_at_tyler_school_of_medicine_tyler_texas,The University of Texas at Tyler School of Medicine,0.667,md_university_of_texas_southwestern_medical_school_dallas_texas,University of Texas Southwestern Medical School,0.667,no_match,low_match_score,review candidate stats match
all_comparable_mcat_gpa_sources.csv,591,Oakland University,,,md_stanford_university_school_of_medicine_palo_alto_california,Stanford University School of Medicine,0.604,md_university_of_maryland_school_of_medicine_baltimore_maryland,University of Maryland School of Medicine,0.604,no_match,low_match_score,review candidate stats match
all_comparable_mcat_gpa_sources.csv,592,Ohio State University,,,md_the_ohio_state_university_college_of_medicine_columbus_ohio,The Ohio State University College of Medicine,0.712,md_wayne_state_university_school_of_medicine_detroit_michigan,Wayne State University School of Medicine,0.644,no_match,low_match_score,review candidate stats match
all_comparable_mcat_gpa_sources.csv,593,Ohio University,,,md_emory_university_school_of_medicine_atlanta_georgia,Emory University School of Medicine,0.596,md_howard_university_college_of_medicine_washington_district_of_columbia,Howard University College of Medicine,0.571,no_match,low_match_score,review candidate stats match
all_comparable_mcat_gpa_sources.csv,594,University of Oklahoma,,,md_university_of_oklahoma_college_of_medicine_oklahoma_city_oklahoma,University of Oklahoma College of Medicine,0.691,md_university_of_colorado_school_of_medicine_denver_colorado,University of Colorado School of Medicine,0.63,no_match,low_match_score,review candidate stats match
all_comparable_mcat_gpa_sources.csv,595,Oklahoma State University,,,md_the_ohio_state_university_college_of_medicine_columbus_ohio,The Ohio State University College of Medicine,0.667,md_florida_state_university_college_of_medicine_tallahassee_florida,Florida State University College of Medicine,0.636,no_match,low_match_score,review candidate stats match
all_comparable_mcat_gpa_sources.csv,596,Oregon Health & Science University,,,md_oregon_health_and_science_university_school_of_medicine_portland_oregon,Oregon Health & Science University School of Medicine,0.8,md_university_of_north_dakota_school_of_medicine_and_health_sciences_grand_forks_no,University of North Dakota School of Medicine and Health Sciences,0.667,review,below_safe_threshold,review candidate stats match
all_comparable_mcat_gpa_sources.csv,598,Pacific Northwest University,,,md_wake_forest_university_school_of_medicine_winston_salem_north_carolina,Wake Forest University School of Medicine,0.606,md_california_northstate_university_college_of_medicine_elk_grove_california,California Northstate University College of Medicine,0.597,no_match,low_match_score,review candidate stats match
all_comparable_mcat_gpa_sources.csv,599,Pennsylvania State University,,,md_wayne_state_university_school_of_medicine_detroit_michigan,Wayne State University School of Medicine,0.627,md_the_ohio_state_university_college_of_medicine_columbus_ohio,The Ohio State University College of Medicine,0.597,no_match,low_match_score,review candidate stats match
all_comparable_mcat_gpa_sources.csv,600,University of Pennsylvania,,,md_tulane_university_school_of_medicine_new_orleans_louisiana,Tulane University School of Medicine,0.607,md_stanford_university_school_of_medicine_palo_alto_california,Stanford University School of Medicine,0.586,no_match,low_match_score,review candidate stats match
all_comparable_mcat_gpa_sources.csv,604,University of Pittsburgh,,,md_university_of_pittsburgh_school_of_medicine_pittsburgh_pennsylvania,University of Pittsburgh School of Medicine,0.724,md_tufts_university_school_of_medicine_boston_massachusetts,Tufts University School of Medicine,0.566,no_match,low_match_score,review candidate stats match
all_comparable_mcat_gpa_sources.csv,605,Ponce Health Sciences University,,,md_oregon_health_and_science_university_school_of_medicine_portland_oregon,Oregon Health & Science University School of Medicine,0.725,md_suny_downstate_health_sciences_university_college_of_medicine_brooklyn_new_york,SUNY Downstate Health Sciences University College of Medicine,0.667,no_match,low_match_score,review candidate stats match
all_comparable_mcat_gpa_sources.csv,606,Quinnipiac University,,,md_indiana_university_school_of_medicine_indianapolis_indiana,Indiana University School of Medicine,0.582,md_duke_university_school_of_medicine_durham_north_carolina,Duke University School of Medicine,0.577,no_match,low_match_score,review candidate stats match
all_comparable_mcat_gpa_sources.csv,607,University of Rochester,,,md_the_university_of_texas_at_tyler_school_of_medicine_tyler_texas,The University of Texas at Tyler School of Medicine,0.621,md_university_of_colorado_school_of_medicine_denver_colorado,University of Colorado School of Medicine,0.618,no_match,low_match_score,review candidate stats match
all_comparable_mcat_gpa_sources.csv,608,Rocky Vista University,,,do_rvucom_rocky_vista_university_college_of_osteopathic_medicine_parker_colorado,Rocky Vista University College of Osteopathic Medicine,0.603,do_rvucom_su_campus_rocky_vista_university_college_of_osteopathic_medicine_ivins_ut,Rocky Vista University College of Osteopathic Medicine,0.603,no_match,low_match_score,review candidate stats match
all_comparable_mcat_gpa_sources.csv,609,Rocky Vista University (Montana),,,do_rvu_mcom_rocky_vista_university_montana_college_of_osteopathic_medicine_billings,Rocky Vista University – Montana College of Osteopathic Medicine,0.674,do_rvucom_rocky_vista_university_college_of_osteopathic_medicine_parker_colorado,Rocky Vista University College of Osteopathic Medicine,0.667,no_match,low_match_score,review candidate stats match
all_comparable_mcat_gpa_sources.csv,610,Rosalind Franklin University,,,md_roseman_university_college_of_medicine_las_vegas_nevada,Roseman University College of Medicine,0.635,md_university_of_maryland_school_of_medicine_baltimore_maryland,University of Maryland School of Medicine,0.603,no_match,low_match_score,review candidate stats match
all_comparable_mcat_gpa_sources.csv,612,Rowan-Virtua School of Osteopathic Medicine,,,do_rowan_virtuasom_rowan_virtua_school_of_osteopathic_medicine_stratford_new_jersey,Rowan-Virtua School of Osteopathic Medicine,1,do_rowan_virtuasom_sewell_rowan_virtua_school_of_osteopathic_medicine_sewell_new_je,Rowan-Virtua School of Osteopathic Medicine,1,review,ambiguous_match_gap,review candidate stats match
all_comparable_mcat_gpa_sources.csv,613,Rush University,,,md_duke_university_school_of_medicine_durham_north_carolina,Duke University School of Medicine,0.609,md_emory_university_school_of_medicine_atlanta_georgia,Emory University School of Medicine,0.596,no_match,low_match_score,review candidate stats match
all_comparable_mcat_gpa_sources.csv,614,Rutgers University (New Jersey),,,md_rutgers_new_jersey_medical_school_newark_new_jersey,Rutgers New Jersey Medical School,0.645,md_emory_university_school_of_medicine_atlanta_georgia,Emory University School of Medicine,0.623,no_match,low_match_score,review candidate stats match
all_comparable_mcat_gpa_sources.csv,615,Rutgers University (Robert Wood Johnson),,,md_rutgers_robert_wood_johnson_medical_school_piscataway_new_jersey,"Rutgers, Robert Wood Johnson Medical School",0.725,md_northwestern_university_feinberg_school_of_medicine_chicago_illinois,Northwestern University Feinberg School of Medicine,0.558,no_match,low_match_score,review candidate stats match
all_comparable_mcat_gpa_sources.csv,616,State University of New York Downstate Health Sciences University,,,md_suny_downstate_health_sciences_university_college_of_medicine_brooklyn_new_york,SUNY Downstate Health Sciences University College of Medicine,0.752,md_texas_tech_university_health_sciences_center_school_of_medicine_lubbock_texas,Texas Tech University Health Sciences Center School of Medicine,0.649,review,below_safe_threshold,review candidate stats match
all_comparable_mcat_gpa_sources.csv,617,State University of New York Upstate Medical University,,,md_state_university_of_new_york_upstate_medical_university_alan_and_marlene_norton_,State University of New York Upstate Medical University Alan and Marlene Norton College of Medicine,0.738,md_wayne_state_university_school_of_medicine_detroit_michigan,Wayne State University School of Medicine,0.684,no_match,low_match_score,review candidate stats match
all_comparable_mcat_gpa_sources.csv,618,Saint Louis University,,,md_saint_louis_university_school_of_medicine_st_louis_missouri,Saint Louis University School of Medicine,0.733,md_university_of_illinois_college_of_medicine_chicago_illinois,University of Illinois College of Medicine,0.621,no_match,low_match_score,review candidate stats match
all_comparable_mcat_gpa_sources.csv,619,Sam Houston State University,,,do_shsu_com_sam_houston_state_university_college_of_osteopathic_medicine_huntsville,Sam Houston State University College of Osteopathic Medicine,0.659,md_saint_louis_university_school_of_medicine_st_louis_missouri,Saint Louis University School of Medicine,0.606,no_match,low_match_score,review candidate stats match
all_comparable_mcat_gpa_sources.csv,620,San Juan Bautista School of Medicine,,,md_nyu_grossman_school_of_medicine_new_york_new_york,NYU Grossman School of Medicine,0.689,md_cuny_school_of_medicine_new_york_new_york,CUNY School of Medicine,0.679,no_match,low_match_score,review candidate stats match
all_comparable_mcat_gpa_sources.csv,621,University of South Alabama,,,md_university_of_maryland_school_of_medicine_baltimore_maryland,University of Maryland School of Medicine,0.61,md_university_of_minnesota_medical_school_minneapolis_minnesota,University of Minnesota Medical School,0.61,no_match,low_match_score,review candidate stats match
all_comparable_mcat_gpa_sources.csv,622,University of South Carolina,,,md_university_of_north_carolina_school_of_medicine_chapel_hill_north_carolina,University of North Carolina School of Medicine,0.697,md_medical_university_of_south_carolina_college_of_medicine_charleston_south_caroli,Medical University of South Carolina College of Medicine,0.667,no_match,low_match_score,review candidate stats match
all_comparable_mcat_gpa_sources.csv,623,University of South Carolina,,,md_university_of_north_carolina_school_of_medicine_chapel_hill_north_carolina,University of North Carolina School of Medicine,0.697,md_medical_university_of_south_carolina_college_of_medicine_charleston_south_caroli,Medical University of South Carolina College of Medicine,0.667,no_match,low_match_score,review candidate stats match
all_comparable_mcat_gpa_sources.csv,624,University of South Dakota,,,md_university_of_south_dakota_sanford_school_of_medicine_vermillion_south_dakota,University of South Dakota Sanford School of Medicine,0.657,md_university_of_minnesota_medical_school_minneapolis_minnesota,University of Minnesota Medical School,0.655,no_match,low_match_score,review candidate stats match
all_comparable_mcat_gpa_sources.csv,625,Southern Illinois University,,,md_southern_illinois_university_school_of_medicine_springfield_illinois,Southern Illinois University School of Medicine,0.778,md_university_of_illinois_college_of_medicine_chicago_illinois,University of Illinois College of Medicine,0.688,review,below_safe_threshold,review candidate stats match
all_comparable_mcat_gpa_sources.csv,626,Stanford University,,,md_stanford_university_school_of_medicine_palo_alto_california,Stanford University School of Medicine,0.704,md_tulane_university_school_of_medicine_new_orleans_louisiana,Tulane University School of Medicine,0.577,no_match,low_match_score,review candidate stats match
all_comparable_mcat_gpa_sources.csv,627,Stony Brook University,,,md_renaissance_school_of_medicine_at_stony_brook_university_stony_brook_new_york,Renaissance School of Medicine at Stony Brook University,0.611,md_stanford_university_school_of_medicine_palo_alto_california,Stanford University School of Medicine,0.596,no_match,low_match_score,review candidate stats match
all_comparable_mcat_gpa_sources.csv,628,Temple University,,,md_duke_university_school_of_medicine_durham_north_carolina,Duke University School of Medicine,0.583,md_emory_university_school_of_medicine_atlanta_georgia,Emory University School of Medicine,0.571,no_match,low_match_score,review candidate stats match
all_comparable_mcat_gpa_sources.csv,629,University of Tennessee,,,md_university_of_minnesota_medical_school_minneapolis_minnesota,University of Minnesota Medical School,0.618,md_tufts_university_school_of_medicine_boston_massachusetts,Tufts University School of Medicine,0.615,no_match,low_match_score,review candidate stats match
all_comparable_mcat_gpa_sources.csv,63,Western Michigan University School of Medicine,,,md_west_virginia_university_school_of_medicine_morgantown_west_virginia,West Virginia University School of Medicine,0.843,md_university_of_michigan_medical_school_ann_arbor_michigan,University of Michigan Medical School,0.831,review,ambiguous_match_gap,review candidate stats match
all_comparable_mcat_gpa_sources.csv,630,Texas A&M University,,,md_dell_medical_school_university_of_texas_at_austin_austin_texas,Dell Medical School – University of Texas at Austin,0.635,md_the_university_of_texas_at_tyler_school_of_medicine_tyler_texas,The University of Texas at Tyler School of Medicine,0.621,no_match,low_match_score,review candidate stats match
all_comparable_mcat_gpa_sources.csv,631,Texas Christian University,,,md_university_of_texas_southwestern_medical_school_dallas_texas,University of Texas Southwestern Medical School,0.629,md_dell_medical_school_university_of_texas_at_austin_austin_texas,Dell Medical School – University of Texas at Austin,0.609,no_match,low_match_score,review candidate stats match
all_comparable_mcat_gpa_sources.csv,632,Texas Tech University (Foster),,,md_dell_medical_school_university_of_texas_at_austin_austin_texas,Dell Medical School – University of Texas at Austin,0.676,md_university_of_texas_southwestern_medical_school_dallas_texas,University of Texas Southwestern Medical School,0.611,no_match,low_match_score,review candidate stats match
all_comparable_mcat_gpa_sources.csv,633,Texas Tech University (Lubbock),,,md_the_university_of_texas_at_tyler_school_of_medicine_tyler_texas,The University of Texas at Tyler School of Medicine,0.627,md_dell_medical_school_university_of_texas_at_austin_austin_texas,Dell Medical School – University of Texas at Austin,0.611,no_match,low_match_score,review candidate stats match
all_comparable_mcat_gpa_sources.csv,634,University of Toledo,,,md_duke_university_school_of_medicine_durham_north_carolina,Duke University School of Medicine,0.625,md_roseman_university_college_of_medicine_las_vegas_nevada,Roseman University College of Medicine,0.615,no_match,low_match_score,review candidate stats match
all_comparable_mcat_gpa_sources.csv,635,Touro University (California),,,md_university_of_california_davis_school_of_medicine_davis_california,"University of California, Davis School of Medicine",0.686,md_university_of_california_irvine_school_of_medicine_irvine_california,"University of California, Irvine School of Medicine",0.676,no_match,low_match_score,review candidate stats match
all_comparable_mcat_gpa_sources.csv,636,Touro University (Nevada),,,md_university_of_nevada_reno_school_of_medicine_reno_nevada,"University of Nevada, Reno School of Medicine",0.656,do_tuncom_touro_university_nevada_college_of_osteopathic_medicine_henderson_nevada,Touro University Nevada College of Osteopathic Medicine,0.613,no_match,low_match_score,review candidate stats match
all_comparable_mcat_gpa_sources.csv,637,Touro College of Osteopathic Medicine,,,do_tourocom_harlem_touro_college_of_osteopathic_medicine_new_york_new_york,Touro College of Osteopathic Medicine,1,do_tourocom_middletown_touro_college_of_osteopathic_medicine_middletown_new_york,Touro College of Osteopathic Medicine,1,review,ambiguous_match_gap,review candidate stats match
all_comparable_mcat_gpa_sources.csv,638,Tufts University,,,md_tufts_university_school_of_medicine_boston_massachusetts,Tufts University School of Medicine,0.667,md_university_of_connecticut_school_of_medicine_farmington_connecticut,University of Connecticut School of Medicine,0.556,no_match,low_match_score,review candidate stats match
all_comparable_mcat_gpa_sources.csv,639,Tulane University,,,md_tulane_university_school_of_medicine_new_orleans_louisiana,Tulane University School of Medicine,0.68,md_howard_university_college_of_medicine_washington_district_of_columbia,Howard University College of Medicine,0.588,no_match,low_match_score,review candidate stats match
all_comparable_mcat_gpa_sources.csv,64,Mayo Medical School,,,md_harvard_medical_school_boston_massachusetts,Harvard Medical School,0.78,md_cuny_school_of_medicine_new_york_new_york,CUNY School of Medicine,0.718,review,below_safe_threshold,review candidate stats match
all_comparable_mcat_gpa_sources.csv,640,Uniformed Services University,,,md_stanford_university_school_of_medicine_palo_alto_california,Stanford University School of Medicine,0.688,md_university_of_florida_college_of_medicine_gainesville_florida,University of Florida College of Medicine,0.625,no_match,low_match_score,review candidate stats match
all_comparable_mcat_gpa_sources.csv,641,University of California (Davis),,,md_university_of_california_davis_school_of_medicine_davis_california,"University of California, Davis School of Medicine",0.771,md_university_of_california_irvine_school_of_medicine_irvine_california,"University of California, Irvine School of Medicine",0.704,review,below_safe_threshold,review candidate stats match
all_comparable_mcat_gpa_sources.csv,642,University of California (Irvine),,,md_university_of_california_irvine_school_of_medicine_irvine_california,"University of California, Irvine School of Medicine",0.778,md_university_of_california_davis_school_of_medicine_davis_california,"University of California, Davis School of Medicine",0.732,review,below_safe_threshold,review candidate stats match
all_comparable_mcat_gpa_sources.csv,643,University of California (Los Angeles),,,md_university_of_california_san_diego_school_of_medicine_san_diego_california,"University of California, San Diego School of Medicine",0.7,md_university_of_california_davis_school_of_medicine_davis_california,"University of California, Davis School of Medicine",0.684,no_match,low_match_score,review candidate stats match
all_comparable_mcat_gpa_sources.csv,644,University of California (Riverside),,,md_university_of_california_riverside_school_of_medicine_riverside_california,"University of California, Riverside School of Medicine",0.795,md_university_of_california_irvine_school_of_medicine_irvine_california,"University of California, Irvine School of Medicine",0.747,review,below_safe_threshold,review candidate stats match
all_comparable_mcat_gpa_sources.csv,645,University of California (San Diego),,,md_university_of_california_san_diego_school_of_medicine_san_diego_california,"University of California, San Diego School of Medicine",0.795,md_california_university_of_science_and_medicine_school_of_medicine_colton_californ,California University of Science and Medicine - School of Medicine,0.737,review,below_safe_threshold,review candidate stats match
all_comparable_mcat_gpa_sources.csv,646,University of California (San Francisco),,,md_university_of_california_san_francisco_school_of_medicine_san_francisco_californ,"University of California, San Francisco School of Medicine",0.814,md_university_of_california_irvine_school_of_medicine_irvine_california,"University of California, Irvine School of Medicine",0.734,review,below_safe_threshold,review candidate stats match
all_comparable_mcat_gpa_sources.csv,647,University of Central Florida,,,md_university_of_central_florida_college_of_medicine_orlando_florida,University of Central Florida College of Medicine,0.754,md_university_of_florida_college_of_medicine_gainesville_florida,University of Florida College of Medicine,0.689,review,below_safe_threshold,review candidate stats match
all_comparable_mcat_gpa_sources.csv,648,University of Nevada Las Vegas,,,md_university_of_nevada_reno_school_of_medicine_reno_nevada,"University of Nevada, Reno School of Medicine",0.646,md_university_of_nebraska_college_of_medicine_omaha_nebraska,University of Nebraska College of Medicine,0.603,no_match,low_match_score,review candidate stats match
all_comparable_mcat_gpa_sources.csv,649,University of South Florida,,,md_florida_state_university_college_of_medicine_tallahassee_florida,Florida State University College of Medicine,0.646,md_university_of_florida_college_of_medicine_gainesville_florida,University of Florida College of Medicine,0.644,no_match,low_match_score,review candidate stats match
all_comparable_mcat_gpa_sources.csv,65,University of Minnesota Medical School - Twin Cities,,,md_university_of_minnesota_medical_school_minneapolis_minnesota,University of Minnesota Medical School,0.854,md_southern_illinois_university_school_of_medicine_springfield_illinois,Southern Illinois University School of Medicine,0.725,review,below_safe_threshold,review candidate stats match
all_comparable_mcat_gpa_sources.csv,650,University of Southern California,,,md_keck_school_of_medicine_of_the_university_of_southern_california_los_angeles_cal,Keck School of Medicine of the University of Southern California,0.741,md_california_university_of_science_and_medicine_school_of_medicine_colton_californ,California University of Science and Medicine - School of Medicine,0.693,no_match,low_match_score,review candidate stats match
all_comparable_mcat_gpa_sources.csv,651,University of Texas (Austin),,,md_dell_medical_school_university_of_texas_at_austin_austin_texas,Dell Medical School – University of Texas at Austin,0.697,md_university_of_texas_southwestern_medical_school_dallas_texas,University of Texas Southwestern Medical School,0.657,no_match,low_match_score,review candidate stats match
all_comparable_mcat_gpa_sources.csv,652,University of Texas (Houston),,,md_the_university_of_texas_at_tyler_school_of_medicine_tyler_texas,The University of Texas at Tyler School of Medicine,0.677,md_university_of_texas_southwestern_medical_school_dallas_texas,University of Texas Southwestern Medical School,0.676,no_match,low_match_score,review candidate stats match
all_comparable_mcat_gpa_sources.csv,653,University of Texas (Medical Branch),,,md_dell_medical_school_university_of_texas_at_austin_austin_texas,Dell Medical School – University of Texas at Austin,0.73,md_university_of_minnesota_medical_school_minneapolis_minnesota,University of Minnesota Medical School,0.727,no_match,low_match_score,review candidate stats match
all_comparable_mcat_gpa_sources.csv,654,University of Texas (Rio Grande),,,md_university_of_texas_rio_grande_valley_school_of_medicine_edinburg_texas,University of Texas Rio Grande Valley School of Medicine,0.701,md_dell_medical_school_university_of_texas_at_austin_austin_texas,Dell Medical School – University of Texas at Austin,0.686,no_match,low_match_score,review candidate stats match
all_comparable_mcat_gpa_sources.csv,655,University of Texas (San Antonio),,,md_university_of_texas_southwestern_medical_school_dallas_texas,University of Texas Southwestern Medical School,0.639,md_dell_medical_school_university_of_texas_at_austin_austin_texas,Dell Medical School – University of Texas at Austin,0.62,no_match,low_match_score,review candidate stats match
all_comparable_mcat_gpa_sources.csv,656,University of Texas (Southwestern),,,md_university_of_texas_southwestern_medical_school_dallas_texas,University of Texas Southwestern Medical School,0.795,md_the_university_of_texas_at_tyler_school_of_medicine_tyler_texas,The University of Texas at Tyler School of Medicine,0.627,review,below_safe_threshold,review candidate stats match
all_comparable_mcat_gpa_sources.csv,657,University of Utah,,,md_university_of_minnesota_medical_school_minneapolis_minnesota,University of Minnesota Medical School,0.56,md_university_of_kansas_school_of_medicine_kansas_city_kansas,University of Kansas School of Medicine,0.542,no_match,low_match_score,review candidate stats match
all_comparable_mcat_gpa_sources.csv,658,Vanderbilt University,,,md_vanderbilt_university_school_of_medicine_nashville_tennessee,Vanderbilt University School of Medicine,0.724,md_tulane_university_school_of_medicine_new_orleans_louisiana,Tulane University School of Medicine,0.519,no_match,low_match_score,review candidate stats match
all_comparable_mcat_gpa_sources.csv,659,University of Vermont,,,md_university_of_georgia_school_of_medicine_athens_georgia,University of Georgia School of Medicine,0.577,md_university_of_nebraska_college_of_medicine_omaha_nebraska,University of Nebraska College of Medicine,0.556,no_match,low_match_score,review candidate stats match
all_comparable_mcat_gpa_sources.csv,66,University of Minnesota Medical School - Duluth,,,md_university_of_minnesota_medical_school_minneapolis_minnesota,University of Minnesota Medical School,0.909,md_duke_university_school_of_medicine_durham_north_carolina,Duke University School of Medicine,0.795,review,below_safe_threshold,review candidate stats match
all_comparable_mcat_gpa_sources.csv,660,University of Virginia,,,md_university_of_virginia_school_of_medicine_charlottesville_virginia,University of Virginia School of Medicine,0.704,md_west_virginia_university_school_of_medicine_morgantown_west_virginia,West Virginia University School of Medicine,0.644,no_match,low_match_score,review candidate stats match
all_comparable_mcat_gpa_sources.csv,661,Virginia Commonwealth University,,,md_virginia_commonwealth_university_school_of_medicine_richmond_virginia,Virginia Commonwealth University School of Medicine,0.8,md_university_of_virginia_school_of_medicine_charlottesville_virginia,University of Virginia School of Medicine,0.716,review,below_safe_threshold,review candidate stats match
all_comparable_mcat_gpa_sources.csv,662,Virginia Tech,,,md_virginia_tech_carilion_school_of_medicine_roanoke_virginia,Virginia Tech Carilion School of Medicine,0.51,md_university_of_virginia_school_of_medicine_charlottesville_virginia,University of Virginia School of Medicine,0.5,no_match,low_match_score,review candidate stats match
all_comparable_mcat_gpa_sources.csv,663,Wake Forest University,,,md_wake_forest_university_school_of_medicine_winston_salem_north_carolina,Wake Forest University School of Medicine,0.733,md_wayne_state_university_school_of_medicine_detroit_michigan,Wayne State University School of Medicine,0.6,no_match,low_match_score,review candidate stats match
all_comparable_mcat_gpa_sources.csv,664,University of Washington,,,md_university_of_washington_school_of_medicine_seattle_washington,University of Washington School of Medicine,0.724,md_washington_university_in_st_louis_school_of_medicine_st_louis_missouri,Washington University in St. Louis School of Medicine,0.6,no_match,low_match_score,review candidate stats match
all_comparable_mcat_gpa_sources.csv,665,Washington State University,,,md_university_of_washington_school_of_medicine_seattle_washington,University of Washington School of Medicine,0.719,md_washington_state_university_elson_s_floyd_college_of_medicine_spokane_washington,Washington State University Elson S. Floyd College of Medicine,0.635,no_match,low_match_score,review candidate stats match
all_comparable_mcat_gpa_sources.csv,666,Washington University Saint Louis,,,md_washington_university_in_st_louis_school_of_medicine_st_louis_missouri,Washington University in St. Louis School of Medicine,0.756,md_university_of_washington_school_of_medicine_seattle_washington,University of Washington School of Medicine,0.714,review,below_safe_threshold,review candidate stats match
all_comparable_mcat_gpa_sources.csv,667,Wayne State University,,,md_wayne_state_university_school_of_medicine_detroit_michigan,Wayne State University School of Medicine,0.733,md_wake_forest_university_school_of_medicine_winston_salem_north_carolina,Wake Forest University School of Medicine,0.6,no_match,low_match_score,review candidate stats match
all_comparable_mcat_gpa_sources.csv,668,West Virginia University,,,md_west_virginia_university_school_of_medicine_morgantown_west_virginia,West Virginia University School of Medicine,0.75,md_university_of_virginia_school_of_medicine_charlottesville_virginia,University of Virginia School of Medicine,0.644,review,below_safe_threshold,review candidate stats match
all_comparable_mcat_gpa_sources.csv,670,Western Michigan University,,,md_university_of_washington_school_of_medicine_seattle_washington,University of Washington School of Medicine,0.625,md_university_of_michigan_medical_school_ann_arbor_michigan,University of Michigan Medical School,0.623,no_match,low_match_score,review candidate stats match
all_comparable_mcat_gpa_sources.csv,671,Western University of Health Sciences,,,md_george_washington_university_school_of_medicine_and_health_sciences_washington_d,George Washington University School of Medicine and Health Sciences,0.66,do_westernu_comp_western_university_of_health_sciences_college_of_osteopathic_medic,Western University of Health Sciences College of Osteopathic Medicine of the Pacific,0.648,no_match,low_match_score,review candidate stats match
all_comparable_mcat_gpa_sources.csv,672,Western University of Health Sciences,,,md_george_washington_university_school_of_medicine_and_health_sciences_washington_d,George Washington University School of Medicine and Health Sciences,0.66,do_westernu_comp_western_university_of_health_sciences_college_of_osteopathic_medic,Western University of Health Sciences College of Osteopathic Medicine of the Pacific,0.648,no_match,low_match_score,review candidate stats match
all_comparable_mcat_gpa_sources.csv,673,William Carey University,,,do_wcucom_william_carey_university_college_of_osteopathic_medicine_hattiesburg_miss,William Carey University College of Osteopathic Medicine,0.623,md_university_of_virginia_school_of_medicine_charlottesville_virginia,University of Virginia School of Medicine,0.576,no_match,low_match_score,review candidate stats match
all_comparable_mcat_gpa_sources.csv,674,University of Wisconsin,,,md_university_of_new_mexico_school_of_medicine_albuquerque_new_mexico,University of New Mexico School of Medicine,0.632,md_university_of_washington_school_of_medicine_seattle_washington,University of Washington School of Medicine,0.632,no_match,low_match_score,review candidate stats match
all_comparable_mcat_gpa_sources.csv,675,Wright State University,,,md_boonshoft_school_of_medicine_wright_state_university_dayton_ohio,Boonshoft School of Medicine Wright State University,0.639,md_florida_state_university_college_of_medicine_tallahassee_florida,Florida State University College of Medicine,0.594,no_match,low_match_score,review candidate stats match
all_comparable_mcat_gpa_sources.csv,7,Drew/UCLA Joint Medical Program Drew University of Medicine and Science,,,md_university_of_texas_medical_branch_john_sealy_school_of_medicine_galveston_texas,University of Texas Medical Branch John Sealy School of Medicine,0.684,md_university_of_arkansas_for_medical_sciences_college_of_medicine_little_rock_arka,University of Arkansas for Medical Sciences College of Medicine,0.679,no_match,low_match_score,review candidate stats match
all_comparable_mcat_gpa_sources.csv,81,Albert Einstein College of Medicine of Yeshiva University,,,md_albert_einstein_college_of_medicine_new_york_new_york,Albert Einstein College of Medicine,0.771,md_university_of_illinois_college_of_medicine_chicago_illinois,University of Illinois College of Medicine,0.713,review,below_safe_threshold,review candidate stats match
all_comparable_mcat_gpa_sources.csv,83,Hofstra Northwell School of Medicine,,,md_donald_and_barbara_zucker_school_of_medicine_at_hofstra_northwell_hempstead_new_,Donald and Barbara Zucker School of Medicine at Hofstra/Northwell,0.75,md_morehouse_school_of_medicine_atlanta_georgia,Morehouse School of Medicine,0.69,review,below_safe_threshold,review candidate stats match
all_comparable_mcat_gpa_sources.csv,86,New York University School of Medicine,,,md_emory_university_school_of_medicine_atlanta_georgia,Emory University School of Medicine,0.896,md_stanford_university_school_of_medicine_palo_alto_california,Stanford University School of Medicine,0.857,review,below_safe_threshold,review candidate stats match
all_comparable_mcat_gpa_sources.csv,87,SUNY - Downstate Medical Center College of Medicine,,,md_suny_downstate_health_sciences_university_college_of_medicine_brooklyn_new_york,SUNY Downstate Health Sciences University College of Medicine,0.788,md_university_of_arkansas_for_medical_sciences_college_of_medicine_little_rock_arka,University of Arkansas for Medical Sciences College of Medicine,0.707,review,below_safe_threshold,review candidate stats match
all_comparable_mcat_gpa_sources.csv,89,SUNY - Upstate Medical University,,,md_wayne_state_university_school_of_medicine_detroit_michigan,Wayne State University School of Medicine,0.638,md_tulane_university_school_of_medicine_new_orleans_louisiana,Tulane University School of Medicine,0.625,no_match,low_match_score,review candidate stats match
all_comparable_mcat_gpa_sources.csv,90,Stony Brook University School of Medicine,,,md_renaissance_school_of_medicine_at_stony_brook_university_stony_brook_new_york,Renaissance School of Medicine at Stony Brook University,0.864,md_stanford_university_school_of_medicine_palo_alto_california,Stanford University School of Medicine,0.849,review,ambiguous_match_gap,review candidate stats match
all_comparable_mcat_gpa_sources.csv,92,Weill Cornell Medical College,,,md_weill_cornell_medicine_new_york_new_york,Weill Cornell Medicine,0.784,md_new_york_medical_college_valhalla_new_york,New York Medical College,0.755,review,ambiguous_match_gap,review candidate stats match
all_comparable_mcat_gpa_sources.csv,95,University of North Carolina at Chapel Hill School of Medicine,,,md_university_of_north_carolina_school_of_medicine_chapel_hill_north_carolina,University of North Carolina School of Medicine,0.872,md_university_of_south_carolina_school_of_medicine_greenville_greenville_south_caro,"University of South Carolina School of Medicine, Greenville",0.762,review,below_safe_threshold,review candidate stats match
all_comparable_mcat_gpa_sources.csv,96,Wake Forest School of Medicine,,,md_wake_forest_university_school_of_medicine_winston_salem_north_carolina,Wake Forest University School of Medicine,0.831,md_morehouse_school_of_medicine_atlanta_georgia,Morehouse School of Medicine,0.769,review,below_safe_threshold,review candidate stats match
all_comparable_mcat_gpa_sources.csv,99,Northeast Ohio Medical University,,,md_northeast_ohio_medical_university_college_of_medicine_rootstown_ohio,Northeast Ohio Medical University College of Medicine,0.795,md_university_of_minnesota_medical_school_minneapolis_minnesota,University of Minnesota Medical School,0.735,review,below_safe_threshold,review candidate stats match
cycletrack_lor_links.csv,1,University of Alabama at Birmingham,,MD,md_university_of_alabama_at_birmingham_marnix_e_heersink_school_of_medicine_birming,University of Alabama at Birmingham Marnix E. Heersink School of Medicine,0.63,md_loma_linda_university_school_of_medicine_loma_linda_california,Loma Linda University School of Medicine,0.606,no_match,low_match_score,review LOR link match
cycletrack_lor_links.csv,10,University of Arizona (Phoenix),,MD,md_university_of_arizona_college_of_medicine_phoenix_phoenix_arizona,University of Arizona College of Medicine - Phoenix,0.754,md_university_of_virginia_school_of_medicine_charlottesville_virginia,University of Virginia School of Medicine,0.656,review,below_safe_threshold,review LOR link match
cycletrack_lor_links.csv,101,Howard University,,MD,md_howard_university_college_of_medicine_washington_district_of_columbia,Howard University College of Medicine,0.667,md_stanford_university_school_of_medicine_palo_alto_california,Stanford University School of Medicine,0.615,no_match,low_match_score,review LOR link match
cycletrack_lor_links.csv,103,University of Illinois,,MD,md_university_of_illinois_college_of_medicine_chicago_illinois,University of Illinois College of Medicine,0.691,md_the_ohio_state_university_college_of_medicine_columbus_ohio,The Ohio State University College of Medicine,0.632,no_match,low_match_score,review LOR link match
cycletrack_lor_links.csv,105,Indiana University,,MD,md_indiana_university_school_of_medicine_indianapolis_indiana,Indiana University School of Medicine,0.692,md_university_of_illinois_college_of_medicine_chicago_illinois,University of Illinois College of Medicine,0.593,no_match,low_match_score,review LOR link match
cycletrack_lor_links.csv,106,Indiana University,,MD,md_indiana_university_school_of_medicine_indianapolis_indiana,Indiana University School of Medicine,0.692,md_university_of_illinois_college_of_medicine_chicago_illinois,University of Illinois College of Medicine,0.593,no_match,low_match_score,review LOR link match
cycletrack_lor_links.csv,107,University of Iowa,,MD,md_tulane_university_school_of_medicine_new_orleans_louisiana,Tulane University School of Medicine,0.583,md_howard_university_college_of_medicine_washington_district_of_columbia,Howard University College of Medicine,0.571,no_match,low_match_score,review LOR link match
cycletrack_lor_links.csv,108,University of Iowa,,MD,md_tulane_university_school_of_medicine_new_orleans_louisiana,Tulane University School of Medicine,0.583,md_howard_university_college_of_medicine_washington_district_of_columbia,Howard University College of Medicine,0.571,no_match,low_match_score,review LOR link match
cycletrack_lor_links.csv,109,Thomas Jefferson University,,MD,md_sidney_kimmel_medical_college_at_thomas_jefferson_university_philadelphia_pennsy,Sidney Kimmel Medical College at Thomas Jefferson University,0.643,md_tufts_university_school_of_medicine_boston_massachusetts,Tufts University School of Medicine,0.61,no_match,low_match_score,review LOR link match
cycletrack_lor_links.csv,11,University of Arizona (Tucson),,MD,md_university_of_arizona_college_of_medicine_tucson_tucson_arizona,University of Arizona College of Medicine - Tucson,0.746,md_university_of_arizona_college_of_medicine_phoenix_phoenix_arizona,University of Arizona College of Medicine - Phoenix,0.647,no_match,low_match_score,review LOR link match
cycletrack_lor_links.csv,111,Johns Hopkins University,,MD,md_johns_hopkins_university_school_of_medicine_baltimore_maryland,Johns Hopkins University School of Medicine,0.75,md_the_ohio_state_university_college_of_medicine_columbus_ohio,The Ohio State University College of Medicine,0.581,review,below_safe_threshold,review LOR link match
cycletrack_lor_links.csv,112,Johns Hopkins University,,MD,md_johns_hopkins_university_school_of_medicine_baltimore_maryland,Johns Hopkins University School of Medicine,0.75,md_the_ohio_state_university_college_of_medicine_columbus_ohio,The Ohio State University College of Medicine,0.581,review,below_safe_threshold,review LOR link match
cycletrack_lor_links.csv,113,Kaiser Permanente,,MD,md_kaiser_permanente_bernard_j_tyson_school_of_medicine_pasadena_california,Kaiser Permanente Bernard J. Tyson School of Medicine,0.515,md_kirk_kerkorian_school_of_medicine_at_unlv_las_vegas_nevada,Kirk Kerkorian School of Medicine at UNLV,0.385,no_match,low_match_score,review LOR link match
cycletrack_lor_links.csv,114,Kaiser Permanente,,MD,md_kaiser_permanente_bernard_j_tyson_school_of_medicine_pasadena_california,Kaiser Permanente Bernard J. Tyson School of Medicine,0.515,md_kirk_kerkorian_school_of_medicine_at_unlv_las_vegas_nevada,Kirk Kerkorian School of Medicine at UNLV,0.385,no_match,low_match_score,review LOR link match
cycletrack_lor_links.csv,115,University of Kansas,,MD,md_university_of_kansas_school_of_medicine_kansas_city_kansas,University of Kansas School of Medicine,0.68,md_university_of_minnesota_medical_school_minneapolis_minnesota,University of Minnesota Medical School,0.615,no_match,low_match_score,review LOR link match
cycletrack_lor_links.csv,116,University of Kansas,,MD,md_university_of_kansas_school_of_medicine_kansas_city_kansas,University of Kansas School of Medicine,0.68,md_university_of_minnesota_medical_school_minneapolis_minnesota,University of Minnesota Medical School,0.615,no_match,low_match_score,review LOR link match
cycletrack_lor_links.csv,117,University of Kentucky,,MD,md_university_of_kentucky_college_of_medicine_lexington_kentucky,University of Kentucky College of Medicine,0.691,md_duke_university_school_of_medicine_durham_north_carolina,Duke University School of Medicine,0.6,no_match,low_match_score,review LOR link match
cycletrack_lor_links.csv,118,University of Kentucky,,MD,md_university_of_kentucky_college_of_medicine_lexington_kentucky,University of Kentucky College of Medicine,0.691,md_duke_university_school_of_medicine_durham_north_carolina,Duke University School of Medicine,0.6,no_match,low_match_score,review LOR link match
cycletrack_lor_links.csv,119,Louisiana State University (New Orleans),,MD,md_louisiana_state_university_school_of_medicine_in_shreveport_shreveport_louisiana,Louisiana State University School of Medicine in Shreveport,0.681,md_the_ohio_state_university_college_of_medicine_columbus_ohio,The Ohio State University College of Medicine,0.632,no_match,low_match_score,review LOR link match
cycletrack_lor_links.csv,12,University of Arizona (Tucson),,MD,md_university_of_arizona_college_of_medicine_tucson_tucson_arizona,University of Arizona College of Medicine - Tucson,0.746,md_university_of_arizona_college_of_medicine_phoenix_phoenix_arizona,University of Arizona College of Medicine - Phoenix,0.647,no_match,low_match_score,review LOR link match
cycletrack_lor_links.csv,121,Louisiana State University (Shreveport),,MD,md_louisiana_state_university_school_of_medicine_in_shreveport_shreveport_louisiana,Louisiana State University School of Medicine in Shreveport,0.796,md_wayne_state_university_school_of_medicine_detroit_michigan,Wayne State University School of Medicine,0.64,review,below_safe_threshold,review LOR link match
cycletrack_lor_links.csv,123,Loma Linda University,,MD,md_loma_linda_university_school_of_medicine_loma_linda_california,Loma Linda University School of Medicine,0.724,md_roseman_university_college_of_medicine_las_vegas_nevada,Roseman University College of Medicine,0.643,no_match,low_match_score,review LOR link match
cycletrack_lor_links.csv,124,Loma Linda University,,MD,md_loma_linda_university_school_of_medicine_loma_linda_california,Loma Linda University School of Medicine,0.724,md_roseman_university_college_of_medicine_las_vegas_nevada,Roseman University College of Medicine,0.643,no_match,low_match_score,review LOR link match
cycletrack_lor_links.csv,125,University of Louisville,,MD,md_university_of_louisville_school_of_medicine_louisville_kentucky,University of Louisville School of Medicine,0.724,md_saint_louis_university_school_of_medicine_st_louis_missouri,Saint Louis University School of Medicine,0.61,no_match,low_match_score,review LOR link match
cycletrack_lor_links.csv,126,University of Louisville,,MD,md_university_of_louisville_school_of_medicine_louisville_kentucky,University of Louisville School of Medicine,0.724,md_saint_louis_university_school_of_medicine_st_louis_missouri,Saint Louis University School of Medicine,0.61,no_match,low_match_score,review LOR link match
cycletrack_lor_links.csv,127,Loyola University,,MD,md_emory_university_school_of_medicine_atlanta_georgia,Emory University School of Medicine,0.612,md_tulane_university_school_of_medicine_new_orleans_louisiana,Tulane University School of Medicine,0.6,no_match,low_match_score,review LOR link match
cycletrack_lor_links.csv,128,Loyola University,,MD,md_emory_university_school_of_medicine_atlanta_georgia,Emory University School of Medicine,0.612,md_tulane_university_school_of_medicine_new_orleans_louisiana,Tulane University School of Medicine,0.6,no_match,low_match_score,review LOR link match
cycletrack_lor_links.csv,129,Marshall University,,MD,md_university_of_maryland_school_of_medicine_baltimore_maryland,University of Maryland School of Medicine,0.63,md_emory_university_school_of_medicine_atlanta_georgia,Emory University School of Medicine,0.627,no_match,low_match_score,review LOR link match
cycletrack_lor_links.csv,13,Arizona State University,,MD,md_tulane_university_school_of_medicine_new_orleans_louisiana,Tulane University School of Medicine,0.632,md_florida_state_university_college_of_medicine_tallahassee_florida,Florida State University College of Medicine,0.615,no_match,low_match_score,review LOR link match
cycletrack_lor_links.csv,131,University of Maryland,,MD,md_university_of_maryland_school_of_medicine_baltimore_maryland,University of Maryland School of Medicine,0.704,md_university_of_michigan_medical_school_ann_arbor_michigan,University of Michigan Medical School,0.604,no_match,low_match_score,review LOR link match
cycletrack_lor_links.csv,132,University of Maryland,,MD,md_university_of_maryland_school_of_medicine_baltimore_maryland,University of Maryland School of Medicine,0.704,md_university_of_michigan_medical_school_ann_arbor_michigan,University of Michigan Medical School,0.604,no_match,low_match_score,review LOR link match
cycletrack_lor_links.csv,133,University of Massachusetts,,MD,md_university_of_massachusetts_t_h_chan_school_of_medicine_worcester_massachusetts,University of Massachusetts T.H. Chan School of Medicine,0.658,md_tufts_university_school_of_medicine_boston_massachusetts,Tufts University School of Medicine,0.643,no_match,low_match_score,review LOR link match
cycletrack_lor_links.csv,134,University of Massachusetts,,MD,md_university_of_massachusetts_t_h_chan_school_of_medicine_worcester_massachusetts,University of Massachusetts T.H. Chan School of Medicine,0.658,md_tufts_university_school_of_medicine_boston_massachusetts,Tufts University School of Medicine,0.643,no_match,low_match_score,review LOR link match
cycletrack_lor_links.csv,135,Mayo Clinic,,MD,md_mayo_clinic_alix_school_of_medicine_rochester_minnesota,Mayo Clinic Alix School of Medicine,0.512,md_baylor_college_of_medicine_school_of_medicine_houston_texas,Baylor College of Medicine School of Medicine,0.4,no_match,low_match_score,review LOR link match
cycletrack_lor_links.csv,136,Mayo Clinic,,MD,md_mayo_clinic_alix_school_of_medicine_rochester_minnesota,Mayo Clinic Alix School of Medicine,0.512,md_baylor_college_of_medicine_school_of_medicine_houston_texas,Baylor College of Medicine School of Medicine,0.4,no_match,low_match_score,review LOR link match
cycletrack_lor_links.csv,137,Medical College of Georgia,,MD,md_medical_college_of_wisconsin_milwaukee_wisconsin,Medical College of Wisconsin,0.75,md_medical_college_of_georgia_at_augusta_university_augusta_georgia,Medical College of Georgia at Augusta University,0.708,review,below_safe_threshold,review LOR link match
cycletrack_lor_links.csv,138,Medical College of Georgia,,MD,md_medical_college_of_wisconsin_milwaukee_wisconsin,Medical College of Wisconsin,0.75,md_medical_college_of_georgia_at_augusta_university_augusta_georgia,Medical College of Georgia at Augusta University,0.708,review,below_safe_threshold,review LOR link match
cycletrack_lor_links.csv,141,Medical University of South Carolina,,MD,md_medical_university_of_south_carolina_college_of_medicine_charleston_south_caroli,Medical University of South Carolina College of Medicine,0.795,md_university_of_north_carolina_school_of_medicine_chapel_hill_north_carolina,University of North Carolina School of Medicine,0.757,review,below_safe_threshold,review LOR link match
cycletrack_lor_links.csv,142,Medical University of South Carolina,,MD,md_medical_university_of_south_carolina_college_of_medicine_charleston_south_caroli,Medical University of South Carolina College of Medicine,0.795,md_university_of_north_carolina_school_of_medicine_chapel_hill_north_carolina,University of North Carolina School of Medicine,0.757,review,below_safe_threshold,review LOR link match
cycletrack_lor_links.csv,143,Meharry Medical College,,MD,md_albany_medical_college_albany_new_york,Albany Medical College,0.8,md_new_york_medical_college_valhalla_new_york,New York Medical College,0.766,review,below_safe_threshold,review LOR link match
cycletrack_lor_links.csv,145,Mercer University,,MD,md_mercer_university_school_of_medicine_macon_georgia,Mercer University School of Medicine,0.68,md_duke_university_school_of_medicine_durham_north_carolina,Duke University School of Medicine,0.625,no_match,low_match_score,review LOR link match
cycletrack_lor_links.csv,147,Methodist University,,MD,md_stanford_university_school_of_medicine_palo_alto_california,Stanford University School of Medicine,0.618,md_tufts_university_school_of_medicine_boston_massachusetts,Tufts University School of Medicine,0.615,no_match,low_match_score,review LOR link match
cycletrack_lor_links.csv,149,University of Miami,,MD,md_university_of_michigan_medical_school_ann_arbor_michigan,University of Michigan Medical School,0.64,md_university_of_minnesota_medical_school_minneapolis_minnesota,University of Minnesota Medical School,0.627,no_match,low_match_score,review LOR link match
cycletrack_lor_links.csv,150,University of Miami,,MD,md_university_of_michigan_medical_school_ann_arbor_michigan,University of Michigan Medical School,0.64,md_university_of_minnesota_medical_school_minneapolis_minnesota,University of Minnesota Medical School,0.627,no_match,low_match_score,review LOR link match
cycletrack_lor_links.csv,151,University of Michigan,,MD,md_university_of_michigan_medical_school_ann_arbor_michigan,University of Michigan Medical School,0.717,md_tulane_university_school_of_medicine_new_orleans_louisiana,Tulane University School of Medicine,0.654,no_match,low_match_score,review LOR link match
cycletrack_lor_links.csv,152,University of Michigan,,MD,md_university_of_michigan_medical_school_ann_arbor_michigan,University of Michigan Medical School,0.717,md_tulane_university_school_of_medicine_new_orleans_louisiana,Tulane University School of Medicine,0.654,no_match,low_match_score,review LOR link match
cycletrack_lor_links.csv,153,Michigan State University,,MD,md_university_of_michigan_medical_school_ann_arbor_michigan,University of Michigan Medical School,0.712,md_tufts_university_school_of_medicine_boston_massachusetts,Tufts University School of Medicine,0.702,no_match,low_match_score,review LOR link match
cycletrack_lor_links.csv,154,Michigan State University,,MD,md_university_of_michigan_medical_school_ann_arbor_michigan,University of Michigan Medical School,0.712,md_tufts_university_school_of_medicine_boston_massachusetts,Tufts University School of Medicine,0.702,no_match,low_match_score,review LOR link match
cycletrack_lor_links.csv,155,University of Minnesota,,MD,md_university_of_minnesota_medical_school_minneapolis_minnesota,University of Minnesota Medical School,0.727,md_tufts_university_school_of_medicine_boston_massachusetts,Tufts University School of Medicine,0.692,no_match,low_match_score,review LOR link match
cycletrack_lor_links.csv,156,University of Minnesota,,MD,md_university_of_minnesota_medical_school_minneapolis_minnesota,University of Minnesota Medical School,0.727,md_tufts_university_school_of_medicine_boston_massachusetts,Tufts University School of Medicine,0.692,no_match,low_match_score,review LOR link match
cycletrack_lor_links.csv,157,University of Mississippi,,MD,md_university_of_mississippi_school_of_medicine_jackson_mississippi,University of Mississippi School of Medicine,0.733,md_university_of_missouri_kansas_city_school_of_medicine_kansas_city_missouri,University of Missouri-Kansas City School of Medicine,0.58,no_match,low_match_score,review LOR link match
cycletrack_lor_links.csv,158,University of Mississippi,,MD,md_university_of_mississippi_school_of_medicine_jackson_mississippi,University of Mississippi School of Medicine,0.733,md_university_of_missouri_kansas_city_school_of_medicine_kansas_city_missouri,University of Missouri-Kansas City School of Medicine,0.58,no_match,low_match_score,review LOR link match
cycletrack_lor_links.csv,159,University of Missouri (Columbia),,MD,md_university_of_missouri_columbia_school_of_medicine_columbia_missouri,University of Missouri-Columbia School of Medicine,0.778,md_university_of_mississippi_school_of_medicine_jackson_mississippi,University of Mississippi School of Medicine,0.667,review,below_safe_threshold,review LOR link match
cycletrack_lor_links.csv,161,University of Missouri (Kansas City),,MD,md_university_of_missouri_kansas_city_school_of_medicine_kansas_city_missouri,University of Missouri-Kansas City School of Medicine,0.795,md_university_of_kansas_school_of_medicine_kansas_city_kansas,University of Kansas School of Medicine,0.688,review,below_safe_threshold,review LOR link match
cycletrack_lor_links.csv,165,Icahn School of Medicine,,MD,md_cuny_school_of_medicine_new_york_new_york,CUNY School of Medicine,0.878,md_yale_school_of_medicine_new_haven_connecticut,Yale School of Medicine,0.829,review,below_safe_threshold,review LOR link match
cycletrack_lor_links.csv,167,University of Nebraska,,MD,md_university_of_nebraska_college_of_medicine_omaha_nebraska,University of Nebraska College of Medicine,0.691,md_mercer_university_school_of_medicine_macon_georgia,Mercer University School of Medicine,0.577,no_match,low_match_score,review LOR link match
cycletrack_lor_links.csv,168,University of Nebraska,,MD,md_university_of_nebraska_college_of_medicine_omaha_nebraska,University of Nebraska College of Medicine,0.691,md_mercer_university_school_of_medicine_macon_georgia,Mercer University School of Medicine,0.577,no_match,low_match_score,review LOR link match
cycletrack_lor_links.csv,169,University of Nevada,,MD,md_university_of_nevada_reno_school_of_medicine_reno_nevada,"University of Nevada, Reno School of Medicine",0.618,md_university_of_minnesota_medical_school_minneapolis_minnesota,University of Minnesota Medical School,0.615,no_match,low_match_score,review LOR link match
cycletrack_lor_links.csv,17,Baylor,,MD,md_albany_medical_college_albany_new_york,Albany Medical College,0.357,md_baylor_college_of_medicine_school_of_medicine_houston_texas,Baylor College of Medicine School of Medicine,0.333,no_match,low_match_score,review LOR link match
cycletrack_lor_links.csv,171,University of New Mexico,,MD,md_university_of_new_mexico_school_of_medicine_albuquerque_new_mexico,University of New Mexico School of Medicine,0.724,md_university_of_minnesota_medical_school_minneapolis_minnesota,University of Minnesota Medical School,0.679,no_match,low_match_score,review LOR link match
cycletrack_lor_links.csv,172,University of New Mexico,,MD,md_university_of_new_mexico_school_of_medicine_albuquerque_new_mexico,University of New Mexico School of Medicine,0.724,md_university_of_minnesota_medical_school_minneapolis_minnesota,University of Minnesota Medical School,0.679,no_match,low_match_score,review LOR link match
cycletrack_lor_links.csv,175,NYU Grossman,,MD,md_nyu_grossman_school_of_medicine_new_york_new_york,NYU Grossman School of Medicine,0.6,md_nyu_grossman_long_island_school_of_medicine_mineola_new_york,NYU Grossman Long Island School of Medicine,0.462,no_match,low_match_score,review LOR link match
cycletrack_lor_links.csv,176,NYU Grossman,,MD,md_nyu_grossman_school_of_medicine_new_york_new_york,NYU Grossman School of Medicine,0.6,md_nyu_grossman_long_island_school_of_medicine_mineola_new_york,NYU Grossman Long Island School of Medicine,0.462,no_match,low_match_score,review LOR link match
cycletrack_lor_links.csv,177,NYU Grossman (Long Island),,MD,md_nyu_grossman_long_island_school_of_medicine_mineola_new_york,NYU Grossman Long Island School of Medicine,0.75,md_nyu_grossman_school_of_medicine_new_york_new_york,NYU Grossman School of Medicine,0.577,review,below_safe_threshold,review LOR link match
cycletrack_lor_links.csv,179,University of North Carolina Chapel Hill,,MD,md_university_of_north_carolina_school_of_medicine_chapel_hill_north_carolina,University of North Carolina School of Medicine,0.795,md_university_of_south_carolina_school_of_medicine_greenville_greenville_south_caro,"University of South Carolina School of Medicine, Greenville",0.697,review,below_safe_threshold,review LOR link match
cycletrack_lor_links.csv,18,Baylor,,MD,md_albany_medical_college_albany_new_york,Albany Medical College,0.357,md_baylor_college_of_medicine_school_of_medicine_houston_texas,Baylor College of Medicine School of Medicine,0.333,no_match,low_match_score,review LOR link match
cycletrack_lor_links.csv,180,University of North Carolina Chapel Hill,,MD,md_university_of_north_carolina_school_of_medicine_chapel_hill_north_carolina,University of North Carolina School of Medicine,0.795,md_university_of_south_carolina_school_of_medicine_greenville_greenville_south_caro,"University of South Carolina School of Medicine, Greenville",0.697,review,below_safe_threshold,review LOR link match
cycletrack_lor_links.csv,181,University of North Dakota,,MD,md_university_of_south_dakota_sanford_school_of_medicine_vermillion_south_dakota,University of South Dakota Sanford School of Medicine,0.657,md_stanford_university_school_of_medicine_palo_alto_california,Stanford University School of Medicine,0.621,no_match,low_match_score,review LOR link match
cycletrack_lor_links.csv,183,Northeast Ohio Medical University,,MD,md_northeast_ohio_medical_university_college_of_medicine_rootstown_ohio,Northeast Ohio Medical University College of Medicine,0.795,md_university_of_minnesota_medical_school_minneapolis_minnesota,University of Minnesota Medical School,0.735,review,below_safe_threshold,review LOR link match
cycletrack_lor_links.csv,185,Northwestern University,,MD,md_northwestern_university_feinberg_school_of_medicine_chicago_illinois,Northwestern University Feinberg School of Medicine,0.648,md_university_of_texas_southwestern_medical_school_dallas_texas,University of Texas Southwestern Medical School,0.627,no_match,low_match_score,review LOR link match
cycletrack_lor_links.csv,186,Northwestern University,,MD,md_northwestern_university_feinberg_school_of_medicine_chicago_illinois,Northwestern University Feinberg School of Medicine,0.648,md_university_of_texas_southwestern_medical_school_dallas_texas,University of Texas Southwestern Medical School,0.627,no_match,low_match_score,review LOR link match
cycletrack_lor_links.csv,187,Nova Southeastern University,,MD,md_the_university_of_texas_at_tyler_school_of_medicine_tyler_texas,The University of Texas at Tyler School of Medicine,0.667,md_university_of_texas_southwestern_medical_school_dallas_texas,University of Texas Southwestern Medical School,0.667,no_match,low_match_score,review LOR link match
cycletrack_lor_links.csv,189,Oakland University,,MD,md_stanford_university_school_of_medicine_palo_alto_california,Stanford University School of Medicine,0.604,md_university_of_maryland_school_of_medicine_baltimore_maryland,University of Maryland School of Medicine,0.604,no_match,low_match_score,review LOR link match
cycletrack_lor_links.csv,19,Belmont University,,MD,md_university_of_minnesota_medical_school_minneapolis_minnesota,University of Minnesota Medical School,0.604,md_emory_university_school_of_medicine_atlanta_georgia,Emory University School of Medicine,0.6,no_match,low_match_score,review LOR link match
cycletrack_lor_links.csv,191,Ohio State University,,MD,md_the_ohio_state_university_college_of_medicine_columbus_ohio,The Ohio State University College of Medicine,0.712,md_wayne_state_university_school_of_medicine_detroit_michigan,Wayne State University School of Medicine,0.644,no_match,low_match_score,review LOR link match
cycletrack_lor_links.csv,192,Ohio State University,,MD,md_the_ohio_state_university_college_of_medicine_columbus_ohio,The Ohio State University College of Medicine,0.712,md_wayne_state_university_school_of_medicine_detroit_michigan,Wayne State University School of Medicine,0.644,no_match,low_match_score,review LOR link match
cycletrack_lor_links.csv,193,University of Oklahoma,,MD,md_university_of_oklahoma_college_of_medicine_oklahoma_city_oklahoma,University of Oklahoma College of Medicine,0.691,md_university_of_colorado_school_of_medicine_denver_colorado,University of Colorado School of Medicine,0.63,no_match,low_match_score,review LOR link match
cycletrack_lor_links.csv,194,University of Oklahoma,,MD,md_university_of_oklahoma_college_of_medicine_oklahoma_city_oklahoma,University of Oklahoma College of Medicine,0.691,md_university_of_colorado_school_of_medicine_denver_colorado,University of Colorado School of Medicine,0.63,no_match,low_match_score,review LOR link match
cycletrack_lor_links.csv,195,Oregon Health & Science University,,MD,md_oregon_health_and_science_university_school_of_medicine_portland_oregon,Oregon Health & Science University School of Medicine,0.8,md_university_of_north_dakota_school_of_medicine_and_health_sciences_grand_forks_no,University of North Dakota School of Medicine and Health Sciences,0.667,review,below_safe_threshold,review LOR link match
cycletrack_lor_links.csv,196,Oregon Health & Science University,,MD,md_oregon_health_and_science_university_school_of_medicine_portland_oregon,Oregon Health & Science University School of Medicine,0.8,md_university_of_north_dakota_school_of_medicine_and_health_sciences_grand_forks_no,University of North Dakota School of Medicine and Health Sciences,0.667,review,below_safe_threshold,review LOR link match
cycletrack_lor_links.csv,197,Pennsylvania State University,,MD,md_wayne_state_university_school_of_medicine_detroit_michigan,Wayne State University School of Medicine,0.627,md_the_ohio_state_university_college_of_medicine_columbus_ohio,The Ohio State University College of Medicine,0.597,no_match,low_match_score,review LOR link match
cycletrack_lor_links.csv,199,University of Pennsylvania,,MD,md_tulane_university_school_of_medicine_new_orleans_louisiana,Tulane University School of Medicine,0.607,md_stanford_university_school_of_medicine_palo_alto_california,Stanford University School of Medicine,0.586,no_match,low_match_score,review LOR link match
cycletrack_lor_links.csv,2,University of Alabama at Birmingham,,MD,md_university_of_alabama_at_birmingham_marnix_e_heersink_school_of_medicine_birming,University of Alabama at Birmingham Marnix E. Heersink School of Medicine,0.63,md_loma_linda_university_school_of_medicine_loma_linda_california,Loma Linda University School of Medicine,0.606,no_match,low_match_score,review LOR link match
cycletrack_lor_links.csv,201,University of Pittsburgh,,MD,md_university_of_pittsburgh_school_of_medicine_pittsburgh_pennsylvania,University of Pittsburgh School of Medicine,0.724,md_tufts_university_school_of_medicine_boston_massachusetts,Tufts University School of Medicine,0.566,no_match,low_match_score,review LOR link match
cycletrack_lor_links.csv,202,University of Pittsburgh,,MD,md_university_of_pittsburgh_school_of_medicine_pittsburgh_pennsylvania,University of Pittsburgh School of Medicine,0.724,md_tufts_university_school_of_medicine_boston_massachusetts,Tufts University School of Medicine,0.566,no_match,low_match_score,review LOR link match
cycletrack_lor_links.csv,203,Ponce Health Sciences University,,MD,md_oregon_health_and_science_university_school_of_medicine_portland_oregon,Oregon Health & Science University School of Medicine,0.725,md_suny_downstate_health_sciences_university_college_of_medicine_brooklyn_new_york,SUNY Downstate Health Sciences University College of Medicine,0.667,no_match,low_match_score,review LOR link match
cycletrack_lor_links.csv,205,Quinnipiac University,,MD,md_indiana_university_school_of_medicine_indianapolis_indiana,Indiana University School of Medicine,0.582,md_duke_university_school_of_medicine_durham_north_carolina,Duke University School of Medicine,0.577,no_match,low_match_score,review LOR link match
cycletrack_lor_links.csv,207,University of Rochester,,MD,md_the_university_of_texas_at_tyler_school_of_medicine_tyler_texas,The University of Texas at Tyler School of Medicine,0.621,md_university_of_colorado_school_of_medicine_denver_colorado,University of Colorado School of Medicine,0.618,no_match,low_match_score,review LOR link match
cycletrack_lor_links.csv,208,University of Rochester,,MD,md_the_university_of_texas_at_tyler_school_of_medicine_tyler_texas,The University of Texas at Tyler School of Medicine,0.621,md_university_of_colorado_school_of_medicine_denver_colorado,University of Colorado School of Medicine,0.618,no_match,low_match_score,review LOR link match
cycletrack_lor_links.csv,209,Rosalind Franklin University,,MD,md_roseman_university_college_of_medicine_las_vegas_nevada,Roseman University College of Medicine,0.635,md_university_of_maryland_school_of_medicine_baltimore_maryland,University of Maryland School of Medicine,0.603,no_match,low_match_score,review LOR link match
cycletrack_lor_links.csv,21,Boston University,,MD,md_stanford_university_school_of_medicine_palo_alto_california,Stanford University School of Medicine,0.577,md_emory_university_school_of_medicine_atlanta_georgia,Emory University School of Medicine,0.571,no_match,low_match_score,review LOR link match
cycletrack_lor_links.csv,210,Rosalind Franklin University,,MD,md_roseman_university_college_of_medicine_las_vegas_nevada,Roseman University College of Medicine,0.635,md_university_of_maryland_school_of_medicine_baltimore_maryland,University of Maryland School of Medicine,0.603,no_match,low_match_score,review LOR link match
cycletrack_lor_links.csv,213,Rush University,,MD,md_duke_university_school_of_medicine_durham_north_carolina,Duke University School of Medicine,0.609,md_emory_university_school_of_medicine_atlanta_georgia,Emory University School of Medicine,0.596,no_match,low_match_score,review LOR link match
cycletrack_lor_links.csv,215,Rutgers University (New Jersey),,MD,md_rutgers_new_jersey_medical_school_newark_new_jersey,Rutgers New Jersey Medical School,0.645,md_emory_university_school_of_medicine_atlanta_georgia,Emory University School of Medicine,0.623,no_match,low_match_score,review LOR link match
cycletrack_lor_links.csv,217,Rutgers University (Robert Wood Johnson),,MD,md_rutgers_robert_wood_johnson_medical_school_piscataway_new_jersey,"Rutgers, Robert Wood Johnson Medical School",0.725,md_northwestern_university_feinberg_school_of_medicine_chicago_illinois,Northwestern University Feinberg School of Medicine,0.558,no_match,low_match_score,review LOR link match
cycletrack_lor_links.csv,218,Rutgers University (Robert Wood Johnson),,MD,md_rutgers_robert_wood_johnson_medical_school_piscataway_new_jersey,"Rutgers, Robert Wood Johnson Medical School",0.725,md_northwestern_university_feinberg_school_of_medicine_chicago_illinois,Northwestern University Feinberg School of Medicine,0.558,no_match,low_match_score,review LOR link match
cycletrack_lor_links.csv,219,State University of New York Downstate Health Sciences University,,MD,md_suny_downstate_health_sciences_university_college_of_medicine_brooklyn_new_york,SUNY Downstate Health Sciences University College of Medicine,0.752,md_texas_tech_university_health_sciences_center_school_of_medicine_lubbock_texas,Texas Tech University Health Sciences Center School of Medicine,0.649,review,below_safe_threshold,review LOR link match
cycletrack_lor_links.csv,22,Boston University,,MD,md_stanford_university_school_of_medicine_palo_alto_california,Stanford University School of Medicine,0.577,md_emory_university_school_of_medicine_atlanta_georgia,Emory University School of Medicine,0.571,no_match,low_match_score,review LOR link match
cycletrack_lor_links.csv,220,State University of New York Downstate Health Sciences University,,MD,md_suny_downstate_health_sciences_university_college_of_medicine_brooklyn_new_york,SUNY Downstate Health Sciences University College of Medicine,0.752,md_texas_tech_university_health_sciences_center_school_of_medicine_lubbock_texas,Texas Tech University Health Sciences Center School of Medicine,0.649,review,below_safe_threshold,review LOR link match
cycletrack_lor_links.csv,221,State University of New York Upstate Medical University,,MD,md_state_university_of_new_york_upstate_medical_university_alan_and_marlene_norton_,State University of New York Upstate Medical University Alan and Marlene Norton College of Medicine,0.738,md_wayne_state_university_school_of_medicine_detroit_michigan,Wayne State University School of Medicine,0.684,no_match,low_match_score,review LOR link match
cycletrack_lor_links.csv,222,State University of New York Upstate Medical University,,MD,md_state_university_of_new_york_upstate_medical_university_alan_and_marlene_norton_,State University of New York Upstate Medical University Alan and Marlene Norton College of Medicine,0.738,md_wayne_state_university_school_of_medicine_detroit_michigan,Wayne State University School of Medicine,0.684,no_match,low_match_score,review LOR link match
cycletrack_lor_links.csv,223,Saint Louis University,,MD,md_saint_louis_university_school_of_medicine_st_louis_missouri,Saint Louis University School of Medicine,0.733,md_university_of_illinois_college_of_medicine_chicago_illinois,University of Illinois College of Medicine,0.621,no_match,low_match_score,review LOR link match
cycletrack_lor_links.csv,224,Saint Louis University,,MD,md_saint_louis_university_school_of_medicine_st_louis_missouri,Saint Louis University School of Medicine,0.733,md_university_of_illinois_college_of_medicine_chicago_illinois,University of Illinois College of Medicine,0.621,no_match,low_match_score,review LOR link match
cycletrack_lor_links.csv,225,San Juan Bautista School of Medicine,,MD,md_nyu_grossman_school_of_medicine_new_york_new_york,NYU Grossman School of Medicine,0.689,md_cuny_school_of_medicine_new_york_new_york,CUNY School of Medicine,0.679,no_match,low_match_score,review LOR link match
cycletrack_lor_links.csv,227,University of South Alabama,,MD,md_university_of_maryland_school_of_medicine_baltimore_maryland,University of Maryland School of Medicine,0.61,md_university_of_minnesota_medical_school_minneapolis_minnesota,University of Minnesota Medical School,0.61,no_match,low_match_score,review LOR link match
cycletrack_lor_links.csv,229,University of South Carolina,,MD,md_university_of_north_carolina_school_of_medicine_chapel_hill_north_carolina,University of North Carolina School of Medicine,0.697,md_medical_university_of_south_carolina_college_of_medicine_charleston_south_caroli,Medical University of South Carolina College of Medicine,0.667,no_match,low_match_score,review LOR link match
cycletrack_lor_links.csv,23,Brown University,,MD,md_georgetown_university_school_of_medicine_washington_district_of_columbia,Georgetown University School of Medicine,0.566,md_howard_university_college_of_medicine_washington_district_of_columbia,Howard University College of Medicine,0.56,no_match,low_match_score,review LOR link match
cycletrack_lor_links.csv,231,University of South Carolina,,MD,md_university_of_north_carolina_school_of_medicine_chapel_hill_north_carolina,University of North Carolina School of Medicine,0.697,md_medical_university_of_south_carolina_college_of_medicine_charleston_south_caroli,Medical University of South Carolina College of Medicine,0.667,no_match,low_match_score,review LOR link match
cycletrack_lor_links.csv,233,University of South Dakota,,MD,md_university_of_south_dakota_sanford_school_of_medicine_vermillion_south_dakota,University of South Dakota Sanford School of Medicine,0.657,md_university_of_minnesota_medical_school_minneapolis_minnesota,University of Minnesota Medical School,0.655,no_match,low_match_score,review LOR link match
cycletrack_lor_links.csv,234,University of South Dakota,,MD,md_university_of_south_dakota_sanford_school_of_medicine_vermillion_south_dakota,University of South Dakota Sanford School of Medicine,0.657,md_university_of_minnesota_medical_school_minneapolis_minnesota,University of Minnesota Medical School,0.655,no_match,low_match_score,review LOR link match
cycletrack_lor_links.csv,235,Southern Illinois University,,MD,md_southern_illinois_university_school_of_medicine_springfield_illinois,Southern Illinois University School of Medicine,0.778,md_university_of_illinois_college_of_medicine_chicago_illinois,University of Illinois College of Medicine,0.688,review,below_safe_threshold,review LOR link match
cycletrack_lor_links.csv,237,Stanford University,,MD,md_stanford_university_school_of_medicine_palo_alto_california,Stanford University School of Medicine,0.704,md_tulane_university_school_of_medicine_new_orleans_louisiana,Tulane University School of Medicine,0.577,no_match,low_match_score,review LOR link match
cycletrack_lor_links.csv,238,Stanford University,,MD,md_stanford_university_school_of_medicine_palo_alto_california,Stanford University School of Medicine,0.704,md_tulane_university_school_of_medicine_new_orleans_louisiana,Tulane University School of Medicine,0.577,no_match,low_match_score,review LOR link match
cycletrack_lor_links.csv,239,Stony Brook University,,MD,md_renaissance_school_of_medicine_at_stony_brook_university_stony_brook_new_york,Renaissance School of Medicine at Stony Brook University,0.611,md_stanford_university_school_of_medicine_palo_alto_california,Stanford University School of Medicine,0.596,no_match,low_match_score,review LOR link match
cycletrack_lor_links.csv,24,Brown University,,MD,md_georgetown_university_school_of_medicine_washington_district_of_columbia,Georgetown University School of Medicine,0.566,md_howard_university_college_of_medicine_washington_district_of_columbia,Howard University College of Medicine,0.56,no_match,low_match_score,review LOR link match
cycletrack_lor_links.csv,241,Temple University,,MD,md_duke_university_school_of_medicine_durham_north_carolina,Duke University School of Medicine,0.583,md_emory_university_school_of_medicine_atlanta_georgia,Emory University School of Medicine,0.571,no_match,low_match_score,review LOR link match
cycletrack_lor_links.csv,242,Temple University,,MD,md_duke_university_school_of_medicine_durham_north_carolina,Duke University School of Medicine,0.583,md_emory_university_school_of_medicine_atlanta_georgia,Emory University School of Medicine,0.571,no_match,low_match_score,review LOR link match
cycletrack_lor_links.csv,243,University of Tennessee,,MD,md_university_of_minnesota_medical_school_minneapolis_minnesota,University of Minnesota Medical School,0.618,md_tufts_university_school_of_medicine_boston_massachusetts,Tufts University School of Medicine,0.615,no_match,low_match_score,review LOR link match
cycletrack_lor_links.csv,245,Texas A&M University,,MD,md_dell_medical_school_university_of_texas_at_austin_austin_texas,Dell Medical School – University of Texas at Austin,0.635,md_the_university_of_texas_at_tyler_school_of_medicine_tyler_texas,The University of Texas at Tyler School of Medicine,0.621,no_match,low_match_score,review LOR link match
cycletrack_lor_links.csv,246,Texas A&M University,,MD,md_dell_medical_school_university_of_texas_at_austin_austin_texas,Dell Medical School – University of Texas at Austin,0.635,md_the_university_of_texas_at_tyler_school_of_medicine_tyler_texas,The University of Texas at Tyler School of Medicine,0.621,no_match,low_match_score,review LOR link match
cycletrack_lor_links.csv,247,Texas Christian University,,MD,md_university_of_texas_southwestern_medical_school_dallas_texas,University of Texas Southwestern Medical School,0.629,md_dell_medical_school_university_of_texas_at_austin_austin_texas,Dell Medical School – University of Texas at Austin,0.609,no_match,low_match_score,review LOR link match
cycletrack_lor_links.csv,249,Texas Tech University (Foster),,MD,md_dell_medical_school_university_of_texas_at_austin_austin_texas,Dell Medical School – University of Texas at Austin,0.676,md_university_of_texas_southwestern_medical_school_dallas_texas,University of Texas Southwestern Medical School,0.611,no_match,low_match_score,review LOR link match
cycletrack_lor_links.csv,25,University at Buffalo,,MD,md_university_of_michigan_medical_school_ann_arbor_michigan,University of Michigan Medical School,0.538,md_duke_university_school_of_medicine_durham_north_carolina,Duke University School of Medicine,0.531,no_match,low_match_score,review LOR link match
cycletrack_lor_links.csv,253,University of Toledo,,MD,md_duke_university_school_of_medicine_durham_north_carolina,Duke University School of Medicine,0.625,md_roseman_university_college_of_medicine_las_vegas_nevada,Roseman University College of Medicine,0.615,no_match,low_match_score,review LOR link match
cycletrack_lor_links.csv,254,University of Toledo,,MD,md_duke_university_school_of_medicine_durham_north_carolina,Duke University School of Medicine,0.625,md_roseman_university_college_of_medicine_las_vegas_nevada,Roseman University College of Medicine,0.615,no_match,low_match_score,review LOR link match
cycletrack_lor_links.csv,255,Tufts University,,MD,md_tufts_university_school_of_medicine_boston_massachusetts,Tufts University School of Medicine,0.667,md_university_of_connecticut_school_of_medicine_farmington_connecticut,University of Connecticut School of Medicine,0.556,no_match,low_match_score,review LOR link match
cycletrack_lor_links.csv,257,Tulane University,,MD,md_tulane_university_school_of_medicine_new_orleans_louisiana,Tulane University School of Medicine,0.68,md_howard_university_college_of_medicine_washington_district_of_columbia,Howard University College of Medicine,0.588,no_match,low_match_score,review LOR link match
cycletrack_lor_links.csv,259,Uniformed Services University,,MD,md_stanford_university_school_of_medicine_palo_alto_california,Stanford University School of Medicine,0.688,md_university_of_florida_college_of_medicine_gainesville_florida,University of Florida College of Medicine,0.625,no_match,low_match_score,review LOR link match
cycletrack_lor_links.csv,26,University at Buffalo,,MD,md_university_of_michigan_medical_school_ann_arbor_michigan,University of Michigan Medical School,0.538,md_duke_university_school_of_medicine_durham_north_carolina,Duke University School of Medicine,0.531,no_match,low_match_score,review LOR link match
cycletrack_lor_links.csv,261,University of California (Davis),,MD,md_university_of_california_davis_school_of_medicine_davis_california,"University of California, Davis School of Medicine",0.771,md_university_of_california_irvine_school_of_medicine_irvine_california,"University of California, Irvine School of Medicine",0.704,review,below_safe_threshold,review LOR link match
cycletrack_lor_links.csv,262,University of California (Davis),,MD,md_university_of_california_davis_school_of_medicine_davis_california,"University of California, Davis School of Medicine",0.771,md_university_of_california_irvine_school_of_medicine_irvine_california,"University of California, Irvine School of Medicine",0.704,review,below_safe_threshold,review LOR link match
cycletrack_lor_links.csv,263,University of California (Irvine),,MD,md_university_of_california_irvine_school_of_medicine_irvine_california,"University of California, Irvine School of Medicine",0.778,md_university_of_california_davis_school_of_medicine_davis_california,"University of California, Davis School of Medicine",0.732,review,below_safe_threshold,review LOR link match
cycletrack_lor_links.csv,265,University of California (Los Angeles),,MD,md_university_of_california_san_diego_school_of_medicine_san_diego_california,"University of California, San Diego School of Medicine",0.7,md_university_of_california_davis_school_of_medicine_davis_california,"University of California, Davis School of Medicine",0.684,no_match,low_match_score,review LOR link match
cycletrack_lor_links.csv,266,University of California (Los Angeles),,MD,md_university_of_california_san_diego_school_of_medicine_san_diego_california,"University of California, San Diego School of Medicine",0.7,md_university_of_california_davis_school_of_medicine_davis_california,"University of California, Davis School of Medicine",0.684,no_match,low_match_score,review LOR link match
cycletrack_lor_links.csv,267,University of California (Riverside),,MD,md_university_of_california_riverside_school_of_medicine_riverside_california,"University of California, Riverside School of Medicine",0.795,md_university_of_california_irvine_school_of_medicine_irvine_california,"University of California, Irvine School of Medicine",0.747,review,below_safe_threshold,review LOR link match
cycletrack_lor_links.csv,269,University of California (San Diego),,MD,md_university_of_california_san_diego_school_of_medicine_san_diego_california,"University of California, San Diego School of Medicine",0.795,md_california_university_of_science_and_medicine_school_of_medicine_colton_californ,California University of Science and Medicine - School of Medicine,0.737,review,below_safe_threshold,review LOR link match
cycletrack_lor_links.csv,27,California Northstate University,,MD,md_california_northstate_university_college_of_medicine_elk_grove_california,California Northstate University College of Medicine,0.79,md_florida_state_university_college_of_medicine_tallahassee_florida,Florida State University College of Medicine,0.685,review,below_safe_threshold,review LOR link match
cycletrack_lor_links.csv,270,University of California (San Diego),,MD,md_university_of_california_san_diego_school_of_medicine_san_diego_california,"University of California, San Diego School of Medicine",0.795,md_california_university_of_science_and_medicine_school_of_medicine_colton_californ,California University of Science and Medicine - School of Medicine,0.737,review,below_safe_threshold,review LOR link match
cycletrack_lor_links.csv,271,University of California (San Francisco),,MD,md_university_of_california_san_francisco_school_of_medicine_san_francisco_californ,"University of California, San Francisco School of Medicine",0.814,md_university_of_california_irvine_school_of_medicine_irvine_california,"University of California, Irvine School of Medicine",0.734,review,below_safe_threshold,review LOR link match
cycletrack_lor_links.csv,272,University of California (San Francisco),,MD,md_university_of_california_san_francisco_school_of_medicine_san_francisco_californ,"University of California, San Francisco School of Medicine",0.814,md_university_of_california_irvine_school_of_medicine_irvine_california,"University of California, Irvine School of Medicine",0.734,review,below_safe_threshold,review LOR link match
cycletrack_lor_links.csv,273,University of Central Florida,,MD,md_university_of_central_florida_college_of_medicine_orlando_florida,University of Central Florida College of Medicine,0.754,md_university_of_florida_college_of_medicine_gainesville_florida,University of Florida College of Medicine,0.689,review,below_safe_threshold,review LOR link match
cycletrack_lor_links.csv,274,University of Central Florida,,MD,md_university_of_central_florida_college_of_medicine_orlando_florida,University of Central Florida College of Medicine,0.754,md_university_of_florida_college_of_medicine_gainesville_florida,University of Florida College of Medicine,0.689,review,below_safe_threshold,review LOR link match
cycletrack_lor_links.csv,275,University of Nevada Las Vegas,,MD,md_university_of_nevada_reno_school_of_medicine_reno_nevada,"University of Nevada, Reno School of Medicine",0.646,md_university_of_nebraska_college_of_medicine_omaha_nebraska,University of Nebraska College of Medicine,0.603,no_match,low_match_score,review LOR link match
cycletrack_lor_links.csv,277,University of Puerto Rico,,MD,md_georgetown_university_school_of_medicine_washington_district_of_columbia,Georgetown University School of Medicine,0.644,md_duke_university_school_of_medicine_durham_north_carolina,Duke University School of Medicine,0.642,no_match,low_match_score,review LOR link match
cycletrack_lor_links.csv,279,University of South Florida,,MD,md_florida_state_university_college_of_medicine_tallahassee_florida,Florida State University College of Medicine,0.646,md_university_of_florida_college_of_medicine_gainesville_florida,University of Florida College of Medicine,0.644,no_match,low_match_score,review LOR link match
cycletrack_lor_links.csv,280,University of South Florida,,MD,md_florida_state_university_college_of_medicine_tallahassee_florida,Florida State University College of Medicine,0.646,md_university_of_florida_college_of_medicine_gainesville_florida,University of Florida College of Medicine,0.644,no_match,low_match_score,review LOR link match
cycletrack_lor_links.csv,281,University of Southern California,,MD,md_keck_school_of_medicine_of_the_university_of_southern_california_los_angeles_cal,Keck School of Medicine of the University of Southern California,0.741,md_california_university_of_science_and_medicine_school_of_medicine_colton_californ,California University of Science and Medicine - School of Medicine,0.693,no_match,low_match_score,review LOR link match
cycletrack_lor_links.csv,282,University of Southern California,,MD,md_keck_school_of_medicine_of_the_university_of_southern_california_los_angeles_cal,Keck School of Medicine of the University of Southern California,0.741,md_california_university_of_science_and_medicine_school_of_medicine_colton_californ,California University of Science and Medicine - School of Medicine,0.693,no_match,low_match_score,review LOR link match
cycletrack_lor_links.csv,286,University of Texas (Houston),,MD,md_the_university_of_texas_at_tyler_school_of_medicine_tyler_texas,The University of Texas at Tyler School of Medicine,0.677,md_university_of_texas_southwestern_medical_school_dallas_texas,University of Texas Southwestern Medical School,0.676,no_match,low_match_score,review LOR link match
cycletrack_lor_links.csv,287,University of Texas (Medical Branch),,MD,md_dell_medical_school_university_of_texas_at_austin_austin_texas,Dell Medical School – University of Texas at Austin,0.73,md_university_of_minnesota_medical_school_minneapolis_minnesota,University of Minnesota Medical School,0.727,no_match,low_match_score,review LOR link match
cycletrack_lor_links.csv,288,University of Texas (Medical Branch),,MD,md_dell_medical_school_university_of_texas_at_austin_austin_texas,Dell Medical School – University of Texas at Austin,0.73,md_university_of_minnesota_medical_school_minneapolis_minnesota,University of Minnesota Medical School,0.727,no_match,low_match_score,review LOR link match
cycletrack_lor_links.csv,289,University of Texas (Rio Grande),,MD,md_university_of_texas_rio_grande_valley_school_of_medicine_edinburg_texas,University of Texas Rio Grande Valley School of Medicine,0.701,md_dell_medical_school_university_of_texas_at_austin_austin_texas,Dell Medical School – University of Texas at Austin,0.686,no_match,low_match_score,review LOR link match
cycletrack_lor_links.csv,29,California University of Science and Medicine,,MD,md_california_university_of_science_and_medicine_school_of_medicine_colton_californ,California University of Science and Medicine - School of Medicine,0.916,md_university_of_california_davis_school_of_medicine_davis_california,"University of California, Davis School of Medicine",0.815,review,below_safe_threshold,review LOR link match
cycletrack_lor_links.csv,292,University of Texas (San Antonio),,MD,md_university_of_texas_southwestern_medical_school_dallas_texas,University of Texas Southwestern Medical School,0.639,md_dell_medical_school_university_of_texas_at_austin_austin_texas,Dell Medical School – University of Texas at Austin,0.62,no_match,low_match_score,review LOR link match
cycletrack_lor_links.csv,294,University of Texas (Southwestern),,MD,md_university_of_texas_southwestern_medical_school_dallas_texas,University of Texas Southwestern Medical School,0.795,md_the_university_of_texas_at_tyler_school_of_medicine_tyler_texas,The University of Texas at Tyler School of Medicine,0.627,review,below_safe_threshold,review LOR link match
cycletrack_lor_links.csv,297,University of Utah,,MD,md_university_of_minnesota_medical_school_minneapolis_minnesota,University of Minnesota Medical School,0.56,md_university_of_kansas_school_of_medicine_kansas_city_kansas,University of Kansas School of Medicine,0.542,no_match,low_match_score,review LOR link match
cycletrack_lor_links.csv,298,University of Utah,,MD,md_university_of_minnesota_medical_school_minneapolis_minnesota,University of Minnesota Medical School,0.56,md_university_of_kansas_school_of_medicine_kansas_city_kansas,University of Kansas School of Medicine,0.542,no_match,low_match_score,review LOR link match
cycletrack_lor_links.csv,299,Vanderbilt University,,MD,md_vanderbilt_university_school_of_medicine_nashville_tennessee,Vanderbilt University School of Medicine,0.724,md_tulane_university_school_of_medicine_new_orleans_louisiana,Tulane University School of Medicine,0.519,no_match,low_match_score,review LOR link match
cycletrack_lor_links.csv,300,Vanderbilt University,,MD,md_vanderbilt_university_school_of_medicine_nashville_tennessee,Vanderbilt University School of Medicine,0.724,md_tulane_university_school_of_medicine_new_orleans_louisiana,Tulane University School of Medicine,0.519,no_match,low_match_score,review LOR link match
cycletrack_lor_links.csv,301,University of Vermont,,MD,md_university_of_georgia_school_of_medicine_athens_georgia,University of Georgia School of Medicine,0.577,md_university_of_nebraska_college_of_medicine_omaha_nebraska,University of Nebraska College of Medicine,0.556,no_match,low_match_score,review LOR link match
cycletrack_lor_links.csv,303,University of Virginia,,MD,md_university_of_virginia_school_of_medicine_charlottesville_virginia,University of Virginia School of Medicine,0.704,md_west_virginia_university_school_of_medicine_morgantown_west_virginia,West Virginia University School of Medicine,0.644,no_match,low_match_score,review LOR link match
cycletrack_lor_links.csv,304,University of Virginia,,MD,md_university_of_virginia_school_of_medicine_charlottesville_virginia,University of Virginia School of Medicine,0.704,md_west_virginia_university_school_of_medicine_morgantown_west_virginia,West Virginia University School of Medicine,0.644,no_match,low_match_score,review LOR link match
cycletrack_lor_links.csv,305,Virginia Commonwealth University,,MD,md_virginia_commonwealth_university_school_of_medicine_richmond_virginia,Virginia Commonwealth University School of Medicine,0.8,md_university_of_virginia_school_of_medicine_charlottesville_virginia,University of Virginia School of Medicine,0.716,review,below_safe_threshold,review LOR link match
cycletrack_lor_links.csv,307,Virginia Tech,,MD,md_virginia_tech_carilion_school_of_medicine_roanoke_virginia,Virginia Tech Carilion School of Medicine,0.51,md_university_of_virginia_school_of_medicine_charlottesville_virginia,University of Virginia School of Medicine,0.5,no_match,low_match_score,review LOR link match
cycletrack_lor_links.csv,309,Wake Forest University,,MD,md_wake_forest_university_school_of_medicine_winston_salem_north_carolina,Wake Forest University School of Medicine,0.733,md_wayne_state_university_school_of_medicine_detroit_michigan,Wayne State University School of Medicine,0.6,no_match,low_match_score,review LOR link match
cycletrack_lor_links.csv,31,Universidad Central del Caribe,,MD,md_university_of_central_florida_college_of_medicine_orlando_florida,University of Central Florida College of Medicine,0.603,md_mercer_university_school_of_medicine_macon_georgia,Mercer University School of Medicine,0.571,no_match,low_match_score,review LOR link match
cycletrack_lor_links.csv,311,University of Washington,,MD,md_university_of_washington_school_of_medicine_seattle_washington,University of Washington School of Medicine,0.724,md_washington_university_in_st_louis_school_of_medicine_st_louis_missouri,Washington University in St. Louis School of Medicine,0.6,no_match,low_match_score,review LOR link match
cycletrack_lor_links.csv,312,University of Washington,,MD,md_university_of_washington_school_of_medicine_seattle_washington,University of Washington School of Medicine,0.724,md_washington_university_in_st_louis_school_of_medicine_st_louis_missouri,Washington University in St. Louis School of Medicine,0.6,no_match,low_match_score,review LOR link match
cycletrack_lor_links.csv,313,Washington State University,,MD,md_university_of_washington_school_of_medicine_seattle_washington,University of Washington School of Medicine,0.719,md_washington_state_university_elson_s_floyd_college_of_medicine_spokane_washington,Washington State University Elson S. Floyd College of Medicine,0.635,no_match,low_match_score,review LOR link match
cycletrack_lor_links.csv,315,Washington University Saint Louis,,MD,md_washington_university_in_st_louis_school_of_medicine_st_louis_missouri,Washington University in St. Louis School of Medicine,0.756,md_university_of_washington_school_of_medicine_seattle_washington,University of Washington School of Medicine,0.714,review,below_safe_threshold,review LOR link match
cycletrack_lor_links.csv,316,Washington University Saint Louis,,MD,md_washington_university_in_st_louis_school_of_medicine_st_louis_missouri,Washington University in St. Louis School of Medicine,0.756,md_university_of_washington_school_of_medicine_seattle_washington,University of Washington School of Medicine,0.714,review,below_safe_threshold,review LOR link match
cycletrack_lor_links.csv,317,Wayne State University,,MD,md_wayne_state_university_school_of_medicine_detroit_michigan,Wayne State University School of Medicine,0.733,md_wake_forest_university_school_of_medicine_winston_salem_north_carolina,Wake Forest University School of Medicine,0.6,no_match,low_match_score,review LOR link match
cycletrack_lor_links.csv,318,Wayne State University,,MD,md_wayne_state_university_school_of_medicine_detroit_michigan,Wayne State University School of Medicine,0.733,md_wake_forest_university_school_of_medicine_winston_salem_north_carolina,Wake Forest University School of Medicine,0.6,no_match,low_match_score,review LOR link match
cycletrack_lor_links.csv,319,West Virginia University,,MD,md_west_virginia_university_school_of_medicine_morgantown_west_virginia,West Virginia University School of Medicine,0.75,md_university_of_virginia_school_of_medicine_charlottesville_virginia,University of Virginia School of Medicine,0.644,review,below_safe_threshold,review LOR link match
cycletrack_lor_links.csv,320,West Virginia University,,MD,md_west_virginia_university_school_of_medicine_morgantown_west_virginia,West Virginia University School of Medicine,0.75,md_university_of_virginia_school_of_medicine_charlottesville_virginia,University of Virginia School of Medicine,0.644,review,below_safe_threshold,review LOR link match
cycletrack_lor_links.csv,321,Western Michigan University,,MD,md_university_of_washington_school_of_medicine_seattle_washington,University of Washington School of Medicine,0.625,md_university_of_michigan_medical_school_ann_arbor_michigan,University of Michigan Medical School,0.623,no_match,low_match_score,review LOR link match
cycletrack_lor_links.csv,323,University of Wisconsin,,MD,md_university_of_new_mexico_school_of_medicine_albuquerque_new_mexico,University of New Mexico School of Medicine,0.632,md_university_of_washington_school_of_medicine_seattle_washington,University of Washington School of Medicine,0.632,no_match,low_match_score,review LOR link match
cycletrack_lor_links.csv,324,University of Wisconsin,,MD,md_university_of_new_mexico_school_of_medicine_albuquerque_new_mexico,University of New Mexico School of Medicine,0.632,md_university_of_washington_school_of_medicine_seattle_washington,University of Washington School of Medicine,0.632,no_match,low_match_score,review LOR link match
cycletrack_lor_links.csv,325,Wright State University,,MD,md_boonshoft_school_of_medicine_wright_state_university_dayton_ohio,Boonshoft School of Medicine Wright State University,0.639,md_florida_state_university_college_of_medicine_tallahassee_florida,Florida State University College of Medicine,0.594,no_match,low_match_score,review LOR link match
cycletrack_lor_links.csv,326,Wright State University,,MD,md_boonshoft_school_of_medicine_wright_state_university_dayton_ohio,Boonshoft School of Medicine Wright State University,0.639,md_florida_state_university_college_of_medicine_tallahassee_florida,Florida State University College of Medicine,0.594,no_match,low_match_score,review LOR link match
cycletrack_lor_links.csv,329,A.T. Still University of Health Sciences (Arizona),,DO,do_atsu_soma_a_t_still_university_school_of_osteopathic_medicine_in_arizona_mesa_ar,"A.T. Still University, School of Osteopathic Medicine in Arizona",0.757,do_pnwu_com_pacific_northwest_university_of_health_sciences_college_of_osteopathic_,Pacific Northwest University of Health Sciences College of Osteopathic Medicine,0.615,review,below_safe_threshold,review LOR link match
cycletrack_lor_links.csv,33,Carle Illinois,,MD,md_carle_illinois_college_of_medicine_urbana_champaign_illinois,Carle Illinois College of Medicine,0.622,md_university_of_illinois_college_of_medicine_chicago_illinois,University of Illinois College of Medicine,0.48,no_match,low_match_score,review LOR link match
cycletrack_lor_links.csv,330,A.T. Still University of Health Sciences (Kirksville),,DO,do_atsu_kcom_a_t_still_university_kirksville_college_of_osteopathic_medicine_kirksv,A.T. Still University – Kirksville College of Osteopathic Medicine,0.71,do_atsu_soma_a_t_still_university_school_of_osteopathic_medicine_in_arizona_mesa_ar,"A.T. Still University, School of Osteopathic Medicine in Arizona",0.623,no_match,low_match_score,review LOR link match
cycletrack_lor_links.csv,333,Baptist Health Sciences University,,DO,do_bucom_baptist_health_sciences_university_college_of_osteopathic_medicine_memphis,Baptist Health Sciences University College of Osteopathic Medicine,0.701,do_chsu_com_california_health_sciences_university_college_of_osteopathic_medicine_c,California Health Sciences University College of Osteopathic Medicine,0.58,no_match,low_match_score,review LOR link match
cycletrack_lor_links.csv,334,Burrell College of Osteopathic Medicine,,DO,do_bcsom_burrell_college_school_of_osteopathic_medicine_las_cruces_new_mexico,Burrell College School of Osteopathic Medicine,0.911,do_tourocom_harlem_touro_college_of_osteopathic_medicine_new_york_new_york,Touro College of Osteopathic Medicine,0.886,review,ambiguous_match_gap,review LOR link match
cycletrack_lor_links.csv,335,California Health Sciences University,,DO,do_chsu_com_california_health_sciences_university_college_of_osteopathic_medicine_c,California Health Sciences University College of Osteopathic Medicine,0.718,do_tucom_touro_university_college_of_osteopathic_medicine_california_vallejo_califo,Touro University College of Osteopathic Medicine-California,0.581,no_match,low_match_score,review LOR link match
cycletrack_lor_links.csv,336,Campbell University,,DO,do_cusom_campbell_university_jerry_m_wallace_school_of_osteopathic_medicine_buies_c,Campbell University Jerry M. Wallace School of Osteopathic Medicine,0.463,do_uiwsom_university_of_the_incarnate_word_school_of_osteopathic_medicine_san_anton,University of the Incarnate Word School of Osteopathic Medicine,0.444,no_match,low_match_score,review LOR link match
cycletrack_lor_links.csv,337,Des Moines University,,DO,do_dmu_com_des_moines_university_college_of_osteopathic_medicine_west_des_moines_io,Des Moines University College of Osteopathic Medicine,0.592,do_dyu_com_d_youville_university_college_of_osteopathic_medicine_buffalo_new_york,D’Youville University College of Osteopathic Medicine,0.543,no_match,low_match_score,review LOR link match
cycletrack_lor_links.csv,338,Duquesne University,,DO,do_duqcom_duquesne_university_nasuti_college_of_osteopathic_medicine_pittsburgh_pen,Duquesne University Nasuti College of Osteopathic Medicine,0.514,do_dyu_com_d_youville_university_college_of_osteopathic_medicine_buffalo_new_york,D’Youville University College of Osteopathic Medicine,0.471,no_match,low_match_score,review LOR link match
cycletrack_lor_links.csv,339,Edward Via College of Osteopathic Medicine (Auburn),,DO,do_vcom_auburn_campus_edward_via_college_of_osteopathic_medicine_auburn_alabama,Edward Via College of Osteopathic Medicine,0.918,do_vcom_carolinas_edward_via_college_of_osteopathic_medicine_spartanburg_south_caro,Edward Via College of Osteopathic Medicine,0.918,review,ambiguous_match_gap,review LOR link match
cycletrack_lor_links.csv,340,Edward Via College of Osteopathic Medicine (Carolinas),,DO,do_vcom_auburn_campus_edward_via_college_of_osteopathic_medicine_auburn_alabama,Edward Via College of Osteopathic Medicine,0.886,do_vcom_carolinas_edward_via_college_of_osteopathic_medicine_spartanburg_south_caro,Edward Via College of Osteopathic Medicine,0.886,review,ambiguous_match_gap,review LOR link match
cycletrack_lor_links.csv,342,Edward Via College of Osteopathic Medicine (Virginia),,DO,do_vcom_auburn_campus_edward_via_college_of_osteopathic_medicine_auburn_alabama,Edward Via College of Osteopathic Medicine,0.897,do_vcom_carolinas_edward_via_college_of_osteopathic_medicine_spartanburg_south_caro,Edward Via College of Osteopathic Medicine,0.897,review,ambiguous_match_gap,review LOR link match
cycletrack_lor_links.csv,345,University of the Incarnate Word,,DO,do_uiwsom_university_of_the_incarnate_word_school_of_osteopathic_medicine_san_anton,University of the Incarnate Word School of Osteopathic Medicine,0.641,do_wcucom_william_carey_university_college_of_osteopathic_medicine_hattiesburg_miss,William Carey University College of Osteopathic Medicine,0.487,no_match,low_match_score,review LOR link match
cycletrack_lor_links.csv,347,Kansas City University,,DO,do_kcu_com_joplin_kansas_city_university_of_medicine_and_biosciences_college_of_ost,Kansas City University of Medicine and Biosciences College of Osteopathic Medicine,0.518,do_kcu_com_kansas_city_university_of_medicine_and_biosciences_college_of_osteopathi,Kansas City University of Medicine and Biosciences College of Osteopathic Medicine,0.518,no_match,low_match_score,review LOR link match
cycletrack_lor_links.csv,348,Kentucky College of Osteopathic Medicine,,DO,do_tourocom_harlem_touro_college_of_osteopathic_medicine_new_york_new_york,Touro College of Osteopathic Medicine,0.873,do_tourocom_middletown_touro_college_of_osteopathic_medicine_middletown_new_york,Touro College of Osteopathic Medicine,0.873,review,ambiguous_match_gap,review LOR link match
cycletrack_lor_links.csv,35,Case Western Reserve,,MD,md_case_western_reserve_university_school_of_medicine_cleveland_ohio,Case Western Reserve University School of Medicine,0.597,md_albert_einstein_college_of_medicine_new_york_new_york,Albert Einstein College of Medicine,0.462,no_match,low_match_score,review LOR link match
cycletrack_lor_links.csv,351,Liberty University,,DO,do_lucom_liberty_university_college_of_osteopathic_medicine_lynchburg_virginia,Liberty University College of Osteopathic Medicine,0.554,do_rvucom_rocky_vista_university_college_of_osteopathic_medicine_parker_colorado,Rocky Vista University College of Osteopathic Medicine,0.464,no_match,low_match_score,review LOR link match
cycletrack_lor_links.csv,352,Lincoln Memorial University,,DO,do_lmu_dcom_lincoln_memorial_university_debusk_college_of_osteopathic_medicine_harr,Lincoln Memorial University-DeBusk College of Osteopathic Medicine,0.6,do_dmu_com_des_moines_university_college_of_osteopathic_medicine_west_des_moines_io,Des Moines University College of Osteopathic Medicine,0.545,no_match,low_match_score,review LOR link match
cycletrack_lor_links.csv,353,Marian University,,DO,do_tucom_touro_university_college_of_osteopathic_medicine_california_vallejo_califo,Touro University College of Osteopathic Medicine-California,0.438,do_lucom_liberty_university_college_of_osteopathic_medicine_lynchburg_virginia,Liberty University College of Osteopathic Medicine,0.438,no_match,low_match_score,review LOR link match
cycletrack_lor_links.csv,355,Michigan State University,,DO,do_msucom_dmc_michigan_state_university_college_of_osteopathic_medicine_detroit_mic,Michigan State University College of Osteopathic Medicine,0.633,do_msucom_michigan_state_university_college_of_osteopathic_medicine_east_lansing_mi,Michigan State University College of Osteopathic Medicine,0.633,no_match,low_match_score,review LOR link match
cycletrack_lor_links.csv,356,Arizona College of Osteopathic Medicine,,DO,do_arcom_arkansas_college_of_osteopathic_medicine_fort_smith_arkansas,Arkansas College of Osteopathic Medicine,0.904,do_icom_idaho_college_of_osteopathic_medicine_meridian_idaho,Idaho College of Osteopathic Medicine,0.886,review,ambiguous_match_gap,review LOR link match
cycletrack_lor_links.csv,357,Midwestern University,,DO,do_mwu_azcom_midwestern_university_arizona_college_of_osteopathic_medicine_glendale,Midwestern University Arizona College of Osteopathic Medicine,0.532,do_mwu_ccom_midwestern_university_chicago_college_of_osteopathic_medicine_downers_g,Midwestern University Chicago College of Osteopathic Medicine,0.532,no_match,low_match_score,review LOR link match
cycletrack_lor_links.csv,358,University of New England,,DO,do_unecom_university_of_new_england_college_of_osteopathic_medicine_biddeford_maine,University of New England College of Osteopathic Medicine,0.603,do_lucom_liberty_university_college_of_osteopathic_medicine_lynchburg_virginia,Liberty University College of Osteopathic Medicine,0.493,no_match,low_match_score,review LOR link match
cycletrack_lor_links.csv,359,New York Institute of Technology,,DO,do_nyitcom_new_york_institute_of_technology_college_of_osteopathic_medicine_old_wes,New York Institute of Technology College of Osteopathic Medicine,0.667,do_nyitcom_jonesboro_new_york_institute_of_technology_college_of_osteopathic_medici,New York Institute of Technology College of Osteopathic Medicine at Arkansas State,0.569,no_match,low_match_score,review LOR link match
cycletrack_lor_links.csv,36,Case Western Reserve,,MD,md_case_western_reserve_university_school_of_medicine_cleveland_ohio,Case Western Reserve University School of Medicine,0.597,md_albert_einstein_college_of_medicine_new_york_new_york,Albert Einstein College of Medicine,0.462,no_match,low_match_score,review LOR link match
cycletrack_lor_links.csv,361,Texas College of Osteopathic Medicine,,DO,do_icom_idaho_college_of_osteopathic_medicine_meridian_idaho,Idaho College of Osteopathic Medicine,0.882,do_tourocom_harlem_touro_college_of_osteopathic_medicine_new_york_new_york,Touro College of Osteopathic Medicine,0.882,review,ambiguous_match_gap,review LOR link match
cycletrack_lor_links.csv,362,Nova Southeastern University,,DO,do_nsu_kpcom_clearwater_nova_southeastern_university_dr_kiran_c_patel_college_of_os,Nova Southeastern University – Dr. Kiran C. Patel College of Osteopathic Medicine,0.549,do_nsu_kpcom_nova_southeastern_university_dr_kiran_c_patel_college_of_osteopathic_m,Nova Southeastern University – Dr. Kiran C. Patel College of Osteopathic Medicine,0.549,no_match,low_match_score,review LOR link match
cycletrack_lor_links.csv,363,Ohio University,,DO,do_rvucom_rocky_vista_university_college_of_osteopathic_medicine_parker_colorado,Rocky Vista University College of Osteopathic Medicine,0.455,do_rvucom_su_campus_rocky_vista_university_college_of_osteopathic_medicine_ivins_ut,Rocky Vista University College of Osteopathic Medicine,0.455,no_match,low_match_score,review LOR link match
cycletrack_lor_links.csv,364,Oklahoma State University,,DO,do_shsu_com_sam_houston_state_university_college_of_osteopathic_medicine_huntsville,Sam Houston State University College of Osteopathic Medicine,0.561,do_dyu_com_d_youville_university_college_of_osteopathic_medicine_buffalo_new_york,D’Youville University College of Osteopathic Medicine,0.541,no_match,low_match_score,review LOR link match
cycletrack_lor_links.csv,366,Pacific Northwest University,,DO,do_lucom_liberty_university_college_of_osteopathic_medicine_lynchburg_virginia,Liberty University College of Osteopathic Medicine,0.56,do_pnwu_com_pacific_northwest_university_of_health_sciences_college_of_osteopathic_,Pacific Northwest University of Health Sciences College of Osteopathic Medicine,0.554,no_match,low_match_score,review LOR link match
cycletrack_lor_links.csv,37,Central Michigan University,,MD,md_university_of_michigan_medical_school_ann_arbor_michigan,University of Michigan Medical School,0.754,md_drexel_university_college_of_medicine_philadelphia_pennsylvania,Drexel University College of Medicine,0.689,review,below_safe_threshold,review LOR link match
cycletrack_lor_links.csv,370,Rocky Vista University,,DO,do_rvucom_rocky_vista_university_college_of_osteopathic_medicine_parker_colorado,Rocky Vista University College of Osteopathic Medicine,0.603,do_rvucom_su_campus_rocky_vista_university_college_of_osteopathic_medicine_ivins_ut,Rocky Vista University College of Osteopathic Medicine,0.603,no_match,low_match_score,review LOR link match
cycletrack_lor_links.csv,371,Rocky Vista University (Montana),,DO,do_rvu_mcom_rocky_vista_university_montana_college_of_osteopathic_medicine_billings,Rocky Vista University – Montana College of Osteopathic Medicine,0.674,do_rvucom_rocky_vista_university_college_of_osteopathic_medicine_parker_colorado,Rocky Vista University College of Osteopathic Medicine,0.667,no_match,low_match_score,review LOR link match
cycletrack_lor_links.csv,372,Rowan-Virtua School of Osteopathic Medicine,,DO,do_rowan_virtuasom_rowan_virtua_school_of_osteopathic_medicine_stratford_new_jersey,Rowan-Virtua School of Osteopathic Medicine,1,do_rowan_virtuasom_sewell_rowan_virtua_school_of_osteopathic_medicine_sewell_new_je,Rowan-Virtua School of Osteopathic Medicine,1,review,ambiguous_match_gap,review LOR link match
cycletrack_lor_links.csv,373,Sam Houston State University,,DO,do_shsu_com_sam_houston_state_university_college_of_osteopathic_medicine_huntsville,Sam Houston State University College of Osteopathic Medicine,0.659,do_msucom_dmc_michigan_state_university_college_of_osteopathic_medicine_detroit_mic,Michigan State University College of Osteopathic Medicine,0.561,no_match,low_match_score,review LOR link match
cycletrack_lor_links.csv,374,Touro University (California),,DO,do_tucom_touro_university_college_of_osteopathic_medicine_california_vallejo_califo,Touro University College of Osteopathic Medicine-California,0.651,do_chsu_com_california_health_sciences_university_college_of_osteopathic_medicine_c,California Health Sciences University College of Osteopathic Medicine,0.538,no_match,low_match_score,review LOR link match
cycletrack_lor_links.csv,375,Touro University (Nevada),,DO,do_tuncom_touro_university_nevada_college_of_osteopathic_medicine_henderson_nevada,Touro University Nevada College of Osteopathic Medicine,0.613,do_tucom_touro_university_college_of_osteopathic_medicine_california_vallejo_califo,Touro University College of Osteopathic Medicine-California,0.532,no_match,low_match_score,review LOR link match
cycletrack_lor_links.csv,378,Western University of Health Sciences,,DO,do_westernu_comp_western_university_of_health_sciences_college_of_osteopathic_medic,Western University of Health Sciences College of Osteopathic Medicine of the Pacific,0.648,do_mwu_ccom_midwestern_university_chicago_college_of_osteopathic_medicine_downers_g,Midwestern University Chicago College of Osteopathic Medicine,0.609,no_match,low_match_score,review LOR link match
cycletrack_lor_links.csv,379,Western University of Health Sciences,,DO,do_westernu_comp_western_university_of_health_sciences_college_of_osteopathic_medic,Western University of Health Sciences College of Osteopathic Medicine of the Pacific,0.648,do_mwu_ccom_midwestern_university_chicago_college_of_osteopathic_medicine_downers_g,Midwestern University Chicago College of Osteopathic Medicine,0.609,no_match,low_match_score,review LOR link match
cycletrack_lor_links.csv,380,William Carey University,,DO,do_wcucom_william_carey_university_college_of_osteopathic_medicine_hattiesburg_miss,William Carey University College of Osteopathic Medicine,0.623,do_rvucom_rocky_vista_university_college_of_osteopathic_medicine_parker_colorado,Rocky Vista University College of Osteopathic Medicine,0.48,no_match,low_match_score,review LOR link match
cycletrack_lor_links.csv,381,University of Alberta,,MD,md_university_of_minnesota_medical_school_minneapolis_minnesota,University of Minnesota Medical School,0.604,md_university_of_kansas_school_of_medicine_kansas_city_kansas,University of Kansas School of Medicine,0.549,no_match,low_match_score,review LOR link match
cycletrack_lor_links.csv,383,University of Calgary,,MD,md_howard_university_college_of_medicine_washington_district_of_columbia,Howard University College of Medicine,0.615,md_university_of_michigan_medical_school_ann_arbor_michigan,University of Michigan Medical School,0.615,no_match,low_match_score,review LOR link match
cycletrack_lor_links.csv,389,University of Manitoba,,MD,md_university_of_michigan_medical_school_ann_arbor_michigan,University of Michigan Medical School,0.604,md_university_of_maryland_school_of_medicine_baltimore_maryland,University of Maryland School of Medicine,0.593,no_match,low_match_score,review LOR link match
cycletrack_lor_links.csv,390,University of Manitoba,,MD,md_university_of_michigan_medical_school_ann_arbor_michigan,University of Michigan Medical School,0.604,md_university_of_maryland_school_of_medicine_baltimore_maryland,University of Maryland School of Medicine,0.593,no_match,low_match_score,review LOR link match
cycletrack_lor_links.csv,392,McGill University,,MD,md_tulane_university_school_of_medicine_new_orleans_louisiana,Tulane University School of Medicine,0.64,md_duke_university_school_of_medicine_durham_north_carolina,Duke University School of Medicine,0.625,no_match,low_match_score,review LOR link match
cycletrack_lor_links.csv,393,McMaster University,,MD,md_the_university_of_texas_at_tyler_school_of_medicine_tyler_texas,The University of Texas at Tyler School of Medicine,0.632,md_mercer_university_school_of_medicine_macon_georgia,Mercer University School of Medicine,0.615,no_match,low_match_score,review LOR link match
cycletrack_lor_links.csv,395,Memorial University,,MD,md_emory_university_school_of_medicine_atlanta_georgia,Emory University School of Medicine,0.667,md_university_of_minnesota_medical_school_minneapolis_minnesota,University of Minnesota Medical School,0.63,no_match,low_match_score,review LOR link match
cycletrack_lor_links.csv,403,Queen's University,,MD,md_duke_university_school_of_medicine_durham_north_carolina,Duke University School of Medicine,0.694,md_emory_university_school_of_medicine_atlanta_georgia,Emory University School of Medicine,0.64,no_match,low_match_score,review LOR link match
cycletrack_lor_links.csv,404,Queen's University,,MD,md_duke_university_school_of_medicine_durham_north_carolina,Duke University School of Medicine,0.694,md_emory_university_school_of_medicine_atlanta_georgia,Emory University School of Medicine,0.64,no_match,low_match_score,review LOR link match
cycletrack_lor_links.csv,411,University of British Columbia,,MD,md_university_of_pittsburgh_school_of_medicine_pittsburgh_pennsylvania,University of Pittsburgh School of Medicine,0.656,md_university_of_virginia_school_of_medicine_charlottesville_virginia,University of Virginia School of Medicine,0.645,no_match,low_match_score,review LOR link match
cycletrack_lor_links.csv,412,University of British Columbia,,MD,md_university_of_pittsburgh_school_of_medicine_pittsburgh_pennsylvania,University of Pittsburgh School of Medicine,0.656,md_university_of_virginia_school_of_medicine_charlottesville_virginia,University of Virginia School of Medicine,0.645,no_match,low_match_score,review LOR link match
cycletrack_lor_links.csv,43,University of Chicago,,MD,md_university_of_michigan_medical_school_ann_arbor_michigan,University of Michigan Medical School,0.654,md_duke_university_school_of_medicine_durham_north_carolina,Duke University School of Medicine,0.612,no_match,low_match_score,review LOR link match
cycletrack_lor_links.csv,44,University of Chicago,,MD,md_university_of_michigan_medical_school_ann_arbor_michigan,University of Michigan Medical School,0.654,md_duke_university_school_of_medicine_durham_north_carolina,Duke University School of Medicine,0.612,no_match,low_match_score,review LOR link match
cycletrack_lor_links.csv,45,University of Cincinnati,,MD,md_university_of_cincinnati_college_of_medicine_cincinnati_ohio,University of Cincinnati College of Medicine,0.712,md_tufts_university_school_of_medicine_boston_massachusetts,Tufts University School of Medicine,0.604,no_match,low_match_score,review LOR link match
cycletrack_lor_links.csv,46,University of Cincinnati,,MD,md_university_of_cincinnati_college_of_medicine_cincinnati_ohio,University of Cincinnati College of Medicine,0.712,md_tufts_university_school_of_medicine_boston_massachusetts,Tufts University School of Medicine,0.604,no_match,low_match_score,review LOR link match
cycletrack_lor_links.csv,49,Cleveland Clinic Lerner,,MD,md_penn_state_college_of_medicine_hershey_pennsylvania,Penn State College of Medicine,0.48,md_mayo_clinic_alix_school_of_medicine_rochester_minnesota,Mayo Clinic Alix School of Medicine,0.473,no_match,low_match_score,review LOR link match
cycletrack_lor_links.csv,51,University of Colorado,,MD,md_university_of_colorado_school_of_medicine_denver_colorado,University of Colorado School of Medicine,0.704,md_university_of_florida_college_of_medicine_gainesville_florida,University of Florida College of Medicine,0.667,no_match,low_match_score,review LOR link match
cycletrack_lor_links.csv,52,University of Colorado,,MD,md_university_of_colorado_school_of_medicine_denver_colorado,University of Colorado School of Medicine,0.704,md_university_of_florida_college_of_medicine_gainesville_florida,University of Florida College of Medicine,0.667,no_match,low_match_score,review LOR link match
cycletrack_lor_links.csv,53,Columbia University,,MD,md_roseman_university_college_of_medicine_las_vegas_nevada,Roseman University College of Medicine,0.63,md_university_of_kentucky_college_of_medicine_lexington_kentucky,University of Kentucky College of Medicine,0.618,no_match,low_match_score,review LOR link match
cycletrack_lor_links.csv,55,University of Connecticut,,MD,md_university_of_connecticut_school_of_medicine_farmington_connecticut,University of Connecticut School of Medicine,0.733,md_tufts_university_school_of_medicine_boston_massachusetts,Tufts University School of Medicine,0.667,no_match,low_match_score,review LOR link match
cycletrack_lor_links.csv,56,University of Connecticut,,MD,md_university_of_connecticut_school_of_medicine_farmington_connecticut,University of Connecticut School of Medicine,0.733,md_tufts_university_school_of_medicine_boston_massachusetts,Tufts University School of Medicine,0.667,no_match,low_match_score,review LOR link match
cycletrack_lor_links.csv,57,Rowan University,,MD,md_howard_university_college_of_medicine_washington_district_of_columbia,Howard University College of Medicine,0.6,md_cooper_medical_school_of_rowan_university_camden_new_jersey,Cooper Medical School of Rowan University,0.593,no_match,low_match_score,review LOR link match
cycletrack_lor_links.csv,59,Cornell University,,MD,md_university_of_colorado_school_of_medicine_denver_colorado,University of Colorado School of Medicine,0.642,md_emory_university_school_of_medicine_atlanta_georgia,Emory University School of Medicine,0.64,no_match,low_match_score,review LOR link match
cycletrack_lor_links.csv,60,Cornell University,,MD,md_university_of_colorado_school_of_medicine_denver_colorado,University of Colorado School of Medicine,0.642,md_emory_university_school_of_medicine_atlanta_georgia,Emory University School of Medicine,0.64,no_match,low_match_score,review LOR link match
cycletrack_lor_links.csv,61,Creighton University,,MD,md_creighton_university_school_of_medicine_omaha_nebraska,Creighton University School of Medicine,0.714,md_cooper_medical_school_of_rowan_university_camden_new_jersey,Cooper Medical School of Rowan University,0.621,no_match,low_match_score,review LOR link match
cycletrack_lor_links.csv,62,Creighton University,,MD,md_creighton_university_school_of_medicine_omaha_nebraska,Creighton University School of Medicine,0.714,md_cooper_medical_school_of_rowan_university_camden_new_jersey,Cooper Medical School of Rowan University,0.621,no_match,low_match_score,review LOR link match
cycletrack_lor_links.csv,63,Dartmouth College,,MD,md_new_york_medical_college_valhalla_new_york,New York Medical College,0.537,md_medical_college_of_wisconsin_milwaukee_wisconsin,Medical College of Wisconsin,0.524,no_match,low_match_score,review LOR link match
cycletrack_lor_links.csv,65,Drexel University,,MD,md_drexel_university_college_of_medicine_philadelphia_pennsylvania,Drexel University College of Medicine,0.667,md_duke_university_school_of_medicine_durham_north_carolina,Duke University School of Medicine,0.625,no_match,low_match_score,review LOR link match
cycletrack_lor_links.csv,66,Drexel University,,MD,md_drexel_university_college_of_medicine_philadelphia_pennsylvania,Drexel University College of Medicine,0.667,md_duke_university_school_of_medicine_durham_north_carolina,Duke University School of Medicine,0.625,no_match,low_match_score,review LOR link match
cycletrack_lor_links.csv,67,Duke University,,MD,md_duke_university_school_of_medicine_durham_north_carolina,Duke University School of Medicine,0.652,md_tulane_university_school_of_medicine_new_orleans_louisiana,Tulane University School of Medicine,0.583,no_match,low_match_score,review LOR link match
cycletrack_lor_links.csv,68,Duke University,,MD,md_duke_university_school_of_medicine_durham_north_carolina,Duke University School of Medicine,0.652,md_tulane_university_school_of_medicine_new_orleans_louisiana,Tulane University School of Medicine,0.583,no_match,low_match_score,review LOR link match
cycletrack_lor_links.csv,69,East Carolina University,,MD,md_brody_school_of_medicine_at_east_carolina_university_greenville_north_carolina,Brody School of Medicine at East Carolina University,0.686,md_university_of_north_carolina_school_of_medicine_chapel_hill_north_carolina,University of North Carolina School of Medicine,0.677,no_match,low_match_score,review LOR link match
cycletrack_lor_links.csv,71,East Tennessee State University,,MD,md_east_tennessee_state_university_james_h_quillen_college_of_medicine_johnson_city,East Tennessee State University James H. Quillen College of Medicine,0.653,md_university_of_tennessee_health_science_center_college_of_medicine_memphis_tennes,University of Tennessee Health Science Center College of Medicine,0.6,no_match,low_match_score,review LOR link match
cycletrack_lor_links.csv,73,Eastern Virginia Medical School,,MD,md_virginia_tech_carilion_school_of_medicine_roanoke_virginia,Virginia Tech Carilion School of Medicine,0.725,md_eastern_virginia_medical_school_at_old_dominion_university_norfolk_virginia,Eastern Virginia Medical School at Old Dominion University,0.721,no_match,low_match_score,review LOR link match
cycletrack_lor_links.csv,75,Emory University,,MD,md_emory_university_school_of_medicine_atlanta_georgia,Emory University School of Medicine,0.667,md_duke_university_school_of_medicine_durham_north_carolina,Duke University School of Medicine,0.596,no_match,low_match_score,review LOR link match
cycletrack_lor_links.csv,77,University of Florida,,MD,md_university_of_florida_college_of_medicine_gainesville_florida,University of Florida College of Medicine,0.679,md_florida_state_university_college_of_medicine_tallahassee_florida,Florida State University College of Medicine,0.61,no_match,low_match_score,review LOR link match
cycletrack_lor_links.csv,78,University of Florida,,MD,md_university_of_florida_college_of_medicine_gainesville_florida,University of Florida College of Medicine,0.679,md_florida_state_university_college_of_medicine_tallahassee_florida,Florida State University College of Medicine,0.61,no_match,low_match_score,review LOR link match
cycletrack_lor_links.csv,79,Florida Atlantic University,,MD,md_university_of_florida_college_of_medicine_gainesville_florida,University of Florida College of Medicine,0.645,md_university_of_central_florida_college_of_medicine_orlando_florida,University of Central Florida College of Medicine,0.629,no_match,low_match_score,review LOR link match
cycletrack_lor_links.csv,80,Florida Atlantic University,,MD,md_university_of_florida_college_of_medicine_gainesville_florida,University of Florida College of Medicine,0.645,md_university_of_central_florida_college_of_medicine_orlando_florida,University of Central Florida College of Medicine,0.629,no_match,low_match_score,review LOR link match
cycletrack_lor_links.csv,81,Florida International University,,MD,md_university_of_florida_college_of_medicine_gainesville_florida,University of Florida College of Medicine,0.657,md_florida_international_university_herbert_wertheim_college_of_medicine_miami_flor,Florida International University Herbert Wertheim College of Medicine,0.653,no_match,low_match_score,review LOR link match
cycletrack_lor_links.csv,83,Florida State University,,MD,md_florida_state_university_college_of_medicine_tallahassee_florida,Florida State University College of Medicine,0.738,md_university_of_florida_college_of_medicine_gainesville_florida,University of Florida College of Medicine,0.678,no_match,low_match_score,review LOR link match
cycletrack_lor_links.csv,87,George Washington University,,MD,md_university_of_washington_school_of_medicine_seattle_washington,University of Washington School of Medicine,0.738,md_george_washington_university_school_of_medicine_and_health_sciences_washington_d,George Washington University School of Medicine and Health Sciences,0.636,no_match,low_match_score,review LOR link match
cycletrack_lor_links.csv,89,Georgetown University,,MD,md_georgetown_university_school_of_medicine_washington_district_of_columbia,Georgetown University School of Medicine,0.724,md_university_of_georgia_school_of_medicine_athens_georgia,University of Georgia School of Medicine,0.655,no_match,low_match_score,review LOR link match
cycletrack_lor_links.csv,9,University of Arizona (Phoenix),,MD,md_university_of_arizona_college_of_medicine_phoenix_phoenix_arizona,University of Arizona College of Medicine - Phoenix,0.754,md_university_of_virginia_school_of_medicine_charlottesville_virginia,University of Virginia School of Medicine,0.656,review,below_safe_threshold,review LOR link match
cycletrack_lor_links.csv,90,Georgetown University,,MD,md_georgetown_university_school_of_medicine_washington_district_of_columbia,Georgetown University School of Medicine,0.724,md_university_of_georgia_school_of_medicine_athens_georgia,University of Georgia School of Medicine,0.655,no_match,low_match_score,review LOR link match
cycletrack_lor_links.csv,95,University of Hawaii,,MD,md_howard_university_college_of_medicine_washington_district_of_columbia,Howard University College of Medicine,0.627,md_duke_university_school_of_medicine_durham_north_carolina,Duke University School of Medicine,0.583,no_match,low_match_score,review LOR link match
cycletrack_lor_links.csv,97,Hofstra University,,MD,md_stanford_university_school_of_medicine_palo_alto_california,Stanford University School of Medicine,0.604,md_tufts_university_school_of_medicine_boston_massachusetts,Tufts University School of Medicine,0.6,no_match,low_match_score,review LOR link match
cycletrack_lor_links.csv,98,Hofstra University,,MD,md_stanford_university_school_of_medicine_palo_alto_california,Stanford University School of Medicine,0.604,md_tufts_university_school_of_medicine_boston_massachusetts,Tufts University School of Medicine,0.6,no_match,low_match_score,review LOR link match
cycletrack_lor_links.csv,99,University of Houston,,MD,md_duke_university_school_of_medicine_durham_north_carolina,Duke University School of Medicine,0.612,md_stanford_university_school_of_medicine_palo_alto_california,Stanford University School of Medicine,0.604,no_match,low_match_score,review LOR link match
mcat_gpa_source_comparison.csv,102,"Max Rady College of Medicine, Rady Faculty of Health Sciences, University of Manitoba",,,md_suny_downstate_health_sciences_university_college_of_medicine_brooklyn_new_york,SUNY Downstate Health Sciences University College of Medicine,0.724,do_bucom_baptist_health_sciences_university_college_of_osteopathic_medicine_memphis,Baptist Health Sciences University College of Osteopathic Medicine,0.682,no_match,low_match_score,review stats match
mcat_gpa_source_comparison.csv,105,Mayo Medical School,,,md_harvard_medical_school_boston_massachusetts,Harvard Medical School,0.78,md_cuny_school_of_medicine_new_york_new_york,CUNY School of Medicine,0.718,review,below_safe_threshold,review stats match
mcat_gpa_source_comparison.csv,117,Michigan State University College of Osteopathic Medicine,,,do_msucom_dmc_michigan_state_university_college_of_osteopathic_medicine_detroit_mic,Michigan State University College of Osteopathic Medicine,1,do_msucom_michigan_state_university_college_of_osteopathic_medicine_east_lansing_mi,Michigan State University College of Osteopathic Medicine,1,review,ambiguous_match_gap,review stats match
mcat_gpa_source_comparison.csv,126,Northern Ontario School of Medicine,,,md_morehouse_school_of_medicine_atlanta_georgia,Morehouse School of Medicine,0.702,md_northwestern_university_feinberg_school_of_medicine_chicago_illinois,Northwestern University Feinberg School of Medicine,0.7,no_match,low_match_score,review stats match
mcat_gpa_source_comparison.csv,13,Baylor College of Medicine,,,md_baylor_college_of_medicine_school_of_medicine_houston_texas,Baylor College of Medicine School of Medicine,0.868,md_albany_medical_college_albany_new_york,Albany Medical College,0.756,review,below_safe_threshold,review stats match
mcat_gpa_source_comparison.csv,134,Ohio University Heritage College of Osteopathic Medicine,,,do_ou_hcom_cleveland_ohio_university_heritage_college_of_osteopathic_medicine_cleve,Ohio University Heritage College of Osteopathic Medicine,1,do_ou_hcom_ohio_university_heritage_college_of_osteopathic_medicine_athens_ohio,Ohio University Heritage College of Osteopathic Medicine,1,review,ambiguous_match_gap,review stats match
mcat_gpa_source_comparison.csv,143,Perelman School of Medicine University of Pennsylvania,,,md_raymond_and_ruth_perelman_school_of_medicine_at_the_university_of_pennsylvania_p,Raymond and Ruth Perelman School of Medicine at the University of Pennsylvania,0.881,md_mercer_university_school_of_medicine_macon_georgia,Mercer University School of Medicine,0.741,review,below_safe_threshold,review stats match
mcat_gpa_source_comparison.csv,148,Queen’s University Faculty of Health Sciences,,,md_university_of_north_dakota_school_of_medicine_and_health_sciences_grand_forks_no,University of North Dakota School of Medicine and Health Sciences,0.708,md_oregon_health_and_science_university_school_of_medicine_portland_oregon,Oregon Health & Science University School of Medicine,0.674,no_match,low_match_score,review stats match
mcat_gpa_source_comparison.csv,152,Rocky Vista University College of Osteopathic Medicine,,,do_rvucom_rocky_vista_university_college_of_osteopathic_medicine_parker_colorado,Rocky Vista University College of Osteopathic Medicine,1,do_rvucom_su_campus_rocky_vista_university_college_of_osteopathic_medicine_ivins_ut,Rocky Vista University College of Osteopathic Medicine,1,review,ambiguous_match_gap,review stats match
mcat_gpa_source_comparison.csv,155,Rowan University School of Osteopathic Medicine,,,do_rowan_virtuasom_rowan_virtua_school_of_osteopathic_medicine_stratford_new_jersey,Rowan-Virtua School of Osteopathic Medicine,0.833,do_rowan_virtuasom_sewell_rowan_virtua_school_of_osteopathic_medicine_sewell_new_je,Rowan-Virtua School of Osteopathic Medicine,0.833,review,ambiguous_match_gap,review stats match
mcat_gpa_source_comparison.csv,163,SUNY - Downstate Medical Center College of Medicine,,,md_suny_downstate_health_sciences_university_college_of_medicine_brooklyn_new_york,SUNY Downstate Health Sciences University College of Medicine,0.788,md_university_of_arkansas_for_medical_sciences_college_of_medicine_little_rock_arka,University of Arkansas for Medical Sciences College of Medicine,0.707,review,below_safe_threshold,review stats match
mcat_gpa_source_comparison.csv,164,SUNY - Upstate Medical University,,,md_wayne_state_university_school_of_medicine_detroit_michigan,Wayne State University School of Medicine,0.638,md_tulane_university_school_of_medicine_new_orleans_louisiana,Tulane University School of Medicine,0.625,no_match,low_match_score,review stats match
mcat_gpa_source_comparison.csv,175,TCU and UNTHSC School of Medicine,,,md_cuny_school_of_medicine_new_york_new_york,CUNY School of Medicine,0.826,md_tufts_university_school_of_medicine_boston_massachusetts,Tufts University School of Medicine,0.759,review,below_safe_threshold,review stats match
mcat_gpa_source_comparison.csv,184,The University of Texas Health Science Center at San Antonio Joe R. and Teresa Lozano Long School of Medicine,,,md_the_university_of_texas_at_san_antonio_joe_r_and_teresa_lozano_long_school_of_me,The University of Texas at San Antonio Joe R. and Teresa Lozano Long School of Medicine,0.863,md_texas_tech_university_health_sciences_center_school_of_medicine_lubbock_texas,Texas Tech University Health Sciences Center School of Medicine,0.755,review,below_safe_threshold,review stats match
mcat_gpa_source_comparison.csv,186,The University of Vermont Larner College of Medicine,,,md_robert_larner_m_d_college_of_medicine_at_the_university_of_vermont_burlington_ve,"Robert Larner, M.D. College of Medicine at the University of Vermont",0.884,md_university_of_central_florida_college_of_medicine_orlando_florida,University of Central Florida College of Medicine,0.8,review,below_safe_threshold,review stats match
mcat_gpa_source_comparison.csv,187,The University of Western Ontario - Schulich School of Medicine & Dentistry,,,md_university_of_rochester_school_of_medicine_and_dentistry_rochester_new_york,University of Rochester School of Medicine and Dentistry,0.785,md_case_western_reserve_university_school_of_medicine_cleveland_ohio,Case Western Reserve University School of Medicine,0.704,review,below_safe_threshold,review stats match
mcat_gpa_source_comparison.csv,189,Touro College of Osteopathic Medicine - Middletown Campus,,,do_tourocom_harlem_touro_college_of_osteopathic_medicine_new_york_new_york,Touro College of Osteopathic Medicine,0.791,do_tourocom_middletown_touro_college_of_osteopathic_medicine_middletown_new_york,Touro College of Osteopathic Medicine,0.791,review,ambiguous_match_gap,review stats match
mcat_gpa_source_comparison.csv,19,Burrell College of Osteopathic Medicine at New Mexico State University,,,do_msucom_dmc_michigan_state_university_college_of_osteopathic_medicine_detroit_mic,Michigan State University College of Osteopathic Medicine,0.847,do_msucom_michigan_state_university_college_of_osteopathic_medicine_east_lansing_mi,Michigan State University College of Osteopathic Medicine,0.847,review,ambiguous_match_gap,review stats match
mcat_gpa_source_comparison.csv,204,University of Alberta Faculty of Medicine and Dentistry,,,md_university_of_rochester_school_of_medicine_and_dentistry_rochester_new_york,University of Rochester School of Medicine and Dentistry,0.769,md_university_of_kentucky_college_of_medicine_lexington_kentucky,University of Kentucky College of Medicine,0.691,review,below_safe_threshold,review stats match
mcat_gpa_source_comparison.csv,207,University of Arizona School of Medicine - Phoenix,,,md_university_of_arizona_college_of_medicine_phoenix_phoenix_arizona,University of Arizona College of Medicine - Phoenix,0.918,md_university_of_north_carolina_school_of_medicine_chapel_hill_north_carolina,University of North Carolina School of Medicine,0.819,review,below_safe_threshold,review stats match
mcat_gpa_source_comparison.csv,214,University of California - Los Angeles David Geffen School of Medicine,,,md_university_of_california_san_diego_school_of_medicine_san_diego_california,"University of California, San Diego School of Medicine",0.826,md_university_of_california_davis_school_of_medicine_davis_california,"University of California, Davis School of Medicine",0.819,review,ambiguous_match_gap,review stats match
mcat_gpa_source_comparison.csv,249,University of Nebraska Medical Center College of Medicine,,,md_university_of_nebraska_college_of_medicine_omaha_nebraska,University of Nebraska College of Medicine,0.828,md_rush_medical_college_of_rush_university_medical_center_chicago_illinois,Rush Medical College of Rush University Medical Center,0.809,review,ambiguous_match_gap,review stats match
mcat_gpa_source_comparison.csv,261,University of Ottawa Faculty of Medicine,,,md_university_of_oklahoma_college_of_medicine_oklahoma_city_oklahoma,University of Oklahoma College of Medicine,0.743,md_university_of_georgia_school_of_medicine_athens_georgia,University of Georgia School of Medicine,0.735,no_match,low_match_score,review stats match
mcat_gpa_source_comparison.csv,280,University of Texas McGovern Medical School at Houston,,,md_dell_medical_school_university_of_texas_at_austin_austin_texas,Dell Medical School – University of Texas at Austin,0.835,md_mcgovern_medical_school_at_uthealth_houston_houston_texas,McGovern Medical School at UTHealth Houston,0.818,review,ambiguous_match_gap,review stats match
mcat_gpa_source_comparison.csv,3,A.T. Still University of Health Sciences Kirksville College of Osteopathic Medicine,,,do_atsu_kcom_a_t_still_university_kirksville_college_of_osteopathic_medicine_kirksv,A.T. Still University – Kirksville College of Osteopathic Medicine,0.882,do_bucom_baptist_health_sciences_university_college_of_osteopathic_medicine_memphis,Baptist Health Sciences University College of Osteopathic Medicine,0.82,review,below_safe_threshold,review stats match
mcat_gpa_source_comparison.csv,300,Virginia Tech Carilion School of Medicine and Research Institute,,,md_virginia_tech_carilion_school_of_medicine_roanoke_virginia,Virginia Tech Carilion School of Medicine,0.8,md_university_of_south_carolina_school_of_medicine_greenville_greenville_south_caro,"University of South Carolina School of Medicine, Greenville",0.624,review,below_safe_threshold,review stats match
mcat_gpa_source_comparison.csv,302,Wake Forest School of Medicine of Wake Forest Baptist Medical Center,,,md_alice_l_walton_school_of_medicine_bentonville_arkansas,Alice L. Walton School of Medicine,0.625,md_wake_forest_university_school_of_medicine_winston_salem_north_carolina,Wake Forest University School of Medicine,0.614,no_match,low_match_score,review stats match
mcat_gpa_source_comparison.csv,308,Weill Cornell Medical College,,,md_weill_cornell_medicine_new_york_new_york,Weill Cornell Medicine,0.784,md_new_york_medical_college_valhalla_new_york,New York Medical College,0.755,review,ambiguous_match_gap,review stats match
mcat_gpa_source_comparison.csv,40,Dalhousie University Faculty of Medicine,,,md_duke_university_school_of_medicine_durham_north_carolina,Duke University School of Medicine,0.765,md_saint_louis_university_school_of_medicine_st_louis_missouri,Saint Louis University School of Medicine,0.747,review,ambiguous_match_gap,review stats match
mcat_gpa_source_comparison.csv,7,Albert Einstein College of Medicine of Yeshiva University,,,md_albert_einstein_college_of_medicine_new_york_new_york,Albert Einstein College of Medicine,0.771,md_university_of_illinois_college_of_medicine_chicago_illinois,University of Illinois College of Medicine,0.713,review,below_safe_threshold,review stats match
mcat_gpa_source_comparison.csv,81,Kaiser Permanente School of Medicine,,,md_kaiser_permanente_bernard_j_tyson_school_of_medicine_pasadena_california,Kaiser Permanente Bernard J. Tyson School of Medicine,0.805,md_alice_l_walton_school_of_medicine_bentonville_arkansas,Alice L. Walton School of Medicine,0.698,review,below_safe_threshold,review stats match
mcat_gpa_source_comparison.csv,83,Kansas City University of Medicine and Biosciences College of Osteopathic Medicine,,,do_kcu_com_joplin_kansas_city_university_of_medicine_and_biosciences_college_of_ost,Kansas City University of Medicine and Biosciences College of Osteopathic Medicine,1,do_kcu_com_kansas_city_university_of_medicine_and_biosciences_college_of_osteopathi,Kansas City University of Medicine and Biosciences College of Osteopathic Medicine,1,review,ambiguous_match_gap,review stats match
